
C:/Users/toshi/Pico2UltraHiResUSBDDC-main/build/src/Pico2UltraHiResUSBDDC.elf:     file format elf32-littlearm

Sections:
Idx Name          Size      VMA       LMA       File off  Algn
  0 .text         0000ae34  10000000  10000000  00001000  2**3
                  CONTENTS, ALLOC, LOAD, READONLY, CODE
  1 .rodata       00047ee0  1000ae38  1000ae38  0000be38  2**3
                  CONTENTS, ALLOC, LOAD, READONLY, DATA
  2 .ARM.exidx    00000008  10052d18  10052d18  00053d18  2**2
                  CONTENTS, ALLOC, LOAD, READONLY, DATA
  3 .binary_info  00000028  10052d20  10052d20  00053d20  2**2
                  CONTENTS, ALLOC, LOAD, READONLY, DATA
  4 .ram_vector_table 00000110  20000000  20000000  00057000  2**2
                  ALLOC
  5 .uninitialized_data 00000000  20000110  20000110  00056344  2**0
                  CONTENTS
  6 .data         000015e8  20000110  10052d48  00054110  2**3
                  CONTENTS, ALLOC, LOAD, READONLY, CODE
  7 .tdata        00000000  200016f8  200016f8  00056344  2**0
                  CONTENTS, ALLOC, LOAD, DATA, THREAD_LOCAL
  8 .tbss         00000000  200016f8  200016f8  00000000  2**0
                  ALLOC, THREAD_LOCAL
  9 .bss          0003755c  200016f8  10054330  000566f8  2**3
                  ALLOC
 10 .heap         00000800  20038c54  10054330  00056c54  2**2
                  ALLOC, READONLY
 11 .scratch_x    00000000  20080000  20080000  00056344  2**0
                  CONTENTS
 12 .scratch_y    00000000  20081000  20081000  00056344  2**0
                  CONTENTS
 13 .stack1_dummy 00000800  20080000  20080000  00057000  2**2
                  ALLOC
 14 .stack_dummy  00000800  20081000  20081000  00057000  2**5
                  ALLOC, READONLY
 15 .flash_end    00000014  10054330  10054330  00056330  2**2
                  CONTENTS, ALLOC, LOAD, READONLY, DATA
 16 .ARM.attributes 00000034  00000000  00000000  00056344  2**0
                  CONTENTS, READONLY
 17 .comment      00000044  00000000  00000000  00056378  2**0
                  CONTENTS, READONLY
 18 .debug_info   0003db4e  00000000  00000000  000563bc  2**0
                  CONTENTS, READONLY, DEBUGGING, OCTETS
 19 .debug_abbrev 000071a2  00000000  00000000  00093f0a  2**0
                  CONTENTS, READONLY, DEBUGGING, OCTETS
 20 .debug_loclists 000145fd  00000000  00000000  0009b0ac  2**0
                  CONTENTS, READONLY, DEBUGGING, OCTETS
 21 .debug_aranges 00000260  00000000  00000000  000af6b0  2**3
                  CONTENTS, READONLY, DEBUGGING, OCTETS
 22 .debug_rnglists 00003471  00000000  00000000  000af910  2**0
                  CONTENTS, READONLY, DEBUGGING, OCTETS
 23 .debug_line   00014c50  00000000  00000000  000b2d81  2**0
                  CONTENTS, READONLY, DEBUGGING, OCTETS
 24 .debug_str    0000f21c  00000000  00000000  000c79d1  2**0
                  CONTENTS, READONLY, DEBUGGING, OCTETS
 25 .debug_frame  00001934  00000000  00000000  000d6bf0  2**2
                  CONTENTS, READONLY, DEBUGGING, OCTETS
 26 .debug_line_str 0000345d  00000000  00000000  000d8524  2**0
                  CONTENTS, READONLY, DEBUGGING, OCTETS

C:/Users/toshi/Pico2UltraHiResUSBDDC-main/build/src/Pico2UltraHiResUSBDDC.elf:     file format elf32-littlearm


Disassembly of section .text:

10000000 <__VECTOR_TABLE>:
10000000:	20082000 	.word	0x20082000
10000004:	1000015d 	.word	0x1000015d
10000008:	1000011b 	.word	0x1000011b
1000000c:	1000011d 	.word	0x1000011d
10000010:	10000111 	.word	0x10000111
10000014:	10000111 	.word	0x10000111
10000018:	10000111 	.word	0x10000111
1000001c:	10000111 	.word	0x10000111
10000020:	10000119 	.word	0x10000119
10000024:	10000119 	.word	0x10000119
10000028:	10000119 	.word	0x10000119
1000002c:	1000011f 	.word	0x1000011f
10000030:	10000111 	.word	0x10000111
10000034:	10000119 	.word	0x10000119
10000038:	10000121 	.word	0x10000121
1000003c:	10000123 	.word	0x10000123
10000040:	10000111 	.word	0x10000111
10000044:	10000111 	.word	0x10000111
10000048:	10000111 	.word	0x10000111
1000004c:	10000111 	.word	0x10000111
10000050:	10000111 	.word	0x10000111
10000054:	10000111 	.word	0x10000111
10000058:	10000111 	.word	0x10000111
1000005c:	10000111 	.word	0x10000111
10000060:	10000111 	.word	0x10000111
10000064:	10000111 	.word	0x10000111
10000068:	10000111 	.word	0x10000111
1000006c:	10000111 	.word	0x10000111
10000070:	10000111 	.word	0x10000111
10000074:	10000111 	.word	0x10000111
10000078:	10007969 	.word	0x10007969
1000007c:	10000111 	.word	0x10000111
10000080:	10000111 	.word	0x10000111
10000084:	10000111 	.word	0x10000111
10000088:	10000111 	.word	0x10000111
1000008c:	10000111 	.word	0x10000111
10000090:	10000111 	.word	0x10000111
10000094:	10000111 	.word	0x10000111
10000098:	10000111 	.word	0x10000111
1000009c:	10000111 	.word	0x10000111
100000a0:	10000111 	.word	0x10000111
100000a4:	10000111 	.word	0x10000111
100000a8:	10000111 	.word	0x10000111
100000ac:	10000111 	.word	0x10000111
100000b0:	10000111 	.word	0x10000111
100000b4:	10000111 	.word	0x10000111
100000b8:	10000111 	.word	0x10000111
100000bc:	10000111 	.word	0x10000111
100000c0:	10000111 	.word	0x10000111
100000c4:	10000111 	.word	0x10000111
100000c8:	10000111 	.word	0x10000111
100000cc:	10000111 	.word	0x10000111
100000d0:	10000111 	.word	0x10000111
100000d4:	10000111 	.word	0x10000111
100000d8:	10000111 	.word	0x10000111
100000dc:	10000111 	.word	0x10000111
100000e0:	10000111 	.word	0x10000111
100000e4:	10000111 	.word	0x10000111
100000e8:	10000111 	.word	0x10000111
100000ec:	10000111 	.word	0x10000111
100000f0:	10000111 	.word	0x10000111
100000f4:	10000111 	.word	0x10000111
100000f8:	10000111 	.word	0x10000111
100000fc:	10000111 	.word	0x10000111
10000100:	10000111 	.word	0x10000111
10000104:	10000111 	.word	0x10000111
10000108:	10000111 	.word	0x10000111
1000010c:	10000111 	.word	0x10000111

10000110 <__unhandled_user_irq>:
10000110:	f3ef 8005 	mrs	r0, IPSR
10000114:	3810      	subs	r0, #16

10000116 <unhandled_user_irq_num_in_r0>:
10000116:	be00      	bkpt	0x0000

10000118 <isr_invalid>:
10000118:	be00      	bkpt	0x0000

1000011a <isr_nmi>:
1000011a:	be00      	bkpt	0x0000

1000011c <isr_hardfault>:
1000011c:	be00      	bkpt	0x0000

1000011e <isr_svcall>:
1000011e:	be00      	bkpt	0x0000

10000120 <isr_pendsv>:
10000120:	be00      	bkpt	0x0000

10000122 <isr_systick>:
10000122:	be00      	bkpt	0x0000

10000124 <__default_isrs_end>:
10000124:	7188ebf2 	.word	0x7188ebf2
10000128:	10052d20 	.word	0x10052d20
1000012c:	10052d48 	.word	0x10052d48
10000130:	100001a0 	.word	0x100001a0
10000134:	e71aa390 	.word	0xe71aa390

10000138 <__binary_info_header_end>:
10000138:	ffffded3 	.word	0xffffded3
1000013c:	10210142 	.word	0x10210142
10000140:	000001ff 	.word	0x000001ff
10000144:	000541f8 	.word	0x000541f8
10000148:	ab123579 	.word	0xab123579

1000014c <_entry_point>:
1000014c:	f04f 0000 	mov.w	r0, #0

10000150 <_enter_vtable_in_r0>:
10000150:	491e      	ldr	r1, [pc, #120]	@ (100001cc <data_cpy_table+0x2c>)
10000152:	6008      	str	r0, [r1, #0]
10000154:	c806      	ldmia	r0!, {r1, r2}
10000156:	f381 8808 	msr	MSP, r1
1000015a:	4710      	bx	r2

1000015c <_reset_handler>:
1000015c:	f04f 4050 	mov.w	r0, #3489660928	@ 0xd0000000
10000160:	6800      	ldr	r0, [r0, #0]
10000162:	b110      	cbz	r0, 1000016a <hold_non_core0_in_bootrom+0x6>

10000164 <hold_non_core0_in_bootrom>:
10000164:	f04f 0000 	mov.w	r0, #0
10000168:	e7f2      	b.n	10000150 <_enter_vtable_in_r0>
1000016a:	a40d      	add	r4, pc, #52	@ (adr r4, 100001a0 <data_cpy_table>)
1000016c:	cc0e      	ldmia	r4!, {r1, r2, r3}
1000016e:	2900      	cmp	r1, #0
10000170:	d002      	beq.n	10000178 <hold_non_core0_in_bootrom+0x14>
10000172:	f000 f812 	bl	1000019a <data_cpy>
10000176:	e7f9      	b.n	1000016c <hold_non_core0_in_bootrom+0x8>
10000178:	4915      	ldr	r1, [pc, #84]	@ (100001d0 <data_cpy_table+0x30>)
1000017a:	4a16      	ldr	r2, [pc, #88]	@ (100001d4 <data_cpy_table+0x34>)
1000017c:	2000      	movs	r0, #0
1000017e:	e000      	b.n	10000182 <bss_fill_test>

10000180 <bss_fill_loop>:
10000180:	c101      	stmia	r1!, {r0}

10000182 <bss_fill_test>:
10000182:	4291      	cmp	r1, r2
10000184:	d1fc      	bne.n	10000180 <bss_fill_loop>

10000186 <platform_entry>:
10000186:	4914      	ldr	r1, [pc, #80]	@ (100001d8 <data_cpy_table+0x38>)
10000188:	4788      	blx	r1
1000018a:	4914      	ldr	r1, [pc, #80]	@ (100001dc <data_cpy_table+0x3c>)
1000018c:	4788      	blx	r1
1000018e:	4914      	ldr	r1, [pc, #80]	@ (100001e0 <data_cpy_table+0x40>)
10000190:	4788      	blx	r1
10000192:	be00      	bkpt	0x0000
10000194:	e7fd      	b.n	10000192 <platform_entry+0xc>

10000196 <data_cpy_loop>:
10000196:	c901      	ldmia	r1!, {r0}
10000198:	c201      	stmia	r2!, {r0}

1000019a <data_cpy>:
1000019a:	429a      	cmp	r2, r3
1000019c:	d3fb      	bcc.n	10000196 <data_cpy_loop>
1000019e:	4770      	bx	lr

100001a0 <data_cpy_table>:
100001a0:	10052d48 	.word	0x10052d48
100001a4:	20000110 	.word	0x20000110
100001a8:	200016f8 	.word	0x200016f8
100001ac:	10054330 	.word	0x10054330
100001b0:	20080000 	.word	0x20080000
100001b4:	20080000 	.word	0x20080000
100001b8:	10054330 	.word	0x10054330
100001bc:	20081000 	.word	0x20081000
100001c0:	20081000 	.word	0x20081000
100001c4:	00000000 	.word	0x00000000
100001c8:	4770      	bx	lr
100001ca:	0000      	.short	0x0000
100001cc:	e000ed08 	.word	0xe000ed08
100001d0:	200016f8 	.word	0x200016f8
100001d4:	20038c54 	.word	0x20038c54
100001d8:	100075f5 	.word	0x100075f5
100001dc:	10008195 	.word	0x10008195
100001e0:	100075ed 	.word	0x100075ed

100001e4 <_init>:
100001e4:	b5f8      	push	{r3, r4, r5, r6, r7, lr}
100001e6:	bf00      	nop

100001e8 <register_tm_clones>:
100001e8:	4b06      	ldr	r3, [pc, #24]	@ (10000204 <register_tm_clones+0x1c>)
100001ea:	4907      	ldr	r1, [pc, #28]	@ (10000208 <register_tm_clones+0x20>)
100001ec:	1ac9      	subs	r1, r1, r3
100001ee:	1089      	asrs	r1, r1, #2
100001f0:	bf48      	it	mi
100001f2:	3101      	addmi	r1, #1
100001f4:	1049      	asrs	r1, r1, #1
100001f6:	d003      	beq.n	10000200 <register_tm_clones+0x18>
100001f8:	4b04      	ldr	r3, [pc, #16]	@ (1000020c <register_tm_clones+0x24>)
100001fa:	b10b      	cbz	r3, 10000200 <register_tm_clones+0x18>
100001fc:	4801      	ldr	r0, [pc, #4]	@ (10000204 <register_tm_clones+0x1c>)
100001fe:	4718      	bx	r3
10000200:	4770      	bx	lr
10000202:	bf00      	nop
10000204:	200016f8 	.word	0x200016f8
10000208:	200016f8 	.word	0x200016f8
1000020c:	00000000 	.word	0x00000000

10000210 <frame_dummy>:
10000210:	b508      	push	{r3, lr}
10000212:	4b05      	ldr	r3, [pc, #20]	@ (10000228 <frame_dummy+0x18>)
10000214:	b11b      	cbz	r3, 1000021e <frame_dummy+0xe>
10000216:	4905      	ldr	r1, [pc, #20]	@ (1000022c <frame_dummy+0x1c>)
10000218:	4805      	ldr	r0, [pc, #20]	@ (10000230 <frame_dummy+0x20>)
1000021a:	f3af 8000 	nop.w
1000021e:	e8bd 4008 	ldmia.w	sp!, {r3, lr}
10000222:	f7ff bfe1 	b.w	100001e8 <register_tm_clones>
10000226:	bf00      	nop
10000228:	00000000 	.word	0x00000000
1000022c:	20038c3c 	.word	0x20038c3c
10000230:	1000ae34 	.word	0x1000ae34
10000234:	00000000 	.word	0x00000000

10000238 <fft_fir_core0_select_profile>:
10000238:	4b38      	ldr	r3, [pc, #224]	@ (1000031c <fft_fir_core0_select_profile+0xe4>)
1000023a:	4298      	cmp	r0, r3
1000023c:	d03f      	beq.n	100002be <fft_fir_core0_select_profile+0x86>
1000023e:	d810      	bhi.n	10000262 <fft_fir_core0_select_profile+0x2a>
10000240:	f64b 3380 	movw	r3, #48000	@ 0xbb80
10000244:	4298      	cmp	r0, r3
10000246:	d02f      	beq.n	100002a8 <fft_fir_core0_select_profile+0x70>
10000248:	4b35      	ldr	r3, [pc, #212]	@ (10000320 <fft_fir_core0_select_profile+0xe8>)
1000024a:	4298      	cmp	r0, r3
1000024c:	d021      	beq.n	10000292 <fft_fir_core0_select_profile+0x5a>
1000024e:	f64a 4344 	movw	r3, #44100	@ 0xac44
10000252:	4298      	cmp	r0, r3
10000254:	d103      	bne.n	1000025e <fft_fir_core0_select_profile+0x26>
10000256:	2908      	cmp	r1, #8
10000258:	d04a      	beq.n	100002f0 <fft_fir_core0_select_profile+0xb8>
1000025a:	2904      	cmp	r1, #4
1000025c:	d03a      	beq.n	100002d4 <fft_fir_core0_select_profile+0x9c>
1000025e:	2000      	movs	r0, #0
10000260:	4770      	bx	lr
10000262:	4b30      	ldr	r3, [pc, #192]	@ (10000324 <fft_fir_core0_select_profile+0xec>)
10000264:	4298      	cmp	r0, r3
10000266:	d00b      	beq.n	10000280 <fft_fir_core0_select_profile+0x48>
10000268:	4b2f      	ldr	r3, [pc, #188]	@ (10000328 <fft_fir_core0_select_profile+0xf0>)
1000026a:	4298      	cmp	r0, r3
1000026c:	d1f7      	bne.n	1000025e <fft_fir_core0_select_profile+0x26>
1000026e:	2902      	cmp	r1, #2
10000270:	d1f5      	bne.n	1000025e <fft_fir_core0_select_profile+0x26>
10000272:	4b2e      	ldr	r3, [pc, #184]	@ (1000032c <fft_fir_core0_select_profile+0xf4>)
10000274:	f103 0030 	add.w	r0, r3, #48	@ 0x30
10000278:	2a00      	cmp	r2, #0
1000027a:	bf08      	it	eq
1000027c:	4618      	moveq	r0, r3
1000027e:	4770      	bx	lr
10000280:	2902      	cmp	r1, #2
10000282:	d1ec      	bne.n	1000025e <fft_fir_core0_select_profile+0x26>
10000284:	4b2a      	ldr	r3, [pc, #168]	@ (10000330 <fft_fir_core0_select_profile+0xf8>)
10000286:	f503 70a8 	add.w	r0, r3, #336	@ 0x150
1000028a:	2a00      	cmp	r2, #0
1000028c:	bf08      	it	eq
1000028e:	4618      	moveq	r0, r3
10000290:	4770      	bx	lr
10000292:	2904      	cmp	r1, #4
10000294:	d025      	beq.n	100002e2 <fft_fir_core0_select_profile+0xaa>
10000296:	2902      	cmp	r1, #2
10000298:	d1e1      	bne.n	1000025e <fft_fir_core0_select_profile+0x26>
1000029a:	4b26      	ldr	r3, [pc, #152]	@ (10000334 <fft_fir_core0_select_profile+0xfc>)
1000029c:	f503 70a8 	add.w	r0, r3, #336	@ 0x150
100002a0:	2a00      	cmp	r2, #0
100002a2:	bf08      	it	eq
100002a4:	4618      	moveq	r0, r3
100002a6:	4770      	bx	lr
100002a8:	2908      	cmp	r1, #8
100002aa:	d02f      	beq.n	1000030c <fft_fir_core0_select_profile+0xd4>
100002ac:	2904      	cmp	r1, #4
100002ae:	d1d6      	bne.n	1000025e <fft_fir_core0_select_profile+0x26>
100002b0:	4b21      	ldr	r3, [pc, #132]	@ (10000338 <fft_fir_core0_select_profile+0x100>)
100002b2:	f503 70d8 	add.w	r0, r3, #432	@ 0x1b0
100002b6:	2a00      	cmp	r2, #0
100002b8:	bf08      	it	eq
100002ba:	4618      	moveq	r0, r3
100002bc:	4770      	bx	lr
100002be:	2904      	cmp	r1, #4
100002c0:	d01d      	beq.n	100002fe <fft_fir_core0_select_profile+0xc6>
100002c2:	2902      	cmp	r1, #2
100002c4:	d1cb      	bne.n	1000025e <fft_fir_core0_select_profile+0x26>
100002c6:	4b1d      	ldr	r3, [pc, #116]	@ (1000033c <fft_fir_core0_select_profile+0x104>)
100002c8:	f103 00c0 	add.w	r0, r3, #192	@ 0xc0
100002cc:	2a00      	cmp	r2, #0
100002ce:	bf08      	it	eq
100002d0:	4618      	moveq	r0, r3
100002d2:	4770      	bx	lr
100002d4:	4b1a      	ldr	r3, [pc, #104]	@ (10000340 <fft_fir_core0_select_profile+0x108>)
100002d6:	f103 00c0 	add.w	r0, r3, #192	@ 0xc0
100002da:	2a00      	cmp	r2, #0
100002dc:	bf08      	it	eq
100002de:	4618      	moveq	r0, r3
100002e0:	4770      	bx	lr
100002e2:	4b18      	ldr	r3, [pc, #96]	@ (10000344 <fft_fir_core0_select_profile+0x10c>)
100002e4:	f503 7090 	add.w	r0, r3, #288	@ 0x120
100002e8:	2a00      	cmp	r2, #0
100002ea:	bf08      	it	eq
100002ec:	4618      	moveq	r0, r3
100002ee:	4770      	bx	lr
100002f0:	4b15      	ldr	r3, [pc, #84]	@ (10000348 <fft_fir_core0_select_profile+0x110>)
100002f2:	f103 00c0 	add.w	r0, r3, #192	@ 0xc0
100002f6:	2a00      	cmp	r2, #0
100002f8:	bf08      	it	eq
100002fa:	4618      	moveq	r0, r3
100002fc:	4770      	bx	lr
100002fe:	4b13      	ldr	r3, [pc, #76]	@ (1000034c <fft_fir_core0_select_profile+0x114>)
10000300:	f503 70a8 	add.w	r0, r3, #336	@ 0x150
10000304:	2a00      	cmp	r2, #0
10000306:	bf08      	it	eq
10000308:	4618      	moveq	r0, r3
1000030a:	4770      	bx	lr
1000030c:	4b10      	ldr	r3, [pc, #64]	@ (10000350 <fft_fir_core0_select_profile+0x118>)
1000030e:	f5a3 70a8 	sub.w	r0, r3, #336	@ 0x150
10000312:	2a00      	cmp	r2, #0
10000314:	bf08      	it	eq
10000316:	4618      	moveq	r0, r3
10000318:	4770      	bx	lr
1000031a:	bf00      	nop
1000031c:	00017700 	.word	0x00017700
10000320:	00015888 	.word	0x00015888
10000324:	0002b110 	.word	0x0002b110
10000328:	0002ee00 	.word	0x0002ee00
1000032c:	1000b5c0 	.word	0x1000b5c0
10000330:	1000b440 	.word	0x1000b440
10000334:	1000b3e0 	.word	0x1000b3e0
10000338:	1000b4d0 	.word	0x1000b4d0
1000033c:	1000b560 	.word	0x1000b560
10000340:	1000b350 	.word	0x1000b350
10000344:	1000b380 	.word	0x1000b380
10000348:	1000b2f0 	.word	0x1000b2f0
1000034c:	1000b500 	.word	0x1000b500
10000350:	1000b470 	.word	0x1000b470

10000354 <as_set_alternate>:
10000354:	2902      	cmp	r1, #2
10000356:	d00f      	beq.n	10000378 <as_set_alternate+0x24>
10000358:	2903      	cmp	r1, #3
1000035a:	d009      	beq.n	10000370 <as_set_alternate+0x1c>
1000035c:	2901      	cmp	r1, #1
1000035e:	d102      	bne.n	10000366 <as_set_alternate+0x12>
10000360:	2210      	movs	r2, #16
10000362:	4b07      	ldr	r3, [pc, #28]	@ (10000380 <as_set_alternate+0x2c>)
10000364:	605a      	str	r2, [r3, #4]
10000366:	2903      	cmp	r1, #3
10000368:	bf8c      	ite	hi
1000036a:	2000      	movhi	r0, #0
1000036c:	2001      	movls	r0, #1
1000036e:	4770      	bx	lr
10000370:	2220      	movs	r2, #32
10000372:	4b03      	ldr	r3, [pc, #12]	@ (10000380 <as_set_alternate+0x2c>)
10000374:	605a      	str	r2, [r3, #4]
10000376:	e7f6      	b.n	10000366 <as_set_alternate+0x12>
10000378:	2218      	movs	r2, #24
1000037a:	4b01      	ldr	r3, [pc, #4]	@ (10000380 <as_set_alternate+0x2c>)
1000037c:	605a      	str	r2, [r3, #4]
1000037e:	e7f2      	b.n	10000366 <as_set_alternate+0x12>
10000380:	200016f8 	.word	0x200016f8

10000384 <_get_descriptor_string>:
10000384:	2803      	cmp	r0, #3
10000386:	bf9d      	ittte	ls
10000388:	4b03      	ldrls	r3, [pc, #12]	@ (10000398 <_get_descriptor_string+0x14>)
1000038a:	eb03 0380 	addls.w	r3, r3, r0, lsl #2
1000038e:	f8d3 03bc 	ldrls.w	r0, [r3, #956]	@ 0x3bc
10000392:	4802      	ldrhi	r0, [pc, #8]	@ (1000039c <_get_descriptor_string+0x18>)
10000394:	4770      	bx	lr
10000396:	bf00      	nop
10000398:	1000b2f0 	.word	0x1000b2f0
1000039c:	1000b09c 	.word	0x1000b09c

100003a0 <core1_trampoline>:
100003a0:	bd03      	pop	{r0, r1, pc}
100003a2:	bf00      	nop

100003a4 <fft_fir_get_rfft>:
100003a4:	4b89      	ldr	r3, [pc, #548]	@ (100005cc <fft_fir_get_rfft+0x228>)
100003a6:	4602      	mov	r2, r0
100003a8:	7f99      	ldrb	r1, [r3, #30]
100003aa:	b530      	push	{r4, r5, lr}
100003ac:	b111      	cbz	r1, 100003b4 <fft_fir_get_rfft+0x10>
100003ae:	8b98      	ldrh	r0, [r3, #28]
100003b0:	4290      	cmp	r0, r2
100003b2:	d056      	beq.n	10000462 <fft_fir_get_rfft+0xbe>
100003b4:	f893 003a 	ldrb.w	r0, [r3, #58]	@ 0x3a
100003b8:	b110      	cbz	r0, 100003c0 <fft_fir_get_rfft+0x1c>
100003ba:	8f1c      	ldrh	r4, [r3, #56]	@ 0x38
100003bc:	4294      	cmp	r4, r2
100003be:	d07d      	beq.n	100004bc <fft_fir_get_rfft+0x118>
100003c0:	f893 4056 	ldrb.w	r4, [r3, #86]	@ 0x56
100003c4:	b16c      	cbz	r4, 100003e2 <fft_fir_get_rfft+0x3e>
100003c6:	f8b3 c054 	ldrh.w	ip, [r3, #84]	@ 0x54
100003ca:	4594      	cmp	ip, r2
100003cc:	f000 80bc 	beq.w	10000548 <fft_fir_get_rfft+0x1a4>
100003d0:	f893 5072 	ldrb.w	r5, [r3, #114]	@ 0x72
100003d4:	bbad      	cbnz	r5, 10000442 <fft_fir_get_rfft+0x9e>
100003d6:	b149      	cbz	r1, 100003ec <fft_fir_get_rfft+0x48>
100003d8:	2800      	cmp	r0, #0
100003da:	bf0c      	ite	eq
100003dc:	2101      	moveq	r1, #1
100003de:	2103      	movne	r1, #3
100003e0:	e004      	b.n	100003ec <fft_fir_get_rfft+0x48>
100003e2:	f893 5072 	ldrb.w	r5, [r3, #114]	@ 0x72
100003e6:	bb65      	cbnz	r5, 10000442 <fft_fir_get_rfft+0x9e>
100003e8:	b101      	cbz	r1, 100003ec <fft_fir_get_rfft+0x48>
100003ea:	1c41      	adds	r1, r0, #1
100003ec:	4878      	ldr	r0, [pc, #480]	@ (100005d0 <fft_fir_get_rfft+0x22c>)
100003ee:	ebc1 0cc1 	rsb	ip, r1, r1, lsl #3
100003f2:	f5b2 7f00 	cmp.w	r2, #512	@ 0x200
100003f6:	eb00 008c 	add.w	r0, r0, ip, lsl #2
100003fa:	ea4f 0ec1 	mov.w	lr, r1, lsl #3
100003fe:	ea4f 0c8c 	mov.w	ip, ip, lsl #2
10000402:	d075      	beq.n	100004f0 <fft_fir_get_rfft+0x14c>
10000404:	d835      	bhi.n	10000472 <fft_fir_get_rfft+0xce>
10000406:	2a80      	cmp	r2, #128	@ 0x80
10000408:	f000 80c9 	beq.w	1000059e <fft_fir_get_rfft+0x1fa>
1000040c:	d858      	bhi.n	100004c0 <fft_fir_get_rfft+0x11c>
1000040e:	2a20      	cmp	r2, #32
10000410:	f000 809c 	beq.w	1000054c <fft_fir_get_rfft+0x1a8>
10000414:	2a40      	cmp	r2, #64	@ 0x40
10000416:	d149      	bne.n	100004ac <fft_fir_get_rfft+0x108>
10000418:	2420      	movs	r4, #32
1000041a:	449c      	add	ip, r3
1000041c:	f8ac 4020 	strh.w	r4, [ip, #32]
10000420:	2430      	movs	r4, #48	@ 0x30
10000422:	f8ac 402c 	strh.w	r4, [ip, #44]	@ 0x2c
10000426:	4c6b      	ldr	r4, [pc, #428]	@ (100005d4 <fft_fir_get_rfft+0x230>)
10000428:	f8ac 2030 	strh.w	r2, [ip, #48]	@ 0x30
1000042c:	f104 0560 	add.w	r5, r4, #96	@ 0x60
10000430:	f8cc 4028 	str.w	r4, [ip, #40]	@ 0x28
10000434:	f504 74b0 	add.w	r4, r4, #352	@ 0x160
10000438:	f8cc 5024 	str.w	r5, [ip, #36]	@ 0x24
1000043c:	f8cc 4034 	str.w	r4, [ip, #52]	@ 0x34
10000440:	e034      	b.n	100004ac <fft_fir_get_rfft+0x108>
10000442:	f8b3 5070 	ldrh.w	r5, [r3, #112]	@ 0x70
10000446:	4295      	cmp	r5, r2
10000448:	bf08      	it	eq
1000044a:	2303      	moveq	r3, #3
1000044c:	d00a      	beq.n	10000464 <fft_fir_get_rfft+0xc0>
1000044e:	2900      	cmp	r1, #0
10000450:	d0cc      	beq.n	100003ec <fft_fir_get_rfft+0x48>
10000452:	2800      	cmp	r0, #0
10000454:	f000 80b8 	beq.w	100005c8 <fft_fir_get_rfft+0x224>
10000458:	2102      	movs	r1, #2
1000045a:	2c00      	cmp	r4, #0
1000045c:	d0c6      	beq.n	100003ec <fft_fir_get_rfft+0x48>
1000045e:	2000      	movs	r0, #0
10000460:	bd30      	pop	{r4, r5, pc}
10000462:	2300      	movs	r3, #0
10000464:	485c      	ldr	r0, [pc, #368]	@ (100005d8 <fft_fir_get_rfft+0x234>)
10000466:	ebc3 03c3 	rsb	r3, r3, r3, lsl #3
1000046a:	eb00 0083 	add.w	r0, r0, r3, lsl #2
1000046e:	3004      	adds	r0, #4
10000470:	bd30      	pop	{r4, r5, pc}
10000472:	f5b2 6f00 	cmp.w	r2, #2048	@ 0x800
10000476:	d052      	beq.n	1000051e <fft_fir_get_rfft+0x17a>
10000478:	f5b2 5f80 	cmp.w	r2, #4096	@ 0x1000
1000047c:	d07a      	beq.n	10000574 <fft_fir_get_rfft+0x1d0>
1000047e:	f5b2 6f80 	cmp.w	r2, #1024	@ 0x400
10000482:	d113      	bne.n	100004ac <fft_fir_get_rfft+0x108>
10000484:	f44f 7400 	mov.w	r4, #512	@ 0x200
10000488:	449c      	add	ip, r3
1000048a:	f8ac 4020 	strh.w	r4, [ip, #32]
1000048e:	f44f 74e0 	mov.w	r4, #448	@ 0x1c0
10000492:	f8ac 402c 	strh.w	r4, [ip, #44]	@ 0x2c
10000496:	4c51      	ldr	r4, [pc, #324]	@ (100005dc <fft_fir_get_rfft+0x238>)
10000498:	f8ac 2030 	strh.w	r2, [ip, #48]	@ 0x30
1000049c:	f8cc 4028 	str.w	r4, [ip, #40]	@ 0x28
100004a0:	4c4f      	ldr	r4, [pc, #316]	@ (100005e0 <fft_fir_get_rfft+0x23c>)
100004a2:	f8cc 4024 	str.w	r4, [ip, #36]	@ 0x24
100004a6:	4c4f      	ldr	r4, [pc, #316]	@ (100005e4 <fft_fir_get_rfft+0x240>)
100004a8:	f8cc 4034 	str.w	r4, [ip, #52]	@ 0x34
100004ac:	ebae 0e01 	sub.w	lr, lr, r1
100004b0:	2101      	movs	r1, #1
100004b2:	eb03 038e 	add.w	r3, r3, lr, lsl #2
100004b6:	839a      	strh	r2, [r3, #28]
100004b8:	7799      	strb	r1, [r3, #30]
100004ba:	bd30      	pop	{r4, r5, pc}
100004bc:	2301      	movs	r3, #1
100004be:	e7d1      	b.n	10000464 <fft_fir_get_rfft+0xc0>
100004c0:	f5b2 7f80 	cmp.w	r2, #256	@ 0x100
100004c4:	d1f2      	bne.n	100004ac <fft_fir_get_rfft+0x108>
100004c6:	2480      	movs	r4, #128	@ 0x80
100004c8:	449c      	add	ip, r3
100004ca:	f8ac 4020 	strh.w	r4, [ip, #32]
100004ce:	24d0      	movs	r4, #208	@ 0xd0
100004d0:	f8ac 402c 	strh.w	r4, [ip, #44]	@ 0x2c
100004d4:	4c44      	ldr	r4, [pc, #272]	@ (100005e8 <fft_fir_get_rfft+0x244>)
100004d6:	f8ac 2030 	strh.w	r2, [ip, #48]	@ 0x30
100004da:	f504 75d0 	add.w	r5, r4, #416	@ 0x1a0
100004de:	f8cc 4028 	str.w	r4, [ip, #40]	@ 0x28
100004e2:	f504 64b4 	add.w	r4, r4, #1440	@ 0x5a0
100004e6:	f8cc 5024 	str.w	r5, [ip, #36]	@ 0x24
100004ea:	f8cc 4034 	str.w	r4, [ip, #52]	@ 0x34
100004ee:	e7dd      	b.n	100004ac <fft_fir_get_rfft+0x108>
100004f0:	f44f 7480 	mov.w	r4, #256	@ 0x100
100004f4:	449c      	add	ip, r3
100004f6:	f8ac 4020 	strh.w	r4, [ip, #32]
100004fa:	f44f 74dc 	mov.w	r4, #440	@ 0x1b8
100004fe:	f8ac 402c 	strh.w	r4, [ip, #44]	@ 0x2c
10000502:	4c3a      	ldr	r4, [pc, #232]	@ (100005ec <fft_fir_get_rfft+0x248>)
10000504:	f8ac 2030 	strh.w	r2, [ip, #48]	@ 0x30
10000508:	f504 755c 	add.w	r5, r4, #880	@ 0x370
1000050c:	f8cc 4028 	str.w	r4, [ip, #40]	@ 0x28
10000510:	f504 6437 	add.w	r4, r4, #2928	@ 0xb70
10000514:	f8cc 5024 	str.w	r5, [ip, #36]	@ 0x24
10000518:	f8cc 4034 	str.w	r4, [ip, #52]	@ 0x34
1000051c:	e7c6      	b.n	100004ac <fft_fir_get_rfft+0x108>
1000051e:	f44f 6480 	mov.w	r4, #1024	@ 0x400
10000522:	449c      	add	ip, r3
10000524:	f8ac 4020 	strh.w	r4, [ip, #32]
10000528:	f44f 64e1 	mov.w	r4, #1800	@ 0x708
1000052c:	f8ac 402c 	strh.w	r4, [ip, #44]	@ 0x2c
10000530:	4c2f      	ldr	r4, [pc, #188]	@ (100005f0 <fft_fir_get_rfft+0x24c>)
10000532:	f8ac 2030 	strh.w	r2, [ip, #48]	@ 0x30
10000536:	f8cc 4028 	str.w	r4, [ip, #40]	@ 0x28
1000053a:	4c2e      	ldr	r4, [pc, #184]	@ (100005f4 <fft_fir_get_rfft+0x250>)
1000053c:	f8cc 4024 	str.w	r4, [ip, #36]	@ 0x24
10000540:	4c2d      	ldr	r4, [pc, #180]	@ (100005f8 <fft_fir_get_rfft+0x254>)
10000542:	f8cc 4034 	str.w	r4, [ip, #52]	@ 0x34
10000546:	e7b1      	b.n	100004ac <fft_fir_get_rfft+0x108>
10000548:	2302      	movs	r3, #2
1000054a:	e78b      	b.n	10000464 <fft_fir_get_rfft+0xc0>
1000054c:	2410      	movs	r4, #16
1000054e:	449c      	add	ip, r3
10000550:	f8ac 4020 	strh.w	r4, [ip, #32]
10000554:	2414      	movs	r4, #20
10000556:	f8ac 402c 	strh.w	r4, [ip, #44]	@ 0x2c
1000055a:	4c28      	ldr	r4, [pc, #160]	@ (100005fc <fft_fir_get_rfft+0x258>)
1000055c:	f8ac 2030 	strh.w	r2, [ip, #48]	@ 0x30
10000560:	f104 0528 	add.w	r5, r4, #40	@ 0x28
10000564:	f8cc 4028 	str.w	r4, [ip, #40]	@ 0x28
10000568:	34a8      	adds	r4, #168	@ 0xa8
1000056a:	f8cc 5024 	str.w	r5, [ip, #36]	@ 0x24
1000056e:	f8cc 4034 	str.w	r4, [ip, #52]	@ 0x34
10000572:	e79b      	b.n	100004ac <fft_fir_get_rfft+0x108>
10000574:	f44f 6400 	mov.w	r4, #2048	@ 0x800
10000578:	449c      	add	ip, r3
1000057a:	f8ac 4020 	strh.w	r4, [ip, #32]
1000057e:	f44f 646e 	mov.w	r4, #3808	@ 0xee0
10000582:	f8ac 402c 	strh.w	r4, [ip, #44]	@ 0x2c
10000586:	4c1e      	ldr	r4, [pc, #120]	@ (10000600 <fft_fir_get_rfft+0x25c>)
10000588:	f8ac 2030 	strh.w	r2, [ip, #48]	@ 0x30
1000058c:	f8cc 4028 	str.w	r4, [ip, #40]	@ 0x28
10000590:	4c1c      	ldr	r4, [pc, #112]	@ (10000604 <fft_fir_get_rfft+0x260>)
10000592:	f8cc 4024 	str.w	r4, [ip, #36]	@ 0x24
10000596:	4c1c      	ldr	r4, [pc, #112]	@ (10000608 <fft_fir_get_rfft+0x264>)
10000598:	f8cc 4034 	str.w	r4, [ip, #52]	@ 0x34
1000059c:	e786      	b.n	100004ac <fft_fir_get_rfft+0x108>
1000059e:	2440      	movs	r4, #64	@ 0x40
100005a0:	449c      	add	ip, r3
100005a2:	f8ac 4020 	strh.w	r4, [ip, #32]
100005a6:	2438      	movs	r4, #56	@ 0x38
100005a8:	f8ac 402c 	strh.w	r4, [ip, #44]	@ 0x2c
100005ac:	4c17      	ldr	r4, [pc, #92]	@ (1000060c <fft_fir_get_rfft+0x268>)
100005ae:	f8ac 2030 	strh.w	r2, [ip, #48]	@ 0x30
100005b2:	f104 0570 	add.w	r5, r4, #112	@ 0x70
100005b6:	f8cc 4028 	str.w	r4, [ip, #40]	@ 0x28
100005ba:	f504 741c 	add.w	r4, r4, #624	@ 0x270
100005be:	f8cc 5024 	str.w	r5, [ip, #36]	@ 0x24
100005c2:	f8cc 4034 	str.w	r4, [ip, #52]	@ 0x34
100005c6:	e771      	b.n	100004ac <fft_fir_get_rfft+0x108>
100005c8:	2101      	movs	r1, #1
100005ca:	e70f      	b.n	100003ec <fft_fir_get_rfft+0x48>
100005cc:	200016f8 	.word	0x200016f8
100005d0:	20001718 	.word	0x20001718
100005d4:	1000e9cc 	.word	0x1000e9cc
100005d8:	20001714 	.word	0x20001714
100005dc:	1000c4cc 	.word	0x1000c4cc
100005e0:	1000ef44 	.word	0x1000ef44
100005e4:	1004bd18 	.word	0x1004bd18
100005e8:	1000dbbc 	.word	0x1000dbbc
100005ec:	1000c84c 	.word	0x1000c84c
100005f0:	1000b6bc 	.word	0x1000b6bc
100005f4:	1000ff44 	.word	0x1000ff44
100005f8:	1004cd18 	.word	0x1004cd18
100005fc:	1000ec2c 	.word	0x1000ec2c
10000600:	10011f44 	.word	0x10011f44
10000604:	10013d04 	.word	0x10013d04
10000608:	1004ed18 	.word	0x1004ed18
1000060c:	1000e55c 	.word	0x1000e55c

10000610 <arm_radix8_butterfly_f32>:
10000610:	e92d 4ff0 	stmdb	sp!, {r4, r5, r6, r7, r8, r9, sl, fp, lr}
10000614:	ed2d 8b10 	vpush	{d8-d15}
10000618:	b093      	sub	sp, #76	@ 0x4c
1000061a:	930e      	str	r3, [sp, #56]	@ 0x38
1000061c:	4603      	mov	r3, r0
1000061e:	eddf bac5 	vldr	s23, [pc, #788]	@ 10000934 <arm_radix8_butterfly_f32+0x324>
10000622:	468a      	mov	sl, r1
10000624:	468b      	mov	fp, r1
10000626:	e9cd 200f 	strd	r2, r0, [sp, #60]	@ 0x3c
1000062a:	3304      	adds	r3, #4
1000062c:	9311      	str	r3, [sp, #68]	@ 0x44
1000062e:	f04f 0e00 	mov.w	lr, #0
10000632:	ea4f 07db 	mov.w	r7, fp, lsr #3
10000636:	eb07 0187 	add.w	r1, r7, r7, lsl #2
1000063a:	ea4f 00cb 	mov.w	r0, fp, lsl #3
1000063e:	9000      	str	r0, [sp, #0]
10000640:	00c8      	lsls	r0, r1, #3
10000642:	ebc7 01c7 	rsb	r1, r7, r7, lsl #3
10000646:	9b10      	ldr	r3, [sp, #64]	@ 0x40
10000648:	ea4f 09c7 	mov.w	r9, r7, lsl #3
1000064c:	ea4f 1807 	mov.w	r8, r7, lsl #4
10000650:	9002      	str	r0, [sp, #8]
10000652:	00c8      	lsls	r0, r1, #3
10000654:	9005      	str	r0, [sp, #20]
10000656:	f108 0104 	add.w	r1, r8, #4
1000065a:	f109 0004 	add.w	r0, r9, #4
1000065e:	eb07 0647 	add.w	r6, r7, r7, lsl #1
10000662:	eb03 1247 	add.w	r2, r3, r7, lsl #5
10000666:	4418      	add	r0, r3
10000668:	4419      	add	r1, r3
1000066a:	017b      	lsls	r3, r7, #5
1000066c:	eb02 1507 	add.w	r5, r2, r7, lsl #4
10000670:	970d      	str	r7, [sp, #52]	@ 0x34
10000672:	9301      	str	r3, [sp, #4]
10000674:	0133      	lsls	r3, r6, #4
10000676:	eba5 04c6 	sub.w	r4, r5, r6, lsl #3
1000067a:	9303      	str	r3, [sp, #12]
1000067c:	00f3      	lsls	r3, r6, #3
1000067e:	9e0d      	ldr	r6, [sp, #52]	@ 0x34
10000680:	9304      	str	r3, [sp, #16]
10000682:	f8dd c044 	ldr.w	ip, [sp, #68]	@ 0x44
10000686:	9b00      	ldr	r3, [sp, #0]
10000688:	eb02 07c7 	add.w	r7, r2, r7, lsl #3
1000068c:	eb04 1646 	add.w	r6, r4, r6, lsl #5
10000690:	edd5 6a00 	vldr	s13, [r5]
10000694:	edd4 4a00 	vldr	s9, [r4]
10000698:	ed96 4a00 	vldr	s8, [r6]
1000069c:	ed11 6a01 	vldr	s12, [r1, #-4]
100006a0:	edd2 3a00 	vldr	s7, [r2]
100006a4:	ed97 5a00 	vldr	s10, [r7]
100006a8:	ed1c 7a01 	vldr	s14, [ip, #-4]
100006ac:	ed50 7a01 	vldr	s15, [r0, #-4]
100006b0:	ee34 0a84 	vadd.f32	s0, s9, s8
100006b4:	ee37 8a85 	vadd.f32	s16, s15, s10
100006b8:	ee76 5a26 	vadd.f32	s11, s12, s13
100006bc:	ee76 2a66 	vsub.f32	s5, s12, s13
100006c0:	ee36 6ac6 	vsub.f32	s12, s13, s12
100006c4:	ee77 6a23 	vadd.f32	s13, s14, s7
100006c8:	ee77 7ac5 	vsub.f32	s15, s15, s10
100006cc:	ee37 7a63 	vsub.f32	s14, s14, s7
100006d0:	ee36 5aa5 	vadd.f32	s10, s13, s11
100006d4:	ee78 3a00 	vadd.f32	s7, s16, s0
100006d8:	ee76 6ae5 	vsub.f32	s13, s13, s11
100006dc:	ee35 3a23 	vadd.f32	s6, s10, s7
100006e0:	ee77 5ae4 	vsub.f32	s11, s15, s9
100006e4:	ee35 5a63 	vsub.f32	s10, s10, s7
100006e8:	ee77 7ac4 	vsub.f32	s15, s15, s8
100006ec:	ed0c 3a01 	vstr	s6, [ip, #-4]
100006f0:	ee77 7aa4 	vadd.f32	s15, s15, s9
100006f4:	ed82 5a00 	vstr	s10, [r2]
100006f8:	ee75 5a84 	vadd.f32	s11, s11, s8
100006fc:	eeb0 1a47 	vmov.f32	s2, s14
10000700:	edd0 4a00 	vldr	s9, [r0]
10000704:	eea5 1aeb 	vfms.f32	s2, s11, s23
10000708:	eea5 7aab 	vfma.f32	s14, s11, s23
1000070c:	eea7 6aab 	vfma.f32	s12, s15, s23
10000710:	edd7 5a01 	vldr	s11, [r7, #4]
10000714:	edd2 3a01 	vldr	s7, [r2, #4]
10000718:	edd4 8a01 	vldr	s17, [r4, #4]
1000071c:	ed91 5a00 	vldr	s10, [r1]
10000720:	ed96 aa01 	vldr	s20, [r6, #4]
10000724:	ed9c 4a00 	vldr	s8, [ip]
10000728:	ed95 9a01 	vldr	s18, [r5, #4]
1000072c:	eeb0 2a46 	vmov.f32	s4, s12
10000730:	ee34 6ae5 	vsub.f32	s12, s9, s11
10000734:	ee74 4aa5 	vadd.f32	s9, s9, s11
10000738:	ee75 aa09 	vadd.f32	s21, s10, s18
1000073c:	ee74 5a23 	vadd.f32	s11, s8, s7
10000740:	ee76 0a68 	vsub.f32	s1, s12, s17
10000744:	ee34 4a63 	vsub.f32	s8, s8, s7
10000748:	ee76 9ae4 	vsub.f32	s19, s13, s9
1000074c:	ee78 3a8a 	vadd.f32	s7, s17, s20
10000750:	ee35 3a49 	vsub.f32	s6, s10, s18
10000754:	ee70 0a8a 	vadd.f32	s1, s1, s20
10000758:	ee39 9a45 	vsub.f32	s18, s18, s10
1000075c:	ee36 6a4a 	vsub.f32	s12, s12, s20
10000760:	ee35 5aea 	vsub.f32	s10, s11, s21
10000764:	ee76 6ae3 	vsub.f32	s13, s13, s7
10000768:	ee75 5aaa 	vadd.f32	s11, s11, s21
1000076c:	ee79 9aa3 	vadd.f32	s19, s19, s7
10000770:	ee74 aaa3 	vadd.f32	s21, s9, s7
10000774:	eef0 3a44 	vmov.f32	s7, s8
10000778:	ee36 6a28 	vadd.f32	s12, s12, s17
1000077c:	ee76 6aa4 	vadd.f32	s13, s13, s9
10000780:	ee75 8a48 	vsub.f32	s17, s10, s16
10000784:	eee0 3aeb 	vfms.f32	s7, s1, s23
10000788:	ee35 5a40 	vsub.f32	s10, s10, s0
1000078c:	eef0 4a44 	vmov.f32	s9, s8
10000790:	ee35 5a08 	vadd.f32	s10, s10, s16
10000794:	eee0 4aab 	vfma.f32	s9, s1, s23
10000798:	eeb0 8a63 	vmov.f32	s16, s7
1000079c:	eef0 0a43 	vmov.f32	s1, s6
100007a0:	eef0 1a62 	vmov.f32	s3, s5
100007a4:	eeb0 aa41 	vmov.f32	s20, s2
100007a8:	eeb0 4a49 	vmov.f32	s8, s18
100007ac:	eee7 1aab 	vfma.f32	s3, s15, s23
100007b0:	eee6 0a2b 	vfma.f32	s1, s12, s23
100007b4:	ee35 baaa 	vadd.f32	s22, s11, s21
100007b8:	eea6 aa6b 	vfms.f32	s20, s12, s23
100007bc:	ee75 5aea 	vsub.f32	s11, s11, s21
100007c0:	eea6 4a2b 	vfma.f32	s8, s12, s23
100007c4:	eea7 8aeb 	vfms.f32	s16, s15, s23
100007c8:	ed8c ba00 	vstr	s22, [ip]
100007cc:	ee38 6a80 	vadd.f32	s12, s17, s0
100007d0:	edc2 5a01 	vstr	s11, [r2, #4]
100007d4:	ee37 0a20 	vadd.f32	s0, s14, s1
100007d8:	ed41 6a01 	vstr	s13, [r1, #-4]
100007dc:	ee37 7a60 	vsub.f32	s14, s14, s1
100007e0:	ee74 6ae1 	vsub.f32	s13, s9, s3
100007e4:	ee33 3a0a 	vadd.f32	s6, s6, s20
100007e8:	ee31 4a04 	vadd.f32	s8, s2, s8
100007ec:	ee71 5aa4 	vadd.f32	s11, s3, s9
100007f0:	ee73 3a82 	vadd.f32	s7, s7, s4
100007f4:	ee72 7a88 	vadd.f32	s15, s5, s16
100007f8:	44de      	add	lr, fp
100007fa:	45f2      	cmp	sl, lr
100007fc:	edc5 9a00 	vstr	s19, [r5]
10000800:	449c      	add	ip, r3
10000802:	ed81 6a00 	vstr	s12, [r1]
10000806:	441a      	add	r2, r3
10000808:	ed85 5a01 	vstr	s10, [r5, #4]
1000080c:	4419      	add	r1, r3
1000080e:	ed00 0a01 	vstr	s0, [r0, #-4]
10000812:	441d      	add	r5, r3
10000814:	ed86 7a00 	vstr	s14, [r6]
10000818:	ed87 3a00 	vstr	s6, [r7]
1000081c:	ed84 4a00 	vstr	s8, [r4]
10000820:	edc0 6a00 	vstr	s13, [r0]
10000824:	edc6 5a01 	vstr	s11, [r6, #4]
10000828:	4418      	add	r0, r3
1000082a:	edc7 3a01 	vstr	s7, [r7, #4]
1000082e:	441e      	add	r6, r3
10000830:	edc4 7a01 	vstr	s15, [r4, #4]
10000834:	441f      	add	r7, r3
10000836:	441c      	add	r4, r3
10000838:	f63f af2a 	bhi.w	10000690 <arm_radix8_butterfly_f32+0x80>
1000083c:	461f      	mov	r7, r3
1000083e:	9b0d      	ldr	r3, [sp, #52]	@ 0x34
10000840:	2b07      	cmp	r3, #7
10000842:	f240 81b3 	bls.w	10000bac <arm_radix8_butterfly_f32+0x59c>
10000846:	9d01      	ldr	r5, [sp, #4]
10000848:	9e10      	ldr	r6, [sp, #64]	@ 0x40
1000084a:	9c02      	ldr	r4, [sp, #8]
1000084c:	3508      	adds	r5, #8
1000084e:	f109 0908 	add.w	r9, r9, #8
10000852:	1973      	adds	r3, r6, r5
10000854:	9803      	ldr	r0, [sp, #12]
10000856:	9904      	ldr	r1, [sp, #16]
10000858:	3408      	adds	r4, #8
1000085a:	930c      	str	r3, [sp, #48]	@ 0x30
1000085c:	eb06 0309 	add.w	r3, r6, r9
10000860:	9a05      	ldr	r2, [sp, #20]
10000862:	3008      	adds	r0, #8
10000864:	930b      	str	r3, [sp, #44]	@ 0x2c
10000866:	1933      	adds	r3, r6, r4
10000868:	3108      	adds	r1, #8
1000086a:	930a      	str	r3, [sp, #40]	@ 0x28
1000086c:	1833      	adds	r3, r6, r0
1000086e:	3208      	adds	r2, #8
10000870:	9309      	str	r3, [sp, #36]	@ 0x24
10000872:	1873      	adds	r3, r6, r1
10000874:	f108 080c 	add.w	r8, r8, #12
10000878:	9308      	str	r3, [sp, #32]
1000087a:	18b3      	adds	r3, r6, r2
1000087c:	9307      	str	r3, [sp, #28]
1000087e:	eb06 0308 	add.w	r3, r6, r8
10000882:	9305      	str	r3, [sp, #20]
10000884:	f106 030c 	add.w	r3, r6, #12
10000888:	9306      	str	r3, [sp, #24]
1000088a:	f04f 0901 	mov.w	r9, #1
1000088e:	f04f 0800 	mov.w	r8, #0
10000892:	463b      	mov	r3, r7
10000894:	e9dd c705 	ldrd	ip, r7, [sp, #20]
10000898:	e9dd 6507 	ldrd	r6, r5, [sp, #28]
1000089c:	e9dd 4009 	ldrd	r4, r0, [sp, #36]	@ 0x24
100008a0:	9a0e      	ldr	r2, [sp, #56]	@ 0x38
100008a2:	46ce      	mov	lr, r9
100008a4:	4490      	add	r8, r2
100008a6:	9a0f      	ldr	r2, [sp, #60]	@ 0x3c
100008a8:	eb08 0148 	add.w	r1, r8, r8, lsl #1
100008ac:	eb02 02c8 	add.w	r2, r2, r8, lsl #3
100008b0:	edd2 ea00 	vldr	s29, [r2]
100008b4:	eb02 02c8 	add.w	r2, r2, r8, lsl #3
100008b8:	ed92 ea00 	vldr	s28, [r2]
100008bc:	eb02 02c8 	add.w	r2, r2, r8, lsl #3
100008c0:	edd2 da00 	vldr	s27, [r2]
100008c4:	eb02 02c8 	add.w	r2, r2, r8, lsl #3
100008c8:	ed92 da00 	vldr	s26, [r2]
100008cc:	eb02 02c8 	add.w	r2, r2, r8, lsl #3
100008d0:	edd2 ca00 	vldr	s25, [r2]
100008d4:	eb02 02c8 	add.w	r2, r2, r8, lsl #3
100008d8:	ed92 ca00 	vldr	s24, [r2]
100008dc:	eb02 02c8 	add.w	r2, r2, r8, lsl #3
100008e0:	ed92 ba00 	vldr	s22, [r2]
100008e4:	edd2 aa01 	vldr	s21, [r2, #4]
100008e8:	eba2 1201 	sub.w	r2, r2, r1, lsl #4
100008ec:	ed92 aa01 	vldr	s20, [r2, #4]
100008f0:	eb02 02c8 	add.w	r2, r2, r8, lsl #3
100008f4:	edd2 7a01 	vldr	s15, [r2, #4]
100008f8:	eb02 02c8 	add.w	r2, r2, r8, lsl #3
100008fc:	edcd 7a01 	vstr	s15, [sp, #4]
10000900:	edd2 7a01 	vldr	s15, [r2, #4]
10000904:	eb02 02c8 	add.w	r2, r2, r8, lsl #3
10000908:	edcd 7a02 	vstr	s15, [sp, #8]
1000090c:	edd2 7a01 	vldr	s15, [r2, #4]
10000910:	eb02 02c8 	add.w	r2, r2, r8, lsl #3
10000914:	edcd 7a00 	vstr	s15, [sp]
10000918:	edd2 7a01 	vldr	s15, [r2, #4]
1000091c:	eb02 02c8 	add.w	r2, r2, r8, lsl #3
10000920:	edcd 7a03 	vstr	s15, [sp, #12]
10000924:	edd2 7a01 	vldr	s15, [r2, #4]
10000928:	e9dd 120b 	ldrd	r1, r2, [sp, #44]	@ 0x2c
1000092c:	edcd 7a04 	vstr	s15, [sp, #16]
10000930:	e002      	b.n	10000938 <arm_radix8_butterfly_f32+0x328>
10000932:	bf00      	nop
10000934:	3f3504f3 	.word	0x3f3504f3
10000938:	ed95 6a00 	vldr	s12, [r5]
1000093c:	ed96 7a00 	vldr	s14, [r6]
10000940:	ed5c 7a01 	vldr	s15, [ip, #-4]
10000944:	ed90 3a00 	vldr	s6, [r0]
10000948:	edd4 3a00 	vldr	s7, [r4]
1000094c:	edd2 2a00 	vldr	s5, [r2]
10000950:	ed57 4a01 	vldr	s9, [r7, #-4]
10000954:	ed91 5a00 	vldr	s10, [r1]
10000958:	ee76 0a07 	vadd.f32	s1, s12, s14
1000095c:	ee35 0a03 	vadd.f32	s0, s10, s6
10000960:	ee37 4aa3 	vadd.f32	s8, s15, s7
10000964:	ee74 6aa2 	vadd.f32	s13, s9, s5
10000968:	ee35 5a43 	vsub.f32	s10, s10, s6
1000096c:	ee36 3a84 	vadd.f32	s6, s13, s8
10000970:	ee76 6ac4 	vsub.f32	s13, s13, s8
10000974:	ee30 4a20 	vadd.f32	s8, s0, s1
10000978:	ee77 8ae3 	vsub.f32	s17, s15, s7
1000097c:	ee74 4ae2 	vsub.f32	s9, s9, s5
10000980:	ee73 3ae7 	vsub.f32	s7, s7, s15
10000984:	ee73 2a04 	vadd.f32	s5, s6, s8
10000988:	ee75 7a46 	vsub.f32	s15, s10, s12
1000098c:	ed47 2a01 	vstr	s5, [r7, #-4]
10000990:	ee77 7a87 	vadd.f32	s15, s15, s14
10000994:	ee35 5a47 	vsub.f32	s10, s10, s14
10000998:	eef0 9a64 	vmov.f32	s19, s9
1000099c:	edd0 2a01 	vldr	s5, [r0, #4]
100009a0:	ee35 5a06 	vadd.f32	s10, s10, s12
100009a4:	ee33 3a44 	vsub.f32	s6, s6, s8
100009a8:	ed91 6a01 	vldr	s12, [r1, #4]
100009ac:	eee7 9aeb 	vfms.f32	s19, s15, s23
100009b0:	eee7 4aab 	vfma.f32	s9, s15, s23
100009b4:	eddd 7a00 	vldr	s15, [sp]
100009b8:	ed96 fa01 	vldr	s30, [r6, #4]
100009bc:	eddc 1a00 	vldr	s3, [ip]
100009c0:	edd7 5a00 	vldr	s11, [r7]
100009c4:	ed94 7a01 	vldr	s14, [r4, #4]
100009c8:	ed92 9a01 	vldr	s18, [r2, #4]
100009cc:	ee36 4a62 	vsub.f32	s8, s12, s5
100009d0:	ee23 1a67 	vnmul.f32	s2, s6, s15
100009d4:	edd5 7a01 	vldr	s15, [r5, #4]
100009d8:	ee36 6a22 	vadd.f32	s12, s12, s5
100009dc:	ee31 2a87 	vadd.f32	s4, s3, s14
100009e0:	ee77 fa8f 	vadd.f32	s31, s15, s30
100009e4:	ee75 2a89 	vadd.f32	s5, s11, s18
100009e8:	ee75 5ac9 	vsub.f32	s11, s11, s18
100009ec:	ee31 9ac7 	vsub.f32	s18, s3, s14
100009f0:	ee37 7a61 	vsub.f32	s14, s14, s3
100009f4:	ee74 1a67 	vsub.f32	s3, s8, s15
100009f8:	ee34 4a4f 	vsub.f32	s8, s8, s30
100009fc:	ee71 1a8f 	vadd.f32	s3, s3, s30
10000a00:	ee36 faef 	vsub.f32	s30, s13, s31
10000a04:	ee76 6ac6 	vsub.f32	s13, s13, s12
10000a08:	ee34 4a27 	vadd.f32	s8, s8, s15
10000a0c:	ee7f 6aa6 	vadd.f32	s13, s31, s13
10000a10:	ee72 7ac2 	vsub.f32	s15, s5, s4
10000a14:	ee3f fa06 	vadd.f32	s30, s30, s12
10000a18:	ee72 2a82 	vadd.f32	s5, s5, s4
10000a1c:	ee36 2a2f 	vadd.f32	s4, s12, s31
10000a20:	eef0 fa65 	vmov.f32	s31, s11
10000a24:	eeb0 6a65 	vmov.f32	s12, s11
10000a28:	eee1 faeb 	vfms.f32	s31, s3, s23
10000a2c:	eea1 6aab 	vfma.f32	s12, s3, s23
10000a30:	eef0 5a49 	vmov.f32	s11, s18
10000a34:	eef0 1a69 	vmov.f32	s3, s19
10000a38:	eee4 5a2b 	vfma.f32	s11, s8, s23
10000a3c:	eeb0 8a68 	vmov.f32	s16, s17
10000a40:	eea4 7a2b 	vfma.f32	s14, s8, s23
10000a44:	eee4 1a6b 	vfms.f32	s3, s8, s23
10000a48:	eeb0 4a6f 	vmov.f32	s8, s31
10000a4c:	eea5 8a2b 	vfma.f32	s16, s10, s23
10000a50:	eee5 3a2b 	vfma.f32	s7, s10, s23
10000a54:	eea5 4a6b 	vfms.f32	s8, s10, s23
10000a58:	ee37 5ae0 	vsub.f32	s10, s15, s1
10000a5c:	ee37 7a29 	vadd.f32	s14, s14, s19
10000a60:	ee30 5a05 	vadd.f32	s10, s0, s10
10000a64:	eddd 9a04 	vldr	s19, [sp, #16]
10000a68:	ee7f faa3 	vadd.f32	s31, s31, s7
10000a6c:	ee77 7ac0 	vsub.f32	s15, s15, s0
10000a70:	ee34 0aa5 	vadd.f32	s0, s9, s11
10000a74:	ee74 5ae5 	vsub.f32	s11, s9, s11
10000a78:	eddd 4a03 	vldr	s9, [sp, #12]
10000a7c:	ee71 1a89 	vadd.f32	s3, s3, s18
10000a80:	ee38 4a84 	vadd.f32	s8, s17, s8
10000a84:	ee64 3aaf 	vmul.f32	s7, s9, s31
10000a88:	ee76 8a48 	vsub.f32	s17, s12, s16
10000a8c:	ee38 6a06 	vadd.f32	s12, s16, s12
10000a90:	ee26 8ae9 	vnmul.f32	s16, s13, s19
10000a94:	ed9d 9a01 	vldr	s18, [sp, #4]
10000a98:	ee77 7aa0 	vadd.f32	s15, s15, s1
10000a9c:	ee61 4ae4 	vnmul.f32	s9, s3, s9
10000aa0:	ee72 0ac2 	vsub.f32	s1, s5, s4
10000aa4:	eeec 3aa1 	vfma.f32	s7, s25, s3
10000aa8:	eeac 8a05 	vfma.f32	s16, s24, s10
10000aac:	eddd 1a00 	vldr	s3, [sp]
10000ab0:	ee29 5a85 	vmul.f32	s10, s19, s10
10000ab4:	ee32 2a82 	vadd.f32	s4, s5, s4
10000ab8:	eead 1a20 	vfma.f32	s2, s26, s1
10000abc:	ee6f 2a49 	vnmul.f32	s5, s30, s18
10000ac0:	ee61 1aa0 	vmul.f32	s3, s3, s1
10000ac4:	eeac 5a26 	vfma.f32	s10, s24, s13
10000ac8:	eddd 6a02 	vldr	s13, [sp, #8]
10000acc:	ed87 2a00 	vstr	s4, [r7]
10000ad0:	eeee 2a27 	vfma.f32	s5, s28, s15
10000ad4:	ed82 1a01 	vstr	s2, [r2, #4]
10000ad8:	ee69 7a27 	vmul.f32	s15, s18, s15
10000adc:	eeed 1a03 	vfma.f32	s3, s26, s6
10000ae0:	ee2a 2a28 	vmul.f32	s4, s20, s17
10000ae4:	ee26 3a84 	vmul.f32	s6, s13, s8
10000ae8:	ee20 9a4a 	vnmul.f32	s18, s0, s20
10000aec:	ee6a 0a86 	vmul.f32	s1, s21, s12
10000af0:	ee25 1aea 	vnmul.f32	s2, s11, s21
10000af4:	ee67 6a66 	vnmul.f32	s13, s14, s13
10000af8:	eeec 4aaf 	vfma.f32	s9, s25, s31
10000afc:	eeee 7a0f 	vfma.f32	s15, s28, s30
10000b00:	eead 3a87 	vfma.f32	s6, s27, s14
10000b04:	eeed 6a84 	vfma.f32	s13, s27, s8
10000b08:	eeae 2a80 	vfma.f32	s4, s29, s0
10000b0c:	eeae 9aa8 	vfma.f32	s18, s29, s17
10000b10:	eeeb 0a25 	vfma.f32	s1, s22, s11
10000b14:	eeab 1a06 	vfma.f32	s2, s22, s12
10000b18:	44de      	add	lr, fp
10000b1a:	45f2      	cmp	sl, lr
10000b1c:	edc2 1a00 	vstr	s3, [r2]
10000b20:	441f      	add	r7, r3
10000b22:	ed4c 7a01 	vstr	s15, [ip, #-4]
10000b26:	edcc 2a00 	vstr	s5, [ip]
10000b2a:	441a      	add	r2, r3
10000b2c:	ed84 5a00 	vstr	s10, [r4]
10000b30:	ed84 8a01 	vstr	s16, [r4, #4]
10000b34:	449c      	add	ip, r3
10000b36:	ed81 2a00 	vstr	s4, [r1]
10000b3a:	ed81 9a01 	vstr	s18, [r1, #4]
10000b3e:	441c      	add	r4, r3
10000b40:	edc6 0a00 	vstr	s1, [r6]
10000b44:	4419      	add	r1, r3
10000b46:	ed86 1a01 	vstr	s2, [r6, #4]
10000b4a:	edc0 3a00 	vstr	s7, [r0]
10000b4e:	edc0 4a01 	vstr	s9, [r0, #4]
10000b52:	441e      	add	r6, r3
10000b54:	ed85 3a00 	vstr	s6, [r5]
10000b58:	edc5 6a01 	vstr	s13, [r5, #4]
10000b5c:	4418      	add	r0, r3
10000b5e:	441d      	add	r5, r3
10000b60:	f63f aeea 	bhi.w	10000938 <arm_radix8_butterfly_f32+0x328>
10000b64:	9a0c      	ldr	r2, [sp, #48]	@ 0x30
10000b66:	f109 0901 	add.w	r9, r9, #1
10000b6a:	3208      	adds	r2, #8
10000b6c:	920c      	str	r2, [sp, #48]	@ 0x30
10000b6e:	9a0b      	ldr	r2, [sp, #44]	@ 0x2c
10000b70:	3208      	adds	r2, #8
10000b72:	920b      	str	r2, [sp, #44]	@ 0x2c
10000b74:	9a0a      	ldr	r2, [sp, #40]	@ 0x28
10000b76:	3208      	adds	r2, #8
10000b78:	920a      	str	r2, [sp, #40]	@ 0x28
10000b7a:	9a09      	ldr	r2, [sp, #36]	@ 0x24
10000b7c:	3208      	adds	r2, #8
10000b7e:	9209      	str	r2, [sp, #36]	@ 0x24
10000b80:	9a08      	ldr	r2, [sp, #32]
10000b82:	3208      	adds	r2, #8
10000b84:	9208      	str	r2, [sp, #32]
10000b86:	9a07      	ldr	r2, [sp, #28]
10000b88:	3208      	adds	r2, #8
10000b8a:	9207      	str	r2, [sp, #28]
10000b8c:	9a06      	ldr	r2, [sp, #24]
10000b8e:	3208      	adds	r2, #8
10000b90:	9206      	str	r2, [sp, #24]
10000b92:	9a05      	ldr	r2, [sp, #20]
10000b94:	3208      	adds	r2, #8
10000b96:	9205      	str	r2, [sp, #20]
10000b98:	9a0d      	ldr	r2, [sp, #52]	@ 0x34
10000b9a:	454a      	cmp	r2, r9
10000b9c:	f47f ae7a 	bne.w	10000894 <arm_radix8_butterfly_f32+0x284>
10000ba0:	9b0e      	ldr	r3, [sp, #56]	@ 0x38
10000ba2:	4693      	mov	fp, r2
10000ba4:	00db      	lsls	r3, r3, #3
10000ba6:	b29b      	uxth	r3, r3
10000ba8:	930e      	str	r3, [sp, #56]	@ 0x38
10000baa:	e540      	b.n	1000062e <arm_radix8_butterfly_f32+0x1e>
10000bac:	b013      	add	sp, #76	@ 0x4c
10000bae:	ecbd 8b10 	vpop	{d8-d15}
10000bb2:	e8bd 8ff0 	ldmia.w	sp!, {r4, r5, r6, r7, r8, r9, sl, fp, pc}
10000bb6:	bf00      	nop

10000bb8 <arm_cfft_radix8by2_f32>:
10000bb8:	4603      	mov	r3, r0
10000bba:	e92d 41f0 	stmdb	sp!, {r4, r5, r6, r7, r8, lr}
10000bbe:	881a      	ldrh	r2, [r3, #0]
10000bc0:	4608      	mov	r0, r1
10000bc2:	eb01 0682 	add.w	r6, r1, r2, lsl #2
10000bc6:	0851      	lsrs	r1, r2, #1
10000bc8:	08d2      	lsrs	r2, r2, #3
10000bca:	ed2d 8b08 	vpush	{d8-d11}
10000bce:	685f      	ldr	r7, [r3, #4]
10000bd0:	f000 80a5 	beq.w	10000d1e <arm_cfft_radix8by2_f32+0x166>
10000bd4:	ea4f 0c81 	mov.w	ip, r1, lsl #2
10000bd8:	f10c 0c10 	add.w	ip, ip, #16
10000bdc:	f100 0310 	add.w	r3, r0, #16
10000be0:	eb00 040c 	add.w	r4, r0, ip
10000be4:	eb03 1202 	add.w	r2, r3, r2, lsl #4
10000be8:	44b4      	add	ip, r6
10000bea:	f107 0510 	add.w	r5, r7, #16
10000bee:	f106 0e10 	add.w	lr, r6, #16
10000bf2:	ed1c 3a04 	vldr	s6, [ip, #-16]
10000bf6:	ed5c 6a03 	vldr	s13, [ip, #-12]
10000bfa:	ed5e 4a02 	vldr	s9, [lr, #-8]
10000bfe:	ed1e 5a01 	vldr	s10, [lr, #-4]
10000c02:	ed5c 7a02 	vldr	s15, [ip, #-8]
10000c06:	ed1c 7a01 	vldr	s14, [ip, #-4]
10000c0a:	ed1e 0a04 	vldr	s0, [lr, #-16]
10000c0e:	ed1e 1a03 	vldr	s2, [lr, #-12]
10000c12:	ed53 0a04 	vldr	s1, [r3, #-16]
10000c16:	ed53 1a03 	vldr	s3, [r3, #-12]
10000c1a:	ed13 2a02 	vldr	s4, [r3, #-8]
10000c1e:	ed53 2a01 	vldr	s5, [r3, #-4]
10000c22:	ed54 3a04 	vldr	s7, [r4, #-16]
10000c26:	ed14 4a03 	vldr	s8, [r4, #-12]
10000c2a:	ed54 5a02 	vldr	s11, [r4, #-8]
10000c2e:	ed14 6a01 	vldr	s12, [r4, #-4]
10000c32:	ee72 aa24 	vadd.f32	s21, s4, s9
10000c36:	ee32 aa85 	vadd.f32	s20, s5, s10
10000c3a:	ee73 9a83 	vadd.f32	s19, s7, s6
10000c3e:	ee34 9a26 	vadd.f32	s18, s8, s13
10000c42:	ee75 8aa7 	vadd.f32	s17, s11, s15
10000c46:	ee36 8a07 	vadd.f32	s16, s12, s14
10000c4a:	ee70 ba80 	vadd.f32	s23, s1, s0
10000c4e:	ee31 ba81 	vadd.f32	s22, s3, s2
10000c52:	3410      	adds	r4, #16
10000c54:	ed43 ba04 	vstr	s23, [r3, #-16]
10000c58:	ed03 ba03 	vstr	s22, [r3, #-12]
10000c5c:	ed43 aa02 	vstr	s21, [r3, #-8]
10000c60:	ed03 aa01 	vstr	s20, [r3, #-4]
10000c64:	ed44 9a08 	vstr	s19, [r4, #-32]	@ 0xffffffe0
10000c68:	ed04 9a07 	vstr	s18, [r4, #-28]	@ 0xffffffe4
10000c6c:	ed44 8a06 	vstr	s17, [r4, #-24]	@ 0xffffffe8
10000c70:	ed04 8a05 	vstr	s16, [r4, #-20]	@ 0xffffffec
10000c74:	3510      	adds	r5, #16
10000c76:	ee76 6ac4 	vsub.f32	s13, s13, s8
10000c7a:	ee33 3a63 	vsub.f32	s6, s6, s7
10000c7e:	ee77 7ae5 	vsub.f32	s15, s15, s11
10000c82:	ed55 5a08 	vldr	s11, [r5, #-32]	@ 0xffffffe0
10000c86:	ee37 7a46 	vsub.f32	s14, s14, s12
10000c8a:	ee32 2a64 	vsub.f32	s4, s4, s9
10000c8e:	ed15 6a07 	vldr	s12, [r5, #-28]	@ 0xffffffe4
10000c92:	ee72 2ac5 	vsub.f32	s5, s5, s10
10000c96:	ee65 4ae6 	vnmul.f32	s9, s11, s13
10000c9a:	ee70 0ac0 	vsub.f32	s1, s1, s0
10000c9e:	ee71 1ac1 	vsub.f32	s3, s3, s2
10000ca2:	ee23 5a25 	vmul.f32	s10, s6, s11
10000ca6:	ee61 3a86 	vmul.f32	s7, s3, s12
10000caa:	eea6 5a86 	vfma.f32	s10, s13, s12
10000cae:	ee26 4a60 	vnmul.f32	s8, s12, s1
10000cb2:	eef0 6a64 	vmov.f32	s13, s9
10000cb6:	eea1 4aa5 	vfma.f32	s8, s3, s11
10000cba:	eee3 6a06 	vfma.f32	s13, s6, s12
10000cbe:	eee0 3aa5 	vfma.f32	s7, s1, s11
10000cc2:	f10c 0c10 	add.w	ip, ip, #16
10000cc6:	ed0e 4a03 	vstr	s8, [lr, #-12]
10000cca:	ed4e 3a04 	vstr	s7, [lr, #-16]
10000cce:	ed0c 5a07 	vstr	s10, [ip, #-28]	@ 0xffffffe4
10000cd2:	ed4c 6a08 	vstr	s13, [ip, #-32]	@ 0xffffffe0
10000cd6:	ed15 6a06 	vldr	s12, [r5, #-24]	@ 0xffffffe8
10000cda:	ed55 6a05 	vldr	s13, [r5, #-20]	@ 0xffffffec
10000cde:	ee67 5a86 	vmul.f32	s11, s15, s12
10000ce2:	ee26 5a47 	vnmul.f32	s10, s12, s14
10000ce6:	eee7 5a26 	vfma.f32	s11, s14, s13
10000cea:	ee22 4aa6 	vmul.f32	s8, s5, s13
10000cee:	ee66 4ac2 	vnmul.f32	s9, s13, s4
10000cf2:	eeb0 7a45 	vmov.f32	s14, s10
10000cf6:	eea2 4a06 	vfma.f32	s8, s4, s12
10000cfa:	eee2 4a86 	vfma.f32	s9, s5, s12
10000cfe:	eea7 7aa6 	vfma.f32	s14, s15, s13
10000d02:	3310      	adds	r3, #16
10000d04:	4293      	cmp	r3, r2
10000d06:	f10e 0e10 	add.w	lr, lr, #16
10000d0a:	ed0e 4a06 	vstr	s8, [lr, #-24]	@ 0xffffffe8
10000d0e:	ed4e 4a05 	vstr	s9, [lr, #-20]	@ 0xffffffec
10000d12:	ed0c 7a06 	vstr	s14, [ip, #-24]	@ 0xffffffe8
10000d16:	ed4c 5a05 	vstr	s11, [ip, #-20]	@ 0xffffffec
10000d1a:	f47f af6a 	bne.w	10000bf2 <arm_cfft_radix8by2_f32+0x3a>
10000d1e:	b28c      	uxth	r4, r1
10000d20:	463a      	mov	r2, r7
10000d22:	4621      	mov	r1, r4
10000d24:	2302      	movs	r3, #2
10000d26:	f7ff fc73 	bl	10000610 <arm_radix8_butterfly_f32>
10000d2a:	ecbd 8b08 	vpop	{d8-d11}
10000d2e:	463a      	mov	r2, r7
10000d30:	4621      	mov	r1, r4
10000d32:	4630      	mov	r0, r6
10000d34:	e8bd 41f0 	ldmia.w	sp!, {r4, r5, r6, r7, r8, lr}
10000d38:	2302      	movs	r3, #2
10000d3a:	e469      	b.n	10000610 <arm_radix8_butterfly_f32>

10000d3c <arm_cfft_radix8by4_f32>:
10000d3c:	e92d 4ff0 	stmdb	sp!, {r4, r5, r6, r7, r8, r9, sl, fp, lr}
10000d40:	460e      	mov	r6, r1
10000d42:	8802      	ldrh	r2, [r0, #0]
10000d44:	ed91 7a00 	vldr	s14, [r1]
10000d48:	0852      	lsrs	r2, r2, #1
10000d4a:	eb06 04c2 	add.w	r4, r6, r2, lsl #3
10000d4e:	ed94 6a00 	vldr	s12, [r4]
10000d52:	ed2d 8b06 	vpush	{d8-d10}
10000d56:	eb04 0582 	add.w	r5, r4, r2, lsl #2
10000d5a:	edd5 5a00 	vldr	s11, [r5]
10000d5e:	ee77 6a06 	vadd.f32	s13, s14, s12
10000d62:	6843      	ldr	r3, [r0, #4]
10000d64:	b08f      	sub	sp, #60	@ 0x3c
10000d66:	eb01 0182 	add.w	r1, r1, r2, lsl #2
10000d6a:	ed91 5a00 	vldr	s10, [r1]
10000d6e:	edd1 2a01 	vldr	s5, [r1, #4]
10000d72:	4608      	mov	r0, r1
10000d74:	9109      	str	r1, [sp, #36]	@ 0x24
10000d76:	4619      	mov	r1, r3
10000d78:	edd6 7a01 	vldr	s15, [r6, #4]
10000d7c:	edd4 4a01 	vldr	s9, [r4, #4]
10000d80:	ee35 3aa6 	vadd.f32	s6, s11, s13
10000d84:	3308      	adds	r3, #8
10000d86:	9601      	str	r6, [sp, #4]
10000d88:	9306      	str	r3, [sp, #24]
10000d8a:	f101 0310 	add.w	r3, r1, #16
10000d8e:	9304      	str	r3, [sp, #16]
10000d90:	9108      	str	r1, [sp, #32]
10000d92:	f101 0318 	add.w	r3, r1, #24
10000d96:	9901      	ldr	r1, [sp, #4]
10000d98:	ee37 7a46 	vsub.f32	s14, s14, s12
10000d9c:	468c      	mov	ip, r1
10000d9e:	ee37 6aa4 	vadd.f32	s12, s15, s9
10000da2:	ee33 3a05 	vadd.f32	s6, s6, s10
10000da6:	ee77 7ae4 	vsub.f32	s15, s15, s9
10000daa:	ed95 2a01 	vldr	s4, [r5, #4]
10000dae:	ee35 4aa7 	vadd.f32	s8, s11, s15
10000db2:	ed8c 3a00 	vstr	s6, [ip]
10000db6:	ee76 6ac5 	vsub.f32	s13, s13, s10
10000dba:	ee75 7a27 	vadd.f32	s15, s10, s15
10000dbe:	ee34 5a45 	vsub.f32	s10, s8, s10
10000dc2:	ed95 4a01 	vldr	s8, [r5, #4]
10000dc6:	ee72 3a87 	vadd.f32	s7, s5, s14
10000dca:	ee76 4a62 	vsub.f32	s9, s12, s5
10000dce:	ee76 6ae5 	vsub.f32	s13, s13, s11
10000dd2:	ee77 7ae5 	vsub.f32	s15, s15, s11
10000dd6:	ee32 7a07 	vadd.f32	s14, s4, s14
10000dda:	edd0 5a01 	vldr	s11, [r0, #4]
10000dde:	ee36 6a04 	vadd.f32	s12, s12, s8
10000de2:	3108      	adds	r1, #8
10000de4:	9605      	str	r6, [sp, #20]
10000de6:	9101      	str	r1, [sp, #4]
10000de8:	4626      	mov	r6, r4
10000dea:	4601      	mov	r1, r0
10000dec:	462f      	mov	r7, r5
10000dee:	ee73 3ac2 	vsub.f32	s7, s7, s4
10000df2:	ee74 4ac2 	vsub.f32	s9, s9, s4
10000df6:	ee37 7a62 	vsub.f32	s14, s14, s5
10000dfa:	ee36 6a25 	vadd.f32	s12, s12, s11
10000dfe:	ea4f 0e82 	mov.w	lr, r2, lsl #2
10000e02:	0852      	lsrs	r2, r2, #1
10000e04:	920b      	str	r2, [sp, #44]	@ 0x2c
10000e06:	3a02      	subs	r2, #2
10000e08:	3108      	adds	r1, #8
10000e0a:	3608      	adds	r6, #8
10000e0c:	0852      	lsrs	r2, r2, #1
10000e0e:	ed8c 6a01 	vstr	s12, [ip, #4]
10000e12:	9102      	str	r1, [sp, #8]
10000e14:	edc0 3a00 	vstr	s7, [r0]
10000e18:	ed80 5a01 	vstr	s10, [r0, #4]
10000e1c:	940a      	str	r4, [sp, #40]	@ 0x28
10000e1e:	edc4 6a00 	vstr	s13, [r4]
10000e22:	9307      	str	r3, [sp, #28]
10000e24:	9603      	str	r6, [sp, #12]
10000e26:	4621      	mov	r1, r4
10000e28:	edc4 4a01 	vstr	s9, [r4, #4]
10000e2c:	f107 0708 	add.w	r7, r7, #8
10000e30:	ed85 7a00 	vstr	s14, [r5]
10000e34:	edc5 7a01 	vstr	s15, [r5, #4]
10000e38:	920c      	str	r2, [sp, #48]	@ 0x30
10000e3a:	f000 8132 	beq.w	100010a2 <arm_cfft_radix8by4_f32+0x366>
10000e3e:	4693      	mov	fp, r2
10000e40:	460a      	mov	r2, r1
10000e42:	390c      	subs	r1, #12
10000e44:	910d      	str	r1, [sp, #52]	@ 0x34
10000e46:	9908      	ldr	r1, [sp, #32]
10000e48:	9e05      	ldr	r6, [sp, #20]
10000e4a:	f1ae 030c 	sub.w	r3, lr, #12
10000e4e:	f101 0920 	add.w	r9, r1, #32
10000e52:	f101 0830 	add.w	r8, r1, #48	@ 0x30
10000e56:	f8dd a010 	ldr.w	sl, [sp, #16]
10000e5a:	990d      	ldr	r1, [sp, #52]	@ 0x34
10000e5c:	f1a0 040c 	sub.w	r4, r0, #12
10000e60:	f102 0e10 	add.w	lr, r2, #16
10000e64:	442b      	add	r3, r5
10000e66:	3610      	adds	r6, #16
10000e68:	3010      	adds	r0, #16
10000e6a:	f1a5 0c0c 	sub.w	ip, r5, #12
10000e6e:	f105 0210 	add.w	r2, r5, #16
10000e72:	ed12 6a02 	vldr	s12, [r2, #-8]
10000e76:	ed50 6a02 	vldr	s13, [r0, #-8]
10000e7a:	ed1e 4a02 	vldr	s8, [lr, #-8]
10000e7e:	ed16 7a02 	vldr	s14, [r6, #-8]
10000e82:	ed5e 3a01 	vldr	s7, [lr, #-4]
10000e86:	ed56 7a01 	vldr	s15, [r6, #-4]
10000e8a:	ee77 1a04 	vadd.f32	s3, s14, s8
10000e8e:	ee76 4a86 	vadd.f32	s9, s13, s12
10000e92:	ed52 5a01 	vldr	s11, [r2, #-4]
10000e96:	ee37 7a44 	vsub.f32	s14, s14, s8
10000e9a:	ee74 4aa1 	vadd.f32	s9, s9, s3
10000e9e:	ee37 4aa3 	vadd.f32	s8, s15, s7
10000ea2:	ee77 7ae3 	vsub.f32	s15, s15, s7
10000ea6:	3608      	adds	r6, #8
10000ea8:	ed10 5a01 	vldr	s10, [r0, #-4]
10000eac:	ee77 2a65 	vsub.f32	s5, s14, s11
10000eb0:	ed46 4a04 	vstr	s9, [r6, #-16]
10000eb4:	ee37 3ae6 	vsub.f32	s6, s15, s13
10000eb8:	ee77 7ac6 	vsub.f32	s15, s15, s12
10000ebc:	3008      	adds	r0, #8
10000ebe:	3208      	adds	r2, #8
10000ec0:	ee72 2a85 	vadd.f32	s5, s5, s10
10000ec4:	ee74 0a45 	vsub.f32	s1, s8, s10
10000ec8:	ee71 1ae6 	vsub.f32	s3, s3, s13
10000ecc:	ee37 7a45 	vsub.f32	s14, s14, s10
10000ed0:	ee37 5aa6 	vadd.f32	s10, s15, s13
10000ed4:	ed52 6a03 	vldr	s13, [r2, #-12]
10000ed8:	ed50 7a03 	vldr	s15, [r0, #-12]
10000edc:	ee77 7aa6 	vadd.f32	s15, s15, s13
10000ee0:	ee77 7a84 	vadd.f32	s15, s15, s8
10000ee4:	ed46 7a03 	vstr	s15, [r6, #-12]
10000ee8:	ee37 7a25 	vadd.f32	s14, s14, s11
10000eec:	eddc 9a02 	vldr	s19, [ip, #8]
10000ef0:	edd4 7a02 	vldr	s15, [r4, #8]
10000ef4:	ee33 3a06 	vadd.f32	s6, s6, s12
10000ef8:	ee71 1ac6 	vsub.f32	s3, s3, s12
10000efc:	ee70 0ae5 	vsub.f32	s1, s1, s11
10000f00:	ed91 6a02 	vldr	s12, [r1, #8]
10000f04:	edd3 5a02 	vldr	s11, [r3, #8]
10000f08:	ed93 8a01 	vldr	s16, [r3, #4]
10000f0c:	ee77 3aa9 	vadd.f32	s7, s15, s19
10000f10:	ee36 4a25 	vadd.f32	s8, s12, s11
10000f14:	edd1 8a01 	vldr	s17, [r1, #4]
10000f18:	ee73 aa84 	vadd.f32	s21, s7, s8
10000f1c:	ee39 1a88 	vadd.f32	s2, s19, s16
10000f20:	ed9c 0a01 	vldr	s0, [ip, #4]
10000f24:	ee76 4a65 	vsub.f32	s9, s12, s11
10000f28:	edc4 aa02 	vstr	s21, [r4, #8]
10000f2c:	ee33 6ac6 	vsub.f32	s12, s7, s12
10000f30:	ee31 1a68 	vsub.f32	s2, s2, s17
10000f34:	ed94 9a01 	vldr	s18, [r4, #4]
10000f38:	ee77 6a88 	vadd.f32	s13, s15, s16
10000f3c:	ee76 5a65 	vsub.f32	s11, s12, s11
10000f40:	ee31 1a67 	vsub.f32	s2, s2, s15
10000f44:	ed91 6a01 	vldr	s12, [r1, #4]
10000f48:	edd3 7a01 	vldr	s15, [r3, #4]
10000f4c:	ee39 aa00 	vadd.f32	s20, s18, s0
10000f50:	ee36 6a27 	vadd.f32	s12, s12, s15
10000f54:	ee36 6a0a 	vadd.f32	s12, s12, s20
10000f58:	ee76 6ae9 	vsub.f32	s13, s13, s19
10000f5c:	ed84 6a01 	vstr	s12, [r4, #4]
10000f60:	ee76 6ae8 	vsub.f32	s13, s13, s17
10000f64:	ed1a 6a02 	vldr	s12, [sl, #-8]
10000f68:	ed5a 7a01 	vldr	s15, [sl, #-4]
10000f6c:	ee34 2ac0 	vsub.f32	s4, s9, s0
10000f70:	ee74 4ac9 	vsub.f32	s9, s9, s18
10000f74:	ee32 2a09 	vadd.f32	s4, s4, s18
10000f78:	ee74 4a80 	vadd.f32	s9, s9, s0
10000f7c:	ee34 4a63 	vsub.f32	s8, s8, s7
10000f80:	ee26 0a86 	vmul.f32	s0, s13, s12
10000f84:	ee23 9a27 	vmul.f32	s18, s6, s15
10000f88:	ee7a 3a68 	vsub.f32	s7, s20, s17
10000f8c:	eea2 0a27 	vfma.f32	s0, s4, s15
10000f90:	ee73 3ac8 	vsub.f32	s7, s7, s16
10000f94:	ee67 8ae2 	vnmul.f32	s17, s15, s5
10000f98:	ee26 8a42 	vnmul.f32	s16, s12, s4
10000f9c:	eeb0 2a49 	vmov.f32	s4, s18
10000fa0:	eea2 2a86 	vfma.f32	s4, s5, s12
10000fa4:	eef0 2a68 	vmov.f32	s5, s17
10000fa8:	eee3 2a06 	vfma.f32	s5, s6, s12
10000fac:	eeb0 6a48 	vmov.f32	s12, s16
10000fb0:	eea6 6aa7 	vfma.f32	s12, s13, s15
10000fb4:	ed40 2a03 	vstr	s5, [r0, #-12]
10000fb8:	ed00 2a04 	vstr	s4, [r0, #-16]
10000fbc:	ed81 6a02 	vstr	s12, [r1, #8]
10000fc0:	ed81 0a01 	vstr	s0, [r1, #4]
10000fc4:	ed59 7a03 	vldr	s15, [r9, #-12]
10000fc8:	ee27 3ae1 	vnmul.f32	s6, s15, s3
10000fcc:	ed19 6a04 	vldr	s12, [r9, #-16]
10000fd0:	ee65 6aa7 	vmul.f32	s13, s11, s15
10000fd4:	ee60 2aa7 	vmul.f32	s5, s1, s15
10000fd8:	eef0 5a43 	vmov.f32	s11, s6
10000fdc:	ee67 7ae3 	vnmul.f32	s15, s15, s7
10000fe0:	eee3 6ac6 	vfms.f32	s13, s7, s12
10000fe4:	eee4 7a06 	vfma.f32	s15, s8, s12
10000fe8:	eee0 5a86 	vfma.f32	s11, s1, s12
10000fec:	eee1 2a86 	vfma.f32	s5, s3, s12
10000ff0:	ed4e 2a02 	vstr	s5, [lr, #-8]
10000ff4:	ed4e 5a01 	vstr	s11, [lr, #-4]
10000ff8:	edcc 6a01 	vstr	s13, [ip, #4]
10000ffc:	edcc 7a02 	vstr	s15, [ip, #8]
10001000:	ed58 6a06 	vldr	s13, [r8, #-24]	@ 0xffffffe8
10001004:	ed58 7a05 	vldr	s15, [r8, #-20]	@ 0xffffffec
10001008:	ee66 5ae4 	vnmul.f32	s11, s13, s9
1000100c:	ee27 4ac7 	vnmul.f32	s8, s15, s14
10001010:	ee21 6a26 	vmul.f32	s12, s2, s13
10001014:	ee65 3a27 	vmul.f32	s7, s10, s15
10001018:	eea4 6aa7 	vfma.f32	s12, s9, s15
1000101c:	eee7 3a26 	vfma.f32	s7, s14, s13
10001020:	eef0 4a44 	vmov.f32	s9, s8
10001024:	eeb0 7a65 	vmov.f32	s14, s11
10001028:	eee5 4a26 	vfma.f32	s9, s10, s13
1000102c:	eea1 7a27 	vfma.f32	s14, s2, s15
10001030:	f1bb 0b01 	subs.w	fp, fp, #1
10001034:	f1a1 0108 	sub.w	r1, r1, #8
10001038:	f1a3 0308 	sub.w	r3, r3, #8
1000103c:	f1a4 0408 	sub.w	r4, r4, #8
10001040:	f1ac 0c08 	sub.w	ip, ip, #8
10001044:	ed42 3a04 	vstr	s7, [r2, #-16]
10001048:	ed42 4a03 	vstr	s9, [r2, #-12]
1000104c:	f10a 0a08 	add.w	sl, sl, #8
10001050:	f109 0910 	add.w	r9, r9, #16
10001054:	f10e 0e08 	add.w	lr, lr, #8
10001058:	f108 0818 	add.w	r8, r8, #24
1000105c:	ed83 7a04 	vstr	s14, [r3, #16]
10001060:	ed83 6a03 	vstr	s12, [r3, #12]
10001064:	f47f af05 	bne.w	10000e72 <arm_cfft_radix8by4_f32+0x136>
10001068:	9b0c      	ldr	r3, [sp, #48]	@ 0x30
1000106a:	9a01      	ldr	r2, [sp, #4]
1000106c:	eb07 07c3 	add.w	r7, r7, r3, lsl #3
10001070:	eb02 02c3 	add.w	r2, r2, r3, lsl #3
10001074:	9201      	str	r2, [sp, #4]
10001076:	9a06      	ldr	r2, [sp, #24]
10001078:	eb02 02c3 	add.w	r2, r2, r3, lsl #3
1000107c:	9206      	str	r2, [sp, #24]
1000107e:	9a02      	ldr	r2, [sp, #8]
10001080:	eb02 02c3 	add.w	r2, r2, r3, lsl #3
10001084:	9202      	str	r2, [sp, #8]
10001086:	9a04      	ldr	r2, [sp, #16]
10001088:	eb02 1203 	add.w	r2, r2, r3, lsl #4
1000108c:	9204      	str	r2, [sp, #16]
1000108e:	9a03      	ldr	r2, [sp, #12]
10001090:	eb02 02c3 	add.w	r2, r2, r3, lsl #3
10001094:	9203      	str	r2, [sp, #12]
10001096:	9a07      	ldr	r2, [sp, #28]
10001098:	eb03 0343 	add.w	r3, r3, r3, lsl #1
1000109c:	eb02 03c3 	add.w	r3, r2, r3, lsl #3
100010a0:	9307      	str	r3, [sp, #28]
100010a2:	9e02      	ldr	r6, [sp, #8]
100010a4:	9c01      	ldr	r4, [sp, #4]
100010a6:	9a03      	ldr	r2, [sp, #12]
100010a8:	ed97 4a00 	vldr	s8, [r7]
100010ac:	edd6 6a00 	vldr	s13, [r6]
100010b0:	edd2 5a00 	vldr	s11, [r2]
100010b4:	ed94 7a00 	vldr	s14, [r4]
100010b8:	ed92 6a01 	vldr	s12, [r2, #4]
100010bc:	edd4 7a01 	vldr	s15, [r4, #4]
100010c0:	ee77 1a25 	vadd.f32	s3, s14, s11
100010c4:	ee76 3a84 	vadd.f32	s7, s13, s8
100010c8:	ee37 2a86 	vadd.f32	s4, s15, s12
100010cc:	ee73 3aa1 	vadd.f32	s7, s7, s3
100010d0:	ee77 7ac6 	vsub.f32	s15, s15, s12
100010d4:	edd6 2a01 	vldr	s5, [r6, #4]
100010d8:	ed97 3a01 	vldr	s6, [r7, #4]
100010dc:	ee37 7a65 	vsub.f32	s14, s14, s11
100010e0:	edc4 3a00 	vstr	s7, [r4]
100010e4:	ee71 5ae6 	vsub.f32	s11, s3, s13
100010e8:	ee37 5ae6 	vsub.f32	s10, s15, s13
100010ec:	ee77 7ac4 	vsub.f32	s15, s15, s8
100010f0:	ee75 5ac4 	vsub.f32	s11, s11, s8
100010f4:	ee77 7aa6 	vadd.f32	s15, s15, s13
100010f8:	ee35 5a04 	vadd.f32	s10, s10, s8
100010fc:	edd6 6a01 	vldr	s13, [r6, #4]
10001100:	ed97 4a01 	vldr	s8, [r7, #4]
10001104:	ee76 6a84 	vadd.f32	s13, s13, s8
10001108:	ee76 6a82 	vadd.f32	s13, s13, s4
1000110c:	ee77 4a43 	vsub.f32	s9, s14, s6
10001110:	edc4 6a01 	vstr	s13, [r4, #4]
10001114:	9c06      	ldr	r4, [sp, #24]
10001116:	ee74 4aa2 	vadd.f32	s9, s9, s5
1000111a:	edd4 6a01 	vldr	s13, [r4, #4]
1000111e:	edd4 3a00 	vldr	s7, [r4]
10001122:	ee25 4a26 	vmul.f32	s8, s10, s13
10001126:	ee66 6ae4 	vnmul.f32	s13, s13, s9
1000112a:	eee5 6a23 	vfma.f32	s13, s10, s7
1000112e:	eea4 4aa3 	vfma.f32	s8, s9, s7
10001132:	edc6 6a01 	vstr	s13, [r6, #4]
10001136:	ee32 6a62 	vsub.f32	s12, s4, s5
1000113a:	ed86 4a00 	vstr	s8, [r6]
1000113e:	9e04      	ldr	r6, [sp, #16]
10001140:	ee36 6a43 	vsub.f32	s12, s12, s6
10001144:	edd6 6a01 	vldr	s13, [r6, #4]
10001148:	edd6 4a00 	vldr	s9, [r6]
1000114c:	ee26 5a26 	vmul.f32	s10, s12, s13
10001150:	ee66 6ae5 	vnmul.f32	s13, s13, s11
10001154:	eee6 6a24 	vfma.f32	s13, s12, s9
10001158:	eea5 5aa4 	vfma.f32	s10, s11, s9
1000115c:	9c03      	ldr	r4, [sp, #12]
1000115e:	ee37 7a62 	vsub.f32	s14, s14, s5
10001162:	edc4 6a01 	vstr	s13, [r4, #4]
10001166:	ed84 5a00 	vstr	s10, [r4]
1000116a:	9c07      	ldr	r4, [sp, #28]
1000116c:	ee37 7a03 	vadd.f32	s14, s14, s6
10001170:	edd4 6a01 	vldr	s13, [r4, #4]
10001174:	edd4 5a00 	vldr	s11, [r4]
10001178:	ee27 6aa6 	vmul.f32	s12, s15, s13
1000117c:	ee66 6ac7 	vnmul.f32	s13, s13, s14
10001180:	eea7 6a25 	vfma.f32	s12, s14, s11
10001184:	eee7 6aa5 	vfma.f32	s13, s15, s11
10001188:	f8bd 902c 	ldrh.w	r9, [sp, #44]	@ 0x2c
1000118c:	f8dd 8020 	ldr.w	r8, [sp, #32]
10001190:	9805      	ldr	r0, [sp, #20]
10001192:	4642      	mov	r2, r8
10001194:	ed87 6a00 	vstr	s12, [r7]
10001198:	4649      	mov	r1, r9
1000119a:	edc7 6a01 	vstr	s13, [r7, #4]
1000119e:	2304      	movs	r3, #4
100011a0:	f7ff fa36 	bl	10000610 <arm_radix8_butterfly_f32>
100011a4:	4642      	mov	r2, r8
100011a6:	4649      	mov	r1, r9
100011a8:	9809      	ldr	r0, [sp, #36]	@ 0x24
100011aa:	2304      	movs	r3, #4
100011ac:	f7ff fa30 	bl	10000610 <arm_radix8_butterfly_f32>
100011b0:	4642      	mov	r2, r8
100011b2:	4649      	mov	r1, r9
100011b4:	980a      	ldr	r0, [sp, #40]	@ 0x28
100011b6:	2304      	movs	r3, #4
100011b8:	f7ff fa2a 	bl	10000610 <arm_radix8_butterfly_f32>
100011bc:	2304      	movs	r3, #4
100011be:	4642      	mov	r2, r8
100011c0:	4649      	mov	r1, r9
100011c2:	4628      	mov	r0, r5
100011c4:	b00f      	add	sp, #60	@ 0x3c
100011c6:	ecbd 8b06 	vpop	{d8-d10}
100011ca:	e8bd 4ff0 	ldmia.w	sp!, {r4, r5, r6, r7, r8, r9, sl, fp, lr}
100011ce:	f7ff ba1f 	b.w	10000610 <arm_radix8_butterfly_f32>
100011d2:	bf00      	nop

100011d4 <arm_rfft_fast_f32>:
100011d4:	e92d 4ff0 	stmdb	sp!, {r4, r5, r6, r7, r8, r9, sl, fp, lr}
100011d8:	8807      	ldrh	r7, [r0, #0]
100011da:	4615      	mov	r5, r2
100011dc:	f107 38ff 	add.w	r8, r7, #4294967295
100011e0:	b083      	sub	sp, #12
100011e2:	eb01 02c8 	add.w	r2, r1, r8, lsl #3
100011e6:	4681      	mov	r9, r0
100011e8:	460c      	mov	r4, r1
100011ea:	9201      	str	r2, [sp, #4]
100011ec:	2b00      	cmp	r3, #0
100011ee:	f000 80b3 	beq.w	10001358 <arm_rfft_fast_f32+0x184>
100011f2:	edd1 7a00 	vldr	s15, [r1]
100011f6:	edd1 6a01 	vldr	s13, [r1, #4]
100011fa:	eeb6 4a00 	vmov.f32	s8, #96	@ 0x3f000000  0.5
100011fe:	ee37 7aa6 	vadd.f32	s14, s15, s13
10001202:	ee77 7ae6 	vsub.f32	s15, s15, s13
10001206:	ee27 7a04 	vmul.f32	s14, s14, s8
1000120a:	ee67 7a84 	vmul.f32	s15, s15, s8
1000120e:	f1b8 0f00 	cmp.w	r8, #0
10001212:	6942      	ldr	r2, [r0, #20]
10001214:	ed85 7a00 	vstr	s14, [r5]
10001218:	edc5 7a01 	vstr	s15, [r5, #4]
1000121c:	f340 80cb 	ble.w	100013b6 <arm_rfft_fast_f32+0x1e2>
10001220:	9801      	ldr	r0, [sp, #4]
10001222:	3210      	adds	r2, #16
10001224:	3410      	adds	r4, #16
10001226:	f105 0110 	add.w	r1, r5, #16
1000122a:	f1a0 0308 	sub.w	r3, r0, #8
1000122e:	eba0 06c7 	sub.w	r6, r0, r7, lsl #3
10001232:	edd3 6a03 	vldr	s13, [r3, #12]
10001236:	edd3 7a02 	vldr	s15, [r3, #8]
1000123a:	ed14 7a02 	vldr	s14, [r4, #-8]
1000123e:	ed54 4a01 	vldr	s9, [r4, #-4]
10001242:	ed12 6a02 	vldr	s12, [r2, #-8]
10001246:	ed52 5a01 	vldr	s11, [r2, #-4]
1000124a:	ee37 5a67 	vsub.f32	s10, s14, s15
1000124e:	ee77 7a87 	vadd.f32	s15, s15, s14
10001252:	ee34 7ae6 	vsub.f32	s14, s9, s13
10001256:	eee6 7a45 	vfms.f32	s15, s12, s10
1000125a:	ee76 6aa4 	vadd.f32	s13, s13, s9
1000125e:	eea5 7a85 	vfma.f32	s14, s11, s10
10001262:	eee5 7ae6 	vfms.f32	s15, s11, s13
10001266:	eea6 7a66 	vfms.f32	s14, s12, s13
1000126a:	ee67 7a84 	vmul.f32	s15, s15, s8
1000126e:	ee27 7a04 	vmul.f32	s14, s14, s8
10001272:	3b08      	subs	r3, #8
10001274:	429e      	cmp	r6, r3
10001276:	f101 0108 	add.w	r1, r1, #8
1000127a:	f102 0208 	add.w	r2, r2, #8
1000127e:	f104 0408 	add.w	r4, r4, #8
10001282:	ed41 7a04 	vstr	s15, [r1, #-16]
10001286:	ed01 7a03 	vstr	s14, [r1, #-12]
1000128a:	d1d2      	bne.n	10001232 <arm_rfft_fast_f32+0x5e>
1000128c:	46ba      	mov	sl, r7
1000128e:	2200      	movs	r2, #0
10001290:	f105 030c 	add.w	r3, r5, #12
10001294:	ed53 7a02 	vldr	s15, [r3, #-8]
10001298:	eef1 7a67 	vneg.f32	s15, s15
1000129c:	3201      	adds	r2, #1
1000129e:	4552      	cmp	r2, sl
100012a0:	f103 0308 	add.w	r3, r3, #8
100012a4:	ed43 7a04 	vstr	s15, [r3, #-16]
100012a8:	d1f4      	bne.n	10001294 <arm_rfft_fast_f32+0xc0>
100012aa:	f5b7 7f80 	cmp.w	r7, #256	@ 0x100
100012ae:	d009      	beq.n	100012c4 <arm_rfft_fast_f32+0xf0>
100012b0:	d872      	bhi.n	10001398 <arm_rfft_fast_f32+0x1c4>
100012b2:	2f40      	cmp	r7, #64	@ 0x40
100012b4:	f000 808d 	beq.w	100013d2 <arm_rfft_fast_f32+0x1fe>
100012b8:	f200 811b 	bhi.w	100014f2 <arm_rfft_fast_f32+0x31e>
100012bc:	2f10      	cmp	r7, #16
100012be:	d075      	beq.n	100013ac <arm_rfft_fast_f32+0x1d8>
100012c0:	2f20      	cmp	r7, #32
100012c2:	d103      	bne.n	100012cc <arm_rfft_fast_f32+0xf8>
100012c4:	4629      	mov	r1, r5
100012c6:	4648      	mov	r0, r9
100012c8:	f7ff fd38 	bl	10000d3c <arm_cfft_radix8by4_f32>
100012cc:	f8b9 600c 	ldrh.w	r6, [r9, #12]
100012d0:	f8d9 c008 	ldr.w	ip, [r9, #8]
100012d4:	2e00      	cmp	r6, #0
100012d6:	f000 8110 	beq.w	100014fa <arm_rfft_fast_f32+0x326>
100012da:	2100      	movs	r1, #0
100012dc:	f10c 0e02 	add.w	lr, ip, #2
100012e0:	f83c 2011 	ldrh.w	r2, [ip, r1, lsl #1]
100012e4:	f83e 3011 	ldrh.w	r3, [lr, r1, lsl #1]
100012e8:	0892      	lsrs	r2, r2, #2
100012ea:	089b      	lsrs	r3, r3, #2
100012ec:	f855 0023 	ldr.w	r0, [r5, r3, lsl #2]
100012f0:	f855 9022 	ldr.w	r9, [r5, r2, lsl #2]
100012f4:	ea4f 0882 	mov.w	r8, r2, lsl #2
100012f8:	f845 0022 	str.w	r0, [r5, r2, lsl #2]
100012fc:	f845 9023 	str.w	r9, [r5, r3, lsl #2]
10001300:	009b      	lsls	r3, r3, #2
10001302:	f108 0004 	add.w	r0, r8, #4
10001306:	3304      	adds	r3, #4
10001308:	582a      	ldr	r2, [r5, r0]
1000130a:	58ec      	ldr	r4, [r5, r3]
1000130c:	3102      	adds	r1, #2
1000130e:	42b1      	cmp	r1, r6
10001310:	502c      	str	r4, [r5, r0]
10001312:	50ea      	str	r2, [r5, r3]
10001314:	d3e4      	bcc.n	100012e0 <arm_rfft_fast_f32+0x10c>
10001316:	ee07 7a90 	vmov	s15, r7
1000131a:	eeb7 7a00 	vmov.f32	s14, #112	@ 0x3f800000  1.0
1000131e:	eef8 7a67 	vcvt.f32.u32	s15, s15
10001322:	eec7 6a27 	vdiv.f32	s13, s14, s15
10001326:	f1ba 0f00 	cmp.w	sl, #0
1000132a:	d012      	beq.n	10001352 <arm_rfft_fast_f32+0x17e>
1000132c:	2300      	movs	r3, #0
1000132e:	3508      	adds	r5, #8
10001330:	ed15 7a02 	vldr	s14, [r5, #-8]
10001334:	ed55 7a01 	vldr	s15, [r5, #-4]
10001338:	ee27 7a26 	vmul.f32	s14, s14, s13
1000133c:	ee67 7ae6 	vnmul.f32	s15, s15, s13
10001340:	3301      	adds	r3, #1
10001342:	4553      	cmp	r3, sl
10001344:	f105 0508 	add.w	r5, r5, #8
10001348:	ed05 7a04 	vstr	s14, [r5, #-16]
1000134c:	ed45 7a03 	vstr	s15, [r5, #-12]
10001350:	d1ee      	bne.n	10001330 <arm_rfft_fast_f32+0x15c>
10001352:	b003      	add	sp, #12
10001354:	e8bd 8ff0 	ldmia.w	sp!, {r4, r5, r6, r7, r8, r9, sl, fp, pc}
10001358:	f5b7 7f80 	cmp.w	r7, #256	@ 0x100
1000135c:	d008      	beq.n	10001370 <arm_rfft_fast_f32+0x19c>
1000135e:	d80c      	bhi.n	1000137a <arm_rfft_fast_f32+0x1a6>
10001360:	2f40      	cmp	r7, #64	@ 0x40
10001362:	d041      	beq.n	100013e8 <arm_rfft_fast_f32+0x214>
10001364:	f200 80c1 	bhi.w	100014ea <arm_rfft_fast_f32+0x316>
10001368:	2f10      	cmp	r7, #16
1000136a:	d010      	beq.n	1000138e <arm_rfft_fast_f32+0x1ba>
1000136c:	2f20      	cmp	r7, #32
1000136e:	d142      	bne.n	100013f6 <arm_rfft_fast_f32+0x222>
10001370:	4621      	mov	r1, r4
10001372:	4648      	mov	r0, r9
10001374:	f7ff fce2 	bl	10000d3c <arm_cfft_radix8by4_f32>
10001378:	e03d      	b.n	100013f6 <arm_rfft_fast_f32+0x222>
1000137a:	f5b7 6f00 	cmp.w	r7, #2048	@ 0x800
1000137e:	d0f7      	beq.n	10001370 <arm_rfft_fast_f32+0x19c>
10001380:	d82f      	bhi.n	100013e2 <arm_rfft_fast_f32+0x20e>
10001382:	f5b7 7f00 	cmp.w	r7, #512	@ 0x200
10001386:	d02f      	beq.n	100013e8 <arm_rfft_fast_f32+0x214>
10001388:	f5b7 6f80 	cmp.w	r7, #1024	@ 0x400
1000138c:	d133      	bne.n	100013f6 <arm_rfft_fast_f32+0x222>
1000138e:	4621      	mov	r1, r4
10001390:	4648      	mov	r0, r9
10001392:	f7ff fc11 	bl	10000bb8 <arm_cfft_radix8by2_f32>
10001396:	e02e      	b.n	100013f6 <arm_rfft_fast_f32+0x222>
10001398:	f5b7 6f00 	cmp.w	r7, #2048	@ 0x800
1000139c:	d092      	beq.n	100012c4 <arm_rfft_fast_f32+0xf0>
1000139e:	d814      	bhi.n	100013ca <arm_rfft_fast_f32+0x1f6>
100013a0:	f5b7 7f00 	cmp.w	r7, #512	@ 0x200
100013a4:	d015      	beq.n	100013d2 <arm_rfft_fast_f32+0x1fe>
100013a6:	f5b7 6f80 	cmp.w	r7, #1024	@ 0x400
100013aa:	d18f      	bne.n	100012cc <arm_rfft_fast_f32+0xf8>
100013ac:	4629      	mov	r1, r5
100013ae:	4648      	mov	r0, r9
100013b0:	f7ff fc02 	bl	10000bb8 <arm_cfft_radix8by2_f32>
100013b4:	e78a      	b.n	100012cc <arm_rfft_fast_f32+0xf8>
100013b6:	2f00      	cmp	r7, #0
100013b8:	f040 80a8 	bne.w	1000150c <arm_rfft_fast_f32+0x338>
100013bc:	8986      	ldrh	r6, [r0, #12]
100013be:	46ba      	mov	sl, r7
100013c0:	f8d0 c008 	ldr.w	ip, [r0, #8]
100013c4:	2e00      	cmp	r6, #0
100013c6:	d188      	bne.n	100012da <arm_rfft_fast_f32+0x106>
100013c8:	e7c3      	b.n	10001352 <arm_rfft_fast_f32+0x17e>
100013ca:	f5b7 5f80 	cmp.w	r7, #4096	@ 0x1000
100013ce:	f47f af7d 	bne.w	100012cc <arm_rfft_fast_f32+0xf8>
100013d2:	2301      	movs	r3, #1
100013d4:	4639      	mov	r1, r7
100013d6:	4628      	mov	r0, r5
100013d8:	f8d9 2004 	ldr.w	r2, [r9, #4]
100013dc:	f7ff f918 	bl	10000610 <arm_radix8_butterfly_f32>
100013e0:	e774      	b.n	100012cc <arm_rfft_fast_f32+0xf8>
100013e2:	f5b7 5f80 	cmp.w	r7, #4096	@ 0x1000
100013e6:	d106      	bne.n	100013f6 <arm_rfft_fast_f32+0x222>
100013e8:	4639      	mov	r1, r7
100013ea:	2301      	movs	r3, #1
100013ec:	4620      	mov	r0, r4
100013ee:	f8d9 2004 	ldr.w	r2, [r9, #4]
100013f2:	f7ff f90d 	bl	10000610 <arm_radix8_butterfly_f32>
100013f6:	f8b9 700c 	ldrh.w	r7, [r9, #12]
100013fa:	f8d9 0008 	ldr.w	r0, [r9, #8]
100013fe:	b1ff      	cbz	r7, 10001440 <arm_rfft_fast_f32+0x26c>
10001400:	2200      	movs	r2, #0
10001402:	f100 0e02 	add.w	lr, r0, #2
10001406:	f830 a012 	ldrh.w	sl, [r0, r2, lsl #1]
1000140a:	f83e 3012 	ldrh.w	r3, [lr, r2, lsl #1]
1000140e:	ea4f 0a9a 	mov.w	sl, sl, lsr #2
10001412:	089b      	lsrs	r3, r3, #2
10001414:	f854 6023 	ldr.w	r6, [r4, r3, lsl #2]
10001418:	f854 b02a 	ldr.w	fp, [r4, sl, lsl #2]
1000141c:	ea4f 018a 	mov.w	r1, sl, lsl #2
10001420:	f844 602a 	str.w	r6, [r4, sl, lsl #2]
10001424:	f844 b023 	str.w	fp, [r4, r3, lsl #2]
10001428:	009b      	lsls	r3, r3, #2
1000142a:	3104      	adds	r1, #4
1000142c:	3304      	adds	r3, #4
1000142e:	f854 a001 	ldr.w	sl, [r4, r1]
10001432:	58e6      	ldr	r6, [r4, r3]
10001434:	3202      	adds	r2, #2
10001436:	4297      	cmp	r7, r2
10001438:	5066      	str	r6, [r4, r1]
1000143a:	f844 a003 	str.w	sl, [r4, r3]
1000143e:	d8e2      	bhi.n	10001406 <arm_rfft_fast_f32+0x232>
10001440:	edd4 7a01 	vldr	s15, [r4, #4]
10001444:	ee77 7aa7 	vadd.f32	s15, s15, s15
10001448:	ed94 6a00 	vldr	s12, [r4]
1000144c:	eef0 6a00 	vmov.f32	s13, #0	@ 0x40000000  2.0
10001450:	eeb0 7a67 	vmov.f32	s14, s15
10001454:	eeb6 4a00 	vmov.f32	s8, #96	@ 0x3f000000  0.5
10001458:	eea6 7a26 	vfma.f32	s14, s12, s13
1000145c:	eed6 7a26 	vfnms.f32	s15, s12, s13
10001460:	ee27 7a04 	vmul.f32	s14, s14, s8
10001464:	ee67 7a84 	vmul.f32	s15, s15, s8
10001468:	f8d9 3014 	ldr.w	r3, [r9, #20]
1000146c:	ed85 7a00 	vstr	s14, [r5]
10001470:	edc5 7a01 	vstr	s15, [r5, #4]
10001474:	9a01      	ldr	r2, [sp, #4]
10001476:	3410      	adds	r4, #16
10001478:	f1a2 0608 	sub.w	r6, r2, #8
1000147c:	3310      	adds	r3, #16
1000147e:	f105 0210 	add.w	r2, r5, #16
10001482:	ed14 7a02 	vldr	s14, [r4, #-8]
10001486:	edd6 6a03 	vldr	s13, [r6, #12]
1000148a:	edd6 7a02 	vldr	s15, [r6, #8]
1000148e:	ed54 4a01 	vldr	s9, [r4, #-4]
10001492:	ed13 6a02 	vldr	s12, [r3, #-8]
10001496:	ed53 5a01 	vldr	s11, [r3, #-4]
1000149a:	ee37 5ac7 	vsub.f32	s10, s15, s14
1000149e:	ee77 7a87 	vadd.f32	s15, s15, s14
100014a2:	ee34 7ae6 	vsub.f32	s14, s9, s13
100014a6:	eee6 7a05 	vfma.f32	s15, s12, s10
100014aa:	ee76 6aa4 	vadd.f32	s13, s13, s9
100014ae:	eea5 7a85 	vfma.f32	s14, s11, s10
100014b2:	eee5 7aa6 	vfma.f32	s15, s11, s13
100014b6:	eea6 7a66 	vfms.f32	s14, s12, s13
100014ba:	ee67 7a84 	vmul.f32	s15, s15, s8
100014be:	ee27 7a04 	vmul.f32	s14, s14, s8
100014c2:	f108 38ff 	add.w	r8, r8, #4294967295
100014c6:	f1b8 0f00 	cmp.w	r8, #0
100014ca:	f102 0208 	add.w	r2, r2, #8
100014ce:	f103 0308 	add.w	r3, r3, #8
100014d2:	f104 0408 	add.w	r4, r4, #8
100014d6:	f1a6 0608 	sub.w	r6, r6, #8
100014da:	ed42 7a04 	vstr	s15, [r2, #-16]
100014de:	ed02 7a03 	vstr	s14, [r2, #-12]
100014e2:	dcce      	bgt.n	10001482 <arm_rfft_fast_f32+0x2ae>
100014e4:	b003      	add	sp, #12
100014e6:	e8bd 8ff0 	ldmia.w	sp!, {r4, r5, r6, r7, r8, r9, sl, fp, pc}
100014ea:	2f80      	cmp	r7, #128	@ 0x80
100014ec:	f43f af4f 	beq.w	1000138e <arm_rfft_fast_f32+0x1ba>
100014f0:	e781      	b.n	100013f6 <arm_rfft_fast_f32+0x222>
100014f2:	2f80      	cmp	r7, #128	@ 0x80
100014f4:	f43f af5a 	beq.w	100013ac <arm_rfft_fast_f32+0x1d8>
100014f8:	e6e8      	b.n	100012cc <arm_rfft_fast_f32+0xf8>
100014fa:	ee07 7a90 	vmov	s15, r7
100014fe:	eeb7 7a00 	vmov.f32	s14, #112	@ 0x3f800000  1.0
10001502:	eef8 7a67 	vcvt.f32.u32	s15, s15
10001506:	eec7 6a27 	vdiv.f32	s13, s14, s15
1000150a:	e70f      	b.n	1000132c <arm_rfft_fast_f32+0x158>
1000150c:	f04f 0a01 	mov.w	sl, #1
10001510:	e6bd      	b.n	1000128e <arm_rfft_fast_f32+0xba>
10001512:	bf00      	nop

10001514 <gpio_set_function>:
10001514:	b410      	push	{r4}
10001516:	f44f 7480 	mov.w	r4, #256	@ 0x100
1000151a:	4b0c      	ldr	r3, [pc, #48]	@ (1000154c <gpio_set_function+0x38>)
1000151c:	f853 2020 	ldr.w	r2, [r3, r0, lsl #2]
10001520:	eb03 0380 	add.w	r3, r3, r0, lsl #2
10001524:	00c0      	lsls	r0, r0, #3
10001526:	f082 0240 	eor.w	r2, r2, #64	@ 0x40
1000152a:	f100 4080 	add.w	r0, r0, #1073741824	@ 0x40000000
1000152e:	f503 5c80 	add.w	ip, r3, #4096	@ 0x1000
10001532:	f002 02c0 	and.w	r2, r2, #192	@ 0xc0
10001536:	f500 3020 	add.w	r0, r0, #163840	@ 0x28000
1000153a:	f503 5340 	add.w	r3, r3, #12288	@ 0x3000
1000153e:	f8cc 2000 	str.w	r2, [ip]
10001542:	6041      	str	r1, [r0, #4]
10001544:	601c      	str	r4, [r3, #0]
10001546:	f85d 4b04 	ldr.w	r4, [sp], #4
1000154a:	4770      	bx	lr
1000154c:	40038004 	.word	0x40038004

10001550 <gpio_init>:
10001550:	b430      	push	{r4, r5}
10001552:	f04f 0300 	mov.w	r3, #0
10001556:	ec43 0044 	gpioc_bit_oe_put r0, r3
1000155a:	ec43 0040 	gpioc_bit_out_put r0, r3
1000155e:	2505      	movs	r5, #5
10001560:	f44f 7480 	mov.w	r4, #256	@ 0x100
10001564:	4b0b      	ldr	r3, [pc, #44]	@ (10001594 <gpio_init+0x44>)
10001566:	00c2      	lsls	r2, r0, #3
10001568:	f853 1020 	ldr.w	r1, [r3, r0, lsl #2]
1000156c:	eb03 0080 	add.w	r0, r3, r0, lsl #2
10001570:	f081 0140 	eor.w	r1, r1, #64	@ 0x40
10001574:	f102 4380 	add.w	r3, r2, #1073741824	@ 0x40000000
10001578:	f503 3320 	add.w	r3, r3, #163840	@ 0x28000
1000157c:	f001 02c0 	and.w	r2, r1, #192	@ 0xc0
10001580:	f500 5180 	add.w	r1, r0, #4096	@ 0x1000
10001584:	f500 5040 	add.w	r0, r0, #12288	@ 0x3000
10001588:	600a      	str	r2, [r1, #0]
1000158a:	605d      	str	r5, [r3, #4]
1000158c:	6004      	str	r4, [r0, #0]
1000158e:	bc30      	pop	{r4, r5}
10001590:	4770      	bx	lr
10001592:	bf00      	nop
10001594:	40038004 	.word	0x40038004

10001598 <spinlock_set_extexclall>:
10001598:	f04f 22e0 	mov.w	r2, #3758153728	@ 0xe000e000
1000159c:	6893      	ldr	r3, [r2, #8]
1000159e:	f043 5300 	orr.w	r3, r3, #536870912	@ 0x20000000
100015a2:	6093      	str	r3, [r2, #8]
100015a4:	4770      	bx	lr
100015a6:	bf00      	nop

100015a8 <runtime_init_per_core_irq_priorities>:
100015a8:	f04f 23e0 	mov.w	r3, #3758153728	@ 0xe000e000
100015ac:	f04f 3280 	mov.w	r2, #2155905152	@ 0x80808080
100015b0:	f8c3 2400 	str.w	r2, [r3, #1024]	@ 0x400
100015b4:	f8c3 2404 	str.w	r2, [r3, #1028]	@ 0x404
100015b8:	f8c3 2408 	str.w	r2, [r3, #1032]	@ 0x408
100015bc:	f8c3 240c 	str.w	r2, [r3, #1036]	@ 0x40c
100015c0:	f8c3 2410 	str.w	r2, [r3, #1040]	@ 0x410
100015c4:	f8c3 2414 	str.w	r2, [r3, #1044]	@ 0x414
100015c8:	f8c3 2418 	str.w	r2, [r3, #1048]	@ 0x418
100015cc:	f8c3 241c 	str.w	r2, [r3, #1052]	@ 0x41c
100015d0:	f8c3 2420 	str.w	r2, [r3, #1056]	@ 0x420
100015d4:	f8c3 2424 	str.w	r2, [r3, #1060]	@ 0x424
100015d8:	f8c3 2428 	str.w	r2, [r3, #1064]	@ 0x428
100015dc:	f8c3 242c 	str.w	r2, [r3, #1068]	@ 0x42c
100015e0:	f8c3 2430 	str.w	r2, [r3, #1072]	@ 0x430
100015e4:	b662      	cpsie	i
100015e6:	4770      	bx	lr

100015e8 <runtime_init_mutex>:
100015e8:	b4f0      	push	{r4, r5, r6, r7}
100015ea:	4a14      	ldr	r2, [pc, #80]	@ (1000163c <runtime_init_mutex+0x54>)
100015ec:	4e14      	ldr	r6, [pc, #80]	@ (10001640 <runtime_init_mutex+0x58>)
100015ee:	42b2      	cmp	r2, r6
100015f0:	d221      	bcs.n	10001636 <runtime_init_mutex+0x4e>
100015f2:	f04f 0cff 	mov.w	ip, #255	@ 0xff
100015f6:	4813      	ldr	r0, [pc, #76]	@ (10001644 <runtime_init_mutex+0x5c>)
100015f8:	4d13      	ldr	r5, [pc, #76]	@ (10001648 <runtime_init_mutex+0x60>)
100015fa:	e008      	b.n	1000160e <runtime_init_mutex+0x26>
100015fc:	6014      	str	r4, [r2, #0]
100015fe:	f8a2 c004 	strh.w	ip, [r2, #4]
10001602:	7003      	strb	r3, [r0, #0]
10001604:	f3bf 8f5f 	dmb	sy
10001608:	3208      	adds	r2, #8
1000160a:	42b2      	cmp	r2, r6
1000160c:	d213      	bcs.n	10001636 <runtime_init_mutex+0x4e>
1000160e:	7801      	ldrb	r1, [r0, #0]
10001610:	6817      	ldr	r7, [r2, #0]
10001612:	1c4b      	adds	r3, r1, #1
10001614:	b2db      	uxtb	r3, r3
10001616:	2b18      	cmp	r3, #24
10001618:	bf28      	it	cs
1000161a:	2310      	movcs	r3, #16
1000161c:	186c      	adds	r4, r5, r1
1000161e:	2f00      	cmp	r7, #0
10001620:	d1ec      	bne.n	100015fc <runtime_init_mutex+0x14>
10001622:	4429      	add	r1, r5
10001624:	6011      	str	r1, [r2, #0]
10001626:	f882 c004 	strb.w	ip, [r2, #4]
1000162a:	7003      	strb	r3, [r0, #0]
1000162c:	f3bf 8f5f 	dmb	sy
10001630:	3208      	adds	r2, #8
10001632:	42b2      	cmp	r2, r6
10001634:	d3eb      	bcc.n	1000160e <runtime_init_mutex+0x26>
10001636:	bcf0      	pop	{r4, r5, r6, r7}
10001638:	4770      	bx	lr
1000163a:	bf00      	nop
1000163c:	200016e8 	.word	0x200016e8
10001640:	200016f8 	.word	0x200016f8
10001644:	20001110 	.word	0x20001110
10001648:	20001784 	.word	0x20001784

1000164c <alarm_pool_irq_handler>:
1000164c:	e92d 4ff0 	stmdb	sp!, {r4, r5, r6, r7, r8, r9, sl, fp, lr}
10001650:	b085      	sub	sp, #20
10001652:	f3ef 8305 	mrs	r3, IPSR
10001656:	b2db      	uxtb	r3, r3
10001658:	3b10      	subs	r3, #16
1000165a:	089a      	lsrs	r2, r3, #2
1000165c:	bf18      	it	ne
1000165e:	2201      	movne	r2, #1
10001660:	f04f 0101 	mov.w	r1, #1
10001664:	f003 0003 	and.w	r0, r3, #3
10001668:	4ba9      	ldr	r3, [pc, #676]	@ (10001910 <alarm_pool_irq_handler+0x2c4>)
1000166a:	eb00 0282 	add.w	r2, r0, r2, lsl #2
1000166e:	eb03 0382 	add.w	r3, r3, r2, lsl #2
10001672:	f8d3 70ac 	ldr.w	r7, [r3, #172]	@ 0xac
10001676:	bf14      	ite	ne
10001678:	4da6      	ldrne	r5, [pc, #664]	@ (10001914 <alarm_pool_irq_handler+0x2c8>)
1000167a:	4da7      	ldreq	r5, [pc, #668]	@ (10001918 <alarm_pool_irq_handler+0x2cc>)
1000167c:	f9b7 4008 	ldrsh.w	r4, [r7, #8]
10001680:	fa01 f600 	lsl.w	r6, r1, r0
10001684:	f505 5341 	add.w	r3, r5, #12352	@ 0x3040
10001688:	2c00      	cmp	r4, #0
1000168a:	605e      	str	r6, [r3, #4]
1000168c:	9002      	str	r0, [sp, #8]
1000168e:	63ee      	str	r6, [r5, #60]	@ 0x3c
10001690:	f280 8160 	bge.w	10001954 <alarm_pool_irq_handler+0x308>
10001694:	88bb      	ldrh	r3, [r7, #4]
10001696:	0418      	lsls	r0, r3, #16
10001698:	f140 8099 	bpl.w	100017ce <alarm_pool_irq_handler+0x182>
1000169c:	79bb      	ldrb	r3, [r7, #6]
1000169e:	2b00      	cmp	r3, #0
100016a0:	f040 80e5 	bne.w	1000186e <alarm_pool_irq_handler+0x222>
100016a4:	f9b7 4008 	ldrsh.w	r4, [r7, #8]
100016a8:	2c00      	cmp	r4, #0
100016aa:	f2c0 812c 	blt.w	10001906 <alarm_pool_irq_handler+0x2ba>
100016ae:	f8d7 8014 	ldr.w	r8, [r7, #20]
100016b2:	eb04 0344 	add.w	r3, r4, r4, lsl #1
100016b6:	eb08 03c3 	add.w	r3, r8, r3, lsl #3
100016ba:	e9d3 0e02 	ldrd	r0, lr, [r3, #8]
100016be:	f1be 3fff 	cmp.w	lr, #4294967295
100016c2:	bf08      	it	eq
100016c4:	f1b0 3fff 	cmpeq.w	r0, #4294967295
100016c8:	ea4f 0c44 	mov.w	ip, r4, lsl #1
100016cc:	d00c      	beq.n	100016e8 <alarm_pool_irq_handler+0x9c>
100016ce:	9b02      	ldr	r3, [sp, #8]
100016d0:	eb05 0183 	add.w	r1, r5, r3, lsl #2
100016d4:	6aab      	ldr	r3, [r5, #40]	@ 0x28
100016d6:	690a      	ldr	r2, [r1, #16]
100016d8:	1ad2      	subs	r2, r2, r3
100016da:	1ac3      	subs	r3, r0, r3
100016dc:	4293      	cmp	r3, r2
100016de:	d302      	bcc.n	100016e6 <alarm_pool_irq_handler+0x9a>
100016e0:	6a2b      	ldr	r3, [r5, #32]
100016e2:	4233      	tst	r3, r6
100016e4:	d100      	bne.n	100016e8 <alarm_pool_irq_handler+0x9c>
100016e6:	6108      	str	r0, [r1, #16]
100016e8:	6a6b      	ldr	r3, [r5, #36]	@ 0x24
100016ea:	461a      	mov	r2, r3
100016ec:	6aa9      	ldr	r1, [r5, #40]	@ 0x28
100016ee:	6a6b      	ldr	r3, [r5, #36]	@ 0x24
100016f0:	4293      	cmp	r3, r2
100016f2:	d1fa      	bne.n	100016ea <alarm_pool_irq_handler+0x9e>
100016f4:	4281      	cmp	r1, r0
100016f6:	eb73 030e 	sbcs.w	r3, r3, lr
100016fa:	f2c0 8104 	blt.w	10001906 <alarm_pool_irq_handler+0x2ba>
100016fe:	63ee      	str	r6, [r5, #60]	@ 0x3c
10001700:	44a4      	add	ip, r4
10001702:	6a6b      	ldr	r3, [r5, #36]	@ 0x24
10001704:	eb08 09cc 	add.w	r9, r8, ip, lsl #3
10001708:	ea4f 02cc 	mov.w	r2, ip, lsl #3
1000170c:	e9d9 ba02 	ldrd	fp, sl, [r9, #8]
10001710:	4619      	mov	r1, r3
10001712:	6aa8      	ldr	r0, [r5, #40]	@ 0x28
10001714:	6a6b      	ldr	r3, [r5, #36]	@ 0x24
10001716:	428b      	cmp	r3, r1
10001718:	d1fa      	bne.n	10001710 <alarm_pool_irq_handler+0xc4>
1000171a:	4558      	cmp	r0, fp
1000171c:	eb73 030a 	sbcs.w	r3, r3, sl
10001720:	dbb8      	blt.n	10001694 <alarm_pool_irq_handler+0x48>
10001722:	f1ba 0f00 	cmp.w	sl, #0
10001726:	f2c0 80cf 	blt.w	100018c8 <alarm_pool_irq_handler+0x27c>
1000172a:	f8d9 3010 	ldr.w	r3, [r9, #16]
1000172e:	487b      	ldr	r0, [pc, #492]	@ (1000191c <alarm_pool_irq_handler+0x2d0>)
10001730:	f8d9 1014 	ldr.w	r1, [r9, #20]
10001734:	4283      	cmp	r3, r0
10001736:	f000 8101 	beq.w	1000193c <alarm_pool_irq_handler+0x2f0>
1000173a:	f8b9 0002 	ldrh.w	r0, [r9, #2]
1000173e:	9201      	str	r2, [sp, #4]
10001740:	b280      	uxth	r0, r0
10001742:	ea40 4004 	orr.w	r0, r0, r4, lsl #16
10001746:	4798      	blx	r3
10001748:	9a01      	ldr	r2, [sp, #4]
1000174a:	ea50 0301 	orrs.w	r3, r0, r1
1000174e:	f000 80bb 	beq.w	100018c8 <alarm_pool_irq_handler+0x27c>
10001752:	2900      	cmp	r1, #0
10001754:	f280 80e4 	bge.w	10001920 <alarm_pool_irq_handler+0x2d4>
10001758:	ebbb 0b00 	subs.w	fp, fp, r0
1000175c:	eb6a 0101 	sbc.w	r1, sl, r1
10001760:	f938 3002 	ldrsh.w	r3, [r8, r2]
10001764:	e9c9 b102 	strd	fp, r1, [r9, #8]
10001768:	2b00      	cmp	r3, #0
1000176a:	db93      	blt.n	10001694 <alarm_pool_irq_handler+0x48>
1000176c:	f8d7 c014 	ldr.w	ip, [r7, #20]
10001770:	eb03 0043 	add.w	r0, r3, r3, lsl #1
10001774:	eb0c 00c0 	add.w	r0, ip, r0, lsl #3
10001778:	e9d0 9e02 	ldrd	r9, lr, [r0, #8]
1000177c:	45cb      	cmp	fp, r9
1000177e:	ea4f 0043 	mov.w	r0, r3, lsl #1
10001782:	eb71 0a0e 	sbcs.w	sl, r1, lr
10001786:	9003      	str	r0, [sp, #12]
10001788:	db84      	blt.n	10001694 <alarm_pool_irq_handler+0x48>
1000178a:	4638      	mov	r0, r7
1000178c:	f820 3f08 	strh.w	r3, [r0, #8]!
10001790:	9001      	str	r0, [sp, #4]
10001792:	9803      	ldr	r0, [sp, #12]
10001794:	e00c      	b.n	100017b0 <alarm_pool_irq_handler+0x164>
10001796:	f93c 3030 	ldrsh.w	r3, [ip, r0, lsl #3]
1000179a:	f8cd a004 	str.w	sl, [sp, #4]
1000179e:	2b00      	cmp	r3, #0
100017a0:	db0d      	blt.n	100017be <alarm_pool_irq_handler+0x172>
100017a2:	eb03 0e43 	add.w	lr, r3, r3, lsl #1
100017a6:	eb0c 0ece 	add.w	lr, ip, lr, lsl #3
100017aa:	0058      	lsls	r0, r3, #1
100017ac:	e9de 9e02 	ldrd	r9, lr, [lr, #8]
100017b0:	45cb      	cmp	fp, r9
100017b2:	4418      	add	r0, r3
100017b4:	eb71 0e0e 	sbcs.w	lr, r1, lr
100017b8:	eb0c 0ac0 	add.w	sl, ip, r0, lsl #3
100017bc:	daeb      	bge.n	10001796 <alarm_pool_irq_handler+0x14a>
100017be:	f828 3002 	strh.w	r3, [r8, r2]
100017c2:	9b01      	ldr	r3, [sp, #4]
100017c4:	801c      	strh	r4, [r3, #0]
100017c6:	88bb      	ldrh	r3, [r7, #4]
100017c8:	0418      	lsls	r0, r3, #16
100017ca:	f53f af67 	bmi.w	1000169c <alarm_pool_irq_handler+0x50>
100017ce:	693b      	ldr	r3, [r7, #16]
100017d0:	f3ef 8210 	mrs	r2, PRIMASK
100017d4:	b672      	cpsid	i
100017d6:	e8d3 0fcf 	ldaexb	r0, [r3]
100017da:	2101      	movs	r1, #1
100017dc:	2800      	cmp	r0, #0
100017de:	d1fa      	bne.n	100017d6 <alarm_pool_irq_handler+0x18a>
100017e0:	e8c3 1f40 	strexb	r0, r1, [r3]
100017e4:	2800      	cmp	r0, #0
100017e6:	d1f6      	bne.n	100017d6 <alarm_pool_irq_handler+0x18a>
100017e8:	f3bf 8f5f 	dmb	sy
100017ec:	f64f 74ff 	movw	r4, #65535	@ 0xffff
100017f0:	88b8      	ldrh	r0, [r7, #4]
100017f2:	2300      	movs	r3, #0
100017f4:	6939      	ldr	r1, [r7, #16]
100017f6:	b200      	sxth	r0, r0
100017f8:	80bc      	strh	r4, [r7, #4]
100017fa:	e8c1 3f8f 	stlb	r3, [r1]
100017fe:	f382 8810 	msr	PRIMASK, r2
10001802:	4298      	cmp	r0, r3
10001804:	f6ff af4a 	blt.w	1000169c <alarm_pool_irq_handler+0x50>
10001808:	46b2      	mov	sl, r6
1000180a:	46a8      	mov	r8, r5
1000180c:	4606      	mov	r6, r0
1000180e:	697c      	ldr	r4, [r7, #20]
10001810:	f107 0908 	add.w	r9, r7, #8
10001814:	f9b7 3008 	ldrsh.w	r3, [r7, #8]
10001818:	eb06 0e46 	add.w	lr, r6, r6, lsl #1
1000181c:	eb04 02ce 	add.w	r2, r4, lr, lsl #3
10001820:	2b00      	cmp	r3, #0
10001822:	46cc      	mov	ip, r9
10001824:	e9d2 5002 	ldrd	r5, r0, [r2, #8]
10001828:	db13      	blt.n	10001852 <alarm_pool_irq_handler+0x206>
1000182a:	46bb      	mov	fp, r7
1000182c:	9601      	str	r6, [sp, #4]
1000182e:	e004      	b.n	1000183a <alarm_pool_irq_handler+0x1ee>
10001830:	f934 3037 	ldrsh.w	r3, [r4, r7, lsl #3]
10001834:	4694      	mov	ip, r2
10001836:	2b00      	cmp	r3, #0
10001838:	db09      	blt.n	1000184e <alarm_pool_irq_handler+0x202>
1000183a:	eb03 0743 	add.w	r7, r3, r3, lsl #1
1000183e:	eb04 02c7 	add.w	r2, r4, r7, lsl #3
10001842:	e9d2 6102 	ldrd	r6, r1, [r2, #8]
10001846:	42b5      	cmp	r5, r6
10001848:	eb70 0101 	sbcs.w	r1, r0, r1
1000184c:	daf0      	bge.n	10001830 <alarm_pool_irq_handler+0x1e4>
1000184e:	465f      	mov	r7, fp
10001850:	9e01      	ldr	r6, [sp, #4]
10001852:	f8ac 6000 	strh.w	r6, [ip]
10001856:	f934 603e 	ldrsh.w	r6, [r4, lr, lsl #3]
1000185a:	f824 303e 	strh.w	r3, [r4, lr, lsl #3]
1000185e:	2e00      	cmp	r6, #0
10001860:	dad8      	bge.n	10001814 <alarm_pool_irq_handler+0x1c8>
10001862:	79bb      	ldrb	r3, [r7, #6]
10001864:	4656      	mov	r6, sl
10001866:	4645      	mov	r5, r8
10001868:	2b00      	cmp	r3, #0
1000186a:	f43f af1b 	beq.w	100016a4 <alarm_pool_irq_handler+0x58>
1000186e:	2300      	movs	r3, #0
10001870:	71bb      	strb	r3, [r7, #6]
10001872:	f9b7 3008 	ldrsh.w	r3, [r7, #8]
10001876:	f107 0908 	add.w	r9, r7, #8
1000187a:	1c59      	adds	r1, r3, #1
1000187c:	d043      	beq.n	10001906 <alarm_pool_irq_handler+0x2ba>
1000187e:	461c      	mov	r4, r3
10001880:	f04f 3aff 	mov.w	sl, #4294967295
10001884:	f04f 3bff 	mov.w	fp, #4294967295
10001888:	f8d7 c014 	ldr.w	ip, [r7, #20]
1000188c:	e003      	b.n	10001896 <alarm_pool_irq_handler+0x24a>
1000188e:	4689      	mov	r9, r1
10001890:	1c5a      	adds	r2, r3, #1
10001892:	f43f af09 	beq.w	100016a8 <alarm_pool_irq_handler+0x5c>
10001896:	eb03 0243 	add.w	r2, r3, r3, lsl #1
1000189a:	eb0c 01c2 	add.w	r1, ip, r2, lsl #3
1000189e:	f8b1 e002 	ldrh.w	lr, [r1, #2]
100018a2:	4618      	mov	r0, r3
100018a4:	f41e 4f00 	tst.w	lr, #32768	@ 0x8000
100018a8:	4698      	mov	r8, r3
100018aa:	f93c 3032 	ldrsh.w	r3, [ip, r2, lsl #3]
100018ae:	d0ee      	beq.n	1000188e <alarm_pool_irq_handler+0x242>
100018b0:	42a0      	cmp	r0, r4
100018b2:	e9c1 ab02 	strd	sl, fp, [r1, #8]
100018b6:	d005      	beq.n	100018c4 <alarm_pool_irq_handler+0x278>
100018b8:	f8a9 3000 	strh.w	r3, [r9]
100018bc:	8939      	ldrh	r1, [r7, #8]
100018be:	f82c 1032 	strh.w	r1, [ip, r2, lsl #3]
100018c2:	8138      	strh	r0, [r7, #8]
100018c4:	4644      	mov	r4, r8
100018c6:	e7e3      	b.n	10001890 <alarm_pool_irq_handler+0x244>
100018c8:	f838 1002 	ldrh.w	r1, [r8, r2]
100018cc:	693b      	ldr	r3, [r7, #16]
100018ce:	8139      	strh	r1, [r7, #8]
100018d0:	f3ef 8110 	mrs	r1, PRIMASK
100018d4:	b672      	cpsid	i
100018d6:	e8d3 cfcf 	ldaexb	ip, [r3]
100018da:	2001      	movs	r0, #1
100018dc:	f1bc 0f00 	cmp.w	ip, #0
100018e0:	d1f9      	bne.n	100018d6 <alarm_pool_irq_handler+0x28a>
100018e2:	e8c3 0f4c 	strexb	ip, r0, [r3]
100018e6:	f1bc 0f00 	cmp.w	ip, #0
100018ea:	d1f4      	bne.n	100018d6 <alarm_pool_irq_handler+0x28a>
100018ec:	f3bf 8f5f 	dmb	sy
100018f0:	887b      	ldrh	r3, [r7, #2]
100018f2:	f828 3002 	strh.w	r3, [r8, r2]
100018f6:	2300      	movs	r3, #0
100018f8:	693a      	ldr	r2, [r7, #16]
100018fa:	807c      	strh	r4, [r7, #2]
100018fc:	e8c2 3f8f 	stlb	r3, [r2]
10001900:	f381 8810 	msr	PRIMASK, r1
10001904:	e6c6      	b.n	10001694 <alarm_pool_irq_handler+0x48>
10001906:	bf40      	sev
10001908:	b005      	add	sp, #20
1000190a:	e8bd 8ff0 	ldmia.w	sp!, {r4, r5, r6, r7, r8, r9, sl, fp, pc}
1000190e:	bf00      	nop
10001910:	200016f8 	.word	0x200016f8
10001914:	400b8000 	.word	0x400b8000
10001918:	400b0000 	.word	0x400b0000
1000191c:	1000164d 	.word	0x1000164d
10001920:	4696      	mov	lr, r2
10001922:	6a6b      	ldr	r3, [r5, #36]	@ 0x24
10001924:	469c      	mov	ip, r3
10001926:	6aaa      	ldr	r2, [r5, #40]	@ 0x28
10001928:	6a6b      	ldr	r3, [r5, #36]	@ 0x24
1000192a:	4563      	cmp	r3, ip
1000192c:	d1fa      	bne.n	10001924 <alarm_pool_irq_handler+0x2d8>
1000192e:	4693      	mov	fp, r2
10001930:	eb1b 0b00 	adds.w	fp, fp, r0
10001934:	4672      	mov	r2, lr
10001936:	eb43 0101 	adc.w	r1, r3, r1
1000193a:	e711      	b.n	10001760 <alarm_pool_irq_handler+0x114>
1000193c:	4608      	mov	r0, r1
1000193e:	690b      	ldr	r3, [r1, #16]
10001940:	9203      	str	r2, [sp, #12]
10001942:	9101      	str	r1, [sp, #4]
10001944:	4798      	blx	r3
10001946:	9a03      	ldr	r2, [sp, #12]
10001948:	2800      	cmp	r0, #0
1000194a:	d0bd      	beq.n	100018c8 <alarm_pool_irq_handler+0x27c>
1000194c:	9901      	ldr	r1, [sp, #4]
1000194e:	e9d1 0100 	ldrd	r0, r1, [r1]
10001952:	e6fa      	b.n	1000174a <alarm_pool_irq_handler+0xfe>
10001954:	f8d7 8014 	ldr.w	r8, [r7, #20]
10001958:	fa04 fc01 	lsl.w	ip, r4, r1
1000195c:	e6d0      	b.n	10001700 <alarm_pool_irq_handler+0xb4>
1000195e:	bf00      	nop

10001960 <alarm_pool_add_alarm_at_force_in_context>:
10001960:	4601      	mov	r1, r0
10001962:	b5f0      	push	{r4, r5, r6, r7, lr}
10001964:	6900      	ldr	r0, [r0, #16]
10001966:	f3ef 8710 	mrs	r7, PRIMASK
1000196a:	b672      	cpsid	i
1000196c:	e8d0 5fcf 	ldaexb	r5, [r0]
10001970:	2401      	movs	r4, #1
10001972:	2d00      	cmp	r5, #0
10001974:	d1fa      	bne.n	1000196c <alarm_pool_add_alarm_at_force_in_context+0xc>
10001976:	e8c0 4f45 	strexb	r5, r4, [r0]
1000197a:	2d00      	cmp	r5, #0
1000197c:	d1f6      	bne.n	1000196c <alarm_pool_add_alarm_at_force_in_context+0xc>
1000197e:	f3bf 8f5f 	dmb	sy
10001982:	f9b1 e002 	ldrsh.w	lr, [r1, #2]
10001986:	694c      	ldr	r4, [r1, #20]
10001988:	eb0e 0c4e 	add.w	ip, lr, lr, lsl #1
1000198c:	f1be 0f00 	cmp.w	lr, #0
10001990:	ea4f 05cc 	mov.w	r5, ip, lsl #3
10001994:	eb04 0ccc 	add.w	ip, r4, ip, lsl #3
10001998:	db3d      	blt.n	10001a16 <alarm_pool_add_alarm_at_force_in_context+0xb6>
1000199a:	5b60      	ldrh	r0, [r4, r5]
1000199c:	2600      	movs	r6, #0
1000199e:	8048      	strh	r0, [r1, #2]
100019a0:	6908      	ldr	r0, [r1, #16]
100019a2:	e8c0 6f8f 	stlb	r6, [r0]
100019a6:	f387 8810 	msr	PRIMASK, r7
100019aa:	f8bc 0002 	ldrh.w	r0, [ip, #2]
100019ae:	e9cc 2302 	strd	r2, r3, [ip, #8]
100019b2:	3001      	adds	r0, #1
100019b4:	f3c0 000e 	ubfx	r0, r0, #0, #15
100019b8:	2801      	cmp	r0, #1
100019ba:	bf38      	it	cc
100019bc:	2001      	movcc	r0, #1
100019be:	9b05      	ldr	r3, [sp, #20]
100019c0:	f8ac 0002 	strh.w	r0, [ip, #2]
100019c4:	f8cc 3010 	str.w	r3, [ip, #16]
100019c8:	9b06      	ldr	r3, [sp, #24]
100019ca:	ea40 400e 	orr.w	r0, r0, lr, lsl #16
100019ce:	f8cc 3014 	str.w	r3, [ip, #20]
100019d2:	690b      	ldr	r3, [r1, #16]
100019d4:	f3ef 8210 	mrs	r2, PRIMASK
100019d8:	b672      	cpsid	i
100019da:	e8d3 cfcf 	ldaexb	ip, [r3]
100019de:	2701      	movs	r7, #1
100019e0:	f1bc 0f00 	cmp.w	ip, #0
100019e4:	d1f9      	bne.n	100019da <alarm_pool_add_alarm_at_force_in_context+0x7a>
100019e6:	e8c3 7f4c 	strexb	ip, r7, [r3]
100019ea:	f1bc 0f00 	cmp.w	ip, #0
100019ee:	d1f4      	bne.n	100019da <alarm_pool_add_alarm_at_force_in_context+0x7a>
100019f0:	f3bf 8f5f 	dmb	sy
100019f4:	888b      	ldrh	r3, [r1, #4]
100019f6:	5363      	strh	r3, [r4, r5]
100019f8:	f8a1 e004 	strh.w	lr, [r1, #4]
100019fc:	690b      	ldr	r3, [r1, #16]
100019fe:	e8c3 6f8f 	stlb	r6, [r3]
10001a02:	f382 8810 	msr	PRIMASK, r2
10001a06:	2201      	movs	r2, #1
10001a08:	68cb      	ldr	r3, [r1, #12]
10001a0a:	7809      	ldrb	r1, [r1, #0]
10001a0c:	f503 5301 	add.w	r3, r3, #8256	@ 0x2040
10001a10:	408a      	lsls	r2, r1
10001a12:	605a      	str	r2, [r3, #4]
10001a14:	bdf0      	pop	{r4, r5, r6, r7, pc}
10001a16:	2300      	movs	r3, #0
10001a18:	690a      	ldr	r2, [r1, #16]
10001a1a:	e8c2 3f8f 	stlb	r3, [r2]
10001a1e:	f387 8810 	msr	PRIMASK, r7
10001a22:	f04f 30ff 	mov.w	r0, #4294967295
10001a26:	bdf0      	pop	{r4, r5, r6, r7, pc}

10001a28 <sleep_until_callback>:
10001a28:	4b0e      	ldr	r3, [pc, #56]	@ (10001a64 <sleep_until_callback+0x3c>)
10001a2a:	f8d3 20cc 	ldr.w	r2, [r3, #204]	@ 0xcc
10001a2e:	f3ef 8110 	mrs	r1, PRIMASK
10001a32:	b672      	cpsid	i
10001a34:	e8d2 cfcf 	ldaexb	ip, [r2]
10001a38:	2001      	movs	r0, #1
10001a3a:	f1bc 0f00 	cmp.w	ip, #0
10001a3e:	d1f9      	bne.n	10001a34 <sleep_until_callback+0xc>
10001a40:	e8c2 0f4c 	strexb	ip, r0, [r2]
10001a44:	f1bc 0f00 	cmp.w	ip, #0
10001a48:	d1f4      	bne.n	10001a34 <sleep_until_callback+0xc>
10001a4a:	f3bf 8f5f 	dmb	sy
10001a4e:	2200      	movs	r2, #0
10001a50:	f8d3 30cc 	ldr.w	r3, [r3, #204]	@ 0xcc
10001a54:	e8c3 2f8f 	stlb	r2, [r3]
10001a58:	f381 8810 	msr	PRIMASK, r1
10001a5c:	bf40      	sev
10001a5e:	2000      	movs	r0, #0
10001a60:	2100      	movs	r1, #0
10001a62:	4770      	bx	lr
10001a64:	200016f8 	.word	0x200016f8

10001a68 <sleep_until>:
10001a68:	e92d 41f0 	stmdb	sp!, {r4, r5, r6, r7, r8, lr}
10001a6c:	1f87      	subs	r7, r0, #6
10001a6e:	f141 38ff 	adc.w	r8, r1, #4294967295
10001a72:	42b8      	cmp	r0, r7
10001a74:	eb71 0308 	sbcs.w	r3, r1, r8
10001a78:	bf38      	it	cc
10001a7a:	2700      	movcc	r7, #0
10001a7c:	4606      	mov	r6, r0
10001a7e:	bf38      	it	cc
10001a80:	46b8      	movcc	r8, r7
10001a82:	460d      	mov	r5, r1
10001a84:	492f      	ldr	r1, [pc, #188]	@ (10001b44 <sleep_until+0xdc>)
10001a86:	b082      	sub	sp, #8
10001a88:	6a4c      	ldr	r4, [r1, #36]	@ 0x24
10001a8a:	46a4      	mov	ip, r4
10001a8c:	6a88      	ldr	r0, [r1, #40]	@ 0x28
10001a8e:	6a4c      	ldr	r4, [r1, #36]	@ 0x24
10001a90:	4564      	cmp	r4, ip
10001a92:	d1fa      	bne.n	10001a8a <sleep_until+0x22>
10001a94:	1a38      	subs	r0, r7, r0
10001a96:	eb68 0404 	sbc.w	r4, r8, r4
10001a9a:	2801      	cmp	r0, #1
10001a9c:	f174 0400 	sbcs.w	r4, r4, #0
10001aa0:	da13      	bge.n	10001aca <sleep_until+0x62>
10001aa2:	4a28      	ldr	r2, [pc, #160]	@ (10001b44 <sleep_until+0xdc>)
10001aa4:	6a53      	ldr	r3, [r2, #36]	@ 0x24
10001aa6:	429d      	cmp	r5, r3
10001aa8:	d902      	bls.n	10001ab0 <sleep_until+0x48>
10001aaa:	6a53      	ldr	r3, [r2, #36]	@ 0x24
10001aac:	429d      	cmp	r5, r3
10001aae:	d8fc      	bhi.n	10001aaa <sleep_until+0x42>
10001ab0:	429d      	cmp	r5, r3
10001ab2:	d107      	bne.n	10001ac4 <sleep_until+0x5c>
10001ab4:	4b23      	ldr	r3, [pc, #140]	@ (10001b44 <sleep_until+0xdc>)
10001ab6:	e002      	b.n	10001abe <sleep_until+0x56>
10001ab8:	6a5a      	ldr	r2, [r3, #36]	@ 0x24
10001aba:	4295      	cmp	r5, r2
10001abc:	d102      	bne.n	10001ac4 <sleep_until+0x5c>
10001abe:	6a9a      	ldr	r2, [r3, #40]	@ 0x28
10001ac0:	4296      	cmp	r6, r2
10001ac2:	d8f9      	bhi.n	10001ab8 <sleep_until+0x50>
10001ac4:	b002      	add	sp, #8
10001ac6:	e8bd 81f0 	ldmia.w	sp!, {r4, r5, r6, r7, r8, pc}
10001aca:	6a4b      	ldr	r3, [r1, #36]	@ 0x24
10001acc:	4a1d      	ldr	r2, [pc, #116]	@ (10001b44 <sleep_until+0xdc>)
10001ace:	4619      	mov	r1, r3
10001ad0:	6a90      	ldr	r0, [r2, #40]	@ 0x28
10001ad2:	6a53      	ldr	r3, [r2, #36]	@ 0x24
10001ad4:	428b      	cmp	r3, r1
10001ad6:	d1fa      	bne.n	10001ace <sleep_until+0x66>
10001ad8:	2200      	movs	r2, #0
10001ada:	1a38      	subs	r0, r7, r0
10001adc:	eb68 0303 	sbc.w	r3, r8, r3
10001ae0:	4293      	cmp	r3, r2
10001ae2:	db09      	blt.n	10001af8 <sleep_until+0x90>
10001ae4:	4b18      	ldr	r3, [pc, #96]	@ (10001b48 <sleep_until+0xe0>)
10001ae6:	9201      	str	r2, [sp, #4]
10001ae8:	9300      	str	r3, [sp, #0]
10001aea:	463a      	mov	r2, r7
10001aec:	4643      	mov	r3, r8
10001aee:	4817      	ldr	r0, [pc, #92]	@ (10001b4c <sleep_until+0xe4>)
10001af0:	f7ff ff36 	bl	10001960 <alarm_pool_add_alarm_at_force_in_context>
10001af4:	2800      	cmp	r0, #0
10001af6:	dbd4      	blt.n	10001aa2 <sleep_until+0x3a>
10001af8:	2400      	movs	r4, #0
10001afa:	4812      	ldr	r0, [pc, #72]	@ (10001b44 <sleep_until+0xdc>)
10001afc:	4a14      	ldr	r2, [pc, #80]	@ (10001b50 <sleep_until+0xe8>)
10001afe:	6a43      	ldr	r3, [r0, #36]	@ 0x24
10001b00:	4598      	cmp	r8, r3
10001b02:	d804      	bhi.n	10001b0e <sleep_until+0xa6>
10001b04:	6a81      	ldr	r1, [r0, #40]	@ 0x28
10001b06:	42b9      	cmp	r1, r7
10001b08:	d2cb      	bcs.n	10001aa2 <sleep_until+0x3a>
10001b0a:	4598      	cmp	r8, r3
10001b0c:	d1c9      	bne.n	10001aa2 <sleep_until+0x3a>
10001b0e:	f8d2 30cc 	ldr.w	r3, [r2, #204]	@ 0xcc
10001b12:	f3ef 8110 	mrs	r1, PRIMASK
10001b16:	b672      	cpsid	i
10001b18:	e8d3 efcf 	ldaexb	lr, [r3]
10001b1c:	f05f 0c01 	movs.w	ip, #1
10001b20:	f1be 0f00 	cmp.w	lr, #0
10001b24:	d1f8      	bne.n	10001b18 <sleep_until+0xb0>
10001b26:	e8c3 cf4e 	strexb	lr, ip, [r3]
10001b2a:	f1be 0f00 	cmp.w	lr, #0
10001b2e:	d1f3      	bne.n	10001b18 <sleep_until+0xb0>
10001b30:	f3bf 8f5f 	dmb	sy
10001b34:	f8d2 30cc 	ldr.w	r3, [r2, #204]	@ 0xcc
10001b38:	e8c3 4f8f 	stlb	r4, [r3]
10001b3c:	f381 8810 	msr	PRIMASK, r1
10001b40:	bf20      	wfe
10001b42:	e7dc      	b.n	10001afe <sleep_until+0x96>
10001b44:	400b0000 	.word	0x400b0000
10001b48:	10001a29 	.word	0x10001a29
10001b4c:	20001114 	.word	0x20001114
10001b50:	200016f8 	.word	0x200016f8

10001b54 <sleep_us>:
10001b54:	b410      	push	{r4}
10001b56:	4a0b      	ldr	r2, [pc, #44]	@ (10001b84 <sleep_us+0x30>)
10001b58:	6a53      	ldr	r3, [r2, #36]	@ 0x24
10001b5a:	469c      	mov	ip, r3
10001b5c:	6a94      	ldr	r4, [r2, #40]	@ 0x28
10001b5e:	6a53      	ldr	r3, [r2, #36]	@ 0x24
10001b60:	4563      	cmp	r3, ip
10001b62:	d1fa      	bne.n	10001b5a <sleep_us+0x6>
10001b64:	1820      	adds	r0, r4, r0
10001b66:	f04f 32ff 	mov.w	r2, #4294967295
10001b6a:	eb43 0101 	adc.w	r1, r3, r1
10001b6e:	f06f 4300 	mvn.w	r3, #2147483648	@ 0x80000000
10001b72:	4282      	cmp	r2, r0
10001b74:	eb73 0401 	sbcs.w	r4, r3, r1
10001b78:	bf3c      	itt	cc
10001b7a:	4610      	movcc	r0, r2
10001b7c:	4619      	movcc	r1, r3
10001b7e:	f85d 4b04 	ldr.w	r4, [sp], #4
10001b82:	e771      	b.n	10001a68 <sleep_until>
10001b84:	400b0000 	.word	0x400b0000

10001b88 <runtime_init_boot_locks_reset>:
10001b88:	2100      	movs	r1, #0
10001b8a:	4b04      	ldr	r3, [pc, #16]	@ (10001b9c <runtime_init_boot_locks_reset+0x14>)
10001b8c:	4a04      	ldr	r2, [pc, #16]	@ (10001ba0 <runtime_init_boot_locks_reset+0x18>)
10001b8e:	f3bf 8f5f 	dmb	sy
10001b92:	f843 1b04 	str.w	r1, [r3], #4
10001b96:	4293      	cmp	r3, r2
10001b98:	d1f9      	bne.n	10001b8e <runtime_init_boot_locks_reset+0x6>
10001b9a:	4770      	bx	lr
10001b9c:	400e080c 	.word	0x400e080c
10001ba0:	400e082c 	.word	0x400e082c

10001ba4 <first_per_core_initializer>:
10001ba4:	4770      	bx	lr
10001ba6:	bf00      	nop

10001ba8 <runtime_init_bootrom_reset>:
10001ba8:	2300      	movs	r3, #0
10001baa:	b510      	push	{r4, lr}
10001bac:	8adb      	ldrh	r3, [r3, #22]
10001bae:	2200      	movs	r2, #0
10001bb0:	e842 f200 	tt	r2, r2
10001bb4:	0252      	lsls	r2, r2, #9
10001bb6:	bf54      	ite	pl
10001bb8:	2110      	movpl	r1, #16
10001bba:	2104      	movmi	r1, #4
10001bbc:	f245 2053 	movw	r0, #21075	@ 0x5253
10001bc0:	4798      	blx	r3
10001bc2:	e8bd 4010 	ldmia.w	sp!, {r4, lr}
10001bc6:	4603      	mov	r3, r0
10001bc8:	2004      	movs	r0, #4
10001bca:	4718      	bx	r3

10001bcc <runtime_init_per_core_bootrom_reset>:
10001bcc:	2300      	movs	r3, #0
10001bce:	b510      	push	{r4, lr}
10001bd0:	8adb      	ldrh	r3, [r3, #22]
10001bd2:	2200      	movs	r2, #0
10001bd4:	e842 f200 	tt	r2, r2
10001bd8:	0252      	lsls	r2, r2, #9
10001bda:	bf54      	ite	pl
10001bdc:	2110      	movpl	r1, #16
10001bde:	2104      	movmi	r1, #4
10001be0:	f245 2053 	movw	r0, #21075	@ 0x5253
10001be4:	4798      	blx	r3
10001be6:	e8bd 4010 	ldmia.w	sp!, {r4, lr}
10001bea:	4603      	mov	r3, r0
10001bec:	2001      	movs	r0, #1
10001bee:	4718      	bx	r3

10001bf0 <runtime_init_early_resets>:
10001bf0:	b410      	push	{r4}
10001bf2:	4807      	ldr	r0, [pc, #28]	@ (10001c10 <runtime_init_early_resets+0x20>)
10001bf4:	4c07      	ldr	r4, [pc, #28]	@ (10001c14 <runtime_init_early_resets+0x24>)
10001bf6:	4b08      	ldr	r3, [pc, #32]	@ (10001c18 <runtime_init_early_resets+0x28>)
10001bf8:	4a08      	ldr	r2, [pc, #32]	@ (10001c1c <runtime_init_early_resets+0x2c>)
10001bfa:	4909      	ldr	r1, [pc, #36]	@ (10001c20 <runtime_init_early_resets+0x30>)
10001bfc:	6004      	str	r4, [r0, #0]
10001bfe:	601a      	str	r2, [r3, #0]
10001c00:	688b      	ldr	r3, [r1, #8]
10001c02:	ea32 0303 	bics.w	r3, r2, r3
10001c06:	d1fb      	bne.n	10001c00 <runtime_init_early_resets+0x10>
10001c08:	f85d 4b04 	ldr.w	r4, [sp], #4
10001c0c:	4770      	bx	lr
10001c0e:	bf00      	nop
10001c10:	40022000 	.word	0x40022000
10001c14:	efef3b7f 	.word	0xefef3b7f
10001c18:	40023000 	.word	0x40023000
10001c1c:	03f3fff6 	.word	0x03f3fff6
10001c20:	40020000 	.word	0x40020000

10001c24 <runtime_init_usb_power_down>:
10001c24:	4b04      	ldr	r3, [pc, #16]	@ (10001c38 <runtime_init_usb_power_down+0x14>)
10001c26:	6cdb      	ldr	r3, [r3, #76]	@ 0x4c
10001c28:	f5b3 4f00 	cmp.w	r3, #32768	@ 0x8000
10001c2c:	d103      	bne.n	10001c36 <runtime_init_usb_power_down+0x12>
10001c2e:	f44f 2280 	mov.w	r2, #262144	@ 0x40000
10001c32:	4b02      	ldr	r3, [pc, #8]	@ (10001c3c <runtime_init_usb_power_down+0x18>)
10001c34:	64da      	str	r2, [r3, #76]	@ 0x4c
10001c36:	4770      	bx	lr
10001c38:	50110000 	.word	0x50110000
10001c3c:	50112000 	.word	0x50112000

10001c40 <runtime_init_per_core_enable_coprocessors>:
10001c40:	f04f 22e0 	mov.w	r2, #3758153728	@ 0xe000e000
10001c44:	4b04      	ldr	r3, [pc, #16]	@ (10001c58 <runtime_init_per_core_enable_coprocessors+0x18>)
10001c46:	f8d2 1d88 	ldr.w	r1, [r2, #3464]	@ 0xd88
10001c4a:	430b      	orrs	r3, r1
10001c4c:	f8c2 3d88 	str.w	r3, [r2, #3464]	@ 0xd88
10001c50:	ee10 0430 	dcp_rcmp r0
10001c54:	4770      	bx	lr
10001c56:	bf00      	nop
10001c58:	00300303 	.word	0x00300303

10001c5c <runtime_init_post_clock_resets>:
10001c5c:	f06f 4160 	mvn.w	r1, #3758096384	@ 0xe0000000
10001c60:	4b04      	ldr	r3, [pc, #16]	@ (10001c74 <runtime_init_post_clock_resets+0x18>)
10001c62:	4a05      	ldr	r2, [pc, #20]	@ (10001c78 <runtime_init_post_clock_resets+0x1c>)
10001c64:	6019      	str	r1, [r3, #0]
10001c66:	6893      	ldr	r3, [r2, #8]
10001c68:	43db      	mvns	r3, r3
10001c6a:	f033 4360 	bics.w	r3, r3, #3758096384	@ 0xe0000000
10001c6e:	d1fa      	bne.n	10001c66 <runtime_init_post_clock_resets+0xa>
10001c70:	4770      	bx	lr
10001c72:	bf00      	nop
10001c74:	40023000 	.word	0x40023000
10001c78:	40020000 	.word	0x40020000

10001c7c <runtime_init_spin_locks_reset>:
10001c7c:	2100      	movs	r1, #0
10001c7e:	4b04      	ldr	r3, [pc, #16]	@ (10001c90 <runtime_init_spin_locks_reset+0x14>)
10001c80:	f103 0220 	add.w	r2, r3, #32
10001c84:	e8c3 1f8f 	stlb	r1, [r3]
10001c88:	3301      	adds	r3, #1
10001c8a:	4293      	cmp	r3, r2
10001c8c:	d1fa      	bne.n	10001c84 <runtime_init_spin_locks_reset+0x8>
10001c8e:	4770      	bx	lr
10001c90:	20001784 	.word	0x20001784

10001c94 <runtime_init_clocks>:
10001c94:	b4f0      	push	{r4, r5, r6, r7}
10001c96:	f44f 708d 	mov.w	r0, #282	@ 0x11a
10001c9a:	2600      	movs	r6, #0
10001c9c:	f44f 642a 	mov.w	r4, #2720	@ 0xaa0
10001ca0:	4a98      	ldr	r2, [pc, #608]	@ (10001f04 <runtime_init_clocks+0x270>)
10001ca2:	4d99      	ldr	r5, [pc, #612]	@ (10001f08 <runtime_init_clocks+0x274>)
10001ca4:	4b99      	ldr	r3, [pc, #612]	@ (10001f0c <runtime_init_clocks+0x278>)
10001ca6:	499a      	ldr	r1, [pc, #616]	@ (10001f10 <runtime_init_clocks+0x27c>)
10001ca8:	f8c5 6084 	str.w	r6, [r5, #132]	@ 0x84
10001cac:	6014      	str	r4, [r2, #0]
10001cae:	60d0      	str	r0, [r2, #12]
10001cb0:	6019      	str	r1, [r3, #0]
10001cb2:	6853      	ldr	r3, [r2, #4]
10001cb4:	2b00      	cmp	r3, #0
10001cb6:	dafc      	bge.n	10001cb2 <runtime_init_clocks+0x1e>
10001cb8:	2101      	movs	r1, #1
10001cba:	4b96      	ldr	r3, [pc, #600]	@ (10001f14 <runtime_init_clocks+0x280>)
10001cbc:	4a92      	ldr	r2, [pc, #584]	@ (10001f08 <runtime_init_clocks+0x274>)
10001cbe:	63d9      	str	r1, [r3, #60]	@ 0x3c
10001cc0:	6c53      	ldr	r3, [r2, #68]	@ 0x44
10001cc2:	2b01      	cmp	r3, #1
10001cc4:	d1fc      	bne.n	10001cc0 <runtime_init_clocks+0x2c>
10001cc6:	2103      	movs	r1, #3
10001cc8:	4b92      	ldr	r3, [pc, #584]	@ (10001f14 <runtime_init_clocks+0x280>)
10001cca:	4a8f      	ldr	r2, [pc, #572]	@ (10001f08 <runtime_init_clocks+0x274>)
10001ccc:	6319      	str	r1, [r3, #48]	@ 0x30
10001cce:	6b93      	ldr	r3, [r2, #56]	@ 0x38
10001cd0:	2b01      	cmp	r3, #1
10001cd2:	d1fc      	bne.n	10001cce <runtime_init_clocks+0x3a>
10001cd4:	4b90      	ldr	r3, [pc, #576]	@ (10001f18 <runtime_init_clocks+0x284>)
10001cd6:	681a      	ldr	r2, [r3, #0]
10001cd8:	2a00      	cmp	r2, #0
10001cda:	f2c0 815f 	blt.w	10001f9c <runtime_init_clocks+0x308>
10001cde:	f44f 4380 	mov.w	r3, #16384	@ 0x4000
10001ce2:	488e      	ldr	r0, [pc, #568]	@ (10001f1c <runtime_init_clocks+0x288>)
10001ce4:	498e      	ldr	r1, [pc, #568]	@ (10001f20 <runtime_init_clocks+0x28c>)
10001ce6:	4a8f      	ldr	r2, [pc, #572]	@ (10001f24 <runtime_init_clocks+0x290>)
10001ce8:	6003      	str	r3, [r0, #0]
10001cea:	600b      	str	r3, [r1, #0]
10001cec:	6893      	ldr	r3, [r2, #8]
10001cee:	045e      	lsls	r6, r3, #17
10001cf0:	d5fc      	bpl.n	10001cec <runtime_init_clocks+0x58>
10001cf2:	2401      	movs	r4, #1
10001cf4:	207d      	movs	r0, #125	@ 0x7d
10001cf6:	2121      	movs	r1, #33	@ 0x21
10001cf8:	4a87      	ldr	r2, [pc, #540]	@ (10001f18 <runtime_init_clocks+0x284>)
10001cfa:	4b8b      	ldr	r3, [pc, #556]	@ (10001f28 <runtime_init_clocks+0x294>)
10001cfc:	6014      	str	r4, [r2, #0]
10001cfe:	6090      	str	r0, [r2, #8]
10001d00:	6059      	str	r1, [r3, #4]
10001d02:	6813      	ldr	r3, [r2, #0]
10001d04:	2b00      	cmp	r3, #0
10001d06:	dafc      	bge.n	10001d02 <runtime_init_clocks+0x6e>
10001d08:	f44f 20a4 	mov.w	r0, #335872	@ 0x52000
10001d0c:	2108      	movs	r1, #8
10001d0e:	4b86      	ldr	r3, [pc, #536]	@ (10001f28 <runtime_init_clocks+0x294>)
10001d10:	60d0      	str	r0, [r2, #12]
10001d12:	6059      	str	r1, [r3, #4]
10001d14:	4b85      	ldr	r3, [pc, #532]	@ (10001f2c <runtime_init_clocks+0x298>)
10001d16:	681a      	ldr	r2, [r3, #0]
10001d18:	2a00      	cmp	r2, #0
10001d1a:	f2c0 8153 	blt.w	10001fc4 <runtime_init_clocks+0x330>
10001d1e:	f44f 4300 	mov.w	r3, #32768	@ 0x8000
10001d22:	487e      	ldr	r0, [pc, #504]	@ (10001f1c <runtime_init_clocks+0x288>)
10001d24:	497e      	ldr	r1, [pc, #504]	@ (10001f20 <runtime_init_clocks+0x28c>)
10001d26:	4a7f      	ldr	r2, [pc, #508]	@ (10001f24 <runtime_init_clocks+0x290>)
10001d28:	6003      	str	r3, [r0, #0]
10001d2a:	600b      	str	r3, [r1, #0]
10001d2c:	6893      	ldr	r3, [r2, #8]
10001d2e:	041d      	lsls	r5, r3, #16
10001d30:	d5fc      	bpl.n	10001d2c <runtime_init_clocks+0x98>
10001d32:	2401      	movs	r4, #1
10001d34:	2064      	movs	r0, #100	@ 0x64
10001d36:	2121      	movs	r1, #33	@ 0x21
10001d38:	4a7c      	ldr	r2, [pc, #496]	@ (10001f2c <runtime_init_clocks+0x298>)
10001d3a:	4b7d      	ldr	r3, [pc, #500]	@ (10001f30 <runtime_init_clocks+0x29c>)
10001d3c:	6014      	str	r4, [r2, #0]
10001d3e:	6090      	str	r0, [r2, #8]
10001d40:	6059      	str	r1, [r3, #4]
10001d42:	6813      	ldr	r3, [r2, #0]
10001d44:	2b00      	cmp	r3, #0
10001d46:	dafc      	bge.n	10001d42 <runtime_init_clocks+0xae>
10001d48:	f44f 20aa 	mov.w	r0, #348160	@ 0x55000
10001d4c:	2108      	movs	r1, #8
10001d4e:	4b78      	ldr	r3, [pc, #480]	@ (10001f30 <runtime_init_clocks+0x29c>)
10001d50:	60d0      	str	r0, [r2, #12]
10001d52:	6059      	str	r1, [r3, #4]
10001d54:	4b6c      	ldr	r3, [pc, #432]	@ (10001f08 <runtime_init_clocks+0x274>)
10001d56:	f44f 6000 	mov.w	r0, #2048	@ 0x800
10001d5a:	6b5a      	ldr	r2, [r3, #52]	@ 0x34
10001d5c:	f5b2 3f80 	cmp.w	r2, #65536	@ 0x10000
10001d60:	bf3c      	itt	cc
10001d62:	f44f 3280 	movcc.w	r2, #65536	@ 0x10000
10001d66:	635a      	strcc	r2, [r3, #52]	@ 0x34
10001d68:	4b72      	ldr	r3, [pc, #456]	@ (10001f34 <runtime_init_clocks+0x2a0>)
10001d6a:	4a6a      	ldr	r2, [pc, #424]	@ (10001f14 <runtime_init_clocks+0x280>)
10001d6c:	f8d3 10e0 	ldr.w	r1, [r3, #224]	@ 0xe0
10001d70:	6310      	str	r0, [r2, #48]	@ 0x30
10001d72:	b141      	cbz	r1, 10001d86 <runtime_init_clocks+0xf2>
10001d74:	f8d3 20e4 	ldr.w	r2, [r3, #228]	@ 0xe4
10001d78:	fbb2 f2f1 	udiv	r2, r2, r1
10001d7c:	3201      	adds	r2, #1
10001d7e:	eb02 0242 	add.w	r2, r2, r2, lsl #1
10001d82:	3a03      	subs	r2, #3
10001d84:	d2fd      	bcs.n	10001d82 <runtime_init_clocks+0xee>
10001d86:	4a60      	ldr	r2, [pc, #384]	@ (10001f08 <runtime_init_clocks+0x274>)
10001d88:	486b      	ldr	r0, [pc, #428]	@ (10001f38 <runtime_init_clocks+0x2a4>)
10001d8a:	6b11      	ldr	r1, [r2, #48]	@ 0x30
10001d8c:	f001 01e0 	and.w	r1, r1, #224	@ 0xe0
10001d90:	6301      	str	r1, [r0, #48]	@ 0x30
10001d92:	6b11      	ldr	r1, [r2, #48]	@ 0x30
10001d94:	f081 0102 	eor.w	r1, r1, #2
10001d98:	f001 0103 	and.w	r1, r1, #3
10001d9c:	6301      	str	r1, [r0, #48]	@ 0x30
10001d9e:	6b91      	ldr	r1, [r2, #56]	@ 0x38
10001da0:	074c      	lsls	r4, r1, #29
10001da2:	d5fc      	bpl.n	10001d9e <runtime_init_clocks+0x10a>
10001da4:	f44f 3180 	mov.w	r1, #65536	@ 0x10000
10001da8:	f44f 6400 	mov.w	r4, #2048	@ 0x800
10001dac:	4863      	ldr	r0, [pc, #396]	@ (10001f3c <runtime_init_clocks+0x2a8>)
10001dae:	4d64      	ldr	r5, [pc, #400]	@ (10001f40 <runtime_init_clocks+0x2ac>)
10001db0:	f8c3 50e0 	str.w	r5, [r3, #224]	@ 0xe0
10001db4:	6304      	str	r4, [r0, #48]	@ 0x30
10001db6:	6351      	str	r1, [r2, #52]	@ 0x34
10001db8:	6c10      	ldr	r0, [r2, #64]	@ 0x40
10001dba:	4288      	cmp	r0, r1
10001dbc:	f04f 0003 	mov.w	r0, #3
10001dc0:	bf38      	it	cc
10001dc2:	6411      	strcc	r1, [r2, #64]	@ 0x40
10001dc4:	4a53      	ldr	r2, [pc, #332]	@ (10001f14 <runtime_init_clocks+0x280>)
10001dc6:	4950      	ldr	r1, [pc, #320]	@ (10001f08 <runtime_init_clocks+0x274>)
10001dc8:	63d0      	str	r0, [r2, #60]	@ 0x3c
10001dca:	6c4a      	ldr	r2, [r1, #68]	@ 0x44
10001dcc:	07d0      	lsls	r0, r2, #31
10001dce:	d5fc      	bpl.n	10001dca <runtime_init_clocks+0x136>
10001dd0:	6bca      	ldr	r2, [r1, #60]	@ 0x3c
10001dd2:	4859      	ldr	r0, [pc, #356]	@ (10001f38 <runtime_init_clocks+0x2a4>)
10001dd4:	f002 02e0 	and.w	r2, r2, #224	@ 0xe0
10001dd8:	63c2      	str	r2, [r0, #60]	@ 0x3c
10001dda:	6bca      	ldr	r2, [r1, #60]	@ 0x3c
10001ddc:	494a      	ldr	r1, [pc, #296]	@ (10001f08 <runtime_init_clocks+0x274>)
10001dde:	f082 0201 	eor.w	r2, r2, #1
10001de2:	f002 0203 	and.w	r2, r2, #3
10001de6:	63c2      	str	r2, [r0, #60]	@ 0x3c
10001de8:	6c4a      	ldr	r2, [r1, #68]	@ 0x44
10001dea:	0792      	lsls	r2, r2, #30
10001dec:	d5fc      	bpl.n	10001de8 <runtime_init_clocks+0x154>
10001dee:	f44f 3280 	mov.w	r2, #65536	@ 0x10000
10001df2:	f44f 6400 	mov.w	r4, #2048	@ 0x800
10001df6:	4851      	ldr	r0, [pc, #324]	@ (10001f3c <runtime_init_clocks+0x2a8>)
10001df8:	4d52      	ldr	r5, [pc, #328]	@ (10001f44 <runtime_init_clocks+0x2b0>)
10001dfa:	f8c3 50e4 	str.w	r5, [r3, #228]	@ 0xe4
10001dfe:	63c4      	str	r4, [r0, #60]	@ 0x3c
10001e00:	640a      	str	r2, [r1, #64]	@ 0x40
10001e02:	6e48      	ldr	r0, [r1, #100]	@ 0x64
10001e04:	4290      	cmp	r0, r2
10001e06:	f44f 6000 	mov.w	r0, #2048	@ 0x800
10001e0a:	bf38      	it	cc
10001e0c:	664a      	strcc	r2, [r1, #100]	@ 0x64
10001e0e:	f8d3 10f0 	ldr.w	r1, [r3, #240]	@ 0xf0
10001e12:	4a40      	ldr	r2, [pc, #256]	@ (10001f14 <runtime_init_clocks+0x280>)
10001e14:	6610      	str	r0, [r2, #96]	@ 0x60
10001e16:	b141      	cbz	r1, 10001e2a <runtime_init_clocks+0x196>
10001e18:	f8d3 20e4 	ldr.w	r2, [r3, #228]	@ 0xe4
10001e1c:	fbb2 f2f1 	udiv	r2, r2, r1
10001e20:	3201      	adds	r2, #1
10001e22:	eb02 0242 	add.w	r2, r2, r2, lsl #1
10001e26:	3a03      	subs	r2, #3
10001e28:	d2fd      	bcs.n	10001e26 <runtime_init_clocks+0x192>
10001e2a:	f44f 3080 	mov.w	r0, #65536	@ 0x10000
10001e2e:	f44f 6400 	mov.w	r4, #2048	@ 0x800
10001e32:	4a35      	ldr	r2, [pc, #212]	@ (10001f08 <runtime_init_clocks+0x274>)
10001e34:	4d40      	ldr	r5, [pc, #256]	@ (10001f38 <runtime_init_clocks+0x2a4>)
10001e36:	6e11      	ldr	r1, [r2, #96]	@ 0x60
10001e38:	f001 01e0 	and.w	r1, r1, #224	@ 0xe0
10001e3c:	6629      	str	r1, [r5, #96]	@ 0x60
10001e3e:	493f      	ldr	r1, [pc, #252]	@ (10001f3c <runtime_init_clocks+0x2a8>)
10001e40:	4d41      	ldr	r5, [pc, #260]	@ (10001f48 <runtime_init_clocks+0x2b4>)
10001e42:	f8c3 50f0 	str.w	r5, [r3, #240]	@ 0xf0
10001e46:	660c      	str	r4, [r1, #96]	@ 0x60
10001e48:	6650      	str	r0, [r2, #100]	@ 0x64
10001e4a:	6f11      	ldr	r1, [r2, #112]	@ 0x70
10001e4c:	4281      	cmp	r1, r0
10001e4e:	bf38      	it	cc
10001e50:	6710      	strcc	r0, [r2, #112]	@ 0x70
10001e52:	f44f 6000 	mov.w	r0, #2048	@ 0x800
10001e56:	4a2f      	ldr	r2, [pc, #188]	@ (10001f14 <runtime_init_clocks+0x280>)
10001e58:	f8d3 10f4 	ldr.w	r1, [r3, #244]	@ 0xf4
10001e5c:	66d0      	str	r0, [r2, #108]	@ 0x6c
10001e5e:	b141      	cbz	r1, 10001e72 <runtime_init_clocks+0x1de>
10001e60:	f8d3 20e4 	ldr.w	r2, [r3, #228]	@ 0xe4
10001e64:	fbb2 f2f1 	udiv	r2, r2, r1
10001e68:	3201      	adds	r2, #1
10001e6a:	eb02 0242 	add.w	r2, r2, r2, lsl #1
10001e6e:	3a03      	subs	r2, #3
10001e70:	d2fd      	bcs.n	10001e6e <runtime_init_clocks+0x1da>
10001e72:	f44f 3080 	mov.w	r0, #65536	@ 0x10000
10001e76:	f44f 6400 	mov.w	r4, #2048	@ 0x800
10001e7a:	4a23      	ldr	r2, [pc, #140]	@ (10001f08 <runtime_init_clocks+0x274>)
10001e7c:	4d2e      	ldr	r5, [pc, #184]	@ (10001f38 <runtime_init_clocks+0x2a4>)
10001e7e:	6ed1      	ldr	r1, [r2, #108]	@ 0x6c
10001e80:	f001 01e0 	and.w	r1, r1, #224	@ 0xe0
10001e84:	66e9      	str	r1, [r5, #108]	@ 0x6c
10001e86:	492d      	ldr	r1, [pc, #180]	@ (10001f3c <runtime_init_clocks+0x2a8>)
10001e88:	4d2f      	ldr	r5, [pc, #188]	@ (10001f48 <runtime_init_clocks+0x2b4>)
10001e8a:	f8c3 50f4 	str.w	r5, [r3, #244]	@ 0xf4
10001e8e:	66cc      	str	r4, [r1, #108]	@ 0x6c
10001e90:	6710      	str	r0, [r2, #112]	@ 0x70
10001e92:	6cd1      	ldr	r1, [r2, #76]	@ 0x4c
10001e94:	4281      	cmp	r1, r0
10001e96:	bf38      	it	cc
10001e98:	64d0      	strcc	r0, [r2, #76]	@ 0x4c
10001e9a:	f44f 6000 	mov.w	r0, #2048	@ 0x800
10001e9e:	4a1d      	ldr	r2, [pc, #116]	@ (10001f14 <runtime_init_clocks+0x280>)
10001ea0:	f8d3 10e8 	ldr.w	r1, [r3, #232]	@ 0xe8
10001ea4:	6490      	str	r0, [r2, #72]	@ 0x48
10001ea6:	b141      	cbz	r1, 10001eba <runtime_init_clocks+0x226>
10001ea8:	f8d3 20e4 	ldr.w	r2, [r3, #228]	@ 0xe4
10001eac:	fbb2 f2f1 	udiv	r2, r2, r1
10001eb0:	3201      	adds	r2, #1
10001eb2:	eb02 0242 	add.w	r2, r2, r2, lsl #1
10001eb6:	3a03      	subs	r2, #3
10001eb8:	d2fd      	bcs.n	10001eb6 <runtime_init_clocks+0x222>
10001eba:	f44f 3080 	mov.w	r0, #65536	@ 0x10000
10001ebe:	f44f 6400 	mov.w	r4, #2048	@ 0x800
10001ec2:	4a11      	ldr	r2, [pc, #68]	@ (10001f08 <runtime_init_clocks+0x274>)
10001ec4:	4d1c      	ldr	r5, [pc, #112]	@ (10001f38 <runtime_init_clocks+0x2a4>)
10001ec6:	6c91      	ldr	r1, [r2, #72]	@ 0x48
10001ec8:	f001 01e0 	and.w	r1, r1, #224	@ 0xe0
10001ecc:	64a9      	str	r1, [r5, #72]	@ 0x48
10001ece:	491b      	ldr	r1, [pc, #108]	@ (10001f3c <runtime_init_clocks+0x2a8>)
10001ed0:	4d1c      	ldr	r5, [pc, #112]	@ (10001f44 <runtime_init_clocks+0x2b0>)
10001ed2:	f8c3 50e8 	str.w	r5, [r3, #232]	@ 0xe8
10001ed6:	648c      	str	r4, [r1, #72]	@ 0x48
10001ed8:	64d0      	str	r0, [r2, #76]	@ 0x4c
10001eda:	6d91      	ldr	r1, [r2, #88]	@ 0x58
10001edc:	4281      	cmp	r1, r0
10001ede:	bf38      	it	cc
10001ee0:	6590      	strcc	r0, [r2, #88]	@ 0x58
10001ee2:	f44f 6000 	mov.w	r0, #2048	@ 0x800
10001ee6:	4a0b      	ldr	r2, [pc, #44]	@ (10001f14 <runtime_init_clocks+0x280>)
10001ee8:	f8d3 10ec 	ldr.w	r1, [r3, #236]	@ 0xec
10001eec:	6550      	str	r0, [r2, #84]	@ 0x54
10001eee:	b369      	cbz	r1, 10001f4c <runtime_init_clocks+0x2b8>
10001ef0:	f8d3 20e4 	ldr.w	r2, [r3, #228]	@ 0xe4
10001ef4:	fbb2 f2f1 	udiv	r2, r2, r1
10001ef8:	3201      	adds	r2, #1
10001efa:	eb02 0242 	add.w	r2, r2, r2, lsl #1
10001efe:	3a03      	subs	r2, #3
10001f00:	d2fd      	bcs.n	10001efe <runtime_init_clocks+0x26a>
10001f02:	e023      	b.n	10001f4c <runtime_init_clocks+0x2b8>
10001f04:	40048000 	.word	0x40048000
10001f08:	40010000 	.word	0x40010000
10001f0c:	4004a000 	.word	0x4004a000
10001f10:	00fab000 	.word	0x00fab000
10001f14:	40013000 	.word	0x40013000
10001f18:	40050000 	.word	0x40050000
10001f1c:	40022000 	.word	0x40022000
10001f20:	40023000 	.word	0x40023000
10001f24:	40020000 	.word	0x40020000
10001f28:	40053000 	.word	0x40053000
10001f2c:	40058000 	.word	0x40058000
10001f30:	4005b000 	.word	0x4005b000
10001f34:	200016f8 	.word	0x200016f8
10001f38:	40011000 	.word	0x40011000
10001f3c:	40012000 	.word	0x40012000
10001f40:	00b71b00 	.word	0x00b71b00
10001f44:	08f0d180 	.word	0x08f0d180
10001f48:	02dc6c00 	.word	0x02dc6c00
10001f4c:	f44f 6700 	mov.w	r7, #2048	@ 0x800
10001f50:	2001      	movs	r0, #1
10001f52:	f44f 3680 	mov.w	r6, #65536	@ 0x10000
10001f56:	4d25      	ldr	r5, [pc, #148]	@ (10001fec <runtime_init_clocks+0x358>)
10001f58:	f8d3 10e0 	ldr.w	r1, [r3, #224]	@ 0xe0
10001f5c:	6d6c      	ldr	r4, [r5, #84]	@ 0x54
10001f5e:	4a24      	ldr	r2, [pc, #144]	@ (10001ff0 <runtime_init_clocks+0x35c>)
10001f60:	f8df c09c 	ldr.w	ip, [pc, #156]	@ 10002000 <runtime_init_clocks+0x36c>
10001f64:	fba2 2101 	umull	r2, r1, r2, r1
10001f68:	f004 04e0 	and.w	r4, r4, #224	@ 0xe0
10001f6c:	f8cc 4054 	str.w	r4, [ip, #84]	@ 0x54
10001f70:	4c20      	ldr	r4, [pc, #128]	@ (10001ff4 <runtime_init_clocks+0x360>)
10001f72:	4a21      	ldr	r2, [pc, #132]	@ (10001ff8 <runtime_init_clocks+0x364>)
10001f74:	6567      	str	r7, [r4, #84]	@ 0x54
10001f76:	4c21      	ldr	r4, [pc, #132]	@ (10001ffc <runtime_init_clocks+0x368>)
10001f78:	0c89      	lsrs	r1, r1, #18
10001f7a:	65ae      	str	r6, [r5, #88]	@ 0x58
10001f7c:	6051      	str	r1, [r2, #4]
10001f7e:	f8c3 40ec 	str.w	r4, [r3, #236]	@ 0xec
10001f82:	6010      	str	r0, [r2, #0]
10001f84:	bcf0      	pop	{r4, r5, r6, r7}
10001f86:	6111      	str	r1, [r2, #16]
10001f88:	60d0      	str	r0, [r2, #12]
10001f8a:	61d1      	str	r1, [r2, #28]
10001f8c:	6190      	str	r0, [r2, #24]
10001f8e:	6291      	str	r1, [r2, #40]	@ 0x28
10001f90:	6250      	str	r0, [r2, #36]	@ 0x24
10001f92:	6351      	str	r1, [r2, #52]	@ 0x34
10001f94:	6310      	str	r0, [r2, #48]	@ 0x30
10001f96:	6411      	str	r1, [r2, #64]	@ 0x40
10001f98:	63d0      	str	r0, [r2, #60]	@ 0x3c
10001f9a:	4770      	bx	lr
10001f9c:	681a      	ldr	r2, [r3, #0]
10001f9e:	f002 023f 	and.w	r2, r2, #63	@ 0x3f
10001fa2:	2a01      	cmp	r2, #1
10001fa4:	f47f ae9b 	bne.w	10001cde <runtime_init_clocks+0x4a>
10001fa8:	689a      	ldr	r2, [r3, #8]
10001faa:	f3c2 020b 	ubfx	r2, r2, #0, #12
10001fae:	2a7d      	cmp	r2, #125	@ 0x7d
10001fb0:	f47f ae95 	bne.w	10001cde <runtime_init_clocks+0x4a>
10001fb4:	68db      	ldr	r3, [r3, #12]
10001fb6:	f403 23ee 	and.w	r3, r3, #487424	@ 0x77000
10001fba:	f5b3 2fa4 	cmp.w	r3, #335872	@ 0x52000
10001fbe:	f47f ae8e 	bne.w	10001cde <runtime_init_clocks+0x4a>
10001fc2:	e6a7      	b.n	10001d14 <runtime_init_clocks+0x80>
10001fc4:	681a      	ldr	r2, [r3, #0]
10001fc6:	f002 023f 	and.w	r2, r2, #63	@ 0x3f
10001fca:	2a01      	cmp	r2, #1
10001fcc:	f47f aea7 	bne.w	10001d1e <runtime_init_clocks+0x8a>
10001fd0:	689a      	ldr	r2, [r3, #8]
10001fd2:	f3c2 020b 	ubfx	r2, r2, #0, #12
10001fd6:	2a64      	cmp	r2, #100	@ 0x64
10001fd8:	f47f aea1 	bne.w	10001d1e <runtime_init_clocks+0x8a>
10001fdc:	68db      	ldr	r3, [r3, #12]
10001fde:	f403 23ee 	and.w	r3, r3, #487424	@ 0x77000
10001fe2:	f5b3 2faa 	cmp.w	r3, #348160	@ 0x55000
10001fe6:	f47f ae9a 	bne.w	10001d1e <runtime_init_clocks+0x8a>
10001fea:	e6b3      	b.n	10001d54 <runtime_init_clocks+0xc0>
10001fec:	40010000 	.word	0x40010000
10001ff0:	431bde83 	.word	0x431bde83
10001ff4:	40012000 	.word	0x40012000
10001ff8:	40108000 	.word	0x40108000
10001ffc:	08f0d180 	.word	0x08f0d180
10002000:	40011000 	.word	0x40011000

10002004 <fpow_int2>:
10002004:	e92d 41f0 	stmdb	sp!, {r4, r5, r6, r7, r8, lr}
10002008:	2901      	cmp	r1, #1
1000200a:	ed2d 8b02 	vpush	{d8}
1000200e:	ee08 0a10 	vmov	s16, r0
10002012:	d050      	beq.n	100020b6 <fpow_int2+0xb2>
10002014:	eb01 75d1 	add.w	r5, r1, r1, lsr #31
10002018:	106d      	asrs	r5, r5, #1
1000201a:	2d01      	cmp	r5, #1
1000201c:	460c      	mov	r4, r1
1000201e:	d03c      	beq.n	1000209a <fpow_int2+0x96>
10002020:	460e      	mov	r6, r1
10002022:	2900      	cmp	r1, #0
10002024:	bfb8      	it	lt
10002026:	1cce      	addlt	r6, r1, #3
10002028:	10b6      	asrs	r6, r6, #2
1000202a:	2e01      	cmp	r6, #1
1000202c:	d04e      	beq.n	100020cc <fpow_int2+0xc8>
1000202e:	460f      	mov	r7, r1
10002030:	2900      	cmp	r1, #0
10002032:	bfb8      	it	lt
10002034:	1dcf      	addlt	r7, r1, #7
10002036:	10ff      	asrs	r7, r7, #3
10002038:	2f01      	cmp	r7, #1
1000203a:	d044      	beq.n	100020c6 <fpow_int2+0xc2>
1000203c:	4688      	mov	r8, r1
1000203e:	2900      	cmp	r1, #0
10002040:	bfb8      	it	lt
10002042:	f101 080f 	addlt.w	r8, r1, #15
10002046:	ea4f 1828 	mov.w	r8, r8, asr #4
1000204a:	f1b8 0f01 	cmp.w	r8, #1
1000204e:	d040      	beq.n	100020d2 <fpow_int2+0xce>
10002050:	f1a1 0320 	sub.w	r3, r1, #32
10002054:	2b1f      	cmp	r3, #31
10002056:	d93f      	bls.n	100020d8 <fpow_int2+0xd4>
10002058:	2100      	movs	r1, #0
1000205a:	f7ff ffd3 	bl	10002004 <fpow_int2>
1000205e:	ee07 0a90 	vmov	s15, r0
10002062:	ee67 7aa7 	vmul.f32	s15, s15, s15
10002066:	f018 0f01 	tst.w	r8, #1
1000206a:	ee67 7aa7 	vmul.f32	s15, s15, s15
1000206e:	d001      	beq.n	10002074 <fpow_int2+0x70>
10002070:	ee67 7a88 	vmul.f32	s15, s15, s16
10002074:	07f8      	lsls	r0, r7, #31
10002076:	ee67 7aa7 	vmul.f32	s15, s15, s15
1000207a:	d501      	bpl.n	10002080 <fpow_int2+0x7c>
1000207c:	ee67 7a88 	vmul.f32	s15, s15, s16
10002080:	07f1      	lsls	r1, r6, #31
10002082:	ee67 7aa7 	vmul.f32	s15, s15, s15
10002086:	d501      	bpl.n	1000208c <fpow_int2+0x88>
10002088:	ee67 7a88 	vmul.f32	s15, s15, s16
1000208c:	07ea      	lsls	r2, r5, #31
1000208e:	ee67 7aa7 	vmul.f32	s15, s15, s15
10002092:	d504      	bpl.n	1000209e <fpow_int2+0x9a>
10002094:	ee67 7a88 	vmul.f32	s15, s15, s16
10002098:	e001      	b.n	1000209e <fpow_int2+0x9a>
1000209a:	eef0 7a48 	vmov.f32	s15, s16
1000209e:	07e3      	lsls	r3, r4, #31
100020a0:	ee67 7aa7 	vmul.f32	s15, s15, s15
100020a4:	d501      	bpl.n	100020aa <fpow_int2+0xa6>
100020a6:	ee67 7a88 	vmul.f32	s15, s15, s16
100020aa:	ecbd 8b02 	vpop	{d8}
100020ae:	ee17 0a90 	vmov	r0, s15
100020b2:	e8bd 81f0 	ldmia.w	sp!, {r4, r5, r6, r7, r8, pc}
100020b6:	eef0 7a48 	vmov.f32	s15, s16
100020ba:	ecbd 8b02 	vpop	{d8}
100020be:	ee17 0a90 	vmov	r0, s15
100020c2:	e8bd 81f0 	ldmia.w	sp!, {r4, r5, r6, r7, r8, pc}
100020c6:	eef0 7a48 	vmov.f32	s15, s16
100020ca:	e7d9      	b.n	10002080 <fpow_int2+0x7c>
100020cc:	eef0 7a48 	vmov.f32	s15, s16
100020d0:	e7dc      	b.n	1000208c <fpow_int2+0x88>
100020d2:	eef0 7a48 	vmov.f32	s15, s16
100020d6:	e7cd      	b.n	10002074 <fpow_int2+0x70>
100020d8:	eef0 7a48 	vmov.f32	s15, s16
100020dc:	e7c3      	b.n	10002066 <fpow_int2+0x62>
100020de:	bf00      	nop

100020e0 <_out_null>:
100020e0:	4770      	bx	lr
100020e2:	bf00      	nop

100020e4 <_out_fct>:
100020e4:	b110      	cbz	r0, 100020ec <_out_fct+0x8>
100020e6:	e9d1 3100 	ldrd	r3, r1, [r1]
100020ea:	4718      	bx	r3
100020ec:	4770      	bx	lr
100020ee:	bf00      	nop

100020f0 <_out_rev>:
100020f0:	e92d 4ff0 	stmdb	sp!, {r4, r5, r6, r7, r8, r9, sl, fp, lr}
100020f4:	b083      	sub	sp, #12
100020f6:	4699      	mov	r9, r3
100020f8:	e9dd ab0d 	ldrd	sl, fp, [sp, #52]	@ 0x34
100020fc:	9b0f      	ldr	r3, [sp, #60]	@ 0x3c
100020fe:	4688      	mov	r8, r1
10002100:	4611      	mov	r1, r2
10002102:	079a      	lsls	r2, r3, #30
10002104:	4607      	mov	r7, r0
10002106:	d116      	bne.n	10002136 <_out_rev+0x46>
10002108:	45da      	cmp	sl, fp
1000210a:	d23a      	bcs.n	10002182 <_out_rev+0x92>
1000210c:	460c      	mov	r4, r1
1000210e:	460d      	mov	r5, r1
10002110:	ebab 060a 	sub.w	r6, fp, sl
10002114:	440e      	add	r6, r1
10002116:	4622      	mov	r2, r4
10002118:	464b      	mov	r3, r9
1000211a:	4641      	mov	r1, r8
1000211c:	2020      	movs	r0, #32
1000211e:	3401      	adds	r4, #1
10002120:	47b8      	blx	r7
10002122:	42b4      	cmp	r4, r6
10002124:	d1f7      	bne.n	10002116 <_out_rev+0x26>
10002126:	4629      	mov	r1, r5
10002128:	f1ba 0f00 	cmp.w	sl, #0
1000212c:	d108      	bne.n	10002140 <_out_rev+0x50>
1000212e:	4620      	mov	r0, r4
10002130:	b003      	add	sp, #12
10002132:	e8bd 8ff0 	ldmia.w	sp!, {r4, r5, r6, r7, r8, r9, sl, fp, pc}
10002136:	460c      	mov	r4, r1
10002138:	f1ba 0f00 	cmp.w	sl, #0
1000213c:	d010      	beq.n	10002160 <_out_rev+0x70>
1000213e:	460e      	mov	r6, r1
10002140:	4655      	mov	r5, sl
10002142:	9b0c      	ldr	r3, [sp, #48]	@ 0x30
10002144:	442e      	add	r6, r5
10002146:	449a      	add	sl, r3
10002148:	9101      	str	r1, [sp, #4]
1000214a:	1b72      	subs	r2, r6, r5
1000214c:	464b      	mov	r3, r9
1000214e:	3d01      	subs	r5, #1
10002150:	4641      	mov	r1, r8
10002152:	f81a 0d01 	ldrb.w	r0, [sl, #-1]!
10002156:	4634      	mov	r4, r6
10002158:	47b8      	blx	r7
1000215a:	2d00      	cmp	r5, #0
1000215c:	d1f5      	bne.n	1000214a <_out_rev+0x5a>
1000215e:	9901      	ldr	r1, [sp, #4]
10002160:	9b0f      	ldr	r3, [sp, #60]	@ 0x3c
10002162:	079b      	lsls	r3, r3, #30
10002164:	d5e3      	bpl.n	1000212e <_out_rev+0x3e>
10002166:	1a65      	subs	r5, r4, r1
10002168:	45ab      	cmp	fp, r5
1000216a:	d9e0      	bls.n	1000212e <_out_rev+0x3e>
1000216c:	4622      	mov	r2, r4
1000216e:	464b      	mov	r3, r9
10002170:	4641      	mov	r1, r8
10002172:	2020      	movs	r0, #32
10002174:	3501      	adds	r5, #1
10002176:	47b8      	blx	r7
10002178:	45ab      	cmp	fp, r5
1000217a:	f104 0401 	add.w	r4, r4, #1
1000217e:	d8f5      	bhi.n	1000216c <_out_rev+0x7c>
10002180:	e7d5      	b.n	1000212e <_out_rev+0x3e>
10002182:	f1ba 0f00 	cmp.w	sl, #0
10002186:	d1da      	bne.n	1000213e <_out_rev+0x4e>
10002188:	460c      	mov	r4, r1
1000218a:	e7d0      	b.n	1000212e <_out_rev+0x3e>

1000218c <_ntoa_format>:
1000218c:	e92d 4ff0 	stmdb	sp!, {r4, r5, r6, r7, r8, r9, sl, fp, lr}
10002190:	9f0f      	ldr	r7, [sp, #60]	@ 0x3c
10002192:	f8dd e024 	ldr.w	lr, [sp, #36]	@ 0x24
10002196:	f017 0f02 	tst.w	r7, #2
1000219a:	9c0a      	ldr	r4, [sp, #40]	@ 0x28
1000219c:	f89d 902c 	ldrb.w	r9, [sp, #44]	@ 0x2c
100021a0:	9d0e      	ldr	r5, [sp, #56]	@ 0x38
100021a2:	e9dd 860c 	ldrd	r8, r6, [sp, #48]	@ 0x30
100021a6:	d129      	bne.n	100021fc <_ntoa_format+0x70>
100021a8:	2d00      	cmp	r5, #0
100021aa:	d16d      	bne.n	10002288 <_ntoa_format+0xfc>
100021ac:	42b4      	cmp	r4, r6
100021ae:	d225      	bcs.n	100021fc <_ntoa_format+0x70>
100021b0:	2c20      	cmp	r4, #32
100021b2:	f007 0b01 	and.w	fp, r7, #1
100021b6:	f000 8109 	beq.w	100023cc <_ntoa_format+0x240>
100021ba:	f104 3cff 	add.w	ip, r4, #4294967295
100021be:	f04f 0a30 	mov.w	sl, #48	@ 0x30
100021c2:	44f4      	add	ip, lr
100021c4:	e001      	b.n	100021ca <_ntoa_format+0x3e>
100021c6:	2c20      	cmp	r4, #32
100021c8:	d078      	beq.n	100022bc <_ntoa_format+0x130>
100021ca:	3401      	adds	r4, #1
100021cc:	42a6      	cmp	r6, r4
100021ce:	f80c af01 	strb.w	sl, [ip, #1]!
100021d2:	d8f8      	bhi.n	100021c6 <_ntoa_format+0x3a>
100021d4:	f1bb 0f00 	cmp.w	fp, #0
100021d8:	d010      	beq.n	100021fc <_ntoa_format+0x70>
100021da:	42ac      	cmp	r4, r5
100021dc:	d20e      	bcs.n	100021fc <_ntoa_format+0x70>
100021de:	2c20      	cmp	r4, #32
100021e0:	d072      	beq.n	100022c8 <_ntoa_format+0x13c>
100021e2:	f104 3cff 	add.w	ip, r4, #4294967295
100021e6:	f04f 0a30 	mov.w	sl, #48	@ 0x30
100021ea:	44f4      	add	ip, lr
100021ec:	e001      	b.n	100021f2 <_ntoa_format+0x66>
100021ee:	2c20      	cmp	r4, #32
100021f0:	d028      	beq.n	10002244 <_ntoa_format+0xb8>
100021f2:	3401      	adds	r4, #1
100021f4:	42ac      	cmp	r4, r5
100021f6:	f80c af01 	strb.w	sl, [ip, #1]!
100021fa:	d1f8      	bne.n	100021ee <_ntoa_format+0x62>
100021fc:	f017 0f10 	tst.w	r7, #16
10002200:	d039      	beq.n	10002276 <_ntoa_format+0xea>
10002202:	f417 6f80 	tst.w	r7, #1024	@ 0x400
10002206:	d127      	bne.n	10002258 <_ntoa_format+0xcc>
10002208:	bb14      	cbnz	r4, 10002250 <_ntoa_format+0xc4>
1000220a:	f1b8 0f10 	cmp.w	r8, #16
1000220e:	f000 80c6 	beq.w	1000239e <_ntoa_format+0x212>
10002212:	f1b8 0f02 	cmp.w	r8, #2
10002216:	f000 80cb 	beq.w	100023b0 <_ntoa_format+0x224>
1000221a:	2430      	movs	r4, #48	@ 0x30
1000221c:	f88e 4000 	strb.w	r4, [lr]
10002220:	2401      	movs	r4, #1
10002222:	f1b9 0f00 	cmp.w	r9, #0
10002226:	d165      	bne.n	100022f4 <_ntoa_format+0x168>
10002228:	077e      	lsls	r6, r7, #29
1000222a:	f140 80a6 	bpl.w	1000237a <_ntoa_format+0x1ee>
1000222e:	262b      	movs	r6, #43	@ 0x2b
10002230:	f80e 6004 	strb.w	r6, [lr, r4]
10002234:	3401      	adds	r4, #1
10002236:	e9cd 570b 	strd	r5, r7, [sp, #44]	@ 0x2c
1000223a:	e9cd e409 	strd	lr, r4, [sp, #36]	@ 0x24
1000223e:	e8bd 4ff0 	ldmia.w	sp!, {r4, r5, r6, r7, r8, r9, sl, fp, lr}
10002242:	e755      	b.n	100020f0 <_out_rev>
10002244:	06fc      	lsls	r4, r7, #27
10002246:	f140 8087 	bpl.w	10002358 <_ntoa_format+0x1cc>
1000224a:	057c      	lsls	r4, r7, #21
1000224c:	d434      	bmi.n	100022b8 <_ntoa_format+0x12c>
1000224e:	2420      	movs	r4, #32
10002250:	42a6      	cmp	r6, r4
10002252:	d068      	beq.n	10002326 <_ntoa_format+0x19a>
10002254:	42ac      	cmp	r4, r5
10002256:	d066      	beq.n	10002326 <_ntoa_format+0x19a>
10002258:	f1b8 0f10 	cmp.w	r8, #16
1000225c:	f000 8084 	beq.w	10002368 <_ntoa_format+0x1dc>
10002260:	f1b8 0f02 	cmp.w	r8, #2
10002264:	d058      	beq.n	10002318 <_ntoa_format+0x18c>
10002266:	2c20      	cmp	r4, #32
10002268:	d0e5      	beq.n	10002236 <_ntoa_format+0xaa>
1000226a:	4626      	mov	r6, r4
1000226c:	3401      	adds	r4, #1
1000226e:	f04f 0c30 	mov.w	ip, #48	@ 0x30
10002272:	f80e c006 	strb.w	ip, [lr, r6]
10002276:	2c20      	cmp	r4, #32
10002278:	d1d3      	bne.n	10002222 <_ntoa_format+0x96>
1000227a:	e9cd 570b 	strd	r5, r7, [sp, #44]	@ 0x2c
1000227e:	e9cd e409 	strd	lr, r4, [sp, #36]	@ 0x24
10002282:	e8bd 4ff0 	ldmia.w	sp!, {r4, r5, r6, r7, r8, r9, sl, fp, lr}
10002286:	e733      	b.n	100020f0 <_out_rev>
10002288:	f017 0b01 	ands.w	fp, r7, #1
1000228c:	d03d      	beq.n	1000230a <_ntoa_format+0x17e>
1000228e:	f1b9 0f00 	cmp.w	r9, #0
10002292:	d146      	bne.n	10002322 <_ntoa_format+0x196>
10002294:	f017 0f0c 	tst.w	r7, #12
10002298:	d143      	bne.n	10002322 <_ntoa_format+0x196>
1000229a:	42b4      	cmp	r4, r6
1000229c:	d29d      	bcs.n	100021da <_ntoa_format+0x4e>
1000229e:	2c20      	cmp	r4, #32
100022a0:	d18b      	bne.n	100021ba <_ntoa_format+0x2e>
100022a2:	2d20      	cmp	r5, #32
100022a4:	d810      	bhi.n	100022c8 <_ntoa_format+0x13c>
100022a6:	06fc      	lsls	r4, r7, #27
100022a8:	d556      	bpl.n	10002358 <_ntoa_format+0x1cc>
100022aa:	057c      	lsls	r4, r7, #21
100022ac:	d454      	bmi.n	10002358 <_ntoa_format+0x1cc>
100022ae:	2e20      	cmp	r6, #32
100022b0:	f000 80bc 	beq.w	1000242c <_ntoa_format+0x2a0>
100022b4:	2d20      	cmp	r5, #32
100022b6:	d010      	beq.n	100022da <_ntoa_format+0x14e>
100022b8:	2420      	movs	r4, #32
100022ba:	e7cd      	b.n	10002258 <_ntoa_format+0xcc>
100022bc:	f1bb 0f00 	cmp.w	fp, #0
100022c0:	f000 80a8 	beq.w	10002414 <_ntoa_format+0x288>
100022c4:	2d20      	cmp	r5, #32
100022c6:	d9bd      	bls.n	10002244 <_ntoa_format+0xb8>
100022c8:	06fc      	lsls	r4, r7, #27
100022ca:	d545      	bpl.n	10002358 <_ntoa_format+0x1cc>
100022cc:	057c      	lsls	r4, r7, #21
100022ce:	d443      	bmi.n	10002358 <_ntoa_format+0x1cc>
100022d0:	2e20      	cmp	r6, #32
100022d2:	f000 80ab 	beq.w	1000242c <_ntoa_format+0x2a0>
100022d6:	2d20      	cmp	r5, #32
100022d8:	d13e      	bne.n	10002358 <_ntoa_format+0x1cc>
100022da:	462c      	mov	r4, r5
100022dc:	261f      	movs	r6, #31
100022de:	f1b8 0f10 	cmp.w	r8, #16
100022e2:	d078      	beq.n	100023d6 <_ntoa_format+0x24a>
100022e4:	f1b8 0f02 	cmp.w	r8, #2
100022e8:	d1c1      	bne.n	1000226e <_ntoa_format+0xe2>
100022ea:	f04f 0c62 	mov.w	ip, #98	@ 0x62
100022ee:	f80e c006 	strb.w	ip, [lr, r6]
100022f2:	e7b8      	b.n	10002266 <_ntoa_format+0xda>
100022f4:	262d      	movs	r6, #45	@ 0x2d
100022f6:	f80e 6004 	strb.w	r6, [lr, r4]
100022fa:	3401      	adds	r4, #1
100022fc:	e9cd 570b 	strd	r5, r7, [sp, #44]	@ 0x2c
10002300:	e9cd e409 	strd	lr, r4, [sp, #36]	@ 0x24
10002304:	e8bd 4ff0 	ldmia.w	sp!, {r4, r5, r6, r7, r8, r9, sl, fp, lr}
10002308:	e6f2      	b.n	100020f0 <_out_rev>
1000230a:	42b4      	cmp	r4, r6
1000230c:	f4bf af76 	bcs.w	100021fc <_ntoa_format+0x70>
10002310:	2c20      	cmp	r4, #32
10002312:	f47f af52 	bne.w	100021ba <_ntoa_format+0x2e>
10002316:	e7d7      	b.n	100022c8 <_ntoa_format+0x13c>
10002318:	2c20      	cmp	r4, #32
1000231a:	d08c      	beq.n	10002236 <_ntoa_format+0xaa>
1000231c:	4626      	mov	r6, r4
1000231e:	3401      	adds	r4, #1
10002320:	e7e3      	b.n	100022ea <_ntoa_format+0x15e>
10002322:	3d01      	subs	r5, #1
10002324:	e7b9      	b.n	1000229a <_ntoa_format+0x10e>
10002326:	1e66      	subs	r6, r4, #1
10002328:	d1d9      	bne.n	100022de <_ntoa_format+0x152>
1000232a:	f1b8 0f10 	cmp.w	r8, #16
1000232e:	d05e      	beq.n	100023ee <_ntoa_format+0x262>
10002330:	f1b8 0f02 	cmp.w	r8, #2
10002334:	f47f af71 	bne.w	1000221a <_ntoa_format+0x8e>
10002338:	2462      	movs	r4, #98	@ 0x62
1000233a:	f88e 4000 	strb.w	r4, [lr]
1000233e:	2430      	movs	r4, #48	@ 0x30
10002340:	f88e 4001 	strb.w	r4, [lr, #1]
10002344:	2402      	movs	r4, #2
10002346:	f1b9 0f00 	cmp.w	r9, #0
1000234a:	f43f af6d 	beq.w	10002228 <_ntoa_format+0x9c>
1000234e:	e7d1      	b.n	100022f4 <_ntoa_format+0x168>
10002350:	f1b8 0f10 	cmp.w	r8, #16
10002354:	f47f af6f 	bne.w	10002236 <_ntoa_format+0xaa>
10002358:	2420      	movs	r4, #32
1000235a:	e9cd 570b 	strd	r5, r7, [sp, #44]	@ 0x2c
1000235e:	e9cd e409 	strd	lr, r4, [sp, #36]	@ 0x24
10002362:	e8bd 4ff0 	ldmia.w	sp!, {r4, r5, r6, r7, r8, r9, sl, fp, lr}
10002366:	e6c3      	b.n	100020f0 <_out_rev>
10002368:	06be      	lsls	r6, r7, #26
1000236a:	d40e      	bmi.n	1000238a <_ntoa_format+0x1fe>
1000236c:	2c20      	cmp	r4, #32
1000236e:	d0f3      	beq.n	10002358 <_ntoa_format+0x1cc>
10002370:	2678      	movs	r6, #120	@ 0x78
10002372:	f80e 6004 	strb.w	r6, [lr, r4]
10002376:	3401      	adds	r4, #1
10002378:	e775      	b.n	10002266 <_ntoa_format+0xda>
1000237a:	073e      	lsls	r6, r7, #28
1000237c:	f57f af5b 	bpl.w	10002236 <_ntoa_format+0xaa>
10002380:	2620      	movs	r6, #32
10002382:	f80e 6004 	strb.w	r6, [lr, r4]
10002386:	3401      	adds	r4, #1
10002388:	e755      	b.n	10002236 <_ntoa_format+0xaa>
1000238a:	2c20      	cmp	r4, #32
1000238c:	d0e4      	beq.n	10002358 <_ntoa_format+0x1cc>
1000238e:	f04f 0c58 	mov.w	ip, #88	@ 0x58
10002392:	eb0e 0604 	add.w	r6, lr, r4
10002396:	f886 c000 	strb.w	ip, [r6]
1000239a:	3401      	adds	r4, #1
1000239c:	e763      	b.n	10002266 <_ntoa_format+0xda>
1000239e:	06bc      	lsls	r4, r7, #26
100023a0:	d512      	bpl.n	100023c8 <_ntoa_format+0x23c>
100023a2:	2458      	movs	r4, #88	@ 0x58
100023a4:	f88e 4000 	strb.w	r4, [lr]
100023a8:	2430      	movs	r4, #48	@ 0x30
100023aa:	f88e 4001 	strb.w	r4, [lr, #1]
100023ae:	e7c9      	b.n	10002344 <_ntoa_format+0x1b8>
100023b0:	2662      	movs	r6, #98	@ 0x62
100023b2:	f88e 6000 	strb.w	r6, [lr]
100023b6:	2630      	movs	r6, #48	@ 0x30
100023b8:	4644      	mov	r4, r8
100023ba:	f88e 6001 	strb.w	r6, [lr, #1]
100023be:	f1b9 0f00 	cmp.w	r9, #0
100023c2:	f43f af31 	beq.w	10002228 <_ntoa_format+0x9c>
100023c6:	e795      	b.n	100022f4 <_ntoa_format+0x168>
100023c8:	2478      	movs	r4, #120	@ 0x78
100023ca:	e7b6      	b.n	1000233a <_ntoa_format+0x1ae>
100023cc:	f1bb 0f00 	cmp.w	fp, #0
100023d0:	f47f af69 	bne.w	100022a6 <_ntoa_format+0x11a>
100023d4:	e778      	b.n	100022c8 <_ntoa_format+0x13c>
100023d6:	f017 0f20 	tst.w	r7, #32
100023da:	f1a4 0602 	sub.w	r6, r4, #2
100023de:	f104 34ff 	add.w	r4, r4, #4294967295
100023e2:	d012      	beq.n	1000240a <_ntoa_format+0x27e>
100023e4:	f04f 0c58 	mov.w	ip, #88	@ 0x58
100023e8:	f80e c006 	strb.w	ip, [lr, r6]
100023ec:	e73d      	b.n	1000226a <_ntoa_format+0xde>
100023ee:	06be      	lsls	r6, r7, #26
100023f0:	d5ea      	bpl.n	100023c8 <_ntoa_format+0x23c>
100023f2:	2458      	movs	r4, #88	@ 0x58
100023f4:	f88e 4000 	strb.w	r4, [lr]
100023f8:	2430      	movs	r4, #48	@ 0x30
100023fa:	f88e 4001 	strb.w	r4, [lr, #1]
100023fe:	2402      	movs	r4, #2
10002400:	f1b9 0f00 	cmp.w	r9, #0
10002404:	f43f af10 	beq.w	10002228 <_ntoa_format+0x9c>
10002408:	e774      	b.n	100022f4 <_ntoa_format+0x168>
1000240a:	f04f 0c78 	mov.w	ip, #120	@ 0x78
1000240e:	f80e c006 	strb.w	ip, [lr, r6]
10002412:	e72a      	b.n	1000226a <_ntoa_format+0xde>
10002414:	f017 0f10 	tst.w	r7, #16
10002418:	f43f af0d 	beq.w	10002236 <_ntoa_format+0xaa>
1000241c:	f417 6f80 	tst.w	r7, #1024	@ 0x400
10002420:	d196      	bne.n	10002350 <_ntoa_format+0x1c4>
10002422:	2e20      	cmp	r6, #32
10002424:	f47f af16 	bne.w	10002254 <_ntoa_format+0xc8>
10002428:	261f      	movs	r6, #31
1000242a:	e758      	b.n	100022de <_ntoa_format+0x152>
1000242c:	4634      	mov	r4, r6
1000242e:	261f      	movs	r6, #31
10002430:	e755      	b.n	100022de <_ntoa_format+0x152>
10002432:	bf00      	nop

10002434 <_etoa>:
10002434:	e92d 4ff0 	stmdb	sp!, {r4, r5, r6, r7, r8, r9, sl, fp, lr}
10002438:	b09d      	sub	sp, #116	@ 0x74
1000243a:	9c2a      	ldr	r4, [sp, #168]	@ 0xa8
1000243c:	e9cd 320a 	strd	r3, r2, [sp, #40]	@ 0x28
10002440:	e9dd 8326 	ldrd	r8, r3, [sp, #152]	@ 0x98
10002444:	f414 6580 	ands.w	r5, r4, #1024	@ 0x400
10002448:	950e      	str	r5, [sp, #56]	@ 0x38
1000244a:	9d28      	ldr	r5, [sp, #160]	@ 0xa0
1000244c:	bf08      	it	eq
1000244e:	2506      	moveq	r5, #6
10002450:	f023 4900 	bic.w	r9, r3, #2147483648	@ 0x80000000
10002454:	f404 6700 	and.w	r7, r4, #2048	@ 0x800
10002458:	ea58 0309 	orrs.w	r3, r8, r9
1000245c:	4682      	mov	sl, r0
1000245e:	468b      	mov	fp, r1
10002460:	9528      	str	r5, [sp, #160]	@ 0xa0
10002462:	9709      	str	r7, [sp, #36]	@ 0x24
10002464:	f040 8090 	bne.w	10002588 <_etoa+0x154>
10002468:	2f00      	cmp	r7, #0
1000246a:	f040 81a5 	bne.w	100027b8 <_etoa+0x384>
1000246e:	ed9f 7bb8 	vldr	d7, [pc, #736]	@ 10002750 <_etoa+0x31c>
10002472:	463d      	mov	r5, r7
10002474:	ed8d 7b0c 	vstr	d7, [sp, #48]	@ 0x30
10002478:	2704      	movs	r7, #4
1000247a:	9b29      	ldr	r3, [sp, #164]	@ 0xa4
1000247c:	429f      	cmp	r7, r3
1000247e:	bf2c      	ite	cs
10002480:	2300      	movcs	r3, #0
10002482:	1bdb      	subcc	r3, r3, r7
10002484:	f014 0602 	ands.w	r6, r4, #2
10002488:	9309      	str	r3, [sp, #36]	@ 0x24
1000248a:	d004      	beq.n	10002496 <_etoa+0x62>
1000248c:	2f00      	cmp	r7, #0
1000248e:	9b09      	ldr	r3, [sp, #36]	@ 0x24
10002490:	bf18      	it	ne
10002492:	2300      	movne	r3, #0
10002494:	9309      	str	r3, [sp, #36]	@ 0x24
10002496:	b13d      	cbz	r5, 100024a8 <_etoa+0x74>
10002498:	e9dd 230c 	ldrd	r2, r3, [sp, #48]	@ 0x30
1000249c:	4640      	mov	r0, r8
1000249e:	4649      	mov	r1, r9
100024a0:	f006 fe3e 	bl	10009120 <__wrap___aeabi_ddiv>
100024a4:	4680      	mov	r8, r0
100024a6:	4689      	mov	r9, r1
100024a8:	e9dd 0126 	ldrd	r0, r1, [sp, #152]	@ 0x98
100024ac:	2200      	movs	r2, #0
100024ae:	2300      	movs	r3, #0
100024b0:	f006 feec 	bl	1000928c <__wrap___aeabi_dcmplt>
100024b4:	b110      	cbz	r0, 100024bc <_etoa+0x88>
100024b6:	f109 4300 	add.w	r3, r9, #2147483648	@ 0x80000000
100024ba:	4699      	mov	r9, r3
100024bc:	9b09      	ldr	r3, [sp, #36]	@ 0x24
100024be:	e9cd 8900 	strd	r8, r9, [sp]
100024c2:	9303      	str	r3, [sp, #12]
100024c4:	9b28      	ldr	r3, [sp, #160]	@ 0xa0
100024c6:	f8dd 9028 	ldr.w	r9, [sp, #40]	@ 0x28
100024ca:	9302      	str	r3, [sp, #8]
100024cc:	f424 6300 	bic.w	r3, r4, #2048	@ 0x800
100024d0:	9304      	str	r3, [sp, #16]
100024d2:	4659      	mov	r1, fp
100024d4:	464b      	mov	r3, r9
100024d6:	4650      	mov	r0, sl
100024d8:	9a0b      	ldr	r2, [sp, #44]	@ 0x2c
100024da:	f000 f991 	bl	10002800 <_ftoa>
100024de:	4680      	mov	r8, r0
100024e0:	2f00      	cmp	r7, #0
100024e2:	d04d      	beq.n	10002580 <_etoa+0x14c>
100024e4:	f014 0f20 	tst.w	r4, #32
100024e8:	4602      	mov	r2, r0
100024ea:	f100 0801 	add.w	r8, r0, #1
100024ee:	464b      	mov	r3, r9
100024f0:	4659      	mov	r1, fp
100024f2:	bf0c      	ite	eq
100024f4:	2065      	moveq	r0, #101	@ 0x65
100024f6:	2045      	movne	r0, #69	@ 0x45
100024f8:	47d0      	blx	sl
100024fa:	ea85 73e5 	eor.w	r3, r5, r5, asr #31
100024fe:	eba3 73e5 	sub.w	r3, r3, r5, asr #31
10002502:	ac14      	add	r4, sp, #80	@ 0x50
10002504:	2200      	movs	r2, #0
10002506:	4620      	mov	r0, r4
10002508:	4699      	mov	r9, r3
1000250a:	f8df c2a8 	ldr.w	ip, [pc, #680]	@ 100027b4 <_etoa+0x380>
1000250e:	1e79      	subs	r1, r7, #1
10002510:	0fed      	lsrs	r5, r5, #31
10002512:	e001      	b.n	10002518 <_etoa+0xe4>
10002514:	2a20      	cmp	r2, #32
10002516:	d010      	beq.n	1000253a <_etoa+0x106>
10002518:	46ce      	mov	lr, r9
1000251a:	fbac 3709 	umull	r3, r7, ip, r9
1000251e:	08ff      	lsrs	r7, r7, #3
10002520:	eb07 0387 	add.w	r3, r7, r7, lsl #2
10002524:	eba9 0343 	sub.w	r3, r9, r3, lsl #1
10002528:	3330      	adds	r3, #48	@ 0x30
1000252a:	f1be 0f09 	cmp.w	lr, #9
1000252e:	46b9      	mov	r9, r7
10002530:	f102 0201 	add.w	r2, r2, #1
10002534:	f800 3b01 	strb.w	r3, [r0], #1
10002538:	d8ec      	bhi.n	10002514 <_etoa+0xe0>
1000253a:	2305      	movs	r3, #5
1000253c:	2000      	movs	r0, #0
1000253e:	9306      	str	r3, [sp, #24]
10002540:	230a      	movs	r3, #10
10002542:	e9cd 2501 	strd	r2, r5, [sp, #4]
10002546:	9d0a      	ldr	r5, [sp, #40]	@ 0x28
10002548:	e9cd 3003 	strd	r3, r0, [sp, #12]
1000254c:	4642      	mov	r2, r8
1000254e:	9105      	str	r1, [sp, #20]
10002550:	462b      	mov	r3, r5
10002552:	4659      	mov	r1, fp
10002554:	4650      	mov	r0, sl
10002556:	9400      	str	r4, [sp, #0]
10002558:	f7ff fe18 	bl	1000218c <_ntoa_format>
1000255c:	4680      	mov	r8, r0
1000255e:	b17e      	cbz	r6, 10002580 <_etoa+0x14c>
10002560:	9a0b      	ldr	r2, [sp, #44]	@ 0x2c
10002562:	1a84      	subs	r4, r0, r2
10002564:	9a29      	ldr	r2, [sp, #164]	@ 0xa4
10002566:	42a2      	cmp	r2, r4
10002568:	d90a      	bls.n	10002580 <_etoa+0x14c>
1000256a:	4616      	mov	r6, r2
1000256c:	4642      	mov	r2, r8
1000256e:	462b      	mov	r3, r5
10002570:	4659      	mov	r1, fp
10002572:	2020      	movs	r0, #32
10002574:	3401      	adds	r4, #1
10002576:	47d0      	blx	sl
10002578:	42a6      	cmp	r6, r4
1000257a:	f108 0801 	add.w	r8, r8, #1
1000257e:	d8f5      	bhi.n	1000256c <_etoa+0x138>
10002580:	4640      	mov	r0, r8
10002582:	b01d      	add	sp, #116	@ 0x74
10002584:	e8bd 8ff0 	ldmia.w	sp!, {r4, r5, r6, r7, r8, r9, sl, fp, pc}
10002588:	f3c9 500a 	ubfx	r0, r9, #20, #11
1000258c:	f2a0 30ff 	subw	r0, r0, #1023	@ 0x3ff
10002590:	f006 fe22 	bl	100091d8 <__wrap___aeabi_i2d>
10002594:	a385      	add	r3, pc, #532	@ (adr r3, 100027ac <_etoa+0x378>)
10002596:	e9d3 2300 	ldrd	r2, r3, [r3]
1000259a:	f006 fd9b 	bl	100090d4 <__wrap___aeabi_dmul>
1000259e:	f3c9 0313 	ubfx	r3, r9, #0, #20
100025a2:	460f      	mov	r7, r1
100025a4:	f043 517f 	orr.w	r1, r3, #1069547520	@ 0x3fc00000
100025a8:	4606      	mov	r6, r0
100025aa:	2200      	movs	r2, #0
100025ac:	4b7a      	ldr	r3, [pc, #488]	@ (10002798 <_etoa+0x364>)
100025ae:	4640      	mov	r0, r8
100025b0:	f441 1140 	orr.w	r1, r1, #3145728	@ 0x300000
100025b4:	f006 fd7a 	bl	100090ac <__wrap___aeabi_dsub>
100025b8:	a367      	add	r3, pc, #412	@ (adr r3, 10002758 <_etoa+0x324>)
100025ba:	e9d3 2300 	ldrd	r2, r3, [r3]
100025be:	f006 fd89 	bl	100090d4 <__wrap___aeabi_dmul>
100025c2:	a367      	add	r3, pc, #412	@ (adr r3, 10002760 <_etoa+0x32c>)
100025c4:	e9d3 2300 	ldrd	r2, r3, [r3]
100025c8:	f006 fd5c 	bl	10009084 <__wrap___aeabi_dadd>
100025cc:	4602      	mov	r2, r0
100025ce:	460b      	mov	r3, r1
100025d0:	4630      	mov	r0, r6
100025d2:	4639      	mov	r1, r7
100025d4:	f006 fd56 	bl	10009084 <__wrap___aeabi_dadd>
100025d8:	f006 fe22 	bl	10009220 <__wrap___aeabi_d2iz>
100025dc:	4605      	mov	r5, r0
100025de:	f006 fdfb 	bl	100091d8 <__wrap___aeabi_i2d>
100025e2:	a361      	add	r3, pc, #388	@ (adr r3, 10002768 <_etoa+0x334>)
100025e4:	e9d3 2300 	ldrd	r2, r3, [r3]
100025e8:	4606      	mov	r6, r0
100025ea:	460f      	mov	r7, r1
100025ec:	f006 fd72 	bl	100090d4 <__wrap___aeabi_dmul>
100025f0:	2200      	movs	r2, #0
100025f2:	4b6a      	ldr	r3, [pc, #424]	@ (1000279c <_etoa+0x368>)
100025f4:	f006 fd46 	bl	10009084 <__wrap___aeabi_dadd>
100025f8:	f006 fe12 	bl	10009220 <__wrap___aeabi_d2iz>
100025fc:	4603      	mov	r3, r0
100025fe:	4639      	mov	r1, r7
10002600:	4630      	mov	r0, r6
10002602:	461e      	mov	r6, r3
10002604:	a35a      	add	r3, pc, #360	@ (adr r3, 10002770 <_etoa+0x33c>)
10002606:	e9d3 2300 	ldrd	r2, r3, [r3]
1000260a:	f006 fd63 	bl	100090d4 <__wrap___aeabi_dmul>
1000260e:	e9cd 010c 	strd	r0, r1, [sp, #48]	@ 0x30
10002612:	4630      	mov	r0, r6
10002614:	960f      	str	r6, [sp, #60]	@ 0x3c
10002616:	f006 fddf 	bl	100091d8 <__wrap___aeabi_i2d>
1000261a:	a357      	add	r3, pc, #348	@ (adr r3, 10002778 <_etoa+0x344>)
1000261c:	e9d3 2300 	ldrd	r2, r3, [r3]
10002620:	f006 fd58 	bl	100090d4 <__wrap___aeabi_dmul>
10002624:	4606      	mov	r6, r0
10002626:	460f      	mov	r7, r1
10002628:	e9dd 010c 	ldrd	r0, r1, [sp, #48]	@ 0x30
1000262c:	4632      	mov	r2, r6
1000262e:	463b      	mov	r3, r7
10002630:	e9cd 6710 	strd	r6, r7, [sp, #64]	@ 0x40
10002634:	f006 fd3a 	bl	100090ac <__wrap___aeabi_dsub>
10002638:	4606      	mov	r6, r0
1000263a:	460f      	mov	r7, r1
1000263c:	4602      	mov	r2, r0
1000263e:	460b      	mov	r3, r1
10002640:	e9cd 6712 	strd	r6, r7, [sp, #72]	@ 0x48
10002644:	f006 fd46 	bl	100090d4 <__wrap___aeabi_dmul>
10002648:	e9dd 2312 	ldrd	r2, r3, [sp, #72]	@ 0x48
1000264c:	4606      	mov	r6, r0
1000264e:	460f      	mov	r7, r1
10002650:	4610      	mov	r0, r2
10002652:	4619      	mov	r1, r3
10002654:	f006 fd16 	bl	10009084 <__wrap___aeabi_dadd>
10002658:	a349      	add	r3, pc, #292	@ (adr r3, 10002780 <_etoa+0x34c>)
1000265a:	e9d3 2300 	ldrd	r2, r3, [r3]
1000265e:	e9cd 0112 	strd	r0, r1, [sp, #72]	@ 0x48
10002662:	4630      	mov	r0, r6
10002664:	4639      	mov	r1, r7
10002666:	f006 fd35 	bl	100090d4 <__wrap___aeabi_dmul>
1000266a:	2200      	movs	r2, #0
1000266c:	4b4c      	ldr	r3, [pc, #304]	@ (100027a0 <_etoa+0x36c>)
1000266e:	f006 fd09 	bl	10009084 <__wrap___aeabi_dadd>
10002672:	4602      	mov	r2, r0
10002674:	460b      	mov	r3, r1
10002676:	4630      	mov	r0, r6
10002678:	4639      	mov	r1, r7
1000267a:	f006 fd51 	bl	10009120 <__wrap___aeabi_ddiv>
1000267e:	2200      	movs	r2, #0
10002680:	4b48      	ldr	r3, [pc, #288]	@ (100027a4 <_etoa+0x370>)
10002682:	f006 fcff 	bl	10009084 <__wrap___aeabi_dadd>
10002686:	4602      	mov	r2, r0
10002688:	460b      	mov	r3, r1
1000268a:	4630      	mov	r0, r6
1000268c:	4639      	mov	r1, r7
1000268e:	f006 fd47 	bl	10009120 <__wrap___aeabi_ddiv>
10002692:	e9dd 230c 	ldrd	r2, r3, [sp, #48]	@ 0x30
10002696:	4606      	mov	r6, r0
10002698:	460f      	mov	r7, r1
1000269a:	2000      	movs	r0, #0
1000269c:	f04f 4180 	mov.w	r1, #1073741824	@ 0x40000000
100026a0:	f006 fd04 	bl	100090ac <__wrap___aeabi_dsub>
100026a4:	e9dd 2310 	ldrd	r2, r3, [sp, #64]	@ 0x40
100026a8:	f006 fcec 	bl	10009084 <__wrap___aeabi_dadd>
100026ac:	4602      	mov	r2, r0
100026ae:	460b      	mov	r3, r1
100026b0:	4630      	mov	r0, r6
100026b2:	4639      	mov	r1, r7
100026b4:	f006 fce6 	bl	10009084 <__wrap___aeabi_dadd>
100026b8:	4602      	mov	r2, r0
100026ba:	460b      	mov	r3, r1
100026bc:	e9dd 0112 	ldrd	r0, r1, [sp, #72]	@ 0x48
100026c0:	f006 fd2e 	bl	10009120 <__wrap___aeabi_ddiv>
100026c4:	2200      	movs	r2, #0
100026c6:	4b38      	ldr	r3, [pc, #224]	@ (100027a8 <_etoa+0x374>)
100026c8:	f006 fcdc 	bl	10009084 <__wrap___aeabi_dadd>
100026cc:	9b0f      	ldr	r3, [sp, #60]	@ 0x3c
100026ce:	2200      	movs	r2, #0
100026d0:	f203 36ff 	addw	r6, r3, #1023	@ 0x3ff
100026d4:	0533      	lsls	r3, r6, #20
100026d6:	f006 fcfd 	bl	100090d4 <__wrap___aeabi_dmul>
100026da:	4606      	mov	r6, r0
100026dc:	460f      	mov	r7, r1
100026de:	4642      	mov	r2, r8
100026e0:	464b      	mov	r3, r9
100026e2:	e9cd 670c 	strd	r6, r7, [sp, #48]	@ 0x30
100026e6:	f006 fdf9 	bl	100092dc <__wrap___aeabi_dcmpgt>
100026ea:	bb10      	cbnz	r0, 10002732 <_etoa+0x2fe>
100026ec:	4633      	mov	r3, r6
100026ee:	4639      	mov	r1, r7
100026f0:	f105 0263 	add.w	r2, r5, #99	@ 0x63
100026f4:	2ac6      	cmp	r2, #198	@ 0xc6
100026f6:	9a09      	ldr	r2, [sp, #36]	@ 0x24
100026f8:	bf8c      	ite	hi
100026fa:	2705      	movhi	r7, #5
100026fc:	2704      	movls	r7, #4
100026fe:	2a00      	cmp	r2, #0
10002700:	f43f aebb 	beq.w	1000247a <_etoa+0x46>
10002704:	430b      	orrs	r3, r1
10002706:	d05c      	beq.n	100027c2 <_etoa+0x38e>
10002708:	a31f      	add	r3, pc, #124	@ (adr r3, 10002788 <_etoa+0x354>)
1000270a:	e9d3 2300 	ldrd	r2, r3, [r3]
1000270e:	4640      	mov	r0, r8
10002710:	4649      	mov	r1, r9
10002712:	f006 fdcf 	bl	100092b4 <__wrap___aeabi_dcmpge>
10002716:	2800      	cmp	r0, #0
10002718:	d160      	bne.n	100027dc <_etoa+0x3a8>
1000271a:	9b28      	ldr	r3, [sp, #160]	@ 0xa0
1000271c:	2b00      	cmp	r3, #0
1000271e:	f43f aeac 	beq.w	1000247a <_etoa+0x46>
10002722:	9b0e      	ldr	r3, [sp, #56]	@ 0x38
10002724:	2b00      	cmp	r3, #0
10002726:	f43f aea8 	beq.w	1000247a <_etoa+0x46>
1000272a:	9b28      	ldr	r3, [sp, #160]	@ 0xa0
1000272c:	3b01      	subs	r3, #1
1000272e:	9328      	str	r3, [sp, #160]	@ 0xa0
10002730:	e6a3      	b.n	1000247a <_etoa+0x46>
10002732:	a317      	add	r3, pc, #92	@ (adr r3, 10002790 <_etoa+0x35c>)
10002734:	e9d3 2300 	ldrd	r2, r3, [r3]
10002738:	4630      	mov	r0, r6
1000273a:	4639      	mov	r1, r7
1000273c:	f006 fcca 	bl	100090d4 <__wrap___aeabi_dmul>
10002740:	460a      	mov	r2, r1
10002742:	4601      	mov	r1, r0
10002744:	4603      	mov	r3, r0
10002746:	e9cd 120c 	strd	r1, r2, [sp, #48]	@ 0x30
1000274a:	3d01      	subs	r5, #1
1000274c:	4611      	mov	r1, r2
1000274e:	e7cf      	b.n	100026f0 <_etoa+0x2bc>
	...
10002758:	636f4361 	.word	0x636f4361
1000275c:	3fd287a7 	.word	0x3fd287a7
10002760:	8b60c8b3 	.word	0x8b60c8b3
10002764:	3fc68a28 	.word	0x3fc68a28
10002768:	0979a371 	.word	0x0979a371
1000276c:	400a934f 	.word	0x400a934f
10002770:	bbb55516 	.word	0xbbb55516
10002774:	40026bb1 	.word	0x40026bb1
10002778:	fefa39ef 	.word	0xfefa39ef
1000277c:	3fe62e42 	.word	0x3fe62e42
10002780:	92492492 	.word	0x92492492
10002784:	3fb24924 	.word	0x3fb24924
10002788:	eb1c432d 	.word	0xeb1c432d
1000278c:	3f1a36e2 	.word	0x3f1a36e2
10002790:	9999999a 	.word	0x9999999a
10002794:	3fb99999 	.word	0x3fb99999
10002798:	3ff80000 	.word	0x3ff80000
1000279c:	3fe00000 	.word	0x3fe00000
100027a0:	40240000 	.word	0x40240000
100027a4:	40180000 	.word	0x40180000
100027a8:	3ff00000 	.word	0x3ff00000
100027ac:	509f79fb 	.word	0x509f79fb
100027b0:	3fd34413 	.word	0x3fd34413
100027b4:	cccccccd 	.word	0xcccccccd
100027b8:	ed9f 7b0d 	vldr	d7, [pc, #52]	@ 100027f0 <_etoa+0x3bc>
100027bc:	2500      	movs	r5, #0
100027be:	ed8d 7b0c 	vstr	d7, [sp, #48]	@ 0x30
100027c2:	9b28      	ldr	r3, [sp, #160]	@ 0xa0
100027c4:	2700      	movs	r7, #0
100027c6:	42ab      	cmp	r3, r5
100027c8:	bfd2      	itee	le
100027ca:	2300      	movle	r3, #0
100027cc:	1b5d      	subgt	r5, r3, r5
100027ce:	f105 33ff 	addgt.w	r3, r5, #4294967295
100027d2:	9328      	str	r3, [sp, #160]	@ 0xa0
100027d4:	463d      	mov	r5, r7
100027d6:	f444 6480 	orr.w	r4, r4, #1024	@ 0x400
100027da:	e64e      	b.n	1000247a <_etoa+0x46>
100027dc:	4640      	mov	r0, r8
100027de:	a306      	add	r3, pc, #24	@ (adr r3, 100027f8 <_etoa+0x3c4>)
100027e0:	e9d3 2300 	ldrd	r2, r3, [r3]
100027e4:	4649      	mov	r1, r9
100027e6:	f006 fd51 	bl	1000928c <__wrap___aeabi_dcmplt>
100027ea:	2800      	cmp	r0, #0
100027ec:	d1e9      	bne.n	100027c2 <_etoa+0x38e>
100027ee:	e794      	b.n	1000271a <_etoa+0x2e6>
	...
100027fc:	412e8480 	.word	0x412e8480

10002800 <_ftoa>:
10002800:	e92d 4ff0 	stmdb	sp!, {r4, r5, r6, r7, r8, r9, sl, fp, lr}
10002804:	b097      	sub	sp, #92	@ 0x5c
10002806:	e9cd 0105 	strd	r0, r1, [sp, #20]
1000280a:	e9dd ab20 	ldrd	sl, fp, [sp, #128]	@ 0x80
1000280e:	e9dd 4822 	ldrd	r4, r8, [sp, #136]	@ 0x88
10002812:	9207      	str	r2, [sp, #28]
10002814:	930c      	str	r3, [sp, #48]	@ 0x30
10002816:	4650      	mov	r0, sl
10002818:	a3b3      	add	r3, pc, #716	@ (adr r3, 10002ae8 <_ftoa+0x2e8>)
1000281a:	e9d3 2300 	ldrd	r2, r3, [r3]
1000281e:	4659      	mov	r1, fp
10002820:	f8dd 9090 	ldr.w	r9, [sp, #144]	@ 0x90
10002824:	f006 fd5a 	bl	100092dc <__wrap___aeabi_dcmpgt>
10002828:	2800      	cmp	r0, #0
1000282a:	f040 80cd 	bne.w	100029c8 <_ftoa+0x1c8>
1000282e:	a3b5      	add	r3, pc, #724	@ (adr r3, 10002b04 <_ftoa+0x304>)
10002830:	e9d3 2300 	ldrd	r2, r3, [r3]
10002834:	4650      	mov	r0, sl
10002836:	4659      	mov	r1, fp
10002838:	f006 fd28 	bl	1000928c <__wrap___aeabi_dcmplt>
1000283c:	2800      	cmp	r0, #0
1000283e:	f040 80c3 	bne.w	100029c8 <_ftoa+0x1c8>
10002842:	4650      	mov	r0, sl
10002844:	4659      	mov	r1, fp
10002846:	2200      	movs	r2, #0
10002848:	2300      	movs	r3, #0
1000284a:	f006 fd1f 	bl	1000928c <__wrap___aeabi_dcmplt>
1000284e:	2800      	cmp	r0, #0
10002850:	f040 80a9 	bne.w	100029a6 <_ftoa+0x1a6>
10002854:	f419 6580 	ands.w	r5, r9, #1024	@ 0x400
10002858:	900d      	str	r0, [sp, #52]	@ 0x34
1000285a:	f000 80ad 	beq.w	100029b8 <_ftoa+0x1b8>
1000285e:	2c09      	cmp	r4, #9
10002860:	f240 8131 	bls.w	10002ac6 <_ftoa+0x2c6>
10002864:	ab0e      	add	r3, sp, #56	@ 0x38
10002866:	461a      	mov	r2, r3
10002868:	9304      	str	r3, [sp, #16]
1000286a:	2130      	movs	r1, #48	@ 0x30
1000286c:	2300      	movs	r3, #0
1000286e:	f1a4 0509 	sub.w	r5, r4, #9
10002872:	3301      	adds	r3, #1
10002874:	2b20      	cmp	r3, #32
10002876:	f802 1b01 	strb.w	r1, [r2], #1
1000287a:	eba4 0603 	sub.w	r6, r4, r3
1000287e:	f000 8112 	beq.w	10002aa6 <_ftoa+0x2a6>
10002882:	42ab      	cmp	r3, r5
10002884:	d1f5      	bne.n	10002872 <_ftoa+0x72>
10002886:	ed9f 7b98 	vldr	d7, [pc, #608]	@ 10002ae8 <_ftoa+0x2e8>
1000288a:	ed8d 7b08 	vstr	d7, [sp, #32]
1000288e:	4659      	mov	r1, fp
10002890:	4650      	mov	r0, sl
10002892:	f006 fcc5 	bl	10009220 <__wrap___aeabi_d2iz>
10002896:	4604      	mov	r4, r0
10002898:	f006 fc9e 	bl	100091d8 <__wrap___aeabi_i2d>
1000289c:	4602      	mov	r2, r0
1000289e:	460b      	mov	r3, r1
100028a0:	4650      	mov	r0, sl
100028a2:	4659      	mov	r1, fp
100028a4:	f006 fc02 	bl	100090ac <__wrap___aeabi_dsub>
100028a8:	e9dd 2308 	ldrd	r2, r3, [sp, #32]
100028ac:	f006 fc12 	bl	100090d4 <__wrap___aeabi_dmul>
100028b0:	4602      	mov	r2, r0
100028b2:	460b      	mov	r3, r1
100028b4:	e9cd 230a 	strd	r2, r3, [sp, #40]	@ 0x28
100028b8:	f006 fcc4 	bl	10009244 <__wrap___aeabi_d2uiz>
100028bc:	4607      	mov	r7, r0
100028be:	f006 fc9d 	bl	100091fc <__wrap___aeabi_ui2d>
100028c2:	4602      	mov	r2, r0
100028c4:	460b      	mov	r3, r1
100028c6:	e9dd 010a 	ldrd	r0, r1, [sp, #40]	@ 0x28
100028ca:	f006 fbef 	bl	100090ac <__wrap___aeabi_dsub>
100028ce:	4602      	mov	r2, r0
100028d0:	460b      	mov	r3, r1
100028d2:	e9cd 230a 	strd	r2, r3, [sp, #40]	@ 0x28
100028d6:	2200      	movs	r2, #0
100028d8:	4b87      	ldr	r3, [pc, #540]	@ (10002af8 <_ftoa+0x2f8>)
100028da:	f006 fcff 	bl	100092dc <__wrap___aeabi_dcmpgt>
100028de:	2800      	cmp	r0, #0
100028e0:	f000 809b 	beq.w	10002a1a <_ftoa+0x21a>
100028e4:	3701      	adds	r7, #1
100028e6:	4638      	mov	r0, r7
100028e8:	f006 fc88 	bl	100091fc <__wrap___aeabi_ui2d>
100028ec:	e9dd 2308 	ldrd	r2, r3, [sp, #32]
100028f0:	f006 fce0 	bl	100092b4 <__wrap___aeabi_dcmpge>
100028f4:	2800      	cmp	r0, #0
100028f6:	f040 80d3 	bne.w	10002aa0 <_ftoa+0x2a0>
100028fa:	2e00      	cmp	r6, #0
100028fc:	d171      	bne.n	100029e2 <_ftoa+0x1e2>
100028fe:	4620      	mov	r0, r4
10002900:	f006 fc6a 	bl	100091d8 <__wrap___aeabi_i2d>
10002904:	4602      	mov	r2, r0
10002906:	460b      	mov	r3, r1
10002908:	4650      	mov	r0, sl
1000290a:	4659      	mov	r1, fp
1000290c:	f006 fbce 	bl	100090ac <__wrap___aeabi_dsub>
10002910:	2200      	movs	r2, #0
10002912:	4b79      	ldr	r3, [pc, #484]	@ (10002af8 <_ftoa+0x2f8>)
10002914:	f006 fca8 	bl	10009268 <__wrap___aeabi_dcmpeq>
10002918:	2800      	cmp	r0, #0
1000291a:	f040 80bc 	bne.w	10002a96 <_ftoa+0x296>
1000291e:	9b04      	ldr	r3, [sp, #16]
10002920:	1e69      	subs	r1, r5, #1
10002922:	4876      	ldr	r0, [pc, #472]	@ (10002afc <_ftoa+0x2fc>)
10002924:	4419      	add	r1, r3
10002926:	e00f      	b.n	10002948 <_ftoa+0x148>
10002928:	fb80 6204 	smull	r6, r2, r0, r4
1000292c:	ebc3 03a2 	rsb	r3, r3, r2, asr #2
10002930:	eb03 0283 	add.w	r2, r3, r3, lsl #2
10002934:	eba4 0442 	sub.w	r4, r4, r2, lsl #1
10002938:	f104 0230 	add.w	r2, r4, #48	@ 0x30
1000293c:	3501      	adds	r5, #1
1000293e:	461c      	mov	r4, r3
10002940:	f801 2f01 	strb.w	r2, [r1, #1]!
10002944:	2b00      	cmp	r3, #0
10002946:	d077      	beq.n	10002a38 <_ftoa+0x238>
10002948:	2d20      	cmp	r5, #32
1000294a:	ea4f 73e4 	mov.w	r3, r4, asr #31
1000294e:	d1eb      	bne.n	10002928 <_ftoa+0x128>
10002950:	f009 0303 	and.w	r3, r9, #3
10002954:	2b01      	cmp	r3, #1
10002956:	d118      	bne.n	1000298a <_ftoa+0x18a>
10002958:	f1b8 0f00 	cmp.w	r8, #0
1000295c:	d015      	beq.n	1000298a <_ftoa+0x18a>
1000295e:	9b0d      	ldr	r3, [sp, #52]	@ 0x34
10002960:	2b00      	cmp	r3, #0
10002962:	f000 8089 	beq.w	10002a78 <_ftoa+0x278>
10002966:	f108 38ff 	add.w	r8, r8, #4294967295
1000296a:	45a8      	cmp	r8, r5
1000296c:	d968      	bls.n	10002a40 <_ftoa+0x240>
1000296e:	2d20      	cmp	r5, #32
10002970:	d00a      	beq.n	10002988 <_ftoa+0x188>
10002972:	2230      	movs	r2, #48	@ 0x30
10002974:	9904      	ldr	r1, [sp, #16]
10002976:	1e6b      	subs	r3, r5, #1
10002978:	440b      	add	r3, r1
1000297a:	3501      	adds	r5, #1
1000297c:	4545      	cmp	r5, r8
1000297e:	f803 2f01 	strb.w	r2, [r3, #1]!
10002982:	d05d      	beq.n	10002a40 <_ftoa+0x240>
10002984:	2d20      	cmp	r5, #32
10002986:	d1f8      	bne.n	1000297a <_ftoa+0x17a>
10002988:	2520      	movs	r5, #32
1000298a:	e9dd 4004 	ldrd	r4, r0, [sp, #16]
1000298e:	e9dd 1206 	ldrd	r1, r2, [sp, #24]
10002992:	e9cd 8902 	strd	r8, r9, [sp, #8]
10002996:	9b0c      	ldr	r3, [sp, #48]	@ 0x30
10002998:	9501      	str	r5, [sp, #4]
1000299a:	9400      	str	r4, [sp, #0]
1000299c:	f7ff fba8 	bl	100020f0 <_out_rev>
100029a0:	b017      	add	sp, #92	@ 0x5c
100029a2:	e8bd 8ff0 	ldmia.w	sp!, {r4, r5, r6, r7, r8, r9, sl, fp, pc}
100029a6:	2301      	movs	r3, #1
100029a8:	f419 6580 	ands.w	r5, r9, #1024	@ 0x400
100029ac:	930d      	str	r3, [sp, #52]	@ 0x34
100029ae:	f10b 4300 	add.w	r3, fp, #2147483648	@ 0x80000000
100029b2:	469b      	mov	fp, r3
100029b4:	f47f af53 	bne.w	1000285e <_ftoa+0x5e>
100029b8:	ed9f 7b4d 	vldr	d7, [pc, #308]	@ 10002af0 <_ftoa+0x2f0>
100029bc:	ab0e      	add	r3, sp, #56	@ 0x38
100029be:	2606      	movs	r6, #6
100029c0:	ed8d 7b08 	vstr	d7, [sp, #32]
100029c4:	9304      	str	r3, [sp, #16]
100029c6:	e762      	b.n	1000288e <_ftoa+0x8e>
100029c8:	9b0c      	ldr	r3, [sp, #48]	@ 0x30
100029ca:	9805      	ldr	r0, [sp, #20]
100029cc:	e9cd ab20 	strd	sl, fp, [sp, #128]	@ 0x80
100029d0:	e9dd 1206 	ldrd	r1, r2, [sp, #24]
100029d4:	e9cd 8923 	strd	r8, r9, [sp, #140]	@ 0x8c
100029d8:	9422      	str	r4, [sp, #136]	@ 0x88
100029da:	b017      	add	sp, #92	@ 0x5c
100029dc:	e8bd 4ff0 	ldmia.w	sp!, {r4, r5, r6, r7, r8, r9, sl, fp, lr}
100029e0:	e528      	b.n	10002434 <_etoa>
100029e2:	9b04      	ldr	r3, [sp, #16]
100029e4:	1e68      	subs	r0, r5, #1
100029e6:	f8df c124 	ldr.w	ip, [pc, #292]	@ 10002b0c <_ftoa+0x30c>
100029ea:	4418      	add	r0, r3
100029ec:	e00d      	b.n	10002a0a <_ftoa+0x20a>
100029ee:	fbac 2107 	umull	r2, r1, ip, r7
100029f2:	08c9      	lsrs	r1, r1, #3
100029f4:	eb01 0281 	add.w	r2, r1, r1, lsl #2
100029f8:	eba7 0242 	sub.w	r2, r7, r2, lsl #1
100029fc:	3230      	adds	r2, #48	@ 0x30
100029fe:	2f09      	cmp	r7, #9
10002a00:	f800 2f01 	strb.w	r2, [r0, #1]!
10002a04:	d928      	bls.n	10002a58 <_ftoa+0x258>
10002a06:	460f      	mov	r7, r1
10002a08:	461d      	mov	r5, r3
10002a0a:	2d20      	cmp	r5, #32
10002a0c:	f105 0301 	add.w	r3, r5, #1
10002a10:	f106 36ff 	add.w	r6, r6, #4294967295
10002a14:	d1eb      	bne.n	100029ee <_ftoa+0x1ee>
10002a16:	2520      	movs	r5, #32
10002a18:	e781      	b.n	1000291e <_ftoa+0x11e>
10002a1a:	2200      	movs	r2, #0
10002a1c:	e9dd 010a 	ldrd	r0, r1, [sp, #40]	@ 0x28
10002a20:	4b35      	ldr	r3, [pc, #212]	@ (10002af8 <_ftoa+0x2f8>)
10002a22:	f006 fc33 	bl	1000928c <__wrap___aeabi_dcmplt>
10002a26:	2800      	cmp	r0, #0
10002a28:	f47f af67 	bne.w	100028fa <_ftoa+0xfa>
10002a2c:	b117      	cbz	r7, 10002a34 <_ftoa+0x234>
10002a2e:	07fa      	lsls	r2, r7, #31
10002a30:	f57f af63 	bpl.w	100028fa <_ftoa+0xfa>
10002a34:	3701      	adds	r7, #1
10002a36:	e760      	b.n	100028fa <_ftoa+0xfa>
10002a38:	f009 0303 	and.w	r3, r9, #3
10002a3c:	2b01      	cmp	r3, #1
10002a3e:	d04e      	beq.n	10002ade <_ftoa+0x2de>
10002a40:	2d20      	cmp	r5, #32
10002a42:	d0a2      	beq.n	1000298a <_ftoa+0x18a>
10002a44:	9b0d      	ldr	r3, [sp, #52]	@ 0x34
10002a46:	b30b      	cbz	r3, 10002a8c <_ftoa+0x28c>
10002a48:	222d      	movs	r2, #45	@ 0x2d
10002a4a:	f105 0358 	add.w	r3, r5, #88	@ 0x58
10002a4e:	446b      	add	r3, sp
10002a50:	f803 2c20 	strb.w	r2, [r3, #-32]
10002a54:	3501      	adds	r5, #1
10002a56:	e798      	b.n	1000298a <_ftoa+0x18a>
10002a58:	2b20      	cmp	r3, #32
10002a5a:	d0dc      	beq.n	10002a16 <_ftoa+0x216>
10002a5c:	b32e      	cbz	r6, 10002aaa <_ftoa+0x2aa>
10002a5e:	9a04      	ldr	r2, [sp, #16]
10002a60:	441e      	add	r6, r3
10002a62:	4415      	add	r5, r2
10002a64:	2230      	movs	r2, #48	@ 0x30
10002a66:	e001      	b.n	10002a6c <_ftoa+0x26c>
10002a68:	42b3      	cmp	r3, r6
10002a6a:	d01e      	beq.n	10002aaa <_ftoa+0x2aa>
10002a6c:	3301      	adds	r3, #1
10002a6e:	2b20      	cmp	r3, #32
10002a70:	f805 2f01 	strb.w	r2, [r5, #1]!
10002a74:	d1f8      	bne.n	10002a68 <_ftoa+0x268>
10002a76:	e7ce      	b.n	10002a16 <_ftoa+0x216>
10002a78:	f019 0f0c 	tst.w	r9, #12
10002a7c:	f47f af73 	bne.w	10002966 <_ftoa+0x166>
10002a80:	45a8      	cmp	r8, r5
10002a82:	f63f af74 	bhi.w	1000296e <_ftoa+0x16e>
10002a86:	2d20      	cmp	r5, #32
10002a88:	f43f af7f 	beq.w	1000298a <_ftoa+0x18a>
10002a8c:	f019 0f04 	tst.w	r9, #4
10002a90:	d013      	beq.n	10002aba <_ftoa+0x2ba>
10002a92:	222b      	movs	r2, #43	@ 0x2b
10002a94:	e7d9      	b.n	10002a4a <_ftoa+0x24a>
10002a96:	07e3      	lsls	r3, r4, #31
10002a98:	f57f af41 	bpl.w	1000291e <_ftoa+0x11e>
10002a9c:	3401      	adds	r4, #1
10002a9e:	e73e      	b.n	1000291e <_ftoa+0x11e>
10002aa0:	2700      	movs	r7, #0
10002aa2:	3401      	adds	r4, #1
10002aa4:	e729      	b.n	100028fa <_ftoa+0xfa>
10002aa6:	461d      	mov	r5, r3
10002aa8:	e6ed      	b.n	10002886 <_ftoa+0x86>
10002aaa:	212e      	movs	r1, #46	@ 0x2e
10002aac:	f103 0258 	add.w	r2, r3, #88	@ 0x58
10002ab0:	446a      	add	r2, sp
10002ab2:	f802 1c20 	strb.w	r1, [r2, #-32]
10002ab6:	1c5d      	adds	r5, r3, #1
10002ab8:	e731      	b.n	1000291e <_ftoa+0x11e>
10002aba:	f019 0f08 	tst.w	r9, #8
10002abe:	f43f af64 	beq.w	1000298a <_ftoa+0x18a>
10002ac2:	2220      	movs	r2, #32
10002ac4:	e7c1      	b.n	10002a4a <_ftoa+0x24a>
10002ac6:	4b0e      	ldr	r3, [pc, #56]	@ (10002b00 <_ftoa+0x300>)
10002ac8:	4626      	mov	r6, r4
10002aca:	eb03 03c4 	add.w	r3, r3, r4, lsl #3
10002ace:	ed93 7b00 	vldr	d7, [r3]
10002ad2:	ab0e      	add	r3, sp, #56	@ 0x38
10002ad4:	ed8d 7b08 	vstr	d7, [sp, #32]
10002ad8:	2500      	movs	r5, #0
10002ada:	9304      	str	r3, [sp, #16]
10002adc:	e6d7      	b.n	1000288e <_ftoa+0x8e>
10002ade:	f1b8 0f00 	cmp.w	r8, #0
10002ae2:	d0ad      	beq.n	10002a40 <_ftoa+0x240>
10002ae4:	e73b      	b.n	1000295e <_ftoa+0x15e>
10002ae6:	bf00      	nop
10002ae8:	00000000 	.word	0x00000000
10002aec:	41cdcd65 	.word	0x41cdcd65
10002af0:	00000000 	.word	0x00000000
10002af4:	412e8480 	.word	0x412e8480
10002af8:	3fe00000 	.word	0x3fe00000
10002afc:	66666667 	.word	0x66666667
10002b00:	1000ed58 	.word	0x1000ed58
10002b04:	00000000 	.word	0x00000000
10002b08:	c1cdcd65 	.word	0xc1cdcd65
10002b0c:	cccccccd 	.word	0xcccccccd

10002b10 <_vsnprintf>:
10002b10:	e92d 4ff0 	stmdb	sp!, {r4, r5, r6, r7, r8, r9, sl, fp, lr}
10002b14:	469a      	mov	sl, r3
10002b16:	b09b      	sub	sp, #108	@ 0x6c
10002b18:	9c24      	ldr	r4, [sp, #144]	@ 0x90
10002b1a:	4d96      	ldr	r5, [pc, #600]	@ (10002d74 <_vsnprintf+0x264>)
10002b1c:	940b      	str	r4, [sp, #44]	@ 0x2c
10002b1e:	4c96      	ldr	r4, [pc, #600]	@ (10002d78 <_vsnprintf+0x268>)
10002b20:	1e0b      	subs	r3, r1, #0
10002b22:	bf18      	it	ne
10002b24:	4683      	movne	fp, r0
10002b26:	f8c4 50f8 	str.w	r5, [r4, #248]	@ 0xf8
10002b2a:	f89a 0000 	ldrb.w	r0, [sl]
10002b2e:	4c93      	ldr	r4, [pc, #588]	@ (10002d7c <_vsnprintf+0x26c>)
10002b30:	930a      	str	r3, [sp, #40]	@ 0x28
10002b32:	bf08      	it	eq
10002b34:	46a3      	moveq	fp, r4
10002b36:	9209      	str	r2, [sp, #36]	@ 0x24
10002b38:	2800      	cmp	r0, #0
10002b3a:	f000 82be 	beq.w	100030ba <_vsnprintf+0x5aa>
10002b3e:	f04f 0900 	mov.w	r9, #0
10002b42:	e00a      	b.n	10002b5a <_vsnprintf+0x4a>
10002b44:	464a      	mov	r2, r9
10002b46:	9b09      	ldr	r3, [sp, #36]	@ 0x24
10002b48:	990a      	ldr	r1, [sp, #40]	@ 0x28
10002b4a:	f109 0901 	add.w	r9, r9, #1
10002b4e:	47d8      	blx	fp
10002b50:	f89a 0000 	ldrb.w	r0, [sl]
10002b54:	2800      	cmp	r0, #0
10002b56:	f000 80ce 	beq.w	10002cf6 <_vsnprintf+0x1e6>
10002b5a:	2825      	cmp	r0, #37	@ 0x25
10002b5c:	f10a 0a01 	add.w	sl, sl, #1
10002b60:	d1f0      	bne.n	10002b44 <_vsnprintf+0x34>
10002b62:	2300      	movs	r3, #0
10002b64:	4652      	mov	r2, sl
10002b66:	f812 0b01 	ldrb.w	r0, [r2], #1
10002b6a:	f1a0 0120 	sub.w	r1, r0, #32
10002b6e:	2910      	cmp	r1, #16
10002b70:	d80a      	bhi.n	10002b88 <_vsnprintf+0x78>
10002b72:	e8df f001 	tbb	[pc, r1]
10002b76:	0940      	.short	0x0940
10002b78:	09093c09 	.word	0x09093c09
10002b7c:	09090909 	.word	0x09090909
10002b80:	34093809 	.word	0x34093809
10002b84:	0909      	.short	0x0909
10002b86:	30          	.byte	0x30
10002b87:	00          	.byte	0x00
10002b88:	f1a0 0130 	sub.w	r1, r0, #48	@ 0x30
10002b8c:	2909      	cmp	r1, #9
10002b8e:	f240 808c 	bls.w	10002caa <_vsnprintf+0x19a>
10002b92:	282a      	cmp	r0, #42	@ 0x2a
10002b94:	f000 80f4 	beq.w	10002d80 <_vsnprintf+0x270>
10002b98:	2100      	movs	r1, #0
10002b9a:	910c      	str	r1, [sp, #48]	@ 0x30
10002b9c:	282e      	cmp	r0, #46	@ 0x2e
10002b9e:	f000 8099 	beq.w	10002cd4 <_vsnprintf+0x1c4>
10002ba2:	2700      	movs	r7, #0
10002ba4:	f1a0 0168 	sub.w	r1, r0, #104	@ 0x68
10002ba8:	2912      	cmp	r1, #18
10002baa:	d82d      	bhi.n	10002c08 <_vsnprintf+0xf8>
10002bac:	e8df f011 	tbh	[pc, r1, lsl #1]
10002bb0:	002c0156 	.word	0x002c0156
10002bb4:	002c0150 	.word	0x002c0150
10002bb8:	002c0144 	.word	0x002c0144
10002bbc:	002c002c 	.word	0x002c002c
10002bc0:	002c002c 	.word	0x002c002c
10002bc4:	002c002c 	.word	0x002c002c
10002bc8:	002c0027 	.word	0x002c0027
10002bcc:	002c002c 	.word	0x002c002c
10002bd0:	002c002c 	.word	0x002c002c
10002bd4:	0027      	.short	0x0027
10002bd6:	4692      	mov	sl, r2
10002bd8:	f043 0301 	orr.w	r3, r3, #1
10002bdc:	e7c2      	b.n	10002b64 <_vsnprintf+0x54>
10002bde:	4692      	mov	sl, r2
10002be0:	f043 0302 	orr.w	r3, r3, #2
10002be4:	e7be      	b.n	10002b64 <_vsnprintf+0x54>
10002be6:	4692      	mov	sl, r2
10002be8:	f043 0304 	orr.w	r3, r3, #4
10002bec:	e7ba      	b.n	10002b64 <_vsnprintf+0x54>
10002bee:	4692      	mov	sl, r2
10002bf0:	f043 0310 	orr.w	r3, r3, #16
10002bf4:	e7b6      	b.n	10002b64 <_vsnprintf+0x54>
10002bf6:	4692      	mov	sl, r2
10002bf8:	f043 0308 	orr.w	r3, r3, #8
10002bfc:	e7b2      	b.n	10002b64 <_vsnprintf+0x54>
10002bfe:	f89a 0001 	ldrb.w	r0, [sl, #1]
10002c02:	f443 7380 	orr.w	r3, r3, #256	@ 0x100
10002c06:	3201      	adds	r2, #1
10002c08:	2867      	cmp	r0, #103	@ 0x67
10002c0a:	4692      	mov	sl, r2
10002c0c:	f200 8082 	bhi.w	10002d14 <_vsnprintf+0x204>
10002c10:	2824      	cmp	r0, #36	@ 0x24
10002c12:	f240 80c5 	bls.w	10002da0 <_vsnprintf+0x290>
10002c16:	f1a0 0225 	sub.w	r2, r0, #37	@ 0x25
10002c1a:	2a42      	cmp	r2, #66	@ 0x42
10002c1c:	f200 80c0 	bhi.w	10002da0 <_vsnprintf+0x290>
10002c20:	e8df f012 	tbh	[pc, r2, lsl #1]
10002c24:	00be015e 	.word	0x00be015e
10002c28:	00be00be 	.word	0x00be00be
10002c2c:	00be00be 	.word	0x00be00be
10002c30:	00be00be 	.word	0x00be00be
10002c34:	00be00be 	.word	0x00be00be
10002c38:	00be00be 	.word	0x00be00be
10002c3c:	00be00be 	.word	0x00be00be
10002c40:	00be00be 	.word	0x00be00be
10002c44:	00be00be 	.word	0x00be00be
10002c48:	00be00be 	.word	0x00be00be
10002c4c:	00be00be 	.word	0x00be00be
10002c50:	00be00be 	.word	0x00be00be
10002c54:	00be00be 	.word	0x00be00be
10002c58:	00be00be 	.word	0x00be00be
10002c5c:	00be00be 	.word	0x00be00be
10002c60:	00be00be 	.word	0x00be00be
10002c64:	01440125 	.word	0x01440125
10002c68:	00be0125 	.word	0x00be0125
10002c6c:	00be00be 	.word	0x00be00be
10002c70:	00be00be 	.word	0x00be00be
10002c74:	00be00be 	.word	0x00be00be
10002c78:	00be00be 	.word	0x00be00be
10002c7c:	00be00be 	.word	0x00be00be
10002c80:	00be00be 	.word	0x00be00be
10002c84:	00be00be 	.word	0x00be00be
10002c88:	01d200be 	.word	0x01d200be
10002c8c:	00be00be 	.word	0x00be00be
10002c90:	00be00be 	.word	0x00be00be
10002c94:	00be00be 	.word	0x00be00be
10002c98:	00be00be 	.word	0x00be00be
10002c9c:	01d200be 	.word	0x01d200be
10002ca0:	01d20166 	.word	0x01d20166
10002ca4:	01440125 	.word	0x01440125
10002ca8:	0125      	.short	0x0125
10002caa:	2100      	movs	r1, #0
10002cac:	e000      	b.n	10002cb0 <_vsnprintf+0x1a0>
10002cae:	3201      	adds	r2, #1
10002cb0:	eb01 0181 	add.w	r1, r1, r1, lsl #2
10002cb4:	eb00 0141 	add.w	r1, r0, r1, lsl #1
10002cb8:	7810      	ldrb	r0, [r2, #0]
10002cba:	4692      	mov	sl, r2
10002cbc:	f1a0 0430 	sub.w	r4, r0, #48	@ 0x30
10002cc0:	2c09      	cmp	r4, #9
10002cc2:	f1a1 0130 	sub.w	r1, r1, #48	@ 0x30
10002cc6:	d9f2      	bls.n	10002cae <_vsnprintf+0x19e>
10002cc8:	282e      	cmp	r0, #46	@ 0x2e
10002cca:	910c      	str	r1, [sp, #48]	@ 0x30
10002ccc:	f102 0201 	add.w	r2, r2, #1
10002cd0:	f47f af67 	bne.w	10002ba2 <_vsnprintf+0x92>
10002cd4:	f89a 0001 	ldrb.w	r0, [sl, #1]
10002cd8:	4611      	mov	r1, r2
10002cda:	f1a0 0630 	sub.w	r6, r0, #48	@ 0x30
10002cde:	2e09      	cmp	r6, #9
10002ce0:	f443 6380 	orr.w	r3, r3, #1024	@ 0x400
10002ce4:	f240 8130 	bls.w	10002f48 <_vsnprintf+0x438>
10002ce8:	282a      	cmp	r0, #42	@ 0x2a
10002cea:	f000 813d 	beq.w	10002f68 <_vsnprintf+0x458>
10002cee:	4692      	mov	sl, r2
10002cf0:	2700      	movs	r7, #0
10002cf2:	3201      	adds	r2, #1
10002cf4:	e756      	b.n	10002ba4 <_vsnprintf+0x94>
10002cf6:	464c      	mov	r4, r9
10002cf8:	9b09      	ldr	r3, [sp, #36]	@ 0x24
10002cfa:	4599      	cmp	r9, r3
10002cfc:	d301      	bcc.n	10002d02 <_vsnprintf+0x1f2>
10002cfe:	f103 39ff 	add.w	r9, r3, #4294967295
10002d02:	464a      	mov	r2, r9
10002d04:	2000      	movs	r0, #0
10002d06:	9b09      	ldr	r3, [sp, #36]	@ 0x24
10002d08:	990a      	ldr	r1, [sp, #40]	@ 0x28
10002d0a:	47d8      	blx	fp
10002d0c:	4620      	mov	r0, r4
10002d0e:	b01b      	add	sp, #108	@ 0x6c
10002d10:	e8bd 8ff0 	ldmia.w	sp!, {r4, r5, r6, r7, r8, r9, sl, fp, pc}
10002d14:	f1a0 0269 	sub.w	r2, r0, #105	@ 0x69
10002d18:	b2d2      	uxtb	r2, r2
10002d1a:	2a0f      	cmp	r2, #15
10002d1c:	d840      	bhi.n	10002da0 <_vsnprintf+0x290>
10002d1e:	2601      	movs	r6, #1
10002d20:	f249 0141 	movw	r1, #36929	@ 0x9041
10002d24:	4096      	lsls	r6, r2
10002d26:	400e      	ands	r6, r1
10002d28:	f040 8100 	bne.w	10002f2c <_vsnprintf+0x41c>
10002d2c:	2a0a      	cmp	r2, #10
10002d2e:	d03e      	beq.n	10002dae <_vsnprintf+0x29e>
10002d30:	2a07      	cmp	r2, #7
10002d32:	d135      	bne.n	10002da0 <_vsnprintf+0x290>
10002d34:	9c0b      	ldr	r4, [sp, #44]	@ 0x2c
10002d36:	f854 2b04 	ldr.w	r2, [r4], #4
10002d3a:	2a00      	cmp	r2, #0
10002d3c:	f000 8127 	beq.w	10002f8e <_vsnprintf+0x47e>
10002d40:	f043 0121 	orr.w	r1, r3, #33	@ 0x21
10002d44:	f10d 0e48 	add.w	lr, sp, #72	@ 0x48
10002d48:	4670      	mov	r0, lr
10002d4a:	e003      	b.n	10002d54 <_vsnprintf+0x244>
10002d4c:	2e20      	cmp	r6, #32
10002d4e:	f000 8128 	beq.w	10002fa2 <_vsnprintf+0x492>
10002d52:	461a      	mov	r2, r3
10002d54:	f002 050f 	and.w	r5, r2, #15
10002d58:	462b      	mov	r3, r5
10002d5a:	2d09      	cmp	r5, #9
10002d5c:	bf94      	ite	ls
10002d5e:	3330      	addls	r3, #48	@ 0x30
10002d60:	3337      	addhi	r3, #55	@ 0x37
10002d62:	2a0f      	cmp	r2, #15
10002d64:	f800 3b01 	strb.w	r3, [r0], #1
10002d68:	f106 0601 	add.w	r6, r6, #1
10002d6c:	ea4f 1312 	mov.w	r3, r2, lsr #4
10002d70:	d8ec      	bhi.n	10002d4c <_vsnprintf+0x23c>
10002d72:	e116      	b.n	10002fa2 <_vsnprintf+0x492>
10002d74:	10002b11 	.word	0x10002b11
10002d78:	200016f8 	.word	0x200016f8
10002d7c:	100020e1 	.word	0x100020e1
10002d80:	9c0b      	ldr	r4, [sp, #44]	@ 0x2c
10002d82:	f89a 0001 	ldrb.w	r0, [sl, #1]
10002d86:	f854 5b04 	ldr.w	r5, [r4], #4
10002d8a:	4692      	mov	sl, r2
10002d8c:	2d00      	cmp	r5, #0
10002d8e:	bfbd      	ittte	lt
10002d90:	4269      	neglt	r1, r5
10002d92:	f043 0302 	orrlt.w	r3, r3, #2
10002d96:	910c      	strlt	r1, [sp, #48]	@ 0x30
10002d98:	950c      	strge	r5, [sp, #48]	@ 0x30
10002d9a:	940b      	str	r4, [sp, #44]	@ 0x2c
10002d9c:	3201      	adds	r2, #1
10002d9e:	e6fd      	b.n	10002b9c <_vsnprintf+0x8c>
10002da0:	464a      	mov	r2, r9
10002da2:	9b09      	ldr	r3, [sp, #36]	@ 0x24
10002da4:	990a      	ldr	r1, [sp, #40]	@ 0x28
10002da6:	f109 0901 	add.w	r9, r9, #1
10002daa:	47d8      	blx	fp
10002dac:	e6d0      	b.n	10002b50 <_vsnprintf+0x40>
10002dae:	990b      	ldr	r1, [sp, #44]	@ 0x2c
10002db0:	f851 8b04 	ldr.w	r8, [r1], #4
10002db4:	f898 2000 	ldrb.w	r2, [r8]
10002db8:	4610      	mov	r0, r2
10002dba:	2f00      	cmp	r7, #0
10002dbc:	f040 80e1 	bne.w	10002f82 <_vsnprintf+0x472>
10002dc0:	f06f 0c01 	mvn.w	ip, #1
10002dc4:	b162      	cbz	r2, 10002de0 <_vsnprintf+0x2d0>
10002dc6:	f10c 0c01 	add.w	ip, ip, #1
10002dca:	4646      	mov	r6, r8
10002dcc:	44c4      	add	ip, r8
10002dce:	e001      	b.n	10002dd4 <_vsnprintf+0x2c4>
10002dd0:	4566      	cmp	r6, ip
10002dd2:	d003      	beq.n	10002ddc <_vsnprintf+0x2cc>
10002dd4:	f816 4f01 	ldrb.w	r4, [r6, #1]!
10002dd8:	2c00      	cmp	r4, #0
10002dda:	d1f9      	bne.n	10002dd0 <_vsnprintf+0x2c0>
10002ddc:	eba6 0608 	sub.w	r6, r6, r8
10002de0:	f413 6c80 	ands.w	ip, r3, #1024	@ 0x400
10002de4:	d002      	beq.n	10002dec <_vsnprintf+0x2dc>
10002de6:	42be      	cmp	r6, r7
10002de8:	bf28      	it	cs
10002dea:	463e      	movcs	r6, r7
10002dec:	f013 0402 	ands.w	r4, r3, #2
10002df0:	f000 8187 	beq.w	10003102 <_vsnprintf+0x5f2>
10002df4:	2a00      	cmp	r2, #0
10002df6:	f000 812b 	beq.w	10003050 <_vsnprintf+0x540>
10002dfa:	f1bc 0f00 	cmp.w	ip, #0
10002dfe:	f000 8141 	beq.w	10003084 <_vsnprintf+0x574>
10002e02:	940b      	str	r4, [sp, #44]	@ 0x2c
10002e04:	960d      	str	r6, [sp, #52]	@ 0x34
10002e06:	464a      	mov	r2, r9
10002e08:	e9dd 5409 	ldrd	r5, r4, [sp, #36]	@ 0x24
10002e0c:	460e      	mov	r6, r1
10002e0e:	444f      	add	r7, r9
10002e10:	e008      	b.n	10002e24 <_vsnprintf+0x314>
10002e12:	462b      	mov	r3, r5
10002e14:	4621      	mov	r1, r4
10002e16:	47d8      	blx	fp
10002e18:	f818 0f01 	ldrb.w	r0, [r8, #1]!
10002e1c:	f109 0901 	add.w	r9, r9, #1
10002e20:	b110      	cbz	r0, 10002e28 <_vsnprintf+0x318>
10002e22:	464a      	mov	r2, r9
10002e24:	454f      	cmp	r7, r9
10002e26:	d1f4      	bne.n	10002e12 <_vsnprintf+0x302>
10002e28:	4631      	mov	r1, r6
10002e2a:	9c0b      	ldr	r4, [sp, #44]	@ 0x2c
10002e2c:	9e0d      	ldr	r6, [sp, #52]	@ 0x34
10002e2e:	2c00      	cmp	r4, #0
10002e30:	f040 810e 	bne.w	10003050 <_vsnprintf+0x540>
10002e34:	910b      	str	r1, [sp, #44]	@ 0x2c
10002e36:	e68b      	b.n	10002b50 <_vsnprintf+0x40>
10002e38:	f89a 0001 	ldrb.w	r0, [sl, #1]
10002e3c:	286c      	cmp	r0, #108	@ 0x6c
10002e3e:	f47f aee0 	bne.w	10002c02 <_vsnprintf+0xf2>
10002e42:	f89a 0002 	ldrb.w	r0, [sl, #2]
10002e46:	f443 7340 	orr.w	r3, r3, #768	@ 0x300
10002e4a:	f10a 0203 	add.w	r2, sl, #3
10002e4e:	e6db      	b.n	10002c08 <_vsnprintf+0xf8>
10002e50:	f89a 0001 	ldrb.w	r0, [sl, #1]
10002e54:	f443 7300 	orr.w	r3, r3, #512	@ 0x200
10002e58:	3201      	adds	r2, #1
10002e5a:	e6d5      	b.n	10002c08 <_vsnprintf+0xf8>
10002e5c:	f89a 0001 	ldrb.w	r0, [sl, #1]
10002e60:	2868      	cmp	r0, #104	@ 0x68
10002e62:	f000 8120 	beq.w	100030a6 <_vsnprintf+0x596>
10002e66:	f043 0380 	orr.w	r3, r3, #128	@ 0x80
10002e6a:	3201      	adds	r2, #1
10002e6c:	e6cc      	b.n	10002c08 <_vsnprintf+0xf8>
10002e6e:	2867      	cmp	r0, #103	@ 0x67
10002e70:	f000 80e7 	beq.w	10003042 <_vsnprintf+0x532>
10002e74:	2847      	cmp	r0, #71	@ 0x47
10002e76:	f000 8100 	beq.w	1000307a <_vsnprintf+0x56a>
10002e7a:	2845      	cmp	r0, #69	@ 0x45
10002e7c:	f000 80ff 	beq.w	1000307e <_vsnprintf+0x56e>
10002e80:	9c0b      	ldr	r4, [sp, #44]	@ 0x2c
10002e82:	9304      	str	r3, [sp, #16]
10002e84:	9b0c      	ldr	r3, [sp, #48]	@ 0x30
10002e86:	3407      	adds	r4, #7
10002e88:	e9cd 7302 	strd	r7, r3, [sp, #8]
10002e8c:	f024 0307 	bic.w	r3, r4, #7
10002e90:	461c      	mov	r4, r3
10002e92:	e9dd 3109 	ldrd	r3, r1, [sp, #36]	@ 0x24
10002e96:	e8f4 6702 	ldrd	r6, r7, [r4], #8
10002e9a:	464a      	mov	r2, r9
10002e9c:	4658      	mov	r0, fp
10002e9e:	e9cd 6700 	strd	r6, r7, [sp]
10002ea2:	940b      	str	r4, [sp, #44]	@ 0x2c
10002ea4:	f7ff fac6 	bl	10002434 <_etoa>
10002ea8:	4681      	mov	r9, r0
10002eaa:	e651      	b.n	10002b50 <_vsnprintf+0x40>
10002eac:	2846      	cmp	r0, #70	@ 0x46
10002eae:	9c0b      	ldr	r4, [sp, #44]	@ 0x2c
10002eb0:	bf08      	it	eq
10002eb2:	f043 0320 	orreq.w	r3, r3, #32
10002eb6:	9304      	str	r3, [sp, #16]
10002eb8:	9b0c      	ldr	r3, [sp, #48]	@ 0x30
10002eba:	3407      	adds	r4, #7
10002ebc:	e9cd 7302 	strd	r7, r3, [sp, #8]
10002ec0:	f024 0307 	bic.w	r3, r4, #7
10002ec4:	461c      	mov	r4, r3
10002ec6:	e9dd 3109 	ldrd	r3, r1, [sp, #36]	@ 0x24
10002eca:	e8f4 6702 	ldrd	r6, r7, [r4], #8
10002ece:	464a      	mov	r2, r9
10002ed0:	4658      	mov	r0, fp
10002ed2:	e9cd 6700 	strd	r6, r7, [sp]
10002ed6:	940b      	str	r4, [sp, #44]	@ 0x2c
10002ed8:	f7ff fc92 	bl	10002800 <_ftoa>
10002edc:	4681      	mov	r9, r0
10002ede:	e637      	b.n	10002b50 <_vsnprintf+0x40>
10002ee0:	464a      	mov	r2, r9
10002ee2:	2025      	movs	r0, #37	@ 0x25
10002ee4:	9b09      	ldr	r3, [sp, #36]	@ 0x24
10002ee6:	990a      	ldr	r1, [sp, #40]	@ 0x28
10002ee8:	f109 0901 	add.w	r9, r9, #1
10002eec:	47d8      	blx	fp
10002eee:	e62f      	b.n	10002b50 <_vsnprintf+0x40>
10002ef0:	9a0b      	ldr	r2, [sp, #44]	@ 0x2c
10002ef2:	079c      	lsls	r4, r3, #30
10002ef4:	f102 0704 	add.w	r7, r2, #4
10002ef8:	f109 0601 	add.w	r6, r9, #1
10002efc:	f140 80e6 	bpl.w	100030cc <_vsnprintf+0x5bc>
10002f00:	7810      	ldrb	r0, [r2, #0]
10002f02:	9b09      	ldr	r3, [sp, #36]	@ 0x24
10002f04:	464a      	mov	r2, r9
10002f06:	990a      	ldr	r1, [sp, #40]	@ 0x28
10002f08:	47d8      	blx	fp
10002f0a:	9b0c      	ldr	r3, [sp, #48]	@ 0x30
10002f0c:	2b01      	cmp	r3, #1
10002f0e:	f240 812c 	bls.w	1000316a <_vsnprintf+0x65a>
10002f12:	e9dd 5409 	ldrd	r5, r4, [sp, #36]	@ 0x24
10002f16:	4499      	add	r9, r3
10002f18:	4632      	mov	r2, r6
10002f1a:	462b      	mov	r3, r5
10002f1c:	4621      	mov	r1, r4
10002f1e:	2020      	movs	r0, #32
10002f20:	3601      	adds	r6, #1
10002f22:	47d8      	blx	fp
10002f24:	454e      	cmp	r6, r9
10002f26:	d1f7      	bne.n	10002f18 <_vsnprintf+0x408>
10002f28:	970b      	str	r7, [sp, #44]	@ 0x2c
10002f2a:	e611      	b.n	10002b50 <_vsnprintf+0x40>
10002f2c:	286f      	cmp	r0, #111	@ 0x6f
10002f2e:	f000 808b 	beq.w	10003048 <_vsnprintf+0x538>
10002f32:	f240 8165 	bls.w	10003200 <_vsnprintf+0x6f0>
10002f36:	2878      	cmp	r0, #120	@ 0x78
10002f38:	f000 8108 	beq.w	1000314c <_vsnprintf+0x63c>
10002f3c:	f04f 080a 	mov.w	r8, #10
10002f40:	f023 0310 	bic.w	r3, r3, #16
10002f44:	46c4      	mov	ip, r8
10002f46:	e047      	b.n	10002fd8 <_vsnprintf+0x4c8>
10002f48:	2700      	movs	r7, #0
10002f4a:	eb07 0787 	add.w	r7, r7, r7, lsl #2
10002f4e:	eb00 0047 	add.w	r0, r0, r7, lsl #1
10002f52:	f1a0 0730 	sub.w	r7, r0, #48	@ 0x30
10002f56:	f811 0f01 	ldrb.w	r0, [r1, #1]!
10002f5a:	f1a0 0230 	sub.w	r2, r0, #48	@ 0x30
10002f5e:	2a09      	cmp	r2, #9
10002f60:	d9f3      	bls.n	10002f4a <_vsnprintf+0x43a>
10002f62:	468a      	mov	sl, r1
10002f64:	1c4a      	adds	r2, r1, #1
10002f66:	e61d      	b.n	10002ba4 <_vsnprintf+0x94>
10002f68:	9c0b      	ldr	r4, [sp, #44]	@ 0x2c
10002f6a:	f89a 0002 	ldrb.w	r0, [sl, #2]
10002f6e:	f854 7b04 	ldr.w	r7, [r4], #4
10002f72:	f10a 0a02 	add.w	sl, sl, #2
10002f76:	f10a 0201 	add.w	r2, sl, #1
10002f7a:	940b      	str	r4, [sp, #44]	@ 0x2c
10002f7c:	ea27 77e7 	bic.w	r7, r7, r7, asr #31
10002f80:	e610      	b.n	10002ba4 <_vsnprintf+0x94>
10002f82:	2a00      	cmp	r2, #0
10002f84:	f43f af2c 	beq.w	10002de0 <_vsnprintf+0x2d0>
10002f88:	f107 3cff 	add.w	ip, r7, #4294967295
10002f8c:	e71b      	b.n	10002dc6 <_vsnprintf+0x2b6>
10002f8e:	f023 0110 	bic.w	r1, r3, #16
10002f92:	f413 6280 	ands.w	r2, r3, #1024	@ 0x400
10002f96:	f041 0121 	orr.w	r1, r1, #33	@ 0x21
10002f9a:	f43f aed3 	beq.w	10002d44 <_vsnprintf+0x234>
10002f9e:	f10d 0e48 	add.w	lr, sp, #72	@ 0x48
10002fa2:	2308      	movs	r3, #8
10002fa4:	2010      	movs	r0, #16
10002fa6:	9305      	str	r3, [sp, #20]
10002fa8:	2300      	movs	r3, #0
10002faa:	464a      	mov	r2, r9
10002fac:	e9cd 3002 	strd	r3, r0, [sp, #8]
10002fb0:	9106      	str	r1, [sp, #24]
10002fb2:	4658      	mov	r0, fp
10002fb4:	e9dd 3109 	ldrd	r3, r1, [sp, #36]	@ 0x24
10002fb8:	e9cd e600 	strd	lr, r6, [sp]
10002fbc:	9704      	str	r7, [sp, #16]
10002fbe:	f7ff f8e5 	bl	1000218c <_ntoa_format>
10002fc2:	940b      	str	r4, [sp, #44]	@ 0x2c
10002fc4:	4681      	mov	r9, r0
10002fc6:	e5c3      	b.n	10002b50 <_vsnprintf+0x40>
10002fc8:	2858      	cmp	r0, #88	@ 0x58
10002fca:	d079      	beq.n	100030c0 <_vsnprintf+0x5b0>
10002fcc:	2862      	cmp	r0, #98	@ 0x62
10002fce:	f040 8251 	bne.w	10003474 <_vsnprintf+0x964>
10002fd2:	f04f 0802 	mov.w	r8, #2
10002fd6:	46c4      	mov	ip, r8
10002fd8:	f413 6080 	ands.w	r0, r3, #1024	@ 0x400
10002fdc:	d16a      	bne.n	100030b4 <_vsnprintf+0x5a4>
10002fde:	f023 030c 	bic.w	r3, r3, #12
10002fe2:	f413 7200 	ands.w	r2, r3, #512	@ 0x200
10002fe6:	f040 80c2 	bne.w	1000316e <_vsnprintf+0x65e>
10002fea:	990b      	ldr	r1, [sp, #44]	@ 0x2c
10002fec:	3104      	adds	r1, #4
10002fee:	910d      	str	r1, [sp, #52]	@ 0x34
10002ff0:	f413 7180 	ands.w	r1, r3, #256	@ 0x100
10002ff4:	f040 822e 	bne.w	10003454 <_vsnprintf+0x944>
10002ff8:	065e      	lsls	r6, r3, #25
10002ffa:	9a0b      	ldr	r2, [sp, #44]	@ 0x2c
10002ffc:	f140 80aa 	bpl.w	10003154 <_vsnprintf+0x644>
10003000:	7812      	ldrb	r2, [r2, #0]
10003002:	2a00      	cmp	r2, #0
10003004:	f040 80da 	bne.w	100031bc <_vsnprintf+0x6ac>
10003008:	f023 0310 	bic.w	r3, r3, #16
1000300c:	2800      	cmp	r0, #0
1000300e:	f000 80d5 	beq.w	100031bc <_vsnprintf+0x6ac>
10003012:	4611      	mov	r1, r2
10003014:	f10d 0e48 	add.w	lr, sp, #72	@ 0x48
10003018:	9306      	str	r3, [sp, #24]
1000301a:	9b0c      	ldr	r3, [sp, #48]	@ 0x30
1000301c:	f8cd c00c 	str.w	ip, [sp, #12]
10003020:	e9cd 7304 	strd	r7, r3, [sp, #16]
10003024:	9101      	str	r1, [sp, #4]
10003026:	2300      	movs	r3, #0
10003028:	464a      	mov	r2, r9
1000302a:	9302      	str	r3, [sp, #8]
1000302c:	4658      	mov	r0, fp
1000302e:	e9dd 3109 	ldrd	r3, r1, [sp, #36]	@ 0x24
10003032:	f8cd e000 	str.w	lr, [sp]
10003036:	f7ff f8a9 	bl	1000218c <_ntoa_format>
1000303a:	9b0d      	ldr	r3, [sp, #52]	@ 0x34
1000303c:	4681      	mov	r9, r0
1000303e:	930b      	str	r3, [sp, #44]	@ 0x2c
10003040:	e586      	b.n	10002b50 <_vsnprintf+0x40>
10003042:	f443 6300 	orr.w	r3, r3, #2048	@ 0x800
10003046:	e71b      	b.n	10002e80 <_vsnprintf+0x370>
10003048:	f04f 0808 	mov.w	r8, #8
1000304c:	46c4      	mov	ip, r8
1000304e:	e7c3      	b.n	10002fd8 <_vsnprintf+0x4c8>
10003050:	9b0c      	ldr	r3, [sp, #48]	@ 0x30
10003052:	464c      	mov	r4, r9
10003054:	42b3      	cmp	r3, r6
10003056:	f67f aeed 	bls.w	10002e34 <_vsnprintf+0x324>
1000305a:	460f      	mov	r7, r1
1000305c:	444b      	add	r3, r9
1000305e:	eba3 0906 	sub.w	r9, r3, r6
10003062:	e9dd 6509 	ldrd	r6, r5, [sp, #36]	@ 0x24
10003066:	4622      	mov	r2, r4
10003068:	4633      	mov	r3, r6
1000306a:	4629      	mov	r1, r5
1000306c:	2020      	movs	r0, #32
1000306e:	3401      	adds	r4, #1
10003070:	47d8      	blx	fp
10003072:	454c      	cmp	r4, r9
10003074:	d1f7      	bne.n	10003066 <_vsnprintf+0x556>
10003076:	4639      	mov	r1, r7
10003078:	e6dc      	b.n	10002e34 <_vsnprintf+0x324>
1000307a:	f443 6300 	orr.w	r3, r3, #2048	@ 0x800
1000307e:	f043 0320 	orr.w	r3, r3, #32
10003082:	e6fd      	b.n	10002e80 <_vsnprintf+0x370>
10003084:	460f      	mov	r7, r1
10003086:	940b      	str	r4, [sp, #44]	@ 0x2c
10003088:	e9dd 5409 	ldrd	r5, r4, [sp, #36]	@ 0x24
1000308c:	464a      	mov	r2, r9
1000308e:	462b      	mov	r3, r5
10003090:	4621      	mov	r1, r4
10003092:	47d8      	blx	fp
10003094:	f818 0f01 	ldrb.w	r0, [r8, #1]!
10003098:	f109 0901 	add.w	r9, r9, #1
1000309c:	2800      	cmp	r0, #0
1000309e:	d1f5      	bne.n	1000308c <_vsnprintf+0x57c>
100030a0:	4639      	mov	r1, r7
100030a2:	9c0b      	ldr	r4, [sp, #44]	@ 0x2c
100030a4:	e6c3      	b.n	10002e2e <_vsnprintf+0x31e>
100030a6:	f89a 0002 	ldrb.w	r0, [sl, #2]
100030aa:	f043 03c0 	orr.w	r3, r3, #192	@ 0xc0
100030ae:	f10a 0203 	add.w	r2, sl, #3
100030b2:	e5a9      	b.n	10002c08 <_vsnprintf+0xf8>
100030b4:	f023 030d 	bic.w	r3, r3, #13
100030b8:	e793      	b.n	10002fe2 <_vsnprintf+0x4d2>
100030ba:	4604      	mov	r4, r0
100030bc:	4681      	mov	r9, r0
100030be:	e61b      	b.n	10002cf8 <_vsnprintf+0x1e8>
100030c0:	f04f 0810 	mov.w	r8, #16
100030c4:	f043 0320 	orr.w	r3, r3, #32
100030c8:	46c4      	mov	ip, r8
100030ca:	e785      	b.n	10002fd8 <_vsnprintf+0x4c8>
100030cc:	9b0c      	ldr	r3, [sp, #48]	@ 0x30
100030ce:	2b01      	cmp	r3, #1
100030d0:	d945      	bls.n	1000315e <_vsnprintf+0x64e>
100030d2:	e9dd 5409 	ldrd	r5, r4, [sp, #36]	@ 0x24
100030d6:	464e      	mov	r6, r9
100030d8:	f109 38ff 	add.w	r8, r9, #4294967295
100030dc:	4498      	add	r8, r3
100030de:	4632      	mov	r2, r6
100030e0:	462b      	mov	r3, r5
100030e2:	4621      	mov	r1, r4
100030e4:	2020      	movs	r0, #32
100030e6:	3601      	adds	r6, #1
100030e8:	47d8      	blx	fp
100030ea:	4546      	cmp	r6, r8
100030ec:	d1f7      	bne.n	100030de <_vsnprintf+0x5ce>
100030ee:	9b0c      	ldr	r3, [sp, #48]	@ 0x30
100030f0:	4632      	mov	r2, r6
100030f2:	4499      	add	r9, r3
100030f4:	9b0b      	ldr	r3, [sp, #44]	@ 0x2c
100030f6:	7818      	ldrb	r0, [r3, #0]
100030f8:	e9dd 3109 	ldrd	r3, r1, [sp, #36]	@ 0x24
100030fc:	47d8      	blx	fp
100030fe:	970b      	str	r7, [sp, #44]	@ 0x2c
10003100:	e526      	b.n	10002b50 <_vsnprintf+0x40>
10003102:	9b0c      	ldr	r3, [sp, #48]	@ 0x30
10003104:	42b3      	cmp	r3, r6
10003106:	f240 81ee 	bls.w	100034e6 <_vsnprintf+0x9d6>
1000310a:	e9cd 480d 	strd	r4, r8, [sp, #52]	@ 0x34
1000310e:	e9dd 5409 	ldrd	r5, r4, [sp, #36]	@ 0x24
10003112:	4688      	mov	r8, r1
10003114:	444b      	add	r3, r9
10003116:	1b9e      	subs	r6, r3, r6
10003118:	f8cd c02c 	str.w	ip, [sp, #44]	@ 0x2c
1000311c:	464a      	mov	r2, r9
1000311e:	462b      	mov	r3, r5
10003120:	4621      	mov	r1, r4
10003122:	2020      	movs	r0, #32
10003124:	f109 0901 	add.w	r9, r9, #1
10003128:	47d8      	blx	fp
1000312a:	45b1      	cmp	r9, r6
1000312c:	d1f6      	bne.n	1000311c <_vsnprintf+0x60c>
1000312e:	4641      	mov	r1, r8
10003130:	f8dd 8038 	ldr.w	r8, [sp, #56]	@ 0x38
10003134:	9b0c      	ldr	r3, [sp, #48]	@ 0x30
10003136:	f8dd c02c 	ldr.w	ip, [sp, #44]	@ 0x2c
1000313a:	9c0d      	ldr	r4, [sp, #52]	@ 0x34
1000313c:	f898 2000 	ldrb.w	r2, [r8]
10003140:	1c5e      	adds	r6, r3, #1
10003142:	4610      	mov	r0, r2
10003144:	2a00      	cmp	r2, #0
10003146:	f47f ae58 	bne.w	10002dfa <_vsnprintf+0x2ea>
1000314a:	e673      	b.n	10002e34 <_vsnprintf+0x324>
1000314c:	f04f 0810 	mov.w	r8, #16
10003150:	46c4      	mov	ip, r8
10003152:	e741      	b.n	10002fd8 <_vsnprintf+0x4c8>
10003154:	061d      	lsls	r5, r3, #24
10003156:	bf4c      	ite	mi
10003158:	8812      	ldrhmi	r2, [r2, #0]
1000315a:	6812      	ldrpl	r2, [r2, #0]
1000315c:	e751      	b.n	10003002 <_vsnprintf+0x4f2>
1000315e:	4613      	mov	r3, r2
10003160:	464a      	mov	r2, r9
10003162:	7818      	ldrb	r0, [r3, #0]
10003164:	e9dd 3109 	ldrd	r3, r1, [sp, #36]	@ 0x24
10003168:	47d8      	blx	fp
1000316a:	46b1      	mov	r9, r6
1000316c:	e6dc      	b.n	10002f28 <_vsnprintf+0x418>
1000316e:	9c0b      	ldr	r4, [sp, #44]	@ 0x2c
10003170:	3407      	adds	r4, #7
10003172:	f024 0407 	bic.w	r4, r4, #7
10003176:	4622      	mov	r2, r4
10003178:	6865      	ldr	r5, [r4, #4]
1000317a:	f852 4b08 	ldr.w	r4, [r2], #8
1000317e:	920b      	str	r2, [sp, #44]	@ 0x2c
10003180:	ea54 0205 	orrs.w	r2, r4, r5
10003184:	f040 812c 	bne.w	100033e0 <_vsnprintf+0x8d0>
10003188:	f023 0310 	bic.w	r3, r3, #16
1000318c:	2800      	cmp	r0, #0
1000318e:	f000 8127 	beq.w	100033e0 <_vsnprintf+0x8d0>
10003192:	2600      	movs	r6, #0
10003194:	f10d 0e48 	add.w	lr, sp, #72	@ 0x48
10003198:	9306      	str	r3, [sp, #24]
1000319a:	9b0c      	ldr	r3, [sp, #48]	@ 0x30
1000319c:	464a      	mov	r2, r9
1000319e:	e9cd 7304 	strd	r7, r3, [sp, #16]
100031a2:	2300      	movs	r3, #0
100031a4:	e9cd e600 	strd	lr, r6, [sp]
100031a8:	f8cd c00c 	str.w	ip, [sp, #12]
100031ac:	9302      	str	r3, [sp, #8]
100031ae:	4658      	mov	r0, fp
100031b0:	e9dd 3109 	ldrd	r3, r1, [sp, #36]	@ 0x24
100031b4:	f7fe ffea 	bl	1000218c <_ntoa_format>
100031b8:	4681      	mov	r9, r0
100031ba:	e4c9      	b.n	10002b50 <_vsnprintf+0x40>
100031bc:	f013 0f20 	tst.w	r3, #32
100031c0:	bf14      	ite	ne
100031c2:	2041      	movne	r0, #65	@ 0x41
100031c4:	2061      	moveq	r0, #97	@ 0x61
100031c6:	f10d 0e48 	add.w	lr, sp, #72	@ 0x48
100031ca:	4676      	mov	r6, lr
100031cc:	f1a0 080a 	sub.w	r8, r0, #10
100031d0:	e003      	b.n	100031da <_vsnprintf+0x6ca>
100031d2:	2920      	cmp	r1, #32
100031d4:	f43f af20 	beq.w	10003018 <_vsnprintf+0x508>
100031d8:	4622      	mov	r2, r4
100031da:	fbb2 f4fc 	udiv	r4, r2, ip
100031de:	fb0c 2514 	mls	r5, ip, r4, r2
100031e2:	b2e8      	uxtb	r0, r5
100031e4:	2d09      	cmp	r5, #9
100031e6:	f100 0530 	add.w	r5, r0, #48	@ 0x30
100031ea:	bf8a      	itet	hi
100031ec:	4440      	addhi	r0, r8
100031ee:	b2e8      	uxtbls	r0, r5
100031f0:	b2c0      	uxtbhi	r0, r0
100031f2:	4562      	cmp	r2, ip
100031f4:	f806 0b01 	strb.w	r0, [r6], #1
100031f8:	f101 0101 	add.w	r1, r1, #1
100031fc:	d2e9      	bcs.n	100031d2 <_vsnprintf+0x6c2>
100031fe:	e70b      	b.n	10003018 <_vsnprintf+0x508>
10003200:	f023 0210 	bic.w	r2, r3, #16
10003204:	2869      	cmp	r0, #105	@ 0x69
10003206:	920d      	str	r2, [sp, #52]	@ 0x34
10003208:	f040 816f 	bne.w	100034ea <_vsnprintf+0x9da>
1000320c:	f413 6280 	ands.w	r2, r3, #1024	@ 0x400
10003210:	d004      	beq.n	1000321c <_vsnprintf+0x70c>
10003212:	f44f 6280 	mov.w	r2, #1024	@ 0x400
10003216:	f023 0311 	bic.w	r3, r3, #17
1000321a:	930d      	str	r3, [sp, #52]	@ 0x34
1000321c:	9b0d      	ldr	r3, [sp, #52]	@ 0x34
1000321e:	f413 7600 	ands.w	r6, r3, #512	@ 0x200
10003222:	d140      	bne.n	100032a6 <_vsnprintf+0x796>
10003224:	9b0b      	ldr	r3, [sp, #44]	@ 0x2c
10003226:	f103 0804 	add.w	r8, r3, #4
1000322a:	9b0d      	ldr	r3, [sp, #52]	@ 0x34
1000322c:	f413 7080 	ands.w	r0, r3, #256	@ 0x100
10003230:	f040 8098 	bne.w	10003364 <_vsnprintf+0x854>
10003234:	0659      	lsls	r1, r3, #25
10003236:	f140 80c6 	bpl.w	100033c6 <_vsnprintf+0x8b6>
1000323a:	9b0b      	ldr	r3, [sp, #44]	@ 0x2c
1000323c:	7819      	ldrb	r1, [r3, #0]
1000323e:	460c      	mov	r4, r1
10003240:	0fcb      	lsrs	r3, r1, #31
10003242:	2900      	cmp	r1, #0
10003244:	f000 80b9 	beq.w	100033ba <_vsnprintf+0x8aa>
10003248:	4622      	mov	r2, r4
1000324a:	f10d 0e48 	add.w	lr, sp, #72	@ 0x48
1000324e:	4674      	mov	r4, lr
10003250:	4616      	mov	r6, r2
10003252:	f8df c2a0 	ldr.w	ip, [pc, #672]	@ 100034f4 <_vsnprintf+0x9e4>
10003256:	e001      	b.n	1000325c <_vsnprintf+0x74c>
10003258:	2820      	cmp	r0, #32
1000325a:	d00f      	beq.n	1000327c <_vsnprintf+0x76c>
1000325c:	4635      	mov	r5, r6
1000325e:	fbac 2106 	umull	r2, r1, ip, r6
10003262:	08c9      	lsrs	r1, r1, #3
10003264:	eb01 0281 	add.w	r2, r1, r1, lsl #2
10003268:	eba6 0242 	sub.w	r2, r6, r2, lsl #1
1000326c:	3230      	adds	r2, #48	@ 0x30
1000326e:	2d09      	cmp	r5, #9
10003270:	460e      	mov	r6, r1
10003272:	f100 0001 	add.w	r0, r0, #1
10003276:	f804 2b01 	strb.w	r2, [r4], #1
1000327a:	d8ed      	bhi.n	10003258 <_vsnprintf+0x748>
1000327c:	9a0d      	ldr	r2, [sp, #52]	@ 0x34
1000327e:	e9cd 0301 	strd	r0, r3, [sp, #4]
10003282:	9206      	str	r2, [sp, #24]
10003284:	9a0c      	ldr	r2, [sp, #48]	@ 0x30
10003286:	e9cd 7204 	strd	r7, r2, [sp, #16]
1000328a:	230a      	movs	r3, #10
1000328c:	464a      	mov	r2, r9
1000328e:	9303      	str	r3, [sp, #12]
10003290:	4658      	mov	r0, fp
10003292:	e9dd 3109 	ldrd	r3, r1, [sp, #36]	@ 0x24
10003296:	f8cd e000 	str.w	lr, [sp]
1000329a:	f7fe ff77 	bl	1000218c <_ntoa_format>
1000329e:	f8cd 802c 	str.w	r8, [sp, #44]	@ 0x2c
100032a2:	4681      	mov	r9, r0
100032a4:	e454      	b.n	10002b50 <_vsnprintf+0x40>
100032a6:	9c0b      	ldr	r4, [sp, #44]	@ 0x2c
100032a8:	3407      	adds	r4, #7
100032aa:	f024 0407 	bic.w	r4, r4, #7
100032ae:	4621      	mov	r1, r4
100032b0:	4608      	mov	r0, r1
100032b2:	6863      	ldr	r3, [r4, #4]
100032b4:	f850 1b08 	ldr.w	r1, [r0], #8
100032b8:	0fdc      	lsrs	r4, r3, #31
100032ba:	900b      	str	r0, [sp, #44]	@ 0x2c
100032bc:	ea51 0003 	orrs.w	r0, r1, r3
100032c0:	f000 80c3 	beq.w	1000344a <_vsnprintf+0x93a>
100032c4:	460a      	mov	r2, r1
100032c6:	1e19      	subs	r1, r3, #0
100032c8:	db48      	blt.n	1000335c <_vsnprintf+0x84c>
100032ca:	4613      	mov	r3, r2
100032cc:	f10d 0e48 	add.w	lr, sp, #72	@ 0x48
100032d0:	46f4      	mov	ip, lr
100032d2:	2600      	movs	r6, #0
100032d4:	e9cd 490e 	strd	r4, r9, [sp, #56]	@ 0x38
100032d8:	f8df 8218 	ldr.w	r8, [pc, #536]	@ 100034f4 <_vsnprintf+0x9e4>
100032dc:	e001      	b.n	100032e2 <_vsnprintf+0x7d2>
100032de:	2e20      	cmp	r6, #32
100032e0:	d02d      	beq.n	1000333e <_vsnprintf+0x82e>
100032e2:	185a      	adds	r2, r3, r1
100032e4:	f142 0200 	adc.w	r2, r2, #0
100032e8:	fba8 5902 	umull	r5, r9, r8, r2
100032ec:	f029 0503 	bic.w	r5, r9, #3
100032f0:	eb05 0599 	add.w	r5, r5, r9, lsr #2
100032f4:	1b52      	subs	r2, r2, r5
100032f6:	461c      	mov	r4, r3
100032f8:	1a9b      	subs	r3, r3, r2
100032fa:	f161 0500 	sbc.w	r5, r1, #0
100032fe:	4608      	mov	r0, r1
10003300:	f04f 31cc 	mov.w	r1, #3435973836	@ 0xcccccccc
10003304:	fb01 f103 	mul.w	r1, r1, r3
10003308:	fb08 1105 	mla	r1, r8, r5, r1
1000330c:	fba3 5308 	umull	r5, r3, r3, r8
10003310:	4419      	add	r1, r3
10003312:	2305      	movs	r3, #5
10003314:	f005 0901 	and.w	r9, r5, #1
10003318:	fba9 3903 	umull	r3, r9, r9, r3
1000331c:	189b      	adds	r3, r3, r2
1000331e:	2c0a      	cmp	r4, #10
10003320:	f103 0330 	add.w	r3, r3, #48	@ 0x30
10003324:	ea4f 0555 	mov.w	r5, r5, lsr #1
10003328:	f170 0000 	sbcs.w	r0, r0, #0
1000332c:	f80c 3b01 	strb.w	r3, [ip], #1
10003330:	f106 0601 	add.w	r6, r6, #1
10003334:	ea45 73c1 	orr.w	r3, r5, r1, lsl #31
10003338:	ea4f 0151 	mov.w	r1, r1, lsr #1
1000333c:	d2cf      	bcs.n	100032de <_vsnprintf+0x7ce>
1000333e:	e9dd 490e 	ldrd	r4, r9, [sp, #56]	@ 0x38
10003342:	9b0d      	ldr	r3, [sp, #52]	@ 0x34
10003344:	464a      	mov	r2, r9
10003346:	9306      	str	r3, [sp, #24]
10003348:	9b0c      	ldr	r3, [sp, #48]	@ 0x30
1000334a:	e9cd 6401 	strd	r6, r4, [sp, #4]
1000334e:	e9cd 7304 	strd	r7, r3, [sp, #16]
10003352:	230a      	movs	r3, #10
10003354:	f8cd e000 	str.w	lr, [sp]
10003358:	9303      	str	r3, [sp, #12]
1000335a:	e728      	b.n	100031ae <_vsnprintf+0x69e>
1000335c:	4252      	negs	r2, r2
1000335e:	eb61 0141 	sbc.w	r1, r1, r1, lsl #1
10003362:	e7b2      	b.n	100032ca <_vsnprintf+0x7ba>
10003364:	9b0b      	ldr	r3, [sp, #44]	@ 0x2c
10003366:	6819      	ldr	r1, [r3, #0]
10003368:	0fcb      	lsrs	r3, r1, #31
1000336a:	2900      	cmp	r1, #0
1000336c:	f000 80ab 	beq.w	100034c6 <_vsnprintf+0x9b6>
10003370:	ea81 72e1 	eor.w	r2, r1, r1, asr #31
10003374:	eba2 72e1 	sub.w	r2, r2, r1, asr #31
10003378:	f10d 0e48 	add.w	lr, sp, #72	@ 0x48
1000337c:	4670      	mov	r0, lr
1000337e:	f8df c174 	ldr.w	ip, [pc, #372]	@ 100034f4 <_vsnprintf+0x9e4>
10003382:	e001      	b.n	10003388 <_vsnprintf+0x878>
10003384:	2e20      	cmp	r6, #32
10003386:	d010      	beq.n	100033aa <_vsnprintf+0x89a>
10003388:	4615      	mov	r5, r2
1000338a:	fbac 4102 	umull	r4, r1, ip, r2
1000338e:	08c9      	lsrs	r1, r1, #3
10003390:	eb01 0481 	add.w	r4, r1, r1, lsl #2
10003394:	eba2 0444 	sub.w	r4, r2, r4, lsl #1
10003398:	f104 0230 	add.w	r2, r4, #48	@ 0x30
1000339c:	2d09      	cmp	r5, #9
1000339e:	f800 2b01 	strb.w	r2, [r0], #1
100033a2:	f106 0601 	add.w	r6, r6, #1
100033a6:	460a      	mov	r2, r1
100033a8:	d8ec      	bhi.n	10003384 <_vsnprintf+0x874>
100033aa:	9a0d      	ldr	r2, [sp, #52]	@ 0x34
100033ac:	e9cd 6301 	strd	r6, r3, [sp, #4]
100033b0:	9206      	str	r2, [sp, #24]
100033b2:	9a0c      	ldr	r2, [sp, #48]	@ 0x30
100033b4:	e9cd 7204 	strd	r7, r2, [sp, #16]
100033b8:	e767      	b.n	1000328a <_vsnprintf+0x77a>
100033ba:	2a00      	cmp	r2, #0
100033bc:	f43f af45 	beq.w	1000324a <_vsnprintf+0x73a>
100033c0:	f10d 0e48 	add.w	lr, sp, #72	@ 0x48
100033c4:	e75a      	b.n	1000327c <_vsnprintf+0x76c>
100033c6:	f013 0f80 	tst.w	r3, #128	@ 0x80
100033ca:	9b0b      	ldr	r3, [sp, #44]	@ 0x2c
100033cc:	f000 8081 	beq.w	100034d2 <_vsnprintf+0x9c2>
100033d0:	f9b3 1000 	ldrsh.w	r1, [r3]
100033d4:	ea81 74e1 	eor.w	r4, r1, r1, asr #31
100033d8:	eba4 74e1 	sub.w	r4, r4, r1, asr #31
100033dc:	b2a4      	uxth	r4, r4
100033de:	e72f      	b.n	10003240 <_vsnprintf+0x730>
100033e0:	f013 0f20 	tst.w	r3, #32
100033e4:	bf14      	ite	ne
100033e6:	2241      	movne	r2, #65	@ 0x41
100033e8:	2261      	moveq	r2, #97	@ 0x61
100033ea:	f10d 0e48 	add.w	lr, sp, #72	@ 0x48
100033ee:	3a0a      	subs	r2, #10
100033f0:	e9cd 970d 	strd	r9, r7, [sp, #52]	@ 0x34
100033f4:	f8cd b044 	str.w	fp, [sp, #68]	@ 0x44
100033f8:	2600      	movs	r6, #0
100033fa:	4677      	mov	r7, lr
100033fc:	46f3      	mov	fp, lr
100033fe:	4691      	mov	r9, r2
10003400:	e9cd 3c0f 	strd	r3, ip, [sp, #60]	@ 0x3c
10003404:	e003      	b.n	1000340e <_vsnprintf+0x8fe>
10003406:	2e20      	cmp	r6, #32
10003408:	d017      	beq.n	1000343a <_vsnprintf+0x92a>
1000340a:	4604      	mov	r4, r0
1000340c:	460d      	mov	r5, r1
1000340e:	4629      	mov	r1, r5
10003410:	4642      	mov	r2, r8
10003412:	2300      	movs	r3, #0
10003414:	4620      	mov	r0, r4
10003416:	f007 fcdb 	bl	1000add0 <____aeabi_uldivmod_veneer>
1000341a:	b2d2      	uxtb	r2, r2
1000341c:	2a09      	cmp	r2, #9
1000341e:	f102 0330 	add.w	r3, r2, #48	@ 0x30
10003422:	bf88      	it	hi
10003424:	eb02 0309 	addhi.w	r3, r2, r9
10003428:	4544      	cmp	r4, r8
1000342a:	b2db      	uxtb	r3, r3
1000342c:	f175 0500 	sbcs.w	r5, r5, #0
10003430:	f807 3b01 	strb.w	r3, [r7], #1
10003434:	f106 0601 	add.w	r6, r6, #1
10003438:	d2e5      	bcs.n	10003406 <_vsnprintf+0x8f6>
1000343a:	46de      	mov	lr, fp
1000343c:	e9dd 970d 	ldrd	r9, r7, [sp, #52]	@ 0x34
10003440:	e9dd 3c0f 	ldrd	r3, ip, [sp, #60]	@ 0x3c
10003444:	f8dd b044 	ldr.w	fp, [sp, #68]	@ 0x44
10003448:	e6a6      	b.n	10003198 <_vsnprintf+0x688>
1000344a:	2a00      	cmp	r2, #0
1000344c:	d147      	bne.n	100034de <_vsnprintf+0x9ce>
1000344e:	4613      	mov	r3, r2
10003450:	4611      	mov	r1, r2
10003452:	e73b      	b.n	100032cc <_vsnprintf+0x7bc>
10003454:	990b      	ldr	r1, [sp, #44]	@ 0x2c
10003456:	6809      	ldr	r1, [r1, #0]
10003458:	b9a1      	cbnz	r1, 10003484 <_vsnprintf+0x974>
1000345a:	f023 0310 	bic.w	r3, r3, #16
1000345e:	b188      	cbz	r0, 10003484 <_vsnprintf+0x974>
10003460:	f10d 0e48 	add.w	lr, sp, #72	@ 0x48
10003464:	9306      	str	r3, [sp, #24]
10003466:	9b0c      	ldr	r3, [sp, #48]	@ 0x30
10003468:	f8cd c00c 	str.w	ip, [sp, #12]
1000346c:	e9cd 7304 	strd	r7, r3, [sp, #16]
10003470:	9201      	str	r2, [sp, #4]
10003472:	e5d8      	b.n	10003026 <_vsnprintf+0x516>
10003474:	f413 6280 	ands.w	r2, r3, #1024	@ 0x400
10003478:	f47f aecb 	bne.w	10003212 <_vsnprintf+0x702>
1000347c:	f023 0310 	bic.w	r3, r3, #16
10003480:	930d      	str	r3, [sp, #52]	@ 0x34
10003482:	e6cb      	b.n	1000321c <_vsnprintf+0x70c>
10003484:	f013 0f20 	tst.w	r3, #32
10003488:	bf14      	ite	ne
1000348a:	2041      	movne	r0, #65	@ 0x41
1000348c:	2061      	moveq	r0, #97	@ 0x61
1000348e:	f10d 0e48 	add.w	lr, sp, #72	@ 0x48
10003492:	4676      	mov	r6, lr
10003494:	f1a0 080a 	sub.w	r8, r0, #10
10003498:	e002      	b.n	100034a0 <_vsnprintf+0x990>
1000349a:	2a20      	cmp	r2, #32
1000349c:	d0e2      	beq.n	10003464 <_vsnprintf+0x954>
1000349e:	4621      	mov	r1, r4
100034a0:	fbb1 f4fc 	udiv	r4, r1, ip
100034a4:	fb0c 1514 	mls	r5, ip, r4, r1
100034a8:	b2e8      	uxtb	r0, r5
100034aa:	2d09      	cmp	r5, #9
100034ac:	f100 0530 	add.w	r5, r0, #48	@ 0x30
100034b0:	bf8a      	itet	hi
100034b2:	4440      	addhi	r0, r8
100034b4:	b2e8      	uxtbls	r0, r5
100034b6:	b2c0      	uxtbhi	r0, r0
100034b8:	4561      	cmp	r1, ip
100034ba:	f806 0b01 	strb.w	r0, [r6], #1
100034be:	f102 0201 	add.w	r2, r2, #1
100034c2:	d2ea      	bcs.n	1000349a <_vsnprintf+0x98a>
100034c4:	e7ce      	b.n	10003464 <_vsnprintf+0x954>
100034c6:	2a00      	cmp	r2, #0
100034c8:	f43f af56 	beq.w	10003378 <_vsnprintf+0x868>
100034cc:	f10d 0e48 	add.w	lr, sp, #72	@ 0x48
100034d0:	e76b      	b.n	100033aa <_vsnprintf+0x89a>
100034d2:	6819      	ldr	r1, [r3, #0]
100034d4:	ea81 74e1 	eor.w	r4, r1, r1, asr #31
100034d8:	eba4 74e1 	sub.w	r4, r4, r1, asr #31
100034dc:	e6b0      	b.n	10003240 <_vsnprintf+0x730>
100034de:	2600      	movs	r6, #0
100034e0:	f10d 0e48 	add.w	lr, sp, #72	@ 0x48
100034e4:	e72d      	b.n	10003342 <_vsnprintf+0x832>
100034e6:	3601      	adds	r6, #1
100034e8:	e62b      	b.n	10003142 <_vsnprintf+0x632>
100034ea:	f04f 080a 	mov.w	r8, #10
100034ee:	4613      	mov	r3, r2
100034f0:	46c4      	mov	ip, r8
100034f2:	e571      	b.n	10002fd8 <_vsnprintf+0x4c8>
100034f4:	cccccccd 	.word	0xcccccccd

100034f8 <stdio_out_chars_no_crlf>:
100034f8:	6803      	ldr	r3, [r0, #0]
100034fa:	4608      	mov	r0, r1
100034fc:	4611      	mov	r1, r2
100034fe:	4718      	bx	r3

10003500 <stdio_out_chars_crlf>:
10003500:	7d43      	ldrb	r3, [r0, #21]
10003502:	e92d 47f0 	stmdb	sp!, {r4, r5, r6, r7, r8, r9, sl, lr}
10003506:	4681      	mov	r9, r0
10003508:	460f      	mov	r7, r1
1000350a:	4616      	mov	r6, r2
1000350c:	2b00      	cmp	r3, #0
1000350e:	d043      	beq.n	10003598 <stdio_out_chars_crlf+0x98>
10003510:	2a00      	cmp	r2, #0
10003512:	dd3b      	ble.n	1000358c <stdio_out_chars_crlf+0x8c>
10003514:	2100      	movs	r1, #0
10003516:	1e7d      	subs	r5, r7, #1
10003518:	f815 2f01 	ldrb.w	r2, [r5, #1]!
1000351c:	7d03      	ldrb	r3, [r0, #20]
1000351e:	2a0a      	cmp	r2, #10
10003520:	4608      	mov	r0, r1
10003522:	f8df 8084 	ldr.w	r8, [pc, #132]	@ 100035a8 <stdio_out_chars_crlf+0xa8>
10003526:	f101 0401 	add.w	r4, r1, #1
1000352a:	d00e      	beq.n	1000354a <stdio_out_chars_crlf+0x4a>
1000352c:	42a6      	cmp	r6, r4
1000352e:	d01c      	beq.n	1000356a <stdio_out_chars_crlf+0x6a>
10003530:	782b      	ldrb	r3, [r5, #0]
10003532:	4621      	mov	r1, r4
10003534:	f1a3 030d 	sub.w	r3, r3, #13
10003538:	fab3 f383 	clz	r3, r3
1000353c:	f815 2f01 	ldrb.w	r2, [r5, #1]!
10003540:	095b      	lsrs	r3, r3, #5
10003542:	2a0a      	cmp	r2, #10
10003544:	f101 0401 	add.w	r4, r1, #1
10003548:	d1f0      	bne.n	1000352c <stdio_out_chars_crlf+0x2c>
1000354a:	2b00      	cmp	r3, #0
1000354c:	d1ee      	bne.n	1000352c <stdio_out_chars_crlf+0x2c>
1000354e:	4288      	cmp	r0, r1
10003550:	eba1 0100 	sub.w	r1, r1, r0
10003554:	4438      	add	r0, r7
10003556:	db1b      	blt.n	10003590 <stdio_out_chars_crlf+0x90>
10003558:	2102      	movs	r1, #2
1000355a:	4640      	mov	r0, r8
1000355c:	f8d9 3000 	ldr.w	r3, [r9]
10003560:	4798      	blx	r3
10003562:	42a6      	cmp	r6, r4
10003564:	d008      	beq.n	10003578 <stdio_out_chars_crlf+0x78>
10003566:	4620      	mov	r0, r4
10003568:	e7e2      	b.n	10003530 <stdio_out_chars_crlf+0x30>
1000356a:	4286      	cmp	r6, r0
1000356c:	dd04      	ble.n	10003578 <stdio_out_chars_crlf+0x78>
1000356e:	1a31      	subs	r1, r6, r0
10003570:	f8d9 3000 	ldr.w	r3, [r9]
10003574:	4438      	add	r0, r7
10003576:	4798      	blx	r3
10003578:	4437      	add	r7, r6
1000357a:	f817 3c01 	ldrb.w	r3, [r7, #-1]
1000357e:	f1a3 030d 	sub.w	r3, r3, #13
10003582:	fab3 f383 	clz	r3, r3
10003586:	095b      	lsrs	r3, r3, #5
10003588:	f889 3014 	strb.w	r3, [r9, #20]
1000358c:	e8bd 87f0 	ldmia.w	sp!, {r4, r5, r6, r7, r8, r9, sl, pc}
10003590:	f8d9 3000 	ldr.w	r3, [r9]
10003594:	4798      	blx	r3
10003596:	e7df      	b.n	10003558 <stdio_out_chars_crlf+0x58>
10003598:	4638      	mov	r0, r7
1000359a:	f8d9 3000 	ldr.w	r3, [r9]
1000359e:	4611      	mov	r1, r2
100035a0:	e8bd 47f0 	ldmia.w	sp!, {r4, r5, r6, r7, r8, r9, sl, lr}
100035a4:	4718      	bx	r3
100035a6:	bf00      	nop
100035a8:	1000eda8 	.word	0x1000eda8

100035ac <stdio_buffered_printer>:
100035ac:	b5f8      	push	{r3, r4, r5, r6, r7, lr}
100035ae:	680b      	ldr	r3, [r1, #0]
100035b0:	460d      	mov	r5, r1
100035b2:	2b80      	cmp	r3, #128	@ 0x80
100035b4:	4606      	mov	r6, r0
100035b6:	d004      	beq.n	100035c2 <stdio_buffered_printer+0x16>
100035b8:	1c5a      	adds	r2, r3, #1
100035ba:	442b      	add	r3, r5
100035bc:	602a      	str	r2, [r5, #0]
100035be:	711e      	strb	r6, [r3, #4]
100035c0:	bdf8      	pop	{r3, r4, r5, r6, r7, pc}
100035c2:	4b0c      	ldr	r3, [pc, #48]	@ (100035f4 <stdio_buffered_printer+0x48>)
100035c4:	f8d3 40fc 	ldr.w	r4, [r3, #252]	@ 0xfc
100035c8:	b154      	cbz	r4, 100035e0 <stdio_buffered_printer+0x34>
100035ca:	1d0f      	adds	r7, r1, #4
100035cc:	6823      	ldr	r3, [r4, #0]
100035ce:	b16b      	cbz	r3, 100035ec <stdio_buffered_printer+0x40>
100035d0:	4620      	mov	r0, r4
100035d2:	4639      	mov	r1, r7
100035d4:	682a      	ldr	r2, [r5, #0]
100035d6:	f7ff ff93 	bl	10003500 <stdio_out_chars_crlf>
100035da:	6924      	ldr	r4, [r4, #16]
100035dc:	2c00      	cmp	r4, #0
100035de:	d1f5      	bne.n	100035cc <stdio_buffered_printer+0x20>
100035e0:	2300      	movs	r3, #0
100035e2:	2201      	movs	r2, #1
100035e4:	442b      	add	r3, r5
100035e6:	602a      	str	r2, [r5, #0]
100035e8:	711e      	strb	r6, [r3, #4]
100035ea:	bdf8      	pop	{r3, r4, r5, r6, r7, pc}
100035ec:	6924      	ldr	r4, [r4, #16]
100035ee:	2c00      	cmp	r4, #0
100035f0:	d1ec      	bne.n	100035cc <stdio_buffered_printer+0x20>
100035f2:	e7f5      	b.n	100035e0 <stdio_buffered_printer+0x34>
100035f4:	200016f8 	.word	0x200016f8

100035f8 <stdio_uart_out_chars>:
100035f8:	f1b1 0c00 	subs.w	ip, r1, #0
100035fc:	dd1f      	ble.n	1000363e <stdio_uart_out_chars+0x46>
100035fe:	4b10      	ldr	r3, [pc, #64]	@ (10003640 <stdio_uart_out_chars+0x48>)
10003600:	b510      	push	{r4, lr}
10003602:	f8d3 2100 	ldr.w	r2, [r3, #256]	@ 0x100
10003606:	4c0f      	ldr	r4, [pc, #60]	@ (10003644 <stdio_uart_out_chars+0x4c>)
10003608:	1e41      	subs	r1, r0, #1
1000360a:	1b10      	subs	r0, r2, r4
1000360c:	fab0 f080 	clz	r0, r0
10003610:	240d      	movs	r4, #13
10003612:	0940      	lsrs	r0, r0, #5
10003614:	eb03 0340 	add.w	r3, r3, r0, lsl #1
10003618:	f9b3 e104 	ldrsh.w	lr, [r3, #260]	@ 0x104
1000361c:	448c      	add	ip, r1
1000361e:	f811 0f01 	ldrb.w	r0, [r1, #1]!
10003622:	4586      	cmp	lr, r0
10003624:	d006      	beq.n	10003634 <stdio_uart_out_chars+0x3c>
10003626:	6993      	ldr	r3, [r2, #24]
10003628:	069b      	lsls	r3, r3, #26
1000362a:	d4fc      	bmi.n	10003626 <stdio_uart_out_chars+0x2e>
1000362c:	4561      	cmp	r1, ip
1000362e:	6010      	str	r0, [r2, #0]
10003630:	d1f5      	bne.n	1000361e <stdio_uart_out_chars+0x26>
10003632:	bd10      	pop	{r4, pc}
10003634:	6993      	ldr	r3, [r2, #24]
10003636:	069b      	lsls	r3, r3, #26
10003638:	d4fc      	bmi.n	10003634 <stdio_uart_out_chars+0x3c>
1000363a:	6014      	str	r4, [r2, #0]
1000363c:	e7f3      	b.n	10003626 <stdio_uart_out_chars+0x2e>
1000363e:	4770      	bx	lr
10003640:	200016f8 	.word	0x200016f8
10003644:	40078000 	.word	0x40078000

10003648 <stdio_uart_in_chars>:
10003648:	4a22      	ldr	r2, [pc, #136]	@ (100036d4 <stdio_uart_in_chars+0x8c>)
1000364a:	f1b1 0c00 	subs.w	ip, r1, #0
1000364e:	b410      	push	{r4}
10003650:	f8d2 4108 	ldr.w	r4, [r2, #264]	@ 0x108
10003654:	dd2e      	ble.n	100036b4 <stdio_uart_in_chars+0x6c>
10003656:	4603      	mov	r3, r0
10003658:	2000      	movs	r0, #0
1000365a:	f8d2 2100 	ldr.w	r2, [r2, #256]	@ 0x100
1000365e:	1e59      	subs	r1, r3, #1
10003660:	6993      	ldr	r3, [r2, #24]
10003662:	06db      	lsls	r3, r3, #27
10003664:	d417      	bmi.n	10003696 <stdio_uart_in_chars+0x4e>
10003666:	3001      	adds	r0, #1
10003668:	6993      	ldr	r3, [r2, #24]
1000366a:	06db      	lsls	r3, r3, #27
1000366c:	d4fc      	bmi.n	10003668 <stdio_uart_in_chars+0x20>
1000366e:	6813      	ldr	r3, [r2, #0]
10003670:	4584      	cmp	ip, r0
10003672:	f801 3f01 	strb.w	r3, [r1, #1]!
10003676:	d1f3      	bne.n	10003660 <stdio_uart_in_chars+0x18>
10003678:	b14c      	cbz	r4, 1000368e <stdio_uart_in_chars+0x46>
1000367a:	2150      	movs	r1, #80	@ 0x50
1000367c:	4613      	mov	r3, r2
1000367e:	6391      	str	r1, [r2, #56]	@ 0x38
10003680:	f853 2f34 	ldr.w	r2, [r3, #52]!
10003684:	f002 0238 	and.w	r2, r2, #56	@ 0x38
10003688:	f503 5380 	add.w	r3, r3, #4096	@ 0x1000
1000368c:	601a      	str	r2, [r3, #0]
1000368e:	4660      	mov	r0, ip
10003690:	f85d 4b04 	ldr.w	r4, [sp], #4
10003694:	4770      	bx	lr
10003696:	b14c      	cbz	r4, 100036ac <stdio_uart_in_chars+0x64>
10003698:	2150      	movs	r1, #80	@ 0x50
1000369a:	4613      	mov	r3, r2
1000369c:	6391      	str	r1, [r2, #56]	@ 0x38
1000369e:	f853 2f34 	ldr.w	r2, [r3, #52]!
100036a2:	f002 0238 	and.w	r2, r2, #56	@ 0x38
100036a6:	f503 5380 	add.w	r3, r3, #4096	@ 0x1000
100036aa:	601a      	str	r2, [r3, #0]
100036ac:	b178      	cbz	r0, 100036ce <stdio_uart_in_chars+0x86>
100036ae:	f85d 4b04 	ldr.w	r4, [sp], #4
100036b2:	4770      	bx	lr
100036b4:	b15c      	cbz	r4, 100036ce <stdio_uart_in_chars+0x86>
100036b6:	f8d2 2100 	ldr.w	r2, [r2, #256]	@ 0x100
100036ba:	2150      	movs	r1, #80	@ 0x50
100036bc:	4613      	mov	r3, r2
100036be:	6391      	str	r1, [r2, #56]	@ 0x38
100036c0:	f853 2f34 	ldr.w	r2, [r3, #52]!
100036c4:	f002 0238 	and.w	r2, r2, #56	@ 0x38
100036c8:	f503 5380 	add.w	r3, r3, #4096	@ 0x1000
100036cc:	601a      	str	r2, [r3, #0]
100036ce:	f06f 0002 	mvn.w	r0, #2
100036d2:	e7ec      	b.n	100036ae <stdio_uart_in_chars+0x66>
100036d4:	200016f8 	.word	0x200016f8

100036d8 <on_uart_rx>:
100036d8:	4b07      	ldr	r3, [pc, #28]	@ (100036f8 <on_uart_rx+0x20>)
100036da:	f8d3 2108 	ldr.w	r2, [r3, #264]	@ 0x108
100036de:	b14a      	cbz	r2, 100036f4 <on_uart_rx+0x1c>
100036e0:	b410      	push	{r4}
100036e2:	2400      	movs	r4, #0
100036e4:	f8d3 1100 	ldr.w	r1, [r3, #256]	@ 0x100
100036e8:	f8d3 010c 	ldr.w	r0, [r3, #268]	@ 0x10c
100036ec:	638c      	str	r4, [r1, #56]	@ 0x38
100036ee:	f85d 4b04 	ldr.w	r4, [sp], #4
100036f2:	4710      	bx	r2
100036f4:	4770      	bx	lr
100036f6:	bf00      	nop
100036f8:	200016f8 	.word	0x200016f8

100036fc <stdio_uart_out_flush>:
100036fc:	4b03      	ldr	r3, [pc, #12]	@ (1000370c <stdio_uart_out_flush+0x10>)
100036fe:	f8d3 2100 	ldr.w	r2, [r3, #256]	@ 0x100
10003702:	6993      	ldr	r3, [r2, #24]
10003704:	071b      	lsls	r3, r3, #28
10003706:	d4fc      	bmi.n	10003702 <stdio_uart_out_flush+0x6>
10003708:	4770      	bx	lr
1000370a:	bf00      	nop
1000370c:	200016f8 	.word	0x200016f8

10003710 <_usb_give_buffer>:
10003710:	2300      	movs	r3, #0
10003712:	f890 2031 	ldrb.w	r2, [r0, #49]	@ 0x31
10003716:	b470      	push	{r4, r5, r6}
10003718:	f880 3030 	strb.w	r3, [r0, #48]	@ 0x30
1000371c:	2a00      	cmp	r2, #0
1000371e:	d14d      	bne.n	100037bc <_usb_give_buffer+0xac>
10003720:	f441 6c80 	orr.w	ip, r1, #1024	@ 0x400
10003724:	f890 302b 	ldrb.w	r3, [r0, #43]	@ 0x2b
10003728:	f890 5033 	ldrb.w	r5, [r0, #51]	@ 0x33
1000372c:	1e1e      	subs	r6, r3, #0
1000372e:	bf18      	it	ne
10003730:	2601      	movne	r6, #1
10003732:	f083 0301 	eor.w	r3, r3, #1
10003736:	f880 302b 	strb.w	r3, [r0, #43]	@ 0x2b
1000373a:	4b23      	ldr	r3, [pc, #140]	@ (100037c8 <_usb_give_buffer+0xb8>)
1000373c:	f890 202e 	ldrb.w	r2, [r0, #46]	@ 0x2e
10003740:	f8d3 1110 	ldr.w	r1, [r3, #272]	@ 0x110
10003744:	f8d3 1110 	ldr.w	r1, [r3, #272]	@ 0x110
10003748:	f8d3 4110 	ldr.w	r4, [r3, #272]	@ 0x110
1000374c:	4269      	negs	r1, r5
1000374e:	3401      	adds	r4, #1
10003750:	f8c3 4110 	str.w	r4, [r3, #272]	@ 0x110
10003754:	f401 4100 	and.w	r1, r1, #32768	@ 0x8000
10003758:	ea41 3146 	orr.w	r1, r1, r6, lsl #13
1000375c:	f8d3 6110 	ldr.w	r6, [r3, #272]	@ 0x110
10003760:	ea41 010c 	orr.w	r1, r1, ip
10003764:	2e80      	cmp	r6, #128	@ 0x80
10003766:	bf08      	it	eq
10003768:	2600      	moveq	r6, #0
1000376a:	b214      	sxth	r4, r2
1000376c:	bf08      	it	eq
1000376e:	f8c3 6110 	streq.w	r6, [r3, #272]	@ 0x110
10003772:	b10a      	cbz	r2, 10003778 <_usb_give_buffer+0x68>
10003774:	f441 51c0 	orr.w	r1, r1, #6144	@ 0x1800
10003778:	f890 c02a 	ldrb.w	ip, [r0, #42]	@ 0x2a
1000377c:	ea4f 0ccc 	mov.w	ip, ip, lsl #3
10003780:	b1cd      	cbz	r5, 100037b6 <_usb_give_buffer+0xa6>
10003782:	4b12      	ldr	r3, [pc, #72]	@ (100037cc <_usb_give_buffer+0xbc>)
10003784:	4463      	add	r3, ip
10003786:	2500      	movs	r5, #0
10003788:	b289      	uxth	r1, r1
1000378a:	f823 1014 	strh.w	r1, [r3, r4, lsl #1]
1000378e:	f890 302d 	ldrb.w	r3, [r0, #45]	@ 0x2d
10003792:	6881      	ldr	r1, [r0, #8]
10003794:	3b01      	subs	r3, #1
10003796:	f880 302d 	strb.w	r3, [r0, #45]	@ 0x2d
1000379a:	688b      	ldr	r3, [r1, #8]
1000379c:	f890 4032 	ldrb.w	r4, [r0, #50]	@ 0x32
100037a0:	3b01      	subs	r3, #1
100037a2:	f880 5024 	strb.w	r5, [r0, #36]	@ 0x24
100037a6:	608b      	str	r3, [r1, #8]
100037a8:	b11c      	cbz	r4, 100037b2 <_usb_give_buffer+0xa2>
100037aa:	f082 0201 	eor.w	r2, r2, #1
100037ae:	f880 202e 	strb.w	r2, [r0, #46]	@ 0x2e
100037b2:	bc70      	pop	{r4, r5, r6}
100037b4:	4770      	bx	lr
100037b6:	4b06      	ldr	r3, [pc, #24]	@ (100037d0 <_usb_give_buffer+0xc0>)
100037b8:	4463      	add	r3, ip
100037ba:	e7e4      	b.n	10003786 <_usb_give_buffer+0x76>
100037bc:	f441 5ca0 	orr.w	ip, r1, #5120	@ 0x1400
100037c0:	f880 3031 	strb.w	r3, [r0, #49]	@ 0x31
100037c4:	e7ae      	b.n	10003724 <_usb_give_buffer+0x14>
100037c6:	bf00      	nop
100037c8:	200016f8 	.word	0x200016f8
100037cc:	50100080 	.word	0x50100080
100037d0:	50100084 	.word	0x50100084

100037d4 <_tf_set_address>:
100037d4:	4a03      	ldr	r2, [pc, #12]	@ (100037e4 <_tf_set_address+0x10>)
100037d6:	4904      	ldr	r1, [pc, #16]	@ (100037e8 <_tf_set_address+0x14>)
100037d8:	f892 3132 	ldrb.w	r3, [r2, #306]	@ 0x132
100037dc:	f882 3130 	strb.w	r3, [r2, #304]	@ 0x130
100037e0:	600b      	str	r3, [r1, #0]
100037e2:	4770      	bx	lr
100037e4:	200016f8 	.word	0x200016f8
100037e8:	50110000 	.word	0x50110000

100037ec <usb_stream_noop_on_packet_complete>:
100037ec:	4770      	bx	lr
100037ee:	bf00      	nop

100037f0 <usb_stream_noop_on_chunk>:
100037f0:	2000      	movs	r0, #0
100037f2:	4770      	bx	lr

100037f4 <core1_wrapper>:
100037f4:	b570      	push	{r4, r5, r6, lr}
100037f6:	4c07      	ldr	r4, [pc, #28]	@ (10003814 <core1_wrapper+0x20>)
100037f8:	4d07      	ldr	r5, [pc, #28]	@ (10003818 <core1_wrapper+0x24>)
100037fa:	4606      	mov	r6, r0
100037fc:	42ac      	cmp	r4, r5
100037fe:	d204      	bcs.n	1000380a <core1_wrapper+0x16>
10003800:	f854 3b04 	ldr.w	r3, [r4], #4
10003804:	4798      	blx	r3
10003806:	42ac      	cmp	r4, r5
10003808:	d3fa      	bcc.n	10003800 <core1_wrapper+0xc>
1000380a:	4633      	mov	r3, r6
1000380c:	e8bd 4070 	ldmia.w	sp!, {r4, r5, r6, lr}
10003810:	4718      	bx	r3
10003812:	bf00      	nop
10003814:	1000ae1c 	.word	0x1000ae1c
10003818:	1000ae30 	.word	0x1000ae30

1000381c <_usb_endpoint_hw_init.constprop.0>:
1000381c:	b5f0      	push	{r4, r5, r6, r7, lr}
1000381e:	6801      	ldr	r1, [r0, #0]
10003820:	4d23      	ldr	r5, [pc, #140]	@ (100038b0 <_usb_endpoint_hw_init.constprop.0+0x94>)
10003822:	f8b0 c028 	ldrh.w	ip, [r0, #40]	@ 0x28
10003826:	f8b5 2134 	ldrh.w	r2, [r5, #308]	@ 0x134
1000382a:	f890 7032 	ldrb.w	r7, [r0, #50]	@ 0x32
1000382e:	b359      	cbz	r1, 10003888 <_usb_endpoint_hw_init.constprop.0+0x6c>
10003830:	2600      	movs	r6, #0
10003832:	f891 e002 	ldrb.w	lr, [r1, #2]
10003836:	f00e 030f 	and.w	r3, lr, #15
1000383a:	00db      	lsls	r3, r3, #3
1000383c:	f103 43a0 	add.w	r3, r3, #1342177280	@ 0x50000000
10003840:	f503 1380 	add.w	r3, r3, #1048576	@ 0x100000
10003844:	f8c3 6080 	str.w	r6, [r3, #128]	@ 0x80
10003848:	f00e 040f 	and.w	r4, lr, #15
1000384c:	f8c3 6084 	str.w	r6, [r3, #132]	@ 0x84
10003850:	8302      	strh	r2, [r0, #24]
10003852:	b987      	cbnz	r7, 10003876 <_usb_endpoint_hw_init.constprop.0+0x5a>
10003854:	4494      	add	ip, r2
10003856:	f8a5 c134 	strh.w	ip, [r5, #308]	@ 0x134
1000385a:	b15c      	cbz	r4, 10003874 <_usb_endpoint_hw_init.constprop.0+0x58>
1000385c:	f04f 4420 	mov.w	r4, #2684354560	@ 0xa0000000
10003860:	78c9      	ldrb	r1, [r1, #3]
10003862:	f890 0033 	ldrb.w	r0, [r0, #51]	@ 0x33
10003866:	ea42 6281 	orr.w	r2, r2, r1, lsl #26
1000386a:	4322      	orrs	r2, r4
1000386c:	b1c0      	cbz	r0, 100038a0 <_usb_endpoint_hw_init.constprop.0+0x84>
1000386e:	2100      	movs	r1, #0
10003870:	601a      	str	r2, [r3, #0]
10003872:	6059      	str	r1, [r3, #4]
10003874:	bdf0      	pop	{r4, r5, r6, r7, pc}
10003876:	eb02 0c4c 	add.w	ip, r2, ip, lsl #1
1000387a:	f8a5 c134 	strh.w	ip, [r5, #308]	@ 0x134
1000387e:	2c00      	cmp	r4, #0
10003880:	d0f8      	beq.n	10003874 <_usb_endpoint_hw_init.constprop.0+0x58>
10003882:	f04f 4460 	mov.w	r4, #3758096384	@ 0xe0000000
10003886:	e7eb      	b.n	10003860 <_usb_endpoint_hw_init.constprop.0+0x44>
10003888:	4b0a      	ldr	r3, [pc, #40]	@ (100038b4 <_usb_endpoint_hw_init.constprop.0+0x98>)
1000388a:	f8c3 1080 	str.w	r1, [r3, #128]	@ 0x80
1000388e:	f8c3 1084 	str.w	r1, [r3, #132]	@ 0x84
10003892:	8302      	strh	r2, [r0, #24]
10003894:	b13f      	cbz	r7, 100038a6 <_usb_endpoint_hw_init.constprop.0+0x8a>
10003896:	eb02 0c4c 	add.w	ip, r2, ip, lsl #1
1000389a:	f8a5 c134 	strh.w	ip, [r5, #308]	@ 0x134
1000389e:	bdf0      	pop	{r4, r5, r6, r7, pc}
100038a0:	6018      	str	r0, [r3, #0]
100038a2:	605a      	str	r2, [r3, #4]
100038a4:	bdf0      	pop	{r4, r5, r6, r7, pc}
100038a6:	4462      	add	r2, ip
100038a8:	f8a5 2134 	strh.w	r2, [r5, #308]	@ 0x134
100038ac:	bdf0      	pop	{r4, r5, r6, r7, pc}
100038ae:	bf00      	nop
100038b0:	200016f8 	.word	0x200016f8
100038b4:	50100000 	.word	0x50100000

100038b8 <clock_configure_internal.constprop.1>:
100038b8:	4b16      	ldr	r3, [pc, #88]	@ (10003914 <clock_configure_internal.constprop.1+0x5c>)
100038ba:	b430      	push	{r4, r5}
100038bc:	6c1a      	ldr	r2, [r3, #64]	@ 0x40
100038be:	2403      	movs	r4, #3
100038c0:	f5b2 3f80 	cmp.w	r2, #65536	@ 0x10000
100038c4:	bf3c      	itt	cc
100038c6:	f44f 3280 	movcc.w	r2, #65536	@ 0x10000
100038ca:	641a      	strcc	r2, [r3, #64]	@ 0x40
100038cc:	4b12      	ldr	r3, [pc, #72]	@ (10003918 <clock_configure_internal.constprop.1+0x60>)
100038ce:	4a11      	ldr	r2, [pc, #68]	@ (10003914 <clock_configure_internal.constprop.1+0x5c>)
100038d0:	63dc      	str	r4, [r3, #60]	@ 0x3c
100038d2:	6c53      	ldr	r3, [r2, #68]	@ 0x44
100038d4:	07dc      	lsls	r4, r3, #31
100038d6:	d5fc      	bpl.n	100038d2 <clock_configure_internal.constprop.1+0x1a>
100038d8:	6bd3      	ldr	r3, [r2, #60]	@ 0x3c
100038da:	4c10      	ldr	r4, [pc, #64]	@ (1000391c <clock_configure_internal.constprop.1+0x64>)
100038dc:	ea83 1340 	eor.w	r3, r3, r0, lsl #5
100038e0:	f003 03e0 	and.w	r3, r3, #224	@ 0xe0
100038e4:	63e3      	str	r3, [r4, #60]	@ 0x3c
100038e6:	6bd3      	ldr	r3, [r2, #60]	@ 0x3c
100038e8:	4a0a      	ldr	r2, [pc, #40]	@ (10003914 <clock_configure_internal.constprop.1+0x5c>)
100038ea:	f083 0301 	eor.w	r3, r3, #1
100038ee:	f003 0303 	and.w	r3, r3, #3
100038f2:	63e3      	str	r3, [r4, #60]	@ 0x3c
100038f4:	6c53      	ldr	r3, [r2, #68]	@ 0x44
100038f6:	079b      	lsls	r3, r3, #30
100038f8:	d5fc      	bpl.n	100038f4 <clock_configure_internal.constprop.1+0x3c>
100038fa:	f44f 6400 	mov.w	r4, #2048	@ 0x800
100038fe:	f44f 3380 	mov.w	r3, #65536	@ 0x10000
10003902:	4d07      	ldr	r5, [pc, #28]	@ (10003920 <clock_configure_internal.constprop.1+0x68>)
10003904:	4807      	ldr	r0, [pc, #28]	@ (10003924 <clock_configure_internal.constprop.1+0x6c>)
10003906:	f8c5 10e4 	str.w	r1, [r5, #228]	@ 0xe4
1000390a:	63c4      	str	r4, [r0, #60]	@ 0x3c
1000390c:	6413      	str	r3, [r2, #64]	@ 0x40
1000390e:	bc30      	pop	{r4, r5}
10003910:	4770      	bx	lr
10003912:	bf00      	nop
10003914:	40010000 	.word	0x40010000
10003918:	40013000 	.word	0x40013000
1000391c:	40011000 	.word	0x40011000
10003920:	200016f8 	.word	0x200016f8
10003924:	40012000 	.word	0x40012000

10003928 <I2S_freq_init.constprop.0>:
10003928:	4942      	ldr	r1, [pc, #264]	@ (10003a34 <I2S_freq_init.constprop.0+0x10c>)
1000392a:	4a43      	ldr	r2, [pc, #268]	@ (10003a38 <I2S_freq_init.constprop.0+0x110>)
1000392c:	680b      	ldr	r3, [r1, #0]
1000392e:	b5f0      	push	{r4, r5, r6, r7, lr}
10003930:	f023 0301 	bic.w	r3, r3, #1
10003934:	600b      	str	r3, [r1, #0]
10003936:	edd2 7a39 	vldr	s15, [r2, #228]	@ 0xe4
1000393a:	4c40      	ldr	r4, [pc, #256]	@ (10003a3c <I2S_freq_init.constprop.0+0x114>)
1000393c:	4d40      	ldr	r5, [pc, #256]	@ (10003a40 <I2S_freq_init.constprop.0+0x118>)
1000393e:	7f23      	ldrb	r3, [r4, #28]
10003940:	eef8 6a67 	vcvt.f32.u32	s13, s15
10003944:	2b00      	cmp	r3, #0
10003946:	6813      	ldr	r3, [r2, #0]
10003948:	bf0b      	itete	eq
1000394a:	2104      	moveq	r1, #4
1000394c:	2108      	movne	r1, #8
1000394e:	2701      	moveq	r7, #1
10003950:	2702      	movne	r7, #2
10003952:	bf0c      	ite	eq
10003954:	2602      	moveq	r6, #2
10003956:	2604      	movne	r6, #4
10003958:	42ab      	cmp	r3, r5
1000395a:	b083      	sub	sp, #12
1000395c:	d067      	beq.n	10003a2e <I2S_freq_init.constprop.0+0x106>
1000395e:	d85d      	bhi.n	10003a1c <I2S_freq_init.constprop.0+0xf4>
10003960:	4d38      	ldr	r5, [pc, #224]	@ (10003a44 <I2S_freq_init.constprop.0+0x11c>)
10003962:	42ab      	cmp	r3, r5
10003964:	d061      	beq.n	10003a2a <I2S_freq_init.constprop.0+0x102>
10003966:	4d38      	ldr	r5, [pc, #224]	@ (10003a48 <I2S_freq_init.constprop.0+0x120>)
10003968:	42ab      	cmp	r3, r5
1000396a:	bf08      	it	eq
1000396c:	4631      	moveq	r1, r6
1000396e:	fb01 f303 	mul.w	r3, r1, r3
10003972:	01db      	lsls	r3, r3, #7
10003974:	ee07 3a90 	vmov	s15, r3
10003978:	eef8 7a67 	vcvt.f32.u32	s15, s15
1000397c:	ed9f 6a33 	vldr	s12, [pc, #204]	@ 10003a4c <I2S_freq_init.constprop.0+0x124>
10003980:	ee86 7aa7 	vdiv.f32	s14, s13, s15
10003984:	ee77 7a06 	vadd.f32	s15, s14, s12
10003988:	eebc 7ae7 	vcvt.u32.f32	s14, s15
1000398c:	ee17 3a10 	vmov	r3, s14
10003990:	7f21      	ldrb	r1, [r4, #28]
10003992:	b29c      	uxth	r4, r3
10003994:	2c00      	cmp	r4, #0
10003996:	d046      	beq.n	10003a26 <I2S_freq_init.constprop.0+0xfe>
10003998:	eef6 6ae7 	vrintz.f32	s13, s15
1000399c:	ed9f 7a2c 	vldr	s14, [pc, #176]	@ 10003a50 <I2S_freq_init.constprop.0+0x128>
100039a0:	ee77 7ae6 	vsub.f32	s15, s15, s13
100039a4:	ee67 7a87 	vmul.f32	s15, s15, s14
100039a8:	eefc 7ae7 	vcvt.u32.f32	s15, s15
100039ac:	edcd 7a01 	vstr	s15, [sp, #4]
100039b0:	f89d 1004 	ldrb.w	r1, [sp, #4]
100039b4:	0209      	lsls	r1, r1, #8
100039b6:	f04f 4500 	mov.w	r5, #2147483648	@ 0x80000000
100039ba:	f04f 3c01 	mov.w	ip, #16843009	@ 0x1010101
100039be:	2710      	movs	r7, #16
100039c0:	f44f 7e80 	mov.w	lr, #256	@ 0x100
100039c4:	4b1b      	ldr	r3, [pc, #108]	@ (10003a34 <I2S_freq_init.constprop.0+0x10c>)
100039c6:	ea41 4104 	orr.w	r1, r1, r4, lsl #16
100039ca:	f8c2 1138 	str.w	r1, [r2, #312]	@ 0x138
100039ce:	681c      	ldr	r4, [r3, #0]
100039d0:	f000 001f 	and.w	r0, r0, #31
100039d4:	f024 0401 	bic.w	r4, r4, #1
100039d8:	601c      	str	r4, [r3, #0]
100039da:	f8c3 10c8 	str.w	r1, [r3, #200]	@ 0xc8
100039de:	f8d2 6140 	ldr.w	r6, [r2, #320]	@ 0x140
100039e2:	4c1c      	ldr	r4, [pc, #112]	@ (10003a54 <I2S_freq_init.constprop.0+0x12c>)
100039e4:	f8c3 60d0 	str.w	r6, [r3, #208]	@ 0xd0
100039e8:	f8d2 613c 	ldr.w	r6, [r2, #316]	@ 0x13c
100039ec:	491a      	ldr	r1, [pc, #104]	@ (10003a58 <I2S_freq_init.constprop.0+0x130>)
100039ee:	f8c3 60cc 	str.w	r6, [r3, #204]	@ 0xcc
100039f2:	f8d2 2144 	ldr.w	r2, [r2, #324]	@ 0x144
100039f6:	f8c3 20dc 	str.w	r2, [r3, #220]	@ 0xdc
100039fa:	f8c4 50d0 	str.w	r5, [r4, #208]	@ 0xd0
100039fe:	f8c4 50d0 	str.w	r5, [r4, #208]	@ 0xd0
10003a02:	f8c3 c008 	str.w	ip, [r3, #8]
10003a06:	600f      	str	r7, [r1, #0]
10003a08:	f8c1 e000 	str.w	lr, [r1]
10003a0c:	f8c3 00d8 	str.w	r0, [r3, #216]	@ 0xd8
10003a10:	681a      	ldr	r2, [r3, #0]
10003a12:	f042 0201 	orr.w	r2, r2, #1
10003a16:	601a      	str	r2, [r3, #0]
10003a18:	b003      	add	sp, #12
10003a1a:	bdf0      	pop	{r4, r5, r6, r7, pc}
10003a1c:	4d0f      	ldr	r5, [pc, #60]	@ (10003a5c <I2S_freq_init.constprop.0+0x134>)
10003a1e:	42ab      	cmp	r3, r5
10003a20:	bf08      	it	eq
10003a22:	4639      	moveq	r1, r7
10003a24:	e7a3      	b.n	1000396e <I2S_freq_init.constprop.0+0x46>
10003a26:	4621      	mov	r1, r4
10003a28:	e7c5      	b.n	100039b6 <I2S_freq_init.constprop.0+0x8e>
10003a2a:	4631      	mov	r1, r6
10003a2c:	e79f      	b.n	1000396e <I2S_freq_init.constprop.0+0x46>
10003a2e:	4639      	mov	r1, r7
10003a30:	e79d      	b.n	1000396e <I2S_freq_init.constprop.0+0x46>
10003a32:	bf00      	nop
10003a34:	50200000 	.word	0x50200000
10003a38:	200016f8 	.word	0x200016f8
10003a3c:	20001110 	.word	0x20001110
10003a40:	0002b110 	.word	0x0002b110
10003a44:	00015888 	.word	0x00015888
10003a48:	00017700 	.word	0x00017700
10003a4c:	3b000000 	.word	0x3b000000
10003a50:	43800000 	.word	0x43800000
10003a54:	50201000 	.word	0x50201000
10003a58:	50202000 	.word	0x50202000
10003a5c:	0002ee00 	.word	0x0002ee00

10003a60 <alarm_pool_cancel_alarm.isra.0>:
10003a60:	8942      	ldrh	r2, [r0, #10]
10003a62:	ebb2 4f21 	cmp.w	r2, r1, asr #16
10003a66:	dd35      	ble.n	10003ad4 <alarm_pool_cancel_alarm.isra.0+0x74>
10003a68:	6942      	ldr	r2, [r0, #20]
10003a6a:	140b      	asrs	r3, r1, #16
10003a6c:	eb03 0343 	add.w	r3, r3, r3, lsl #1
10003a70:	b510      	push	{r4, lr}
10003a72:	eb02 03c3 	add.w	r3, r2, r3, lsl #3
10003a76:	6904      	ldr	r4, [r0, #16]
10003a78:	f3ef 8c10 	mrs	ip, PRIMASK
10003a7c:	b672      	cpsid	i
10003a7e:	e8d4 efcf 	ldaexb	lr, [r4]
10003a82:	2201      	movs	r2, #1
10003a84:	f1be 0f00 	cmp.w	lr, #0
10003a88:	d1f9      	bne.n	10003a7e <alarm_pool_cancel_alarm.isra.0+0x1e>
10003a8a:	e8c4 2f4e 	strexb	lr, r2, [r4]
10003a8e:	f1be 0f00 	cmp.w	lr, #0
10003a92:	d1f4      	bne.n	10003a7e <alarm_pool_cancel_alarm.isra.0+0x1e>
10003a94:	f3bf 8f5f 	dmb	sy
10003a98:	885a      	ldrh	r2, [r3, #2]
10003a9a:	b289      	uxth	r1, r1
10003a9c:	b292      	uxth	r2, r2
10003a9e:	4291      	cmp	r1, r2
10003aa0:	d006      	beq.n	10003ab0 <alarm_pool_cancel_alarm.isra.0+0x50>
10003aa2:	2300      	movs	r3, #0
10003aa4:	6902      	ldr	r2, [r0, #16]
10003aa6:	e8c2 3f8f 	stlb	r3, [r2]
10003aaa:	f38c 8810 	msr	PRIMASK, ip
10003aae:	bd10      	pop	{r4, pc}
10003ab0:	f441 4100 	orr.w	r1, r1, #32768	@ 0x8000
10003ab4:	8059      	strh	r1, [r3, #2]
10003ab6:	2201      	movs	r2, #1
10003ab8:	2300      	movs	r3, #0
10003aba:	6901      	ldr	r1, [r0, #16]
10003abc:	7182      	strb	r2, [r0, #6]
10003abe:	e8c1 3f8f 	stlb	r3, [r1]
10003ac2:	f38c 8810 	msr	PRIMASK, ip
10003ac6:	68c3      	ldr	r3, [r0, #12]
10003ac8:	7801      	ldrb	r1, [r0, #0]
10003aca:	f503 5301 	add.w	r3, r3, #8256	@ 0x2040
10003ace:	408a      	lsls	r2, r1
10003ad0:	605a      	str	r2, [r3, #4]
10003ad2:	bd10      	pop	{r4, pc}
10003ad4:	4770      	bx	lr
10003ad6:	bf00      	nop

10003ad8 <stdout_serialize_begin>:
10003ad8:	e92d 47f0 	stmdb	sp!, {r4, r5, r6, r7, r8, r9, sl, lr}
10003adc:	4b6f      	ldr	r3, [pc, #444]	@ (10003c9c <stdout_serialize_begin+0x1c4>)
10003ade:	b082      	sub	sp, #8
10003ae0:	6a5c      	ldr	r4, [r3, #36]	@ 0x24
10003ae2:	4622      	mov	r2, r4
10003ae4:	6a99      	ldr	r1, [r3, #40]	@ 0x28
10003ae6:	6a5c      	ldr	r4, [r3, #36]	@ 0x24
10003ae8:	4294      	cmp	r4, r2
10003aea:	d1fa      	bne.n	10003ae2 <stdout_serialize_begin+0xa>
10003aec:	4e6c      	ldr	r6, [pc, #432]	@ (10003ca0 <stdout_serialize_begin+0x1c8>)
10003aee:	68b3      	ldr	r3, [r6, #8]
10003af0:	f3ef 8210 	mrs	r2, PRIMASK
10003af4:	b672      	cpsid	i
10003af6:	e8d3 5fcf 	ldaexb	r5, [r3]
10003afa:	2001      	movs	r0, #1
10003afc:	2d00      	cmp	r5, #0
10003afe:	d1fa      	bne.n	10003af6 <stdout_serialize_begin+0x1e>
10003b00:	e8c3 0f45 	strexb	r5, r0, [r3]
10003b04:	2d00      	cmp	r5, #0
10003b06:	d1f6      	bne.n	10003af6 <stdout_serialize_begin+0x1e>
10003b08:	f3bf 8f5f 	dmb	sy
10003b0c:	f996 300c 	ldrsb.w	r3, [r6, #12]
10003b10:	2b00      	cmp	r3, #0
10003b12:	f2c0 80a3 	blt.w	10003c5c <stdout_serialize_begin+0x184>
10003b16:	2000      	movs	r0, #0
10003b18:	68b5      	ldr	r5, [r6, #8]
10003b1a:	e8c5 0f8f 	stlb	r0, [r5]
10003b1e:	f382 8810 	msr	PRIMASK, r2
10003b22:	f04f 4250 	mov.w	r2, #3489660928	@ 0xd0000000
10003b26:	f992 8000 	ldrsb.w	r8, [r2]
10003b2a:	4598      	cmp	r8, r3
10003b2c:	d103      	bne.n	10003b36 <stdout_serialize_begin+0x5e>
10003b2e:	2000      	movs	r0, #0
10003b30:	b002      	add	sp, #8
10003b32:	e8bd 87f0 	ldmia.w	sp!, {r4, r5, r6, r7, r8, r9, sl, pc}
10003b36:	68b2      	ldr	r2, [r6, #8]
10003b38:	f3ef 8310 	mrs	r3, PRIMASK
10003b3c:	b672      	cpsid	i
10003b3e:	e8d2 5fcf 	ldaexb	r5, [r2]
10003b42:	2001      	movs	r0, #1
10003b44:	2d00      	cmp	r5, #0
10003b46:	d1fa      	bne.n	10003b3e <stdout_serialize_begin+0x66>
10003b48:	e8c2 0f45 	strexb	r5, r0, [r2]
10003b4c:	2d00      	cmp	r5, #0
10003b4e:	d1f6      	bne.n	10003b3e <stdout_serialize_begin+0x66>
10003b50:	f3bf 8f5f 	dmb	sy
10003b54:	f996 200c 	ldrsb.w	r2, [r6, #12]
10003b58:	2a00      	cmp	r2, #0
10003b5a:	db4e      	blt.n	10003bfa <stdout_serialize_begin+0x122>
10003b5c:	f04f 35ff 	mov.w	r5, #4294967295
10003b60:	f06f 4000 	mvn.w	r0, #2147483648	@ 0x80000000
10003b64:	4a4f      	ldr	r2, [pc, #316]	@ (10003ca4 <stdout_serialize_begin+0x1cc>)
10003b66:	4f50      	ldr	r7, [pc, #320]	@ (10003ca8 <stdout_serialize_begin+0x1d0>)
10003b68:	eb11 0a02 	adds.w	sl, r1, r2
10003b6c:	f144 0400 	adc.w	r4, r4, #0
10003b70:	4555      	cmp	r5, sl
10003b72:	eb70 0204 	sbcs.w	r2, r0, r4
10003b76:	bf3c      	itt	cc
10003b78:	4604      	movcc	r4, r0
10003b7a:	46aa      	movcc	sl, r5
10003b7c:	f8df 9130 	ldr.w	r9, [pc, #304]	@ 10003cb0 <stdout_serialize_begin+0x1d8>
10003b80:	4d46      	ldr	r5, [pc, #280]	@ (10003c9c <stdout_serialize_begin+0x1c4>)
10003b82:	2100      	movs	r1, #0
10003b84:	68b2      	ldr	r2, [r6, #8]
10003b86:	e8c2 1f8f 	stlb	r1, [r2]
10003b8a:	f383 8810 	msr	PRIMASK, r3
10003b8e:	f3ef 8305 	mrs	r3, IPSR
10003b92:	b2db      	uxtb	r3, r3
10003b94:	b9b3      	cbnz	r3, 10003bc4 <stdout_serialize_begin+0xec>
10003b96:	693a      	ldr	r2, [r7, #16]
10003b98:	f897 c004 	ldrb.w	ip, [r7, #4]
10003b9c:	6a53      	ldr	r3, [r2, #36]	@ 0x24
10003b9e:	4619      	mov	r1, r3
10003ba0:	6a90      	ldr	r0, [r2, #40]	@ 0x28
10003ba2:	6a53      	ldr	r3, [r2, #36]	@ 0x24
10003ba4:	428b      	cmp	r3, r1
10003ba6:	d1fa      	bne.n	10003b9e <stdout_serialize_begin+0xc6>
10003ba8:	f10c 0104 	add.w	r1, ip, #4
10003bac:	f852 2021 	ldr.w	r2, [r2, r1, lsl #2]
10003bb0:	1a12      	subs	r2, r2, r0
10003bb2:	ebba 0000 	subs.w	r0, sl, r0
10003bb6:	eb64 0303 	sbc.w	r3, r4, r3
10003bba:	4290      	cmp	r0, r2
10003bbc:	f173 0300 	sbcs.w	r3, r3, #0
10003bc0:	db24      	blt.n	10003c0c <stdout_serialize_begin+0x134>
10003bc2:	bf20      	wfe
10003bc4:	6a6b      	ldr	r3, [r5, #36]	@ 0x24
10003bc6:	42a3      	cmp	r3, r4
10003bc8:	d304      	bcc.n	10003bd4 <stdout_serialize_begin+0xfc>
10003bca:	6aaa      	ldr	r2, [r5, #40]	@ 0x28
10003bcc:	4552      	cmp	r2, sl
10003bce:	d2ae      	bcs.n	10003b2e <stdout_serialize_begin+0x56>
10003bd0:	42a3      	cmp	r3, r4
10003bd2:	d1ac      	bne.n	10003b2e <stdout_serialize_begin+0x56>
10003bd4:	68b2      	ldr	r2, [r6, #8]
10003bd6:	f3ef 8310 	mrs	r3, PRIMASK
10003bda:	b672      	cpsid	i
10003bdc:	e8d2 0fcf 	ldaexb	r0, [r2]
10003be0:	2101      	movs	r1, #1
10003be2:	2800      	cmp	r0, #0
10003be4:	d1fa      	bne.n	10003bdc <stdout_serialize_begin+0x104>
10003be6:	e8c2 1f40 	strexb	r0, r1, [r2]
10003bea:	2800      	cmp	r0, #0
10003bec:	d1f6      	bne.n	10003bdc <stdout_serialize_begin+0x104>
10003bee:	f3bf 8f5f 	dmb	sy
10003bf2:	f996 200c 	ldrsb.w	r2, [r6, #12]
10003bf6:	2a00      	cmp	r2, #0
10003bf8:	dac3      	bge.n	10003b82 <stdout_serialize_begin+0xaa>
10003bfa:	2200      	movs	r2, #0
10003bfc:	68b1      	ldr	r1, [r6, #8]
10003bfe:	f886 800c 	strb.w	r8, [r6, #12]
10003c02:	e8c1 2f8f 	stlb	r2, [r1]
10003c06:	f383 8810 	msr	PRIMASK, r3
10003c0a:	e031      	b.n	10003c70 <stdout_serialize_begin+0x198>
10003c0c:	6a6b      	ldr	r3, [r5, #36]	@ 0x24
10003c0e:	461a      	mov	r2, r3
10003c10:	6aa9      	ldr	r1, [r5, #40]	@ 0x28
10003c12:	6a6b      	ldr	r3, [r5, #36]	@ 0x24
10003c14:	4293      	cmp	r3, r2
10003c16:	d1fa      	bne.n	10003c0e <stdout_serialize_begin+0x136>
10003c18:	2200      	movs	r2, #0
10003c1a:	ebba 0101 	subs.w	r1, sl, r1
10003c1e:	eb64 0303 	sbc.w	r3, r4, r3
10003c22:	4293      	cmp	r3, r2
10003c24:	db28      	blt.n	10003c78 <stdout_serialize_begin+0x1a0>
10003c26:	e9cd 9200 	strd	r9, r2, [sp]
10003c2a:	4623      	mov	r3, r4
10003c2c:	4652      	mov	r2, sl
10003c2e:	481f      	ldr	r0, [pc, #124]	@ (10003cac <stdout_serialize_begin+0x1d4>)
10003c30:	f7fd fe96 	bl	10001960 <alarm_pool_add_alarm_at_force_in_context>
10003c34:	1e01      	subs	r1, r0, #0
10003c36:	dd1f      	ble.n	10003c78 <stdout_serialize_begin+0x1a0>
10003c38:	6a6b      	ldr	r3, [r5, #36]	@ 0x24
10003c3a:	429c      	cmp	r4, r3
10003c3c:	d928      	bls.n	10003c90 <stdout_serialize_begin+0x1b8>
10003c3e:	bf20      	wfe
10003c40:	481a      	ldr	r0, [pc, #104]	@ (10003cac <stdout_serialize_begin+0x1d4>)
10003c42:	f7ff ff0d 	bl	10003a60 <alarm_pool_cancel_alarm.isra.0>
10003c46:	6a6b      	ldr	r3, [r5, #36]	@ 0x24
10003c48:	429c      	cmp	r4, r3
10003c4a:	d8c3      	bhi.n	10003bd4 <stdout_serialize_begin+0xfc>
10003c4c:	6aaa      	ldr	r2, [r5, #40]	@ 0x28
10003c4e:	4552      	cmp	r2, sl
10003c50:	f4bf af6d 	bcs.w	10003b2e <stdout_serialize_begin+0x56>
10003c54:	429c      	cmp	r4, r3
10003c56:	f47f af6a 	bne.w	10003b2e <stdout_serialize_begin+0x56>
10003c5a:	e7bb      	b.n	10003bd4 <stdout_serialize_begin+0xfc>
10003c5c:	f04f 4050 	mov.w	r0, #3489660928	@ 0xd0000000
10003c60:	6800      	ldr	r0, [r0, #0]
10003c62:	2300      	movs	r3, #0
10003c64:	68b1      	ldr	r1, [r6, #8]
10003c66:	7330      	strb	r0, [r6, #12]
10003c68:	e8c1 3f8f 	stlb	r3, [r1]
10003c6c:	f382 8810 	msr	PRIMASK, r2
10003c70:	2001      	movs	r0, #1
10003c72:	b002      	add	sp, #8
10003c74:	e8bd 87f0 	ldmia.w	sp!, {r4, r5, r6, r7, r8, r9, sl, pc}
10003c78:	4b08      	ldr	r3, [pc, #32]	@ (10003c9c <stdout_serialize_begin+0x1c4>)
10003c7a:	6a5a      	ldr	r2, [r3, #36]	@ 0x24
10003c7c:	42a2      	cmp	r2, r4
10003c7e:	d3a9      	bcc.n	10003bd4 <stdout_serialize_begin+0xfc>
10003c80:	6a9b      	ldr	r3, [r3, #40]	@ 0x28
10003c82:	4553      	cmp	r3, sl
10003c84:	f4bf af53 	bcs.w	10003b2e <stdout_serialize_begin+0x56>
10003c88:	42a2      	cmp	r2, r4
10003c8a:	f47f af50 	bne.w	10003b2e <stdout_serialize_begin+0x56>
10003c8e:	e7a1      	b.n	10003bd4 <stdout_serialize_begin+0xfc>
10003c90:	6aaa      	ldr	r2, [r5, #40]	@ 0x28
10003c92:	4552      	cmp	r2, sl
10003c94:	d2d4      	bcs.n	10003c40 <stdout_serialize_begin+0x168>
10003c96:	429c      	cmp	r4, r3
10003c98:	d1d2      	bne.n	10003c40 <stdout_serialize_begin+0x168>
10003c9a:	e7d0      	b.n	10003c3e <stdout_serialize_begin+0x166>
10003c9c:	400b0000 	.word	0x400b0000
10003ca0:	200016e8 	.word	0x200016e8
10003ca4:	000f4240 	.word	0x000f4240
10003ca8:	20001110 	.word	0x20001110
10003cac:	20001114 	.word	0x20001114
10003cb0:	10001a29 	.word	0x10001a29

10003cb4 <clear_bq_filter_delay>:
10003cb4:	b538      	push	{r3, r4, r5, lr}
10003cb6:	2550      	movs	r5, #80	@ 0x50
10003cb8:	4c2c      	ldr	r4, [pc, #176]	@ (10003d6c <clear_bq_filter_delay+0xb8>)
10003cba:	462a      	mov	r2, r5
10003cbc:	2100      	movs	r1, #0
10003cbe:	f504 70a4 	add.w	r0, r4, #328	@ 0x148
10003cc2:	f006 fdc7 	bl	1000a854 <memset>
10003cc6:	462a      	mov	r2, r5
10003cc8:	2530      	movs	r5, #48	@ 0x30
10003cca:	2100      	movs	r1, #0
10003ccc:	f504 70cc 	add.w	r0, r4, #408	@ 0x198
10003cd0:	f006 fdc0 	bl	1000a854 <memset>
10003cd4:	462a      	mov	r2, r5
10003cd6:	2100      	movs	r1, #0
10003cd8:	f504 70f4 	add.w	r0, r4, #488	@ 0x1e8
10003cdc:	f006 fdba 	bl	1000a854 <memset>
10003ce0:	462a      	mov	r2, r5
10003ce2:	2540      	movs	r5, #64	@ 0x40
10003ce4:	2100      	movs	r1, #0
10003ce6:	f504 7006 	add.w	r0, r4, #536	@ 0x218
10003cea:	f006 fdb3 	bl	1000a854 <memset>
10003cee:	462a      	mov	r2, r5
10003cf0:	2100      	movs	r1, #0
10003cf2:	f504 7012 	add.w	r0, r4, #584	@ 0x248
10003cf6:	f006 fdad 	bl	1000a854 <memset>
10003cfa:	462a      	mov	r2, r5
10003cfc:	2100      	movs	r1, #0
10003cfe:	f504 7022 	add.w	r0, r4, #648	@ 0x288
10003d02:	f006 fda7 	bl	1000a854 <memset>
10003d06:	462a      	mov	r2, r5
10003d08:	2100      	movs	r1, #0
10003d0a:	f504 7032 	add.w	r0, r4, #712	@ 0x2c8
10003d0e:	f006 fda1 	bl	1000a854 <memset>
10003d12:	462a      	mov	r2, r5
10003d14:	2100      	movs	r1, #0
10003d16:	f504 7042 	add.w	r0, r4, #776	@ 0x308
10003d1a:	f006 fd9b 	bl	1000a854 <memset>
10003d1e:	462a      	mov	r2, r5
10003d20:	2100      	movs	r1, #0
10003d22:	f504 7052 	add.w	r0, r4, #840	@ 0x348
10003d26:	f006 fd95 	bl	1000a854 <memset>
10003d2a:	f504 7062 	add.w	r0, r4, #904	@ 0x388
10003d2e:	f24c 0420 	movw	r4, #49184	@ 0xc020
10003d32:	462a      	mov	r2, r5
10003d34:	2100      	movs	r1, #0
10003d36:	f006 fd8d 	bl	1000a854 <memset>
10003d3a:	4622      	mov	r2, r4
10003d3c:	2100      	movs	r1, #0
10003d3e:	480c      	ldr	r0, [pc, #48]	@ (10003d70 <clear_bq_filter_delay+0xbc>)
10003d40:	f006 fd88 	bl	1000a854 <memset>
10003d44:	4622      	mov	r2, r4
10003d46:	f246 0410 	movw	r4, #24592	@ 0x6010
10003d4a:	2100      	movs	r1, #0
10003d4c:	4809      	ldr	r0, [pc, #36]	@ (10003d74 <clear_bq_filter_delay+0xc0>)
10003d4e:	f006 fd81 	bl	1000a854 <memset>
10003d52:	4622      	mov	r2, r4
10003d54:	2100      	movs	r1, #0
10003d56:	4808      	ldr	r0, [pc, #32]	@ (10003d78 <clear_bq_filter_delay+0xc4>)
10003d58:	f006 fd7c 	bl	1000a854 <memset>
10003d5c:	4622      	mov	r2, r4
10003d5e:	e8bd 4038 	ldmia.w	sp!, {r3, r4, r5, lr}
10003d62:	2100      	movs	r1, #0
10003d64:	4805      	ldr	r0, [pc, #20]	@ (10003d7c <clear_bq_filter_delay+0xc8>)
10003d66:	f006 bd75 	b.w	1000a854 <memset>
10003d6a:	bf00      	nop
10003d6c:	200016f8 	.word	0x200016f8
10003d70:	20028aa8 	.word	0x20028aa8
10003d74:	2001ca88 	.word	0x2001ca88
10003d78:	20016a78 	.word	0x20016a78
10003d7c:	20010a68 	.word	0x20010a68

10003d80 <usb_reset_transfer>:
10003d80:	2300      	movs	r3, #0
10003d82:	e9c0 1200 	strd	r1, r2, [r0]
10003d86:	6083      	str	r3, [r0, #8]
10003d88:	60c3      	str	r3, [r0, #12]
10003d8a:	6103      	str	r3, [r0, #16]
10003d8c:	7b0b      	ldrb	r3, [r1, #12]
10003d8e:	e9c0 3302 	strd	r3, r3, [r0, #8]
10003d92:	4770      	bx	lr

10003d94 <_usb_endpoint_init_internal.constprop.0.isra.0>:
10003d94:	b5f8      	push	{r3, r4, r5, r6, r7, lr}
10003d96:	4615      	mov	r5, r2
10003d98:	460e      	mov	r6, r1
10003d9a:	2234      	movs	r2, #52	@ 0x34
10003d9c:	2100      	movs	r1, #0
10003d9e:	4604      	mov	r4, r0
10003da0:	461f      	mov	r7, r3
10003da2:	f006 fd57 	bl	1000a854 <memset>
10003da6:	2301      	movs	r3, #1
10003da8:	2240      	movs	r2, #64	@ 0x40
10003daa:	b2f1      	uxtb	r1, r6
10003dac:	f884 5033 	strb.w	r5, [r4, #51]	@ 0x33
10003db0:	405d      	eors	r5, r3
10003db2:	eb05 0541 	add.w	r5, r5, r1, lsl #1
10003db6:	f884 102a 	strb.w	r1, [r4, #42]	@ 0x2a
10003dba:	f884 502c 	strb.w	r5, [r4, #44]	@ 0x2c
10003dbe:	8522      	strh	r2, [r4, #40]	@ 0x28
10003dc0:	8367      	strh	r7, [r4, #26]
10003dc2:	f884 3032 	strb.w	r3, [r4, #50]	@ 0x32
10003dc6:	bdf8      	pop	{r3, r4, r5, r6, r7, pc}

10003dc8 <usb_interface_init.constprop.0.isra.0>:
10003dc8:	e92d 43f8 	stmdb	sp!, {r3, r4, r5, r6, r7, r8, r9, lr}
10003dcc:	2500      	movs	r5, #0
10003dce:	e9c0 1200 	strd	r1, r2, [r0]
10003dd2:	f8c0 5011 	str.w	r5, [r0, #17]
10003dd6:	f8c0 5009 	str.w	r5, [r0, #9]
10003dda:	f8c0 500d 	str.w	r5, [r0, #13]
10003dde:	6145      	str	r5, [r0, #20]
10003de0:	7203      	strb	r3, [r0, #8]
10003de2:	b323      	cbz	r3, 10003e2e <usb_interface_init.constprop.0.isra.0+0x66>
10003de4:	460c      	mov	r4, r1
10003de6:	4616      	mov	r6, r2
10003de8:	2740      	movs	r7, #64	@ 0x40
10003dea:	f44f 6880 	mov.w	r8, #1024	@ 0x400
10003dee:	1f15      	subs	r5, r2, #4
10003df0:	7823      	ldrb	r3, [r4, #0]
10003df2:	441c      	add	r4, r3
10003df4:	7863      	ldrb	r3, [r4, #1]
10003df6:	2b05      	cmp	r3, #5
10003df8:	d1fa      	bne.n	10003df0 <usb_interface_init.constprop.0.isra.0+0x28>
10003dfa:	78a1      	ldrb	r1, [r4, #2]
10003dfc:	88a3      	ldrh	r3, [r4, #4]
10003dfe:	09ca      	lsrs	r2, r1, #7
10003e00:	6868      	ldr	r0, [r5, #4]
10003e02:	f001 010f 	and.w	r1, r1, #15
10003e06:	f7ff ffc5 	bl	10003d94 <_usb_endpoint_init_internal.constprop.0.isra.0>
10003e0a:	686a      	ldr	r2, [r5, #4]
10003e0c:	f105 0904 	add.w	r9, r5, #4
10003e10:	6014      	str	r4, [r2, #0]
10003e12:	78e3      	ldrb	r3, [r4, #3]
10003e14:	f003 0303 	and.w	r3, r3, #3
10003e18:	2b01      	cmp	r3, #1
10003e1a:	d004      	beq.n	10003e26 <usb_interface_init.constprop.0.isra.0+0x5e>
10003e1c:	42ae      	cmp	r6, r5
10003e1e:	8517      	strh	r7, [r2, #40]	@ 0x28
10003e20:	d005      	beq.n	10003e2e <usb_interface_init.constprop.0.isra.0+0x66>
10003e22:	464d      	mov	r5, r9
10003e24:	e7e4      	b.n	10003df0 <usb_interface_init.constprop.0.isra.0+0x28>
10003e26:	42ae      	cmp	r6, r5
10003e28:	f8a2 8028 	strh.w	r8, [r2, #40]	@ 0x28
10003e2c:	d1f9      	bne.n	10003e22 <usb_interface_init.constprop.0.isra.0+0x5a>
10003e2e:	e8bd 83f8 	ldmia.w	sp!, {r3, r4, r5, r6, r7, r8, r9, pc}
10003e32:	bf00      	nop

10003e34 <_usb_endpoint_init_internal.isra.0>:
10003e34:	e92d 41f0 	stmdb	sp!, {r4, r5, r6, r7, r8, lr}
10003e38:	4604      	mov	r4, r0
10003e3a:	4615      	mov	r5, r2
10003e3c:	460e      	mov	r6, r1
10003e3e:	2234      	movs	r2, #52	@ 0x34
10003e40:	2100      	movs	r1, #0
10003e42:	4698      	mov	r8, r3
10003e44:	f89d 7018 	ldrb.w	r7, [sp, #24]
10003e48:	f006 fd04 	bl	1000a854 <memset>
10003e4c:	2340      	movs	r3, #64	@ 0x40
10003e4e:	b2f1      	uxtb	r1, r6
10003e50:	f884 5033 	strb.w	r5, [r4, #51]	@ 0x33
10003e54:	f085 0501 	eor.w	r5, r5, #1
10003e58:	eb05 0541 	add.w	r5, r5, r1, lsl #1
10003e5c:	f884 102a 	strb.w	r1, [r4, #42]	@ 0x2a
10003e60:	f884 502c 	strb.w	r5, [r4, #44]	@ 0x2c
10003e64:	8523      	strh	r3, [r4, #40]	@ 0x28
10003e66:	f8a4 801a 	strh.w	r8, [r4, #26]
10003e6a:	f884 7032 	strb.w	r7, [r4, #50]	@ 0x32
10003e6e:	e8bd 81f0 	ldmia.w	sp!, {r4, r5, r6, r7, r8, pc}
10003e72:	bf00      	nop

10003e74 <runtime_init_install_ram_vector_table>:
10003e74:	b570      	push	{r4, r5, r6, lr}
10003e76:	4914      	ldr	r1, [pc, #80]	@ (10003ec8 <runtime_init_install_ram_vector_table+0x54>)
10003e78:	4c14      	ldr	r4, [pc, #80]	@ (10003ecc <runtime_init_install_ram_vector_table+0x58>)
10003e7a:	4d15      	ldr	r5, [pc, #84]	@ (10003ed0 <runtime_init_install_ram_vector_table+0x5c>)
10003e7c:	1a64      	subs	r4, r4, r1
10003e7e:	10a6      	asrs	r6, r4, #2
10003e80:	2e44      	cmp	r6, #68	@ 0x44
10003e82:	4632      	mov	r2, r6
10003e84:	bf28      	it	cs
10003e86:	2244      	movcs	r2, #68	@ 0x44
10003e88:	4628      	mov	r0, r5
10003e8a:	0092      	lsls	r2, r2, #2
10003e8c:	f006 fee4 	bl	1000ac58 <memcpy>
10003e90:	f5b4 7f86 	cmp.w	r4, #268	@ 0x10c
10003e94:	d813      	bhi.n	10003ebe <runtime_init_install_ram_vector_table+0x4a>
10003e96:	4a0f      	ldr	r2, [pc, #60]	@ (10003ed4 <runtime_init_install_ram_vector_table+0x60>)
10003e98:	f1c6 0144 	rsb	r1, r6, #68	@ 0x44
10003e9c:	d012      	beq.n	10003ec4 <runtime_init_install_ram_vector_table+0x50>
10003e9e:	192b      	adds	r3, r5, r4
10003ea0:	0848      	lsrs	r0, r1, #1
10003ea2:	eb03 00c0 	add.w	r0, r3, r0, lsl #3
10003ea6:	e9c3 2200 	strd	r2, r2, [r3]
10003eaa:	3308      	adds	r3, #8
10003eac:	4283      	cmp	r3, r0
10003eae:	d1fa      	bne.n	10003ea6 <runtime_init_install_ram_vector_table+0x32>
10003eb0:	07cb      	lsls	r3, r1, #31
10003eb2:	d504      	bpl.n	10003ebe <runtime_init_install_ram_vector_table+0x4a>
10003eb4:	f021 0301 	bic.w	r3, r1, #1
10003eb8:	4433      	add	r3, r6
10003eba:	f845 2023 	str.w	r2, [r5, r3, lsl #2]
10003ebe:	4b06      	ldr	r3, [pc, #24]	@ (10003ed8 <runtime_init_install_ram_vector_table+0x64>)
10003ec0:	609d      	str	r5, [r3, #8]
10003ec2:	bd70      	pop	{r4, r5, r6, pc}
10003ec4:	2343      	movs	r3, #67	@ 0x43
10003ec6:	e7f8      	b.n	10003eba <runtime_init_install_ram_vector_table+0x46>
10003ec8:	10000000 	.word	0x10000000
10003ecc:	10000110 	.word	0x10000110
10003ed0:	20000000 	.word	0x20000000
10003ed4:	10000111 	.word	0x10000111
10003ed8:	e000ed00 	.word	0xe000ed00

10003edc <_out_char>:
10003edc:	b900      	cbnz	r0, 10003ee0 <_out_char+0x4>
10003ede:	4770      	bx	lr
10003ee0:	f003 bc2a 	b.w	10007738 <__wrap_putchar>

10003ee4 <runtime_init_bootrom_locking_enable>:
10003ee4:	4a03      	ldr	r2, [pc, #12]	@ (10003ef4 <runtime_init_bootrom_locking_enable+0x10>)
10003ee6:	f8d2 3828 	ldr.w	r3, [r2, #2088]	@ 0x828
10003eea:	2b00      	cmp	r3, #0
10003eec:	d0fb      	beq.n	10003ee6 <runtime_init_bootrom_locking_enable+0x2>
10003eee:	f3bf 8f5f 	dmb	sy
10003ef2:	4770      	bx	lr
10003ef4:	400e0000 	.word	0x400e0000

10003ef8 <fpow_0>:
10003ef8:	1e02      	subs	r2, r0, #0
10003efa:	b538      	push	{r3, r4, r5, lr}
10003efc:	460c      	mov	r4, r1
10003efe:	da18      	bge.n	10003f32 <fpow_0+0x3a>
10003f00:	f3c1 53c7 	ubfx	r3, r1, #23, #8
10003f04:	3b7f      	subs	r3, #127	@ 0x7f
10003f06:	4608      	mov	r0, r1
10003f08:	d410      	bmi.n	10003f2c <fpow_0+0x34>
10003f0a:	f1d3 0317 	rsbs	r3, r3, #23
10003f0e:	d40d      	bmi.n	10003f2c <fpow_0+0x34>
10003f10:	f04f 0c01 	mov.w	ip, #1
10003f14:	fa0c fc03 	lsl.w	ip, ip, r3
10003f18:	f10c 3cff 	add.w	ip, ip, #4294967295
10003f1c:	ea1c 0f01 	tst.w	ip, r1
10003f20:	d104      	bne.n	10003f2c <fpow_0+0x34>
10003f22:	2b17      	cmp	r3, #23
10003f24:	d024      	beq.n	10003f70 <fpow_0+0x78>
10003f26:	40d8      	lsrs	r0, r3
10003f28:	07c3      	lsls	r3, r0, #31
10003f2a:	d421      	bmi.n	10003f70 <fpow_0+0x78>
10003f2c:	f102 4200 	add.w	r2, r2, #2147483648	@ 0x80000000
10003f30:	4610      	mov	r0, r2
10003f32:	ee07 4a90 	vmov	s15, r4
10003f36:	eefd 7ae7 	vcvt.s32.f32	s15, s15
10003f3a:	f012 43ff 	ands.w	r3, r2, #2139095040	@ 0x7f800000
10003f3e:	ee17 1a90 	vmov	r1, s15
10003f42:	d01d      	beq.n	10003f80 <fpow_0+0x88>
10003f44:	f1b3 4fff 	cmp.w	r3, #2139095040	@ 0x7f800000
10003f48:	d01a      	beq.n	10003f80 <fpow_0+0x88>
10003f4a:	f3c2 0316 	ubfx	r3, r2, #0, #23
10003f4e:	b9bb      	cbnz	r3, 10003f80 <fpow_0+0x88>
10003f50:	0dd2      	lsrs	r2, r2, #23
10003f52:	3a7f      	subs	r2, #127	@ 0x7f
10003f54:	f301 0108 	ssat	r1, #9, r1
10003f58:	fb01 f302 	mul.w	r3, r1, r2
10003f5c:	f103 027f 	add.w	r2, r3, #127	@ 0x7f
10003f60:	2a00      	cmp	r2, #0
10003f62:	dd38      	ble.n	10003fd6 <fpow_0+0xde>
10003f64:	2afe      	cmp	r2, #254	@ 0xfe
10003f66:	dc38      	bgt.n	10003fda <fpow_0+0xe2>
10003f68:	05db      	lsls	r3, r3, #23
10003f6a:	f103 507e 	add.w	r0, r3, #1065353216	@ 0x3f800000
10003f6e:	bd38      	pop	{r3, r4, r5, pc}
10003f70:	4621      	mov	r1, r4
10003f72:	f102 4000 	add.w	r0, r2, #2147483648	@ 0x80000000
10003f76:	f7ff ffbf 	bl	10003ef8 <fpow_0>
10003f7a:	f100 4000 	add.w	r0, r0, #2147483648	@ 0x80000000
10003f7e:	bd38      	pop	{r3, r4, r5, pc}
10003f80:	b1b1      	cbz	r1, 10003fb0 <fpow_0+0xb8>
10003f82:	f101 0320 	add.w	r3, r1, #32
10003f86:	2b40      	cmp	r3, #64	@ 0x40
10003f88:	d915      	bls.n	10003fb6 <fpow_0+0xbe>
10003f8a:	f006 ff19 	bl	1000adc0 <____aeabi_f2d_veneer>
10003f8e:	f005 fcb0 	bl	100098f2 <__wrap_log>
10003f92:	4602      	mov	r2, r0
10003f94:	460d      	mov	r5, r1
10003f96:	4620      	mov	r0, r4
10003f98:	4614      	mov	r4, r2
10003f9a:	f006 ff11 	bl	1000adc0 <____aeabi_f2d_veneer>
10003f9e:	4622      	mov	r2, r4
10003fa0:	462b      	mov	r3, r5
10003fa2:	f005 f897 	bl	100090d4 <__wrap___aeabi_dmul>
10003fa6:	f005 fb26 	bl	100095f6 <__wrap_exp>
10003faa:	f005 f907 	bl	100091bc <__wrap___aeabi_d2f>
10003fae:	bd38      	pop	{r3, r4, r5, pc}
10003fb0:	f04f 507e 	mov.w	r0, #1065353216	@ 0x3f800000
10003fb4:	bd38      	pop	{r3, r4, r5, pc}
10003fb6:	2900      	cmp	r1, #0
10003fb8:	db03      	blt.n	10003fc2 <fpow_0+0xca>
10003fba:	e8bd 4038 	ldmia.w	sp!, {r3, r4, r5, lr}
10003fbe:	f7fe b821 	b.w	10002004 <fpow_int2>
10003fc2:	ee07 0a10 	vmov	s14, r0
10003fc6:	eef7 7a00 	vmov.f32	s15, #112	@ 0x3f800000  1.0
10003fca:	eec7 7a87 	vdiv.f32	s15, s15, s14
10003fce:	4249      	negs	r1, r1
10003fd0:	ee17 0a90 	vmov	r0, s15
10003fd4:	e7f1      	b.n	10003fba <fpow_0+0xc2>
10003fd6:	2000      	movs	r0, #0
10003fd8:	bd38      	pop	{r3, r4, r5, pc}
10003fda:	f04f 40ff 	mov.w	r0, #2139095040	@ 0x7f800000
10003fde:	bd38      	pop	{r3, r4, r5, pc}

10003fe0 <_usb_reset_buffers>:
10003fe0:	b5f0      	push	{r4, r5, r6, r7, lr}
10003fe2:	f890 7033 	ldrb.w	r7, [r0, #51]	@ 0x33
10003fe6:	f890 202a 	ldrb.w	r2, [r0, #42]	@ 0x2a
10003fea:	4605      	mov	r5, r0
10003fec:	f890 6032 	ldrb.w	r6, [r0, #50]	@ 0x32
10003ff0:	b083      	sub	sp, #12
10003ff2:	00d3      	lsls	r3, r2, #3
10003ff4:	2f00      	cmp	r7, #0
10003ff6:	d046      	beq.n	10004086 <_usb_reset_buffers+0xa6>
10003ff8:	4938      	ldr	r1, [pc, #224]	@ (100040dc <_usb_reset_buffers+0xfc>)
10003ffa:	f851 2032 	ldr.w	r2, [r1, r2, lsl #3]
10003ffe:	440b      	add	r3, r1
10004000:	f012 2f04 	tst.w	r2, #67109888	@ 0x4000400
10004004:	d034      	beq.n	10004070 <_usb_reset_buffers+0x90>
10004006:	2e00      	cmp	r6, #0
10004008:	d146      	bne.n	10004098 <_usb_reset_buffers+0xb8>
1000400a:	f895 302b 	ldrb.w	r3, [r5, #43]	@ 0x2b
1000400e:	f083 0301 	eor.w	r3, r3, #1
10004012:	f885 302b 	strb.w	r3, [r5, #43]	@ 0x2b
10004016:	4932      	ldr	r1, [pc, #200]	@ (100040e0 <_usb_reset_buffers+0x100>)
10004018:	f8d1 3110 	ldr.w	r3, [r1, #272]	@ 0x110
1000401c:	b12b      	cbz	r3, 1000402a <_usb_reset_buffers+0x4a>
1000401e:	2300      	movs	r3, #0
10004020:	f8d1 2110 	ldr.w	r2, [r1, #272]	@ 0x110
10004024:	3301      	adds	r3, #1
10004026:	4293      	cmp	r3, r2
10004028:	d3fa      	bcc.n	10004020 <_usb_reset_buffers+0x40>
1000402a:	2300      	movs	r3, #0
1000402c:	2401      	movs	r4, #1
1000402e:	f895 202c 	ldrb.w	r2, [r5, #44]	@ 0x2c
10004032:	f8c1 3110 	str.w	r3, [r1, #272]	@ 0x110
10004036:	4b2b      	ldr	r3, [pc, #172]	@ (100040e4 <_usb_reset_buffers+0x104>)
10004038:	492b      	ldr	r1, [pc, #172]	@ (100040e8 <_usb_reset_buffers+0x108>)
1000403a:	4094      	lsls	r4, r2
1000403c:	482b      	ldr	r0, [pc, #172]	@ (100040ec <_usb_reset_buffers+0x10c>)
1000403e:	665c      	str	r4, [r3, #100]	@ 0x64
10004040:	660c      	str	r4, [r1, #96]	@ 0x60
10004042:	6e43      	ldr	r3, [r0, #100]	@ 0x64
10004044:	421c      	tst	r4, r3
10004046:	d107      	bne.n	10004058 <_usb_reset_buffers+0x78>
10004048:	4b29      	ldr	r3, [pc, #164]	@ (100040f0 <_usb_reset_buffers+0x110>)
1000404a:	e001      	b.n	10004050 <_usb_reset_buffers+0x70>
1000404c:	3b01      	subs	r3, #1
1000404e:	d02c      	beq.n	100040aa <_usb_reset_buffers+0xca>
10004050:	660c      	str	r4, [r1, #96]	@ 0x60
10004052:	6e42      	ldr	r2, [r0, #100]	@ 0x64
10004054:	4222      	tst	r2, r4
10004056:	d0f9      	beq.n	1000404c <_usb_reset_buffers+0x6c>
10004058:	4b22      	ldr	r3, [pc, #136]	@ (100040e4 <_usb_reset_buffers+0x104>)
1000405a:	661c      	str	r4, [r3, #96]	@ 0x60
1000405c:	665c      	str	r4, [r3, #100]	@ 0x64
1000405e:	f895 202a 	ldrb.w	r2, [r5, #42]	@ 0x2a
10004062:	b9f7      	cbnz	r7, 100040a2 <_usb_reset_buffers+0xc2>
10004064:	f5a3 3397 	sub.w	r3, r3, #77312	@ 0x12e00
10004068:	f5a3 73be 	sub.w	r3, r3, #380	@ 0x17c
1000406c:	00d2      	lsls	r2, r2, #3
1000406e:	4413      	add	r3, r2
10004070:	2101      	movs	r1, #1
10004072:	2200      	movs	r2, #0
10004074:	440e      	add	r6, r1
10004076:	601a      	str	r2, [r3, #0]
10004078:	f885 602d 	strb.w	r6, [r5, #45]	@ 0x2d
1000407c:	85ea      	strh	r2, [r5, #46]	@ 0x2e
1000407e:	f885 1031 	strb.w	r1, [r5, #49]	@ 0x31
10004082:	b003      	add	sp, #12
10004084:	bdf0      	pop	{r4, r5, r6, r7, pc}
10004086:	4a15      	ldr	r2, [pc, #84]	@ (100040dc <_usb_reset_buffers+0xfc>)
10004088:	3304      	adds	r3, #4
1000408a:	5899      	ldr	r1, [r3, r2]
1000408c:	4413      	add	r3, r2
1000408e:	f011 2f04 	tst.w	r1, #67109888	@ 0x4000400
10004092:	d0ed      	beq.n	10004070 <_usb_reset_buffers+0x90>
10004094:	2e00      	cmp	r6, #0
10004096:	d0b8      	beq.n	1000400a <_usb_reset_buffers+0x2a>
10004098:	f895 302d 	ldrb.w	r3, [r5, #45]	@ 0x2d
1000409c:	2b01      	cmp	r3, #1
1000409e:	d1ba      	bne.n	10004016 <_usb_reset_buffers+0x36>
100040a0:	e7b3      	b.n	1000400a <_usb_reset_buffers+0x2a>
100040a2:	4b0e      	ldr	r3, [pc, #56]	@ (100040dc <_usb_reset_buffers+0xfc>)
100040a4:	eb03 03c2 	add.w	r3, r3, r2, lsl #3
100040a8:	e7e2      	b.n	10004070 <_usb_reset_buffers+0x90>
100040aa:	4812      	ldr	r0, [pc, #72]	@ (100040f4 <_usb_reset_buffers+0x114>)
100040ac:	f003 fc4e 	bl	1000794c <__wrap_printf>
100040b0:	490e      	ldr	r1, [pc, #56]	@ (100040ec <_usb_reset_buffers+0x10c>)
100040b2:	4811      	ldr	r0, [pc, #68]	@ (100040f8 <_usb_reset_buffers+0x118>)
100040b4:	6e0b      	ldr	r3, [r1, #96]	@ 0x60
100040b6:	6e49      	ldr	r1, [r1, #100]	@ 0x64
100040b8:	4a10      	ldr	r2, [pc, #64]	@ (100040fc <_usb_reset_buffers+0x11c>)
100040ba:	9100      	str	r1, [sp, #0]
100040bc:	f895 1033 	ldrb.w	r1, [r5, #51]	@ 0x33
100040c0:	2900      	cmp	r1, #0
100040c2:	bf08      	it	eq
100040c4:	4602      	moveq	r2, r0
100040c6:	f895 102a 	ldrb.w	r1, [r5, #42]	@ 0x2a
100040ca:	480d      	ldr	r0, [pc, #52]	@ (10004100 <_usb_reset_buffers+0x120>)
100040cc:	f003 fc3e 	bl	1000794c <__wrap_printf>
100040d0:	f895 7033 	ldrb.w	r7, [r5, #51]	@ 0x33
100040d4:	f895 6032 	ldrb.w	r6, [r5, #50]	@ 0x32
100040d8:	e7be      	b.n	10004058 <_usb_reset_buffers+0x78>
100040da:	bf00      	nop
100040dc:	50100080 	.word	0x50100080
100040e0:	200016f8 	.word	0x200016f8
100040e4:	50113000 	.word	0x50113000
100040e8:	50112000 	.word	0x50112000
100040ec:	50110000 	.word	0x50110000
100040f0:	0001869f 	.word	0x0001869f
100040f4:	1000ae68 	.word	0x1000ae68
100040f8:	1000ae3c 	.word	0x1000ae3c
100040fc:	1000ae38 	.word	0x1000ae38
10004100:	1000ae40 	.word	0x1000ae40

10004104 <_usb_give_as_many_buffers_as_possible>:
10004104:	6882      	ldr	r2, [r0, #8]
10004106:	2a00      	cmp	r2, #0
10004108:	f000 8094 	beq.w	10004234 <_usb_give_as_many_buffers_as_possible+0x130>
1000410c:	e92d 43f8 	stmdb	sp!, {r3, r4, r5, r6, r7, r8, r9, lr}
10004110:	4604      	mov	r4, r0
10004112:	4d49      	ldr	r5, [pc, #292]	@ (10004238 <_usb_give_as_many_buffers_as_possible+0x134>)
10004114:	4e49      	ldr	r6, [pc, #292]	@ (1000423c <_usb_give_as_many_buffers_as_possible+0x138>)
10004116:	4f4a      	ldr	r7, [pc, #296]	@ (10004240 <_usb_give_as_many_buffers_as_possible+0x13c>)
10004118:	6893      	ldr	r3, [r2, #8]
1000411a:	b1bb      	cbz	r3, 1000414c <_usb_give_as_many_buffers_as_possible+0x48>
1000411c:	f894 802d 	ldrb.w	r8, [r4, #45]	@ 0x2d
10004120:	f1b8 0f00 	cmp.w	r8, #0
10004124:	d012      	beq.n	1000414c <_usb_give_as_many_buffers_as_possible+0x48>
10004126:	f894 3030 	ldrb.w	r3, [r4, #48]	@ 0x30
1000412a:	b97b      	cbnz	r3, 1000414c <_usb_give_as_many_buffers_as_possible+0x48>
1000412c:	f894 3033 	ldrb.w	r3, [r4, #51]	@ 0x33
10004130:	b173      	cbz	r3, 10004150 <_usb_give_as_many_buffers_as_possible+0x4c>
10004132:	2101      	movs	r1, #1
10004134:	6813      	ldr	r3, [r2, #0]
10004136:	4620      	mov	r0, r4
10004138:	681b      	ldr	r3, [r3, #0]
1000413a:	7411      	strb	r1, [r2, #16]
1000413c:	4798      	blx	r3
1000413e:	f894 302d 	ldrb.w	r3, [r4, #45]	@ 0x2d
10004142:	4543      	cmp	r3, r8
10004144:	d002      	beq.n	1000414c <_usb_give_as_many_buffers_as_possible+0x48>
10004146:	68a2      	ldr	r2, [r4, #8]
10004148:	2a00      	cmp	r2, #0
1000414a:	d1e5      	bne.n	10004118 <_usb_give_as_many_buffers_as_possible+0x14>
1000414c:	e8bd 83f8 	ldmia.w	sp!, {r3, r4, r5, r6, r7, r8, r9, pc}
10004150:	7c11      	ldrb	r1, [r2, #16]
10004152:	2900      	cmp	r1, #0
10004154:	d158      	bne.n	10004208 <_usb_give_as_many_buffers_as_possible+0x104>
10004156:	2300      	movs	r3, #0
10004158:	f894 2031 	ldrb.w	r2, [r4, #49]	@ 0x31
1000415c:	f8b4 e01a 	ldrh.w	lr, [r4, #26]
10004160:	f884 3030 	strb.w	r3, [r4, #48]	@ 0x30
10004164:	2a00      	cmp	r2, #0
10004166:	d14a      	bne.n	100041fe <_usb_give_as_many_buffers_as_possible+0xfa>
10004168:	f44e 6e80 	orr.w	lr, lr, #1024	@ 0x400
1000416c:	f8d5 3110 	ldr.w	r3, [r5, #272]	@ 0x110
10004170:	f8d5 3110 	ldr.w	r3, [r5, #272]	@ 0x110
10004174:	f8d5 2110 	ldr.w	r2, [r5, #272]	@ 0x110
10004178:	f894 c02b 	ldrb.w	ip, [r4, #43]	@ 0x2b
1000417c:	3201      	adds	r2, #1
1000417e:	f8c5 2110 	str.w	r2, [r5, #272]	@ 0x110
10004182:	f8d5 2110 	ldr.w	r2, [r5, #272]	@ 0x110
10004186:	f1bc 0900 	subs.w	r9, ip, #0
1000418a:	bf18      	it	ne
1000418c:	f04f 0901 	movne.w	r9, #1
10004190:	2a80      	cmp	r2, #128	@ 0x80
10004192:	bf08      	it	eq
10004194:	2200      	moveq	r2, #0
10004196:	f1c1 0300 	rsb	r3, r1, #0
1000419a:	f894 002e 	ldrb.w	r0, [r4, #46]	@ 0x2e
1000419e:	f403 4300 	and.w	r3, r3, #32768	@ 0x8000
100041a2:	f08c 0c01 	eor.w	ip, ip, #1
100041a6:	ea43 3349 	orr.w	r3, r3, r9, lsl #13
100041aa:	f884 c02b 	strb.w	ip, [r4, #43]	@ 0x2b
100041ae:	ea43 030e 	orr.w	r3, r3, lr
100041b2:	fa0f fc80 	sxth.w	ip, r0
100041b6:	bf08      	it	eq
100041b8:	f8c5 2110 	streq.w	r2, [r5, #272]	@ 0x110
100041bc:	b108      	cbz	r0, 100041c2 <_usb_give_as_many_buffers_as_possible+0xbe>
100041be:	f443 53c0 	orr.w	r3, r3, #6144	@ 0x1800
100041c2:	f894 202a 	ldrb.w	r2, [r4, #42]	@ 0x2a
100041c6:	00d2      	lsls	r2, r2, #3
100041c8:	b901      	cbnz	r1, 100041cc <_usb_give_as_many_buffers_as_possible+0xc8>
100041ca:	3204      	adds	r2, #4
100041cc:	f04f 0e00 	mov.w	lr, #0
100041d0:	1991      	adds	r1, r2, r6
100041d2:	b29b      	uxth	r3, r3
100041d4:	68a2      	ldr	r2, [r4, #8]
100041d6:	f108 38ff 	add.w	r8, r8, #4294967295
100041da:	f821 301c 	strh.w	r3, [r1, ip, lsl #1]
100041de:	f884 802d 	strb.w	r8, [r4, #45]	@ 0x2d
100041e2:	6893      	ldr	r3, [r2, #8]
100041e4:	f894 1032 	ldrb.w	r1, [r4, #50]	@ 0x32
100041e8:	3b01      	subs	r3, #1
100041ea:	f884 e024 	strb.w	lr, [r4, #36]	@ 0x24
100041ee:	6093      	str	r3, [r2, #8]
100041f0:	2900      	cmp	r1, #0
100041f2:	d091      	beq.n	10004118 <_usb_give_as_many_buffers_as_possible+0x14>
100041f4:	f080 0001 	eor.w	r0, r0, #1
100041f8:	f884 002e 	strb.w	r0, [r4, #46]	@ 0x2e
100041fc:	e78c      	b.n	10004118 <_usb_give_as_many_buffers_as_possible+0x14>
100041fe:	f44e 5ea0 	orr.w	lr, lr, #5120	@ 0x1400
10004202:	f884 3031 	strb.w	r3, [r4, #49]	@ 0x31
10004206:	e7b1      	b.n	1000416c <_usb_give_as_many_buffers_as_possible+0x68>
10004208:	4638      	mov	r0, r7
1000420a:	f003 fb9f 	bl	1000794c <__wrap_printf>
1000420e:	f894 1033 	ldrb.w	r1, [r4, #51]	@ 0x33
10004212:	4b0c      	ldr	r3, [pc, #48]	@ (10004244 <_usb_give_as_many_buffers_as_possible+0x140>)
10004214:	4a0c      	ldr	r2, [pc, #48]	@ (10004248 <_usb_give_as_many_buffers_as_possible+0x144>)
10004216:	480d      	ldr	r0, [pc, #52]	@ (1000424c <_usb_give_as_many_buffers_as_possible+0x148>)
10004218:	2900      	cmp	r1, #0
1000421a:	bf18      	it	ne
1000421c:	461a      	movne	r2, r3
1000421e:	f894 102a 	ldrb.w	r1, [r4, #42]	@ 0x2a
10004222:	f894 302d 	ldrb.w	r3, [r4, #45]	@ 0x2d
10004226:	f003 fb91 	bl	1000794c <__wrap_printf>
1000422a:	f894 1033 	ldrb.w	r1, [r4, #51]	@ 0x33
1000422e:	f894 802d 	ldrb.w	r8, [r4, #45]	@ 0x2d
10004232:	e790      	b.n	10004156 <_usb_give_as_many_buffers_as_possible+0x52>
10004234:	4770      	bx	lr
10004236:	bf00      	nop
10004238:	200016f8 	.word	0x200016f8
1000423c:	50100080 	.word	0x50100080
10004240:	1000ae68 	.word	0x1000ae68
10004244:	1000ae38 	.word	0x1000ae38
10004248:	1000ae3c 	.word	0x1000ae3c
1000424c:	1000ae74 	.word	0x1000ae74

10004250 <usb_start_empty_transfer>:
10004250:	b510      	push	{r4, lr}
10004252:	4604      	mov	r4, r0
10004254:	f894 3033 	ldrb.w	r3, [r4, #51]	@ 0x33
10004258:	4608      	mov	r0, r1
1000425a:	b123      	cbz	r3, 10004266 <usb_start_empty_transfer+0x16>
1000425c:	f894 3024 	ldrb.w	r3, [r4, #36]	@ 0x24
10004260:	b193      	cbz	r3, 10004288 <usb_start_empty_transfer+0x38>
10004262:	2300      	movs	r3, #0
10004264:	8423      	strh	r3, [r4, #32]
10004266:	4912      	ldr	r1, [pc, #72]	@ (100042b0 <usb_start_empty_transfer+0x60>)
10004268:	f7ff fd8a 	bl	10003d80 <usb_reset_transfer>
1000426c:	2100      	movs	r1, #0
1000426e:	2201      	movs	r2, #1
10004270:	6803      	ldr	r3, [r0, #0]
10004272:	60a0      	str	r0, [r4, #8]
10004274:	685b      	ldr	r3, [r3, #4]
10004276:	60e1      	str	r1, [r4, #12]
10004278:	7482      	strb	r2, [r0, #18]
1000427a:	b10b      	cbz	r3, 10004280 <usb_start_empty_transfer+0x30>
1000427c:	4620      	mov	r0, r4
1000427e:	4798      	blx	r3
10004280:	4620      	mov	r0, r4
10004282:	e8bd 4010 	ldmia.w	sp!, {r4, lr}
10004286:	e73d      	b.n	10004104 <_usb_give_as_many_buffers_as_possible>
10004288:	f8b4 c01a 	ldrh.w	ip, [r4, #26]
1000428c:	f894 102e 	ldrb.w	r1, [r4, #46]	@ 0x2e
10004290:	8b23      	ldrh	r3, [r4, #24]
10004292:	f8a4 c022 	strh.w	ip, [r4, #34]	@ 0x22
10004296:	b101      	cbz	r1, 1000429a <usb_start_empty_transfer+0x4a>
10004298:	8d21      	ldrh	r1, [r4, #40]	@ 0x28
1000429a:	f103 43a0 	add.w	r3, r3, #1342177280	@ 0x50000000
1000429e:	f503 1380 	add.w	r3, r3, #1048576	@ 0x100000
100042a2:	440b      	add	r3, r1
100042a4:	2101      	movs	r1, #1
100042a6:	61e3      	str	r3, [r4, #28]
100042a8:	f884 1024 	strb.w	r1, [r4, #36]	@ 0x24
100042ac:	e7d9      	b.n	10004262 <usb_start_empty_transfer+0x12>
100042ae:	bf00      	nop
100042b0:	1000edac 	.word	0x1000edac

100042b4 <_usb_reset_endpoint>:
100042b4:	6883      	ldr	r3, [r0, #8]
100042b6:	b570      	push	{r4, r5, r6, lr}
100042b8:	4604      	mov	r4, r0
100042ba:	460d      	mov	r5, r1
100042bc:	b11b      	cbz	r3, 100042c6 <_usb_reset_endpoint+0x12>
100042be:	681b      	ldr	r3, [r3, #0]
100042c0:	689b      	ldr	r3, [r3, #8]
100042c2:	b103      	cbz	r3, 100042c6 <_usb_reset_endpoint+0x12>
100042c4:	4798      	blx	r3
100042c6:	2600      	movs	r6, #0
100042c8:	4620      	mov	r0, r4
100042ca:	60a6      	str	r6, [r4, #8]
100042cc:	f7ff fe88 	bl	10003fe0 <_usb_reset_buffers>
100042d0:	b10d      	cbz	r5, 100042d6 <_usb_reset_endpoint+0x22>
100042d2:	f884 602b 	strb.w	r6, [r4, #43]	@ 0x2b
100042d6:	2300      	movs	r3, #0
100042d8:	f894 2030 	ldrb.w	r2, [r4, #48]	@ 0x30
100042dc:	f884 3024 	strb.w	r3, [r4, #36]	@ 0x24
100042e0:	b12a      	cbz	r2, 100042ee <_usb_reset_endpoint+0x3a>
100042e2:	6922      	ldr	r2, [r4, #16]
100042e4:	f884 3030 	strb.w	r3, [r4, #48]	@ 0x30
100042e8:	b10a      	cbz	r2, 100042ee <_usb_reset_endpoint+0x3a>
100042ea:	4620      	mov	r0, r4
100042ec:	4790      	blx	r2
100042ee:	4b0c      	ldr	r3, [pc, #48]	@ (10004320 <_usb_reset_endpoint+0x6c>)
100042f0:	f893 3131 	ldrb.w	r3, [r3, #305]	@ 0x131
100042f4:	b11b      	cbz	r3, 100042fe <_usb_reset_endpoint+0x4a>
100042f6:	6860      	ldr	r0, [r4, #4]
100042f8:	b108      	cbz	r0, 100042fe <_usb_reset_endpoint+0x4a>
100042fa:	68a2      	ldr	r2, [r4, #8]
100042fc:	b102      	cbz	r2, 10004300 <_usb_reset_endpoint+0x4c>
100042fe:	bd70      	pop	{r4, r5, r6, pc}
10004300:	6801      	ldr	r1, [r0, #0]
10004302:	f7ff fd3d 	bl	10003d80 <usb_reset_transfer>
10004306:	2101      	movs	r1, #1
10004308:	6803      	ldr	r3, [r0, #0]
1000430a:	60a0      	str	r0, [r4, #8]
1000430c:	685b      	ldr	r3, [r3, #4]
1000430e:	60e2      	str	r2, [r4, #12]
10004310:	7481      	strb	r1, [r0, #18]
10004312:	b10b      	cbz	r3, 10004318 <_usb_reset_endpoint+0x64>
10004314:	4620      	mov	r0, r4
10004316:	4798      	blx	r3
10004318:	4620      	mov	r0, r4
1000431a:	e8bd 4070 	ldmia.w	sp!, {r4, r5, r6, lr}
1000431e:	e6f1      	b.n	10004104 <_usb_give_as_many_buffers_as_possible>
10004320:	200016f8 	.word	0x200016f8

10004324 <_usb_handle_bus_reset>:
10004324:	e92d 41f0 	stmdb	sp!, {r4, r5, r6, r7, r8, lr}
10004328:	4f2c      	ldr	r7, [pc, #176]	@ (100043dc <_usb_handle_bus_reset+0xb8>)
1000432a:	f8d7 3110 	ldr.w	r3, [r7, #272]	@ 0x110
1000432e:	b12b      	cbz	r3, 1000433c <_usb_handle_bus_reset+0x18>
10004330:	2300      	movs	r3, #0
10004332:	f8d7 2110 	ldr.w	r2, [r7, #272]	@ 0x110
10004336:	3301      	adds	r3, #1
10004338:	429a      	cmp	r2, r3
1000433a:	d8fa      	bhi.n	10004332 <_usb_handle_bus_reset+0xe>
1000433c:	2600      	movs	r6, #0
1000433e:	4d28      	ldr	r5, [pc, #160]	@ (100043e0 <_usb_handle_bus_reset+0xbc>)
10004340:	f8c7 6110 	str.w	r6, [r7, #272]	@ 0x110
10004344:	f105 083c 	add.w	r8, r5, #60	@ 0x3c
10004348:	f887 6131 	strb.w	r6, [r7, #305]	@ 0x131
1000434c:	f8c7 6110 	str.w	r6, [r7, #272]	@ 0x110
10004350:	f855 4f04 	ldr.w	r4, [r5, #4]!
10004354:	b1f4      	cbz	r4, 10004394 <_usb_handle_bus_reset+0x70>
10004356:	68a3      	ldr	r3, [r4, #8]
10004358:	b123      	cbz	r3, 10004364 <_usb_handle_bus_reset+0x40>
1000435a:	681b      	ldr	r3, [r3, #0]
1000435c:	689b      	ldr	r3, [r3, #8]
1000435e:	b10b      	cbz	r3, 10004364 <_usb_handle_bus_reset+0x40>
10004360:	4620      	mov	r0, r4
10004362:	4798      	blx	r3
10004364:	4620      	mov	r0, r4
10004366:	60a6      	str	r6, [r4, #8]
10004368:	f7ff fe3a 	bl	10003fe0 <_usb_reset_buffers>
1000436c:	f894 3030 	ldrb.w	r3, [r4, #48]	@ 0x30
10004370:	f884 602b 	strb.w	r6, [r4, #43]	@ 0x2b
10004374:	f884 6024 	strb.w	r6, [r4, #36]	@ 0x24
10004378:	b12b      	cbz	r3, 10004386 <_usb_handle_bus_reset+0x62>
1000437a:	6923      	ldr	r3, [r4, #16]
1000437c:	f884 6030 	strb.w	r6, [r4, #48]	@ 0x30
10004380:	b10b      	cbz	r3, 10004386 <_usb_handle_bus_reset+0x62>
10004382:	4620      	mov	r0, r4
10004384:	4798      	blx	r3
10004386:	f897 3131 	ldrb.w	r3, [r7, #305]	@ 0x131
1000438a:	b11b      	cbz	r3, 10004394 <_usb_handle_bus_reset+0x70>
1000438c:	6860      	ldr	r0, [r4, #4]
1000438e:	b108      	cbz	r0, 10004394 <_usb_handle_bus_reset+0x70>
10004390:	68a2      	ldr	r2, [r4, #8]
10004392:	b19a      	cbz	r2, 100043bc <_usb_handle_bus_reset+0x98>
10004394:	4545      	cmp	r5, r8
10004396:	d1db      	bne.n	10004350 <_usb_handle_bus_reset+0x2c>
10004398:	f8d7 311c 	ldr.w	r3, [r7, #284]	@ 0x11c
1000439c:	b113      	cbz	r3, 100043a4 <_usb_handle_bus_reset+0x80>
1000439e:	2100      	movs	r1, #0
100043a0:	4810      	ldr	r0, [pc, #64]	@ (100043e4 <_usb_handle_bus_reset+0xc0>)
100043a2:	4798      	blx	r3
100043a4:	2100      	movs	r1, #0
100043a6:	f04f 32ff 	mov.w	r2, #4294967295
100043aa:	4b0f      	ldr	r3, [pc, #60]	@ (100043e8 <_usb_handle_bus_reset+0xc4>)
100043ac:	480f      	ldr	r0, [pc, #60]	@ (100043ec <_usb_handle_bus_reset+0xc8>)
100043ae:	f887 1130 	strb.w	r1, [r7, #304]	@ 0x130
100043b2:	6001      	str	r1, [r0, #0]
100043b4:	659a      	str	r2, [r3, #88]	@ 0x58
100043b6:	651a      	str	r2, [r3, #80]	@ 0x50
100043b8:	e8bd 81f0 	ldmia.w	sp!, {r4, r5, r6, r7, r8, pc}
100043bc:	6801      	ldr	r1, [r0, #0]
100043be:	f7ff fcdf 	bl	10003d80 <usb_reset_transfer>
100043c2:	2301      	movs	r3, #1
100043c4:	e9c4 0202 	strd	r0, r2, [r4, #8]
100043c8:	7483      	strb	r3, [r0, #18]
100043ca:	6803      	ldr	r3, [r0, #0]
100043cc:	685b      	ldr	r3, [r3, #4]
100043ce:	b10b      	cbz	r3, 100043d4 <_usb_handle_bus_reset+0xb0>
100043d0:	4620      	mov	r0, r4
100043d2:	4798      	blx	r3
100043d4:	4620      	mov	r0, r4
100043d6:	f7ff fe95 	bl	10004104 <_usb_give_as_many_buffers_as_possible>
100043da:	e7db      	b.n	10004394 <_usb_handle_bus_reset+0x70>
100043dc:	200016f8 	.word	0x200016f8
100043e0:	20002ac0 	.word	0x20002ac0
100043e4:	2000180c 	.word	0x2000180c
100043e8:	50113000 	.word	0x50113000
100043ec:	50110000 	.word	0x50110000

100043f0 <_tf_send_control_in_ack>:
100043f0:	b510      	push	{r4, lr}
100043f2:	4c1b      	ldr	r4, [pc, #108]	@ (10004460 <_tf_send_control_in_ack+0x70>)
100043f4:	f894 3343 	ldrb.w	r3, [r4, #835]	@ 0x343
100043f8:	b12b      	cbz	r3, 10004406 <_tf_send_control_in_ack+0x16>
100043fa:	f894 3334 	ldrb.w	r3, [r4, #820]	@ 0x334
100043fe:	b1c3      	cbz	r3, 10004432 <_tf_send_control_in_ack+0x42>
10004400:	2300      	movs	r3, #0
10004402:	f8a4 3330 	strh.w	r3, [r4, #816]	@ 0x330
10004406:	2200      	movs	r2, #0
10004408:	4816      	ldr	r0, [pc, #88]	@ (10004464 <_tf_send_control_in_ack+0x74>)
1000440a:	4917      	ldr	r1, [pc, #92]	@ (10004468 <_tf_send_control_in_ack+0x78>)
1000440c:	f7ff fcb8 	bl	10003d80 <usb_reset_transfer>
10004410:	2101      	movs	r1, #1
10004412:	f8d4 3344 	ldr.w	r3, [r4, #836]	@ 0x344
10004416:	f8c4 0318 	str.w	r0, [r4, #792]	@ 0x318
1000441a:	685b      	ldr	r3, [r3, #4]
1000441c:	f884 1356 	strb.w	r1, [r4, #854]	@ 0x356
10004420:	f8c4 231c 	str.w	r2, [r4, #796]	@ 0x31c
10004424:	b10b      	cbz	r3, 1000442a <_tf_send_control_in_ack+0x3a>
10004426:	3834      	subs	r0, #52	@ 0x34
10004428:	4798      	blx	r3
1000442a:	e8bd 4010 	ldmia.w	sp!, {r4, lr}
1000442e:	480f      	ldr	r0, [pc, #60]	@ (1000446c <_tf_send_control_in_ack+0x7c>)
10004430:	e668      	b.n	10004104 <_usb_give_as_many_buffers_as_possible>
10004432:	f8b4 132a 	ldrh.w	r1, [r4, #810]	@ 0x32a
10004436:	f894 233e 	ldrb.w	r2, [r4, #830]	@ 0x33e
1000443a:	f8b4 3328 	ldrh.w	r3, [r4, #808]	@ 0x328
1000443e:	f8a4 1332 	strh.w	r1, [r4, #818]	@ 0x332
10004442:	b10a      	cbz	r2, 10004448 <_tf_send_control_in_ack+0x58>
10004444:	f8b4 2338 	ldrh.w	r2, [r4, #824]	@ 0x338
10004448:	2101      	movs	r1, #1
1000444a:	f103 43a0 	add.w	r3, r3, #1342177280	@ 0x50000000
1000444e:	f503 1380 	add.w	r3, r3, #1048576	@ 0x100000
10004452:	4413      	add	r3, r2
10004454:	f8c4 332c 	str.w	r3, [r4, #812]	@ 0x32c
10004458:	f884 1334 	strb.w	r1, [r4, #820]	@ 0x334
1000445c:	e7d0      	b.n	10004400 <_tf_send_control_in_ack+0x10>
1000445e:	bf00      	nop
10004460:	200027f0 	.word	0x200027f0
10004464:	20002b34 	.word	0x20002b34
10004468:	1000edac 	.word	0x1000edac
1000446c:	20002b00 	.word	0x20002b00

10004470 <_tf_send_control_out_ack>:
10004470:	b510      	push	{r4, lr}
10004472:	4c1b      	ldr	r4, [pc, #108]	@ (100044e0 <_tf_send_control_out_ack+0x70>)
10004474:	f894 338b 	ldrb.w	r3, [r4, #907]	@ 0x38b
10004478:	b12b      	cbz	r3, 10004486 <_tf_send_control_out_ack+0x16>
1000447a:	f894 337c 	ldrb.w	r3, [r4, #892]	@ 0x37c
1000447e:	b1c3      	cbz	r3, 100044b2 <_tf_send_control_out_ack+0x42>
10004480:	2300      	movs	r3, #0
10004482:	f8a4 3378 	strh.w	r3, [r4, #888]	@ 0x378
10004486:	2200      	movs	r2, #0
10004488:	4816      	ldr	r0, [pc, #88]	@ (100044e4 <_tf_send_control_out_ack+0x74>)
1000448a:	4917      	ldr	r1, [pc, #92]	@ (100044e8 <_tf_send_control_out_ack+0x78>)
1000448c:	f7ff fc78 	bl	10003d80 <usb_reset_transfer>
10004490:	2101      	movs	r1, #1
10004492:	f8d4 338c 	ldr.w	r3, [r4, #908]	@ 0x38c
10004496:	f8c4 0360 	str.w	r0, [r4, #864]	@ 0x360
1000449a:	685b      	ldr	r3, [r3, #4]
1000449c:	f884 139e 	strb.w	r1, [r4, #926]	@ 0x39e
100044a0:	f8c4 2364 	str.w	r2, [r4, #868]	@ 0x364
100044a4:	b10b      	cbz	r3, 100044aa <_tf_send_control_out_ack+0x3a>
100044a6:	3834      	subs	r0, #52	@ 0x34
100044a8:	4798      	blx	r3
100044aa:	e8bd 4010 	ldmia.w	sp!, {r4, lr}
100044ae:	480f      	ldr	r0, [pc, #60]	@ (100044ec <_tf_send_control_out_ack+0x7c>)
100044b0:	e628      	b.n	10004104 <_usb_give_as_many_buffers_as_possible>
100044b2:	f8b4 1372 	ldrh.w	r1, [r4, #882]	@ 0x372
100044b6:	f894 2386 	ldrb.w	r2, [r4, #902]	@ 0x386
100044ba:	f8b4 3370 	ldrh.w	r3, [r4, #880]	@ 0x370
100044be:	f8a4 137a 	strh.w	r1, [r4, #890]	@ 0x37a
100044c2:	b10a      	cbz	r2, 100044c8 <_tf_send_control_out_ack+0x58>
100044c4:	f8b4 2380 	ldrh.w	r2, [r4, #896]	@ 0x380
100044c8:	2101      	movs	r1, #1
100044ca:	f103 43a0 	add.w	r3, r3, #1342177280	@ 0x50000000
100044ce:	f503 1380 	add.w	r3, r3, #1048576	@ 0x100000
100044d2:	4413      	add	r3, r2
100044d4:	f8c4 3374 	str.w	r3, [r4, #884]	@ 0x374
100044d8:	f884 137c 	strb.w	r1, [r4, #892]	@ 0x37c
100044dc:	e7d0      	b.n	10004480 <_tf_send_control_out_ack+0x10>
100044de:	bf00      	nop
100044e0:	200027f0 	.word	0x200027f0
100044e4:	20002b7c 	.word	0x20002b7c
100044e8:	1000edac 	.word	0x1000edac
100044ec:	20002b48 	.word	0x20002b48

100044f0 <usb_start_tiny_control_in_transfer>:
100044f0:	b538      	push	{r3, r4, r5, lr}
100044f2:	4c29      	ldr	r4, [pc, #164]	@ (10004598 <usb_start_tiny_control_in_transfer+0xa8>)
100044f4:	4602      	mov	r2, r0
100044f6:	f894 337c 	ldrb.w	r3, [r4, #892]	@ 0x37c
100044fa:	b1db      	cbz	r3, 10004534 <usb_start_tiny_control_in_transfer+0x44>
100044fc:	f8d4 3374 	ldr.w	r3, [r4, #884]	@ 0x374
10004500:	601a      	str	r2, [r3, #0]
10004502:	4826      	ldr	r0, [pc, #152]	@ (1000459c <usb_start_tiny_control_in_transfer+0xac>)
10004504:	4a26      	ldr	r2, [pc, #152]	@ (100045a0 <usb_start_tiny_control_in_transfer+0xb0>)
10004506:	f8a4 1378 	strh.w	r1, [r4, #888]	@ 0x378
1000450a:	4926      	ldr	r1, [pc, #152]	@ (100045a4 <usb_start_tiny_control_in_transfer+0xb4>)
1000450c:	f7ff fc38 	bl	10003d80 <usb_reset_transfer>
10004510:	2100      	movs	r1, #0
10004512:	2201      	movs	r2, #1
10004514:	f8d4 338c 	ldr.w	r3, [r4, #908]	@ 0x38c
10004518:	f8c4 0360 	str.w	r0, [r4, #864]	@ 0x360
1000451c:	685b      	ldr	r3, [r3, #4]
1000451e:	f8c4 1364 	str.w	r1, [r4, #868]	@ 0x364
10004522:	f884 239e 	strb.w	r2, [r4, #926]	@ 0x39e
10004526:	b10b      	cbz	r3, 1000452c <usb_start_tiny_control_in_transfer+0x3c>
10004528:	3834      	subs	r0, #52	@ 0x34
1000452a:	4798      	blx	r3
1000452c:	e8bd 4038 	ldmia.w	sp!, {r3, r4, r5, lr}
10004530:	481d      	ldr	r0, [pc, #116]	@ (100045a8 <usb_start_tiny_control_in_transfer+0xb8>)
10004532:	e5e7      	b.n	10004104 <_usb_give_as_many_buffers_as_possible>
10004534:	f8b4 c372 	ldrh.w	ip, [r4, #882]	@ 0x372
10004538:	f894 038b 	ldrb.w	r0, [r4, #907]	@ 0x38b
1000453c:	f8b4 3370 	ldrh.w	r3, [r4, #880]	@ 0x370
10004540:	f8a4 c37a 	strh.w	ip, [r4, #890]	@ 0x37a
10004544:	b160      	cbz	r0, 10004560 <usb_start_tiny_control_in_transfer+0x70>
10004546:	f894 0386 	ldrb.w	r0, [r4, #902]	@ 0x386
1000454a:	b9e0      	cbnz	r0, 10004586 <usb_start_tiny_control_in_transfer+0x96>
1000454c:	f103 43a0 	add.w	r3, r3, #1342177280	@ 0x50000000
10004550:	f503 1380 	add.w	r3, r3, #1048576	@ 0x100000
10004554:	f8c4 3374 	str.w	r3, [r4, #884]	@ 0x374
10004558:	2001      	movs	r0, #1
1000455a:	f884 037c 	strb.w	r0, [r4, #892]	@ 0x37c
1000455e:	e7cf      	b.n	10004500 <usb_start_tiny_control_in_transfer+0x10>
10004560:	f894 5387 	ldrb.w	r5, [r4, #903]	@ 0x387
10004564:	b99d      	cbnz	r5, 1000458e <usb_start_tiny_control_in_transfer+0x9e>
10004566:	2004      	movs	r0, #4
10004568:	f894 c382 	ldrb.w	ip, [r4, #898]	@ 0x382
1000456c:	f103 43a0 	add.w	r3, r3, #1342177280	@ 0x50000000
10004570:	eb00 00cc 	add.w	r0, r0, ip, lsl #3
10004574:	eb00 0045 	add.w	r0, r0, r5, lsl #1
10004578:	4d0c      	ldr	r5, [pc, #48]	@ (100045ac <usb_start_tiny_control_in_transfer+0xbc>)
1000457a:	f503 1380 	add.w	r3, r3, #1048576	@ 0x100000
1000457e:	5b40      	ldrh	r0, [r0, r5]
10004580:	f8c4 3374 	str.w	r3, [r4, #884]	@ 0x374
10004584:	e7e8      	b.n	10004558 <usb_start_tiny_control_in_transfer+0x68>
10004586:	f8b4 0380 	ldrh.w	r0, [r4, #896]	@ 0x380
1000458a:	4403      	add	r3, r0
1000458c:	e7de      	b.n	1000454c <usb_start_tiny_control_in_transfer+0x5c>
1000458e:	f8b4 0380 	ldrh.w	r0, [r4, #896]	@ 0x380
10004592:	4403      	add	r3, r0
10004594:	e7e7      	b.n	10004566 <usb_start_tiny_control_in_transfer+0x76>
10004596:	bf00      	nop
10004598:	200027f0 	.word	0x200027f0
1000459c:	20002b7c 	.word	0x20002b7c
100045a0:	100043f1 	.word	0x100043f1
100045a4:	1000edac 	.word	0x1000edac
100045a8:	20002b48 	.word	0x20002b48
100045ac:	50100080 	.word	0x50100080

100045b0 <_as_setup_request_handler>:
100045b0:	b538      	push	{r3, r4, r5, lr}
100045b2:	780b      	ldrb	r3, [r1, #0]
100045b4:	f003 0260 	and.w	r2, r3, #96	@ 0x60
100045b8:	2a20      	cmp	r2, #32
100045ba:	d001      	beq.n	100045c0 <_as_setup_request_handler+0x10>
100045bc:	2000      	movs	r0, #0
100045be:	bd38      	pop	{r3, r4, r5, pc}
100045c0:	784c      	ldrb	r4, [r1, #1]
100045c2:	2c01      	cmp	r4, #1
100045c4:	d02b      	beq.n	1000461e <_as_setup_request_handler+0x6e>
100045c6:	f104 027f 	add.w	r2, r4, #127	@ 0x7f
100045ca:	b2d2      	uxtb	r2, r2
100045cc:	2a03      	cmp	r2, #3
100045ce:	d8f5      	bhi.n	100045bc <_as_setup_request_handler+0xc>
100045d0:	3c82      	subs	r4, #130	@ 0x82
100045d2:	f003 031f 	and.w	r3, r3, #31
100045d6:	2c02      	cmp	r4, #2
100045d8:	d84e      	bhi.n	10004678 <_as_setup_request_handler+0xc8>
100045da:	e8df f004 	tbb	[pc, r4]
100045de:	020a      	.short	0x020a
100045e0:	14          	.byte	0x14
100045e1:	00          	.byte	0x00
100045e2:	2b01      	cmp	r3, #1
100045e4:	d1ea      	bne.n	100045bc <_as_setup_request_handler+0xc>
100045e6:	8849      	ldrh	r1, [r1, #2]
100045e8:	2000      	movs	r0, #0
100045ea:	0a09      	lsrs	r1, r1, #8
100045ec:	2902      	cmp	r1, #2
100045ee:	d012      	beq.n	10004616 <_as_setup_request_handler+0x66>
100045f0:	bd38      	pop	{r3, r4, r5, pc}
100045f2:	2b01      	cmp	r3, #1
100045f4:	d1e2      	bne.n	100045bc <_as_setup_request_handler+0xc>
100045f6:	8849      	ldrh	r1, [r1, #2]
100045f8:	0a09      	lsrs	r1, r1, #8
100045fa:	2902      	cmp	r1, #2
100045fc:	d1de      	bne.n	100045bc <_as_setup_request_handler+0xc>
100045fe:	482e      	ldr	r0, [pc, #184]	@ (100046b8 <_as_setup_request_handler+0x108>)
10004600:	f7ff ff76 	bl	100044f0 <usb_start_tiny_control_in_transfer>
10004604:	e009      	b.n	1000461a <_as_setup_request_handler+0x6a>
10004606:	2b01      	cmp	r3, #1
10004608:	d1d8      	bne.n	100045bc <_as_setup_request_handler+0xc>
1000460a:	8849      	ldrh	r1, [r1, #2]
1000460c:	0a09      	lsrs	r1, r1, #8
1000460e:	2902      	cmp	r1, #2
10004610:	d1d4      	bne.n	100045bc <_as_setup_request_handler+0xc>
10004612:	f44f 7080 	mov.w	r0, #256	@ 0x100
10004616:	f7ff ff6b 	bl	100044f0 <usb_start_tiny_control_in_transfer>
1000461a:	2001      	movs	r0, #1
1000461c:	bd38      	pop	{r3, r4, r5, pc}
1000461e:	88ca      	ldrh	r2, [r1, #6]
10004620:	1e50      	subs	r0, r2, #1
10004622:	283e      	cmp	r0, #62	@ 0x3e
10004624:	d8ca      	bhi.n	100045bc <_as_setup_request_handler+0xc>
10004626:	4d25      	ldr	r5, [pc, #148]	@ (100046bc <_as_setup_request_handler+0x10c>)
10004628:	8888      	ldrh	r0, [r1, #4]
1000462a:	f003 031f 	and.w	r3, r3, #31
1000462e:	f885 33b9 	strb.w	r3, [r5, #953]	@ 0x3b9
10004632:	884b      	ldrh	r3, [r1, #2]
10004634:	0a01      	lsrs	r1, r0, #8
10004636:	ba5b      	rev16	r3, r3
10004638:	f885 23bd 	strb.w	r2, [r5, #957]	@ 0x3bd
1000463c:	f885 13bc 	strb.w	r1, [r5, #956]	@ 0x3bc
10004640:	4a1f      	ldr	r2, [pc, #124]	@ (100046c0 <_as_setup_request_handler+0x110>)
10004642:	f505 7051 	add.w	r0, r5, #836	@ 0x344
10004646:	491f      	ldr	r1, [pc, #124]	@ (100046c4 <_as_setup_request_handler+0x114>)
10004648:	f8a5 33ba 	strh.w	r3, [r5, #954]	@ 0x3ba
1000464c:	f885 43b8 	strb.w	r4, [r5, #952]	@ 0x3b8
10004650:	f7ff fb96 	bl	10003d80 <usb_reset_transfer>
10004654:	2200      	movs	r2, #0
10004656:	f8d5 3344 	ldr.w	r3, [r5, #836]	@ 0x344
1000465a:	f8c5 0318 	str.w	r0, [r5, #792]	@ 0x318
1000465e:	685b      	ldr	r3, [r3, #4]
10004660:	f8c5 231c 	str.w	r2, [r5, #796]	@ 0x31c
10004664:	f885 4356 	strb.w	r4, [r5, #854]	@ 0x356
10004668:	b113      	cbz	r3, 10004670 <_as_setup_request_handler+0xc0>
1000466a:	f505 7044 	add.w	r0, r5, #784	@ 0x310
1000466e:	4798      	blx	r3
10004670:	4815      	ldr	r0, [pc, #84]	@ (100046c8 <_as_setup_request_handler+0x118>)
10004672:	f7ff fd47 	bl	10004104 <_usb_give_as_many_buffers_as_possible>
10004676:	e7d0      	b.n	1000461a <_as_setup_request_handler+0x6a>
10004678:	2b01      	cmp	r3, #1
1000467a:	d00b      	beq.n	10004694 <_as_setup_request_handler+0xe4>
1000467c:	2b02      	cmp	r3, #2
1000467e:	d19d      	bne.n	100045bc <_as_setup_request_handler+0xc>
10004680:	884b      	ldrh	r3, [r1, #2]
10004682:	0a1b      	lsrs	r3, r3, #8
10004684:	2b01      	cmp	r3, #1
10004686:	d199      	bne.n	100045bc <_as_setup_request_handler+0xc>
10004688:	4b10      	ldr	r3, [pc, #64]	@ (100046cc <_as_setup_request_handler+0x11c>)
1000468a:	2103      	movs	r1, #3
1000468c:	6818      	ldr	r0, [r3, #0]
1000468e:	f7ff ff2f 	bl	100044f0 <usb_start_tiny_control_in_transfer>
10004692:	e7c2      	b.n	1000461a <_as_setup_request_handler+0x6a>
10004694:	8849      	ldrh	r1, [r1, #2]
10004696:	0a09      	lsrs	r1, r1, #8
10004698:	2901      	cmp	r1, #1
1000469a:	d007      	beq.n	100046ac <_as_setup_request_handler+0xfc>
1000469c:	2902      	cmp	r1, #2
1000469e:	d18d      	bne.n	100045bc <_as_setup_request_handler+0xc>
100046a0:	4b0a      	ldr	r3, [pc, #40]	@ (100046cc <_as_setup_request_handler+0x11c>)
100046a2:	f9b3 000a 	ldrsh.w	r0, [r3, #10]
100046a6:	f7ff ff23 	bl	100044f0 <usb_start_tiny_control_in_transfer>
100046aa:	e7b6      	b.n	1000461a <_as_setup_request_handler+0x6a>
100046ac:	4b07      	ldr	r3, [pc, #28]	@ (100046cc <_as_setup_request_handler+0x11c>)
100046ae:	7e18      	ldrb	r0, [r3, #24]
100046b0:	f7ff ff1e 	bl	100044f0 <usb_start_tiny_control_in_transfer>
100046b4:	e7b1      	b.n	1000461a <_as_setup_request_handler+0x6a>
100046b6:	bf00      	nop
100046b8:	ffffc000 	.word	0xffffc000
100046bc:	200027f0 	.word	0x200027f0
100046c0:	10004471 	.word	0x10004471
100046c4:	1000edbc 	.word	0x1000edbc
100046c8:	20002b00 	.word	0x20002b00
100046cc:	200016f8 	.word	0x200016f8

100046d0 <ac_setup_request_handler>:
100046d0:	b538      	push	{r3, r4, r5, lr}
100046d2:	780b      	ldrb	r3, [r1, #0]
100046d4:	f003 0260 	and.w	r2, r3, #96	@ 0x60
100046d8:	2a20      	cmp	r2, #32
100046da:	d001      	beq.n	100046e0 <ac_setup_request_handler+0x10>
100046dc:	2000      	movs	r0, #0
100046de:	bd38      	pop	{r3, r4, r5, pc}
100046e0:	784c      	ldrb	r4, [r1, #1]
100046e2:	2c01      	cmp	r4, #1
100046e4:	d02b      	beq.n	1000473e <ac_setup_request_handler+0x6e>
100046e6:	f104 027f 	add.w	r2, r4, #127	@ 0x7f
100046ea:	b2d2      	uxtb	r2, r2
100046ec:	2a03      	cmp	r2, #3
100046ee:	d8f5      	bhi.n	100046dc <ac_setup_request_handler+0xc>
100046f0:	3c82      	subs	r4, #130	@ 0x82
100046f2:	f003 031f 	and.w	r3, r3, #31
100046f6:	2c02      	cmp	r4, #2
100046f8:	d84e      	bhi.n	10004798 <ac_setup_request_handler+0xc8>
100046fa:	e8df f004 	tbb	[pc, r4]
100046fe:	020a      	.short	0x020a
10004700:	14          	.byte	0x14
10004701:	00          	.byte	0x00
10004702:	2b01      	cmp	r3, #1
10004704:	d1ea      	bne.n	100046dc <ac_setup_request_handler+0xc>
10004706:	8849      	ldrh	r1, [r1, #2]
10004708:	2000      	movs	r0, #0
1000470a:	0a09      	lsrs	r1, r1, #8
1000470c:	2902      	cmp	r1, #2
1000470e:	d012      	beq.n	10004736 <ac_setup_request_handler+0x66>
10004710:	bd38      	pop	{r3, r4, r5, pc}
10004712:	2b01      	cmp	r3, #1
10004714:	d1e2      	bne.n	100046dc <ac_setup_request_handler+0xc>
10004716:	8849      	ldrh	r1, [r1, #2]
10004718:	0a09      	lsrs	r1, r1, #8
1000471a:	2902      	cmp	r1, #2
1000471c:	d1de      	bne.n	100046dc <ac_setup_request_handler+0xc>
1000471e:	482e      	ldr	r0, [pc, #184]	@ (100047d8 <ac_setup_request_handler+0x108>)
10004720:	f7ff fee6 	bl	100044f0 <usb_start_tiny_control_in_transfer>
10004724:	e009      	b.n	1000473a <ac_setup_request_handler+0x6a>
10004726:	2b01      	cmp	r3, #1
10004728:	d1d8      	bne.n	100046dc <ac_setup_request_handler+0xc>
1000472a:	8849      	ldrh	r1, [r1, #2]
1000472c:	0a09      	lsrs	r1, r1, #8
1000472e:	2902      	cmp	r1, #2
10004730:	d1d4      	bne.n	100046dc <ac_setup_request_handler+0xc>
10004732:	f44f 7080 	mov.w	r0, #256	@ 0x100
10004736:	f7ff fedb 	bl	100044f0 <usb_start_tiny_control_in_transfer>
1000473a:	2001      	movs	r0, #1
1000473c:	bd38      	pop	{r3, r4, r5, pc}
1000473e:	88ca      	ldrh	r2, [r1, #6]
10004740:	1e50      	subs	r0, r2, #1
10004742:	283e      	cmp	r0, #62	@ 0x3e
10004744:	d8ca      	bhi.n	100046dc <ac_setup_request_handler+0xc>
10004746:	4d25      	ldr	r5, [pc, #148]	@ (100047dc <ac_setup_request_handler+0x10c>)
10004748:	8888      	ldrh	r0, [r1, #4]
1000474a:	f003 031f 	and.w	r3, r3, #31
1000474e:	f885 33b9 	strb.w	r3, [r5, #953]	@ 0x3b9
10004752:	884b      	ldrh	r3, [r1, #2]
10004754:	0a01      	lsrs	r1, r0, #8
10004756:	ba5b      	rev16	r3, r3
10004758:	f885 23bd 	strb.w	r2, [r5, #957]	@ 0x3bd
1000475c:	f885 13bc 	strb.w	r1, [r5, #956]	@ 0x3bc
10004760:	4a1f      	ldr	r2, [pc, #124]	@ (100047e0 <ac_setup_request_handler+0x110>)
10004762:	f505 7051 	add.w	r0, r5, #836	@ 0x344
10004766:	491f      	ldr	r1, [pc, #124]	@ (100047e4 <ac_setup_request_handler+0x114>)
10004768:	f8a5 33ba 	strh.w	r3, [r5, #954]	@ 0x3ba
1000476c:	f885 43b8 	strb.w	r4, [r5, #952]	@ 0x3b8
10004770:	f7ff fb06 	bl	10003d80 <usb_reset_transfer>
10004774:	2200      	movs	r2, #0
10004776:	f8d5 3344 	ldr.w	r3, [r5, #836]	@ 0x344
1000477a:	f8c5 0318 	str.w	r0, [r5, #792]	@ 0x318
1000477e:	685b      	ldr	r3, [r3, #4]
10004780:	f8c5 231c 	str.w	r2, [r5, #796]	@ 0x31c
10004784:	f885 4356 	strb.w	r4, [r5, #854]	@ 0x356
10004788:	b113      	cbz	r3, 10004790 <ac_setup_request_handler+0xc0>
1000478a:	f505 7044 	add.w	r0, r5, #784	@ 0x310
1000478e:	4798      	blx	r3
10004790:	4815      	ldr	r0, [pc, #84]	@ (100047e8 <ac_setup_request_handler+0x118>)
10004792:	f7ff fcb7 	bl	10004104 <_usb_give_as_many_buffers_as_possible>
10004796:	e7d0      	b.n	1000473a <ac_setup_request_handler+0x6a>
10004798:	2b01      	cmp	r3, #1
1000479a:	d00b      	beq.n	100047b4 <ac_setup_request_handler+0xe4>
1000479c:	2b02      	cmp	r3, #2
1000479e:	d19d      	bne.n	100046dc <ac_setup_request_handler+0xc>
100047a0:	884b      	ldrh	r3, [r1, #2]
100047a2:	0a1b      	lsrs	r3, r3, #8
100047a4:	2b01      	cmp	r3, #1
100047a6:	d199      	bne.n	100046dc <ac_setup_request_handler+0xc>
100047a8:	4b10      	ldr	r3, [pc, #64]	@ (100047ec <ac_setup_request_handler+0x11c>)
100047aa:	2103      	movs	r1, #3
100047ac:	6818      	ldr	r0, [r3, #0]
100047ae:	f7ff fe9f 	bl	100044f0 <usb_start_tiny_control_in_transfer>
100047b2:	e7c2      	b.n	1000473a <ac_setup_request_handler+0x6a>
100047b4:	8849      	ldrh	r1, [r1, #2]
100047b6:	0a09      	lsrs	r1, r1, #8
100047b8:	2901      	cmp	r1, #1
100047ba:	d007      	beq.n	100047cc <ac_setup_request_handler+0xfc>
100047bc:	2902      	cmp	r1, #2
100047be:	d18d      	bne.n	100046dc <ac_setup_request_handler+0xc>
100047c0:	4b0a      	ldr	r3, [pc, #40]	@ (100047ec <ac_setup_request_handler+0x11c>)
100047c2:	f9b3 000a 	ldrsh.w	r0, [r3, #10]
100047c6:	f7ff fe93 	bl	100044f0 <usb_start_tiny_control_in_transfer>
100047ca:	e7b6      	b.n	1000473a <ac_setup_request_handler+0x6a>
100047cc:	4b07      	ldr	r3, [pc, #28]	@ (100047ec <ac_setup_request_handler+0x11c>)
100047ce:	7e18      	ldrb	r0, [r3, #24]
100047d0:	f7ff fe8e 	bl	100044f0 <usb_start_tiny_control_in_transfer>
100047d4:	e7b1      	b.n	1000473a <ac_setup_request_handler+0x6a>
100047d6:	bf00      	nop
100047d8:	ffffc000 	.word	0xffffc000
100047dc:	200027f0 	.word	0x200027f0
100047e0:	10004471 	.word	0x10004471
100047e4:	1000edbc 	.word	0x1000edbc
100047e8:	20002b00 	.word	0x20002b00
100047ec:	200016f8 	.word	0x200016f8

100047f0 <_usb_check_for_transfer_completion>:
100047f0:	b570      	push	{r4, r5, r6, lr}
100047f2:	f890 3030 	ldrb.w	r3, [r0, #48]	@ 0x30
100047f6:	4604      	mov	r4, r0
100047f8:	6885      	ldr	r5, [r0, #8]
100047fa:	b1cb      	cbz	r3, 10004830 <_usb_check_for_transfer_completion+0x40>
100047fc:	2101      	movs	r1, #1
100047fe:	2200      	movs	r2, #0
10004800:	686b      	ldr	r3, [r5, #4]
10004802:	74e9      	strb	r1, [r5, #19]
10004804:	6082      	str	r2, [r0, #8]
10004806:	b17b      	cbz	r3, 10004828 <_usb_check_for_transfer_completion+0x38>
10004808:	4818      	ldr	r0, [pc, #96]	@ (1000486c <_usb_check_for_transfer_completion+0x7c>)
1000480a:	f003 f89f 	bl	1000794c <__wrap_printf>
1000480e:	4b18      	ldr	r3, [pc, #96]	@ (10004870 <_usb_check_for_transfer_completion+0x80>)
10004810:	f894 1033 	ldrb.w	r1, [r4, #51]	@ 0x33
10004814:	4a17      	ldr	r2, [pc, #92]	@ (10004874 <_usb_check_for_transfer_completion+0x84>)
10004816:	4818      	ldr	r0, [pc, #96]	@ (10004878 <_usb_check_for_transfer_completion+0x88>)
10004818:	2900      	cmp	r1, #0
1000481a:	bf18      	it	ne
1000481c:	461a      	movne	r2, r3
1000481e:	f894 102a 	ldrb.w	r1, [r4, #42]	@ 0x2a
10004822:	686b      	ldr	r3, [r5, #4]
10004824:	f003 f892 	bl	1000794c <__wrap_printf>
10004828:	2300      	movs	r3, #0
1000482a:	e9c5 3302 	strd	r3, r3, [r5, #8]
1000482e:	bd70      	pop	{r4, r5, r6, pc}
10004830:	68eb      	ldr	r3, [r5, #12]
10004832:	2b00      	cmp	r3, #0
10004834:	d1fb      	bne.n	1000482e <_usb_check_for_transfer_completion+0x3e>
10004836:	7c2a      	ldrb	r2, [r5, #16]
10004838:	2a00      	cmp	r2, #0
1000483a:	d1f8      	bne.n	1000482e <_usb_check_for_transfer_completion+0x3e>
1000483c:	2101      	movs	r1, #1
1000483e:	686b      	ldr	r3, [r5, #4]
10004840:	74e9      	strb	r1, [r5, #19]
10004842:	6082      	str	r2, [r0, #8]
10004844:	b11b      	cbz	r3, 1000484e <_usb_check_for_transfer_completion+0x5e>
10004846:	4629      	mov	r1, r5
10004848:	e8bd 4070 	ldmia.w	sp!, {r4, r5, r6, lr}
1000484c:	4718      	bx	r3
1000484e:	68c2      	ldr	r2, [r0, #12]
10004850:	2a00      	cmp	r2, #0
10004852:	d0ec      	beq.n	1000482e <_usb_check_for_transfer_completion+0x3e>
10004854:	e9c0 2302 	strd	r2, r3, [r0, #8]
10004858:	6813      	ldr	r3, [r2, #0]
1000485a:	7491      	strb	r1, [r2, #18]
1000485c:	685b      	ldr	r3, [r3, #4]
1000485e:	b103      	cbz	r3, 10004862 <_usb_check_for_transfer_completion+0x72>
10004860:	4798      	blx	r3
10004862:	4620      	mov	r0, r4
10004864:	e8bd 4070 	ldmia.w	sp!, {r4, r5, r6, lr}
10004868:	e44c      	b.n	10004104 <_usb_give_as_many_buffers_as_possible>
1000486a:	bf00      	nop
1000486c:	1000ae68 	.word	0x1000ae68
10004870:	1000ae38 	.word	0x1000ae38
10004874:	1000ae3c 	.word	0x1000ae3c
10004878:	1000aeb4 	.word	0x1000aeb4

1000487c <_usb_handle_transfer>:
1000487c:	b570      	push	{r4, r5, r6, lr}
1000487e:	b1e8      	cbz	r0, 100048bc <_usb_handle_transfer+0x40>
10004880:	4b33      	ldr	r3, [pc, #204]	@ (10004950 <_usb_handle_transfer+0xd4>)
10004882:	eb03 0380 	add.w	r3, r3, r0, lsl #2
10004886:	f8d3 42d0 	ldr.w	r4, [r3, #720]	@ 0x2d0
1000488a:	f894 302d 	ldrb.w	r3, [r4, #45]	@ 0x2d
1000488e:	68a5      	ldr	r5, [r4, #8]
10004890:	3301      	adds	r3, #1
10004892:	f884 302d 	strb.w	r3, [r4, #45]	@ 0x2d
10004896:	b315      	cbz	r5, 100048de <_usb_handle_transfer+0x62>
10004898:	7c2b      	ldrb	r3, [r5, #16]
1000489a:	b9b3      	cbnz	r3, 100048ca <_usb_handle_transfer+0x4e>
1000489c:	f894 3033 	ldrb.w	r3, [r4, #51]	@ 0x33
100048a0:	f884 202f 	strb.w	r2, [r4, #47]	@ 0x2f
100048a4:	b10b      	cbz	r3, 100048aa <_usb_handle_transfer+0x2e>
100048a6:	68ab      	ldr	r3, [r5, #8]
100048a8:	b12b      	cbz	r3, 100048b6 <_usb_handle_transfer+0x3a>
100048aa:	2201      	movs	r2, #1
100048ac:	682b      	ldr	r3, [r5, #0]
100048ae:	4620      	mov	r0, r4
100048b0:	681b      	ldr	r3, [r3, #0]
100048b2:	742a      	strb	r2, [r5, #16]
100048b4:	4798      	blx	r3
100048b6:	7ceb      	ldrb	r3, [r5, #19]
100048b8:	b153      	cbz	r3, 100048d0 <_usb_handle_transfer+0x54>
100048ba:	bd70      	pop	{r4, r5, r6, pc}
100048bc:	4b25      	ldr	r3, [pc, #148]	@ (10004954 <_usb_handle_transfer+0xd8>)
100048be:	f103 0448 	add.w	r4, r3, #72	@ 0x48
100048c2:	2900      	cmp	r1, #0
100048c4:	bf08      	it	eq
100048c6:	461c      	moveq	r4, r3
100048c8:	e7df      	b.n	1000488a <_usb_handle_transfer+0xe>
100048ca:	2301      	movs	r3, #1
100048cc:	746b      	strb	r3, [r5, #17]
100048ce:	bd70      	pop	{r4, r5, r6, pc}
100048d0:	68eb      	ldr	r3, [r5, #12]
100048d2:	4620      	mov	r0, r4
100048d4:	3b01      	subs	r3, #1
100048d6:	60eb      	str	r3, [r5, #12]
100048d8:	e8bd 4070 	ldmia.w	sp!, {r4, r5, r6, lr}
100048dc:	e788      	b.n	100047f0 <_usb_check_for_transfer_completion>
100048de:	481e      	ldr	r0, [pc, #120]	@ (10004958 <_usb_handle_transfer+0xdc>)
100048e0:	f003 f834 	bl	1000794c <__wrap_printf>
100048e4:	4b1d      	ldr	r3, [pc, #116]	@ (1000495c <_usb_handle_transfer+0xe0>)
100048e6:	f894 1033 	ldrb.w	r1, [r4, #51]	@ 0x33
100048ea:	4a1d      	ldr	r2, [pc, #116]	@ (10004960 <_usb_handle_transfer+0xe4>)
100048ec:	481d      	ldr	r0, [pc, #116]	@ (10004964 <_usb_handle_transfer+0xe8>)
100048ee:	2900      	cmp	r1, #0
100048f0:	bf18      	it	ne
100048f2:	461a      	movne	r2, r3
100048f4:	f894 102a 	ldrb.w	r1, [r4, #42]	@ 0x2a
100048f8:	f003 f828 	bl	1000794c <__wrap_printf>
100048fc:	f894 3030 	ldrb.w	r3, [r4, #48]	@ 0x30
10004900:	b9d3      	cbnz	r3, 10004938 <_usb_handle_transfer+0xbc>
10004902:	f894 202a 	ldrb.w	r2, [r4, #42]	@ 0x2a
10004906:	f894 3033 	ldrb.w	r3, [r4, #51]	@ 0x33
1000490a:	b91a      	cbnz	r2, 10004914 <_usb_handle_transfer+0x98>
1000490c:	4916      	ldr	r1, [pc, #88]	@ (10004968 <_usb_handle_transfer+0xec>)
1000490e:	f1c3 0002 	rsb	r0, r3, #2
10004912:	6688      	str	r0, [r1, #104]	@ 0x68
10004914:	b1b3      	cbz	r3, 10004944 <_usb_handle_transfer+0xc8>
10004916:	4b15      	ldr	r3, [pc, #84]	@ (1000496c <_usb_handle_transfer+0xf0>)
10004918:	eb03 03c2 	add.w	r3, r3, r2, lsl #3
1000491c:	2002      	movs	r0, #2
1000491e:	681a      	ldr	r2, [r3, #0]
10004920:	6921      	ldr	r1, [r4, #16]
10004922:	f442 6200 	orr.w	r2, r2, #2048	@ 0x800
10004926:	601a      	str	r2, [r3, #0]
10004928:	f884 0030 	strb.w	r0, [r4, #48]	@ 0x30
1000492c:	2900      	cmp	r1, #0
1000492e:	d0c4      	beq.n	100048ba <_usb_handle_transfer+0x3e>
10004930:	4620      	mov	r0, r4
10004932:	e8bd 4070 	ldmia.w	sp!, {r4, r5, r6, lr}
10004936:	4708      	bx	r1
10004938:	2b01      	cmp	r3, #1
1000493a:	d1be      	bne.n	100048ba <_usb_handle_transfer+0x3e>
1000493c:	2302      	movs	r3, #2
1000493e:	f884 3030 	strb.w	r3, [r4, #48]	@ 0x30
10004942:	bd70      	pop	{r4, r5, r6, pc}
10004944:	f894 202a 	ldrb.w	r2, [r4, #42]	@ 0x2a
10004948:	4b09      	ldr	r3, [pc, #36]	@ (10004970 <_usb_handle_transfer+0xf4>)
1000494a:	00d2      	lsls	r2, r2, #3
1000494c:	4413      	add	r3, r2
1000494e:	e7e5      	b.n	1000491c <_usb_handle_transfer+0xa0>
10004950:	200027f0 	.word	0x200027f0
10004954:	20002b00 	.word	0x20002b00
10004958:	1000ae68 	.word	0x1000ae68
1000495c:	1000ae38 	.word	0x1000ae38
10004960:	1000ae3c 	.word	0x1000ae3c
10004964:	1000aef0 	.word	0x1000aef0
10004968:	50112000 	.word	0x50112000
1000496c:	50100080 	.word	0x50100080
10004970:	50100084 	.word	0x50100084

10004974 <_as_audio_packet>:
10004974:	e92d 4ff0 	stmdb	sp!, {r4, r5, r6, r7, r8, r9, sl, fp, lr}
10004978:	f890 4024 	ldrb.w	r4, [r0, #36]	@ 0x24
1000497c:	4605      	mov	r5, r0
1000497e:	b085      	sub	sp, #20
10004980:	2c00      	cmp	r4, #0
10004982:	f000 815e 	beq.w	10004c42 <_as_audio_packet+0x2ce>
10004986:	8c04      	ldrh	r4, [r0, #32]
10004988:	f8d0 801c 	ldr.w	r8, [r0, #28]
1000498c:	0864      	lsrs	r4, r4, #1
1000498e:	2200      	movs	r2, #0
10004990:	49bb      	ldr	r1, [pc, #748]	@ (10004c80 <_as_audio_packet+0x30c>)
10004992:	9203      	str	r2, [sp, #12]
10004994:	684b      	ldr	r3, [r1, #4]
10004996:	680f      	ldr	r7, [r1, #0]
10004998:	2b18      	cmp	r3, #24
1000499a:	f000 8185 	beq.w	10004ca8 <_as_audio_packet+0x334>
1000499e:	2b20      	cmp	r3, #32
100049a0:	f000 8100 	beq.w	10004ba4 <_as_audio_packet+0x230>
100049a4:	4eb7      	ldr	r6, [pc, #732]	@ (10004c84 <_as_audio_packet+0x310>)
100049a6:	f8df a2fc 	ldr.w	sl, [pc, #764]	@ 10004ca4 <_as_audio_packet+0x330>
100049aa:	f8d6 0ec8 	ldr.w	r0, [r6, #3784]	@ 0xec8
100049ae:	f8d6 3ed4 	ldr.w	r3, [r6, #3796]	@ 0xed4
100049b2:	0864      	lsrs	r4, r4, #1
100049b4:	1ac0      	subs	r0, r0, r3
100049b6:	f89a 301c 	ldrb.w	r3, [sl, #28]
100049ba:	2b00      	cmp	r3, #0
100049bc:	f040 81f7 	bne.w	10004dae <_as_audio_packet+0x43a>
100049c0:	2300      	movs	r3, #0
100049c2:	2204      	movs	r2, #4
100049c4:	f04f 0901 	mov.w	r9, #1
100049c8:	469e      	mov	lr, r3
100049ca:	f04f 0c02 	mov.w	ip, #2
100049ce:	469b      	mov	fp, r3
100049d0:	49ad      	ldr	r1, [pc, #692]	@ (10004c88 <_as_audio_packet+0x314>)
100049d2:	428f      	cmp	r7, r1
100049d4:	f000 8276 	beq.w	10004ec4 <_as_audio_packet+0x550>
100049d8:	f200 8270 	bhi.w	10004ebc <_as_audio_packet+0x548>
100049dc:	49ab      	ldr	r1, [pc, #684]	@ (10004c8c <_as_audio_packet+0x318>)
100049de:	428f      	cmp	r7, r1
100049e0:	d002      	beq.n	100049e8 <_as_audio_packet+0x74>
100049e2:	49ab      	ldr	r1, [pc, #684]	@ (10004c90 <_as_audio_packet+0x31c>)
100049e4:	428f      	cmp	r7, r1
100049e6:	d101      	bne.n	100049ec <_as_audio_packet+0x78>
100049e8:	4662      	mov	r2, ip
100049ea:	465b      	mov	r3, fp
100049ec:	2100      	movs	r1, #0
100049ee:	f006 f9f3 	bl	1000add8 <____aeabi_ldivmod_veneer>
100049f2:	ea20 70e0 	bic.w	r0, r0, r0, asr #31
100049f6:	f5b0 7f60 	cmp.w	r0, #896	@ 0x380
100049fa:	bfa8      	it	ge
100049fc:	f44f 7060 	movge.w	r0, #896	@ 0x380
10004a00:	4284      	cmp	r4, r0
10004a02:	bfa8      	it	ge
10004a04:	4604      	movge	r4, r0
10004a06:	b1ec      	cbz	r4, 10004a44 <_as_audio_packet+0xd0>
10004a08:	f108 0804 	add.w	r8, r8, #4
10004a0c:	49a1      	ldr	r1, [pc, #644]	@ (10004c94 <_as_audio_packet+0x320>)
10004a0e:	4aa2      	ldr	r2, [pc, #648]	@ (10004c98 <_as_audio_packet+0x324>)
10004a10:	eb08 0084 	add.w	r0, r8, r4, lsl #2
10004a14:	f938 3c04 	ldrsh.w	r3, [r8, #-4]
10004a18:	f108 0804 	add.w	r8, r8, #4
10004a1c:	041b      	lsls	r3, r3, #16
10004a1e:	9303      	str	r3, [sp, #12]
10004a20:	f938 3c06 	ldrsh.w	r3, [r8, #-6]
10004a24:	ed9d 7a03 	vldr	s14, [sp, #12]
10004a28:	041b      	lsls	r3, r3, #16
10004a2a:	9303      	str	r3, [sp, #12]
10004a2c:	eddd 7a03 	vldr	s15, [sp, #12]
10004a30:	eeb8 7ac7 	vcvt.f32.s32	s14, s14
10004a34:	eef8 7ae7 	vcvt.f32.s32	s15, s15
10004a38:	4580      	cmp	r8, r0
10004a3a:	eca1 7a01 	vstmia	r1!, {s14}
10004a3e:	ece2 7a01 	vstmia	r2!, {s15}
10004a42:	d1e7      	bne.n	10004a14 <_as_audio_packet+0xa0>
10004a44:	f8d6 3ee4 	ldr.w	r3, [r6, #3812]	@ 0xee4
10004a48:	f89a b01c 	ldrb.w	fp, [sl, #28]
10004a4c:	3301      	adds	r3, #1
10004a4e:	f8c6 3ee4 	str.w	r3, [r6, #3812]	@ 0xee4
10004a52:	f89a 301c 	ldrb.w	r3, [sl, #28]
10004a56:	4a8c      	ldr	r2, [pc, #560]	@ (10004c88 <_as_audio_packet+0x314>)
10004a58:	2b00      	cmp	r3, #0
10004a5a:	bf0b      	itete	eq
10004a5c:	2002      	moveq	r0, #2
10004a5e:	2004      	movne	r0, #4
10004a60:	f04f 0c01 	moveq.w	ip, #1
10004a64:	f04f 0c02 	movne.w	ip, #2
10004a68:	bf0c      	ite	eq
10004a6a:	f04f 0804 	moveq.w	r8, #4
10004a6e:	f04f 0808 	movne.w	r8, #8
10004a72:	4297      	cmp	r7, r2
10004a74:	f8d6 1ee8 	ldr.w	r1, [r6, #3816]	@ 0xee8
10004a78:	fa5f fb8b 	uxtb.w	fp, fp
10004a7c:	f000 81c7 	beq.w	10004e0e <_as_audio_packet+0x49a>
10004a80:	f200 81c1 	bhi.w	10004e06 <_as_audio_packet+0x492>
10004a84:	4a81      	ldr	r2, [pc, #516]	@ (10004c8c <_as_audio_packet+0x318>)
10004a86:	4297      	cmp	r7, r2
10004a88:	f000 81d5 	beq.w	10004e36 <_as_audio_packet+0x4c2>
10004a8c:	4a80      	ldr	r2, [pc, #512]	@ (10004c90 <_as_audio_packet+0x31c>)
10004a8e:	4297      	cmp	r7, r2
10004a90:	f000 81d1 	beq.w	10004e36 <_as_audio_packet+0x4c2>
10004a94:	42b9      	cmp	r1, r7
10004a96:	f89a 201c 	ldrb.w	r2, [sl, #28]
10004a9a:	f000 81eb 	beq.w	10004e74 <_as_audio_packet+0x500>
10004a9e:	f1b8 0f08 	cmp.w	r8, #8
10004aa2:	f040 8212 	bne.w	10004eca <_as_audio_packet+0x556>
10004aa6:	f1bb 0f00 	cmp.w	fp, #0
10004aaa:	f000 81a5 	beq.w	10004df8 <_as_audio_packet+0x484>
10004aae:	465a      	mov	r2, fp
10004ab0:	4641      	mov	r1, r8
10004ab2:	4638      	mov	r0, r7
10004ab4:	f7fb fbc0 	bl	10000238 <fft_fir_core0_select_profile>
10004ab8:	2800      	cmp	r0, #0
10004aba:	f000 819d 	beq.w	10004df8 <_as_audio_packet+0x484>
10004abe:	f8d0 9024 	ldr.w	r9, [r0, #36]	@ 0x24
10004ac2:	4648      	mov	r0, r9
10004ac4:	f006 f97c 	bl	1000adc0 <____aeabi_f2d_veneer>
10004ac8:	e9cd 0100 	strd	r0, r1, [sp]
10004acc:	2301      	movs	r3, #1
10004ace:	f8ca 9020 	str.w	r9, [sl, #32]
10004ad2:	f8c6 7ee8 	str.w	r7, [r6, #3816]	@ 0xee8
10004ad6:	f8a6 8eec 	strh.w	r8, [r6, #3820]	@ 0xeec
10004ada:	f886 bef0 	strb.w	fp, [r6, #3824]	@ 0xef0
10004ade:	f8a6 3eee 	strh.w	r3, [r6, #3822]	@ 0xeee
10004ae2:	4b67      	ldr	r3, [pc, #412]	@ (10004c80 <_as_audio_packet+0x30c>)
10004ae4:	68d8      	ldr	r0, [r3, #12]
10004ae6:	f006 f96b 	bl	1000adc0 <____aeabi_f2d_veneer>
10004aea:	a363      	add	r3, pc, #396	@ (adr r3, 10004c78 <_as_audio_packet+0x304>)
10004aec:	e9d3 2300 	ldrd	r2, r3, [r3]
10004af0:	f004 faf0 	bl	100090d4 <__wrap___aeabi_dmul>
10004af4:	e9dd 2300 	ldrd	r2, r3, [sp]
10004af8:	f004 faec 	bl	100090d4 <__wrap___aeabi_dmul>
10004afc:	f004 fb5e 	bl	100091bc <__wrap___aeabi_d2f>
10004b00:	ee07 0a10 	vmov	s14, r0
10004b04:	b1b4      	cbz	r4, 10004b34 <_as_audio_packet+0x1c0>
10004b06:	4b63      	ldr	r3, [pc, #396]	@ (10004c94 <_as_audio_packet+0x320>)
10004b08:	00a1      	lsls	r1, r4, #2
10004b0a:	eb03 0284 	add.w	r2, r3, r4, lsl #2
10004b0e:	ecf3 7a01 	vldmia	r3!, {s15}
10004b12:	ee67 7a87 	vmul.f32	s15, s15, s14
10004b16:	4293      	cmp	r3, r2
10004b18:	ed43 7a01 	vstr	s15, [r3, #-4]
10004b1c:	d1f7      	bne.n	10004b0e <_as_audio_packet+0x19a>
10004b1e:	4a5e      	ldr	r2, [pc, #376]	@ (10004c98 <_as_audio_packet+0x324>)
10004b20:	4613      	mov	r3, r2
10004b22:	440a      	add	r2, r1
10004b24:	ecf3 7a01 	vldmia	r3!, {s15}
10004b28:	ee67 7a87 	vmul.f32	s15, s15, s14
10004b2c:	4293      	cmp	r3, r2
10004b2e:	ed43 7a01 	vstr	s15, [r3, #-4]
10004b32:	d1f7      	bne.n	10004b24 <_as_audio_packet+0x1b0>
10004b34:	4621      	mov	r1, r4
10004b36:	4a59      	ldr	r2, [pc, #356]	@ (10004c9c <_as_audio_packet+0x328>)
10004b38:	4856      	ldr	r0, [pc, #344]	@ (10004c94 <_as_audio_packet+0x320>)
10004b3a:	f006 f945 	bl	1000adc8 <__ringbuf_write_array_no_spinlock.isra.0_veneer>
10004b3e:	4a58      	ldr	r2, [pc, #352]	@ (10004ca0 <_as_audio_packet+0x32c>)
10004b40:	4621      	mov	r1, r4
10004b42:	f6a2 6048 	subw	r0, r2, #3656	@ 0xe48
10004b46:	f006 f93f 	bl	1000adc8 <__ringbuf_write_array_no_spinlock.isra.0_veneer>
10004b4a:	2200      	movs	r2, #0
10004b4c:	68ac      	ldr	r4, [r5, #8]
10004b4e:	4628      	mov	r0, r5
10004b50:	68a3      	ldr	r3, [r4, #8]
10004b52:	7422      	strb	r2, [r4, #16]
10004b54:	3301      	adds	r3, #1
10004b56:	60a3      	str	r3, [r4, #8]
10004b58:	68e3      	ldr	r3, [r4, #12]
10004b5a:	3301      	adds	r3, #1
10004b5c:	60e3      	str	r3, [r4, #12]
10004b5e:	f7ff fe47 	bl	100047f0 <_usb_check_for_transfer_completion>
10004b62:	7ce3      	ldrb	r3, [r4, #19]
10004b64:	2b00      	cmp	r3, #0
10004b66:	f040 8144 	bne.w	10004df2 <_as_audio_packet+0x47e>
10004b6a:	f895 6033 	ldrb.w	r6, [r5, #51]	@ 0x33
10004b6e:	2e00      	cmp	r6, #0
10004b70:	f040 817b 	bne.w	10004e6a <_as_audio_packet+0x4f6>
10004b74:	2300      	movs	r3, #0
10004b76:	7c62      	ldrb	r2, [r4, #17]
10004b78:	f885 3024 	strb.w	r3, [r5, #36]	@ 0x24
10004b7c:	2a00      	cmp	r2, #0
10004b7e:	f000 816e 	beq.w	10004e5e <_as_audio_packet+0x4ea>
10004b82:	4631      	mov	r1, r6
10004b84:	7463      	strb	r3, [r4, #17]
10004b86:	f895 302d 	ldrb.w	r3, [r5, #45]	@ 0x2d
10004b8a:	f895 202f 	ldrb.w	r2, [r5, #47]	@ 0x2f
10004b8e:	f895 002a 	ldrb.w	r0, [r5, #42]	@ 0x2a
10004b92:	3b01      	subs	r3, #1
10004b94:	f082 0201 	eor.w	r2, r2, #1
10004b98:	f885 302d 	strb.w	r3, [r5, #45]	@ 0x2d
10004b9c:	b005      	add	sp, #20
10004b9e:	e8bd 4ff0 	ldmia.w	sp!, {r4, r5, r6, r7, r8, r9, sl, fp, lr}
10004ba2:	e66b      	b.n	1000487c <_usb_handle_transfer>
10004ba4:	4e37      	ldr	r6, [pc, #220]	@ (10004c84 <_as_audio_packet+0x310>)
10004ba6:	f8df a0fc 	ldr.w	sl, [pc, #252]	@ 10004ca4 <_as_audio_packet+0x330>
10004baa:	f8d6 0ec8 	ldr.w	r0, [r6, #3784]	@ 0xec8
10004bae:	f8d6 3ed4 	ldr.w	r3, [r6, #3796]	@ 0xed4
10004bb2:	08a4      	lsrs	r4, r4, #2
10004bb4:	1ac0      	subs	r0, r0, r3
10004bb6:	f89a 301c 	ldrb.w	r3, [sl, #28]
10004bba:	2b00      	cmp	r3, #0
10004bbc:	f040 8100 	bne.w	10004dc0 <_as_audio_packet+0x44c>
10004bc0:	2300      	movs	r3, #0
10004bc2:	2204      	movs	r2, #4
10004bc4:	f04f 0901 	mov.w	r9, #1
10004bc8:	469e      	mov	lr, r3
10004bca:	f04f 0c02 	mov.w	ip, #2
10004bce:	469b      	mov	fp, r3
10004bd0:	492d      	ldr	r1, [pc, #180]	@ (10004c88 <_as_audio_packet+0x314>)
10004bd2:	428f      	cmp	r7, r1
10004bd4:	f000 816f 	beq.w	10004eb6 <_as_audio_packet+0x542>
10004bd8:	f200 8169 	bhi.w	10004eae <_as_audio_packet+0x53a>
10004bdc:	492b      	ldr	r1, [pc, #172]	@ (10004c8c <_as_audio_packet+0x318>)
10004bde:	428f      	cmp	r7, r1
10004be0:	d002      	beq.n	10004be8 <_as_audio_packet+0x274>
10004be2:	492b      	ldr	r1, [pc, #172]	@ (10004c90 <_as_audio_packet+0x31c>)
10004be4:	428f      	cmp	r7, r1
10004be6:	d101      	bne.n	10004bec <_as_audio_packet+0x278>
10004be8:	4662      	mov	r2, ip
10004bea:	465b      	mov	r3, fp
10004bec:	2100      	movs	r1, #0
10004bee:	f006 f8f3 	bl	1000add8 <____aeabi_ldivmod_veneer>
10004bf2:	ea20 70e0 	bic.w	r0, r0, r0, asr #31
10004bf6:	f5b0 7f60 	cmp.w	r0, #896	@ 0x380
10004bfa:	bfa8      	it	ge
10004bfc:	f44f 7060 	movge.w	r0, #896	@ 0x380
10004c00:	4284      	cmp	r4, r0
10004c02:	bfa8      	it	ge
10004c04:	4604      	movge	r4, r0
10004c06:	2c00      	cmp	r4, #0
10004c08:	f43f af1c 	beq.w	10004a44 <_as_audio_packet+0xd0>
10004c0c:	4a21      	ldr	r2, [pc, #132]	@ (10004c94 <_as_audio_packet+0x320>)
10004c0e:	4b22      	ldr	r3, [pc, #136]	@ (10004c98 <_as_audio_packet+0x324>)
10004c10:	eb08 00c4 	add.w	r0, r8, r4, lsl #3
10004c14:	f8d8 1000 	ldr.w	r1, [r8]
10004c18:	f108 0808 	add.w	r8, r8, #8
10004c1c:	9103      	str	r1, [sp, #12]
10004c1e:	f858 1c04 	ldr.w	r1, [r8, #-4]
10004c22:	ed9d 7a03 	vldr	s14, [sp, #12]
10004c26:	9103      	str	r1, [sp, #12]
10004c28:	eddd 7a03 	vldr	s15, [sp, #12]
10004c2c:	eeb8 7ac7 	vcvt.f32.s32	s14, s14
10004c30:	eef8 7ae7 	vcvt.f32.s32	s15, s15
10004c34:	4580      	cmp	r8, r0
10004c36:	eca2 7a01 	vstmia	r2!, {s14}
10004c3a:	ece3 7a01 	vstmia	r3!, {s15}
10004c3e:	d1e9      	bne.n	10004c14 <_as_audio_packet+0x2a0>
10004c40:	e700      	b.n	10004a44 <_as_audio_packet+0xd0>
10004c42:	8b42      	ldrh	r2, [r0, #26]
10004c44:	f890 3033 	ldrb.w	r3, [r0, #51]	@ 0x33
10004c48:	f8b0 8018 	ldrh.w	r8, [r0, #24]
10004c4c:	8442      	strh	r2, [r0, #34]	@ 0x22
10004c4e:	2b00      	cmp	r3, #0
10004c50:	f000 8089 	beq.w	10004d66 <_as_audio_packet+0x3f2>
10004c54:	f890 302e 	ldrb.w	r3, [r0, #46]	@ 0x2e
10004c58:	2b00      	cmp	r3, #0
10004c5a:	f000 80c1 	beq.w	10004de0 <_as_audio_packet+0x46c>
10004c5e:	8d03      	ldrh	r3, [r0, #40]	@ 0x28
10004c60:	4622      	mov	r2, r4
10004c62:	4443      	add	r3, r8
10004c64:	f103 48a0 	add.w	r8, r3, #1342177280	@ 0x50000000
10004c68:	f508 1880 	add.w	r8, r8, #1048576	@ 0x100000
10004c6c:	f8c0 801c 	str.w	r8, [r0, #28]
10004c70:	e08f      	b.n	10004d92 <_as_audio_packet+0x41e>
10004c72:	bf00      	nop
10004c74:	f3af 8000 	nop.w
10004c78:	66666666 	.word	0x66666666
10004c7c:	3fe66666 	.word	0x3fe66666
10004c80:	200016f8 	.word	0x200016f8
10004c84:	200038e8 	.word	0x200038e8
10004c88:	0002b110 	.word	0x0002b110
10004c8c:	00015888 	.word	0x00015888
10004c90:	00017700 	.word	0x00017700
10004c94:	20002bb0 	.word	0x20002bb0
10004c98:	200039b0 	.word	0x200039b0
10004c9c:	200047dc 	.word	0x200047dc
10004ca0:	200047f8 	.word	0x200047f8
10004ca4:	20001110 	.word	0x20001110
10004ca8:	4b8b      	ldr	r3, [pc, #556]	@ (10004ed8 <_as_audio_packet+0x564>)
10004caa:	4e8c      	ldr	r6, [pc, #560]	@ (10004edc <_as_audio_packet+0x568>)
10004cac:	fba3 3404 	umull	r3, r4, r3, r4
10004cb0:	f8d6 0ec8 	ldr.w	r0, [r6, #3784]	@ 0xec8
10004cb4:	f8df a244 	ldr.w	sl, [pc, #580]	@ 10004efc <_as_audio_packet+0x588>
10004cb8:	f8d6 3ed4 	ldr.w	r3, [r6, #3796]	@ 0xed4
10004cbc:	0864      	lsrs	r4, r4, #1
10004cbe:	1ac0      	subs	r0, r0, r3
10004cc0:	f89a 301c 	ldrb.w	r3, [sl, #28]
10004cc4:	2b00      	cmp	r3, #0
10004cc6:	d169      	bne.n	10004d9c <_as_audio_packet+0x428>
10004cc8:	2300      	movs	r3, #0
10004cca:	2204      	movs	r2, #4
10004ccc:	f04f 0901 	mov.w	r9, #1
10004cd0:	469e      	mov	lr, r3
10004cd2:	f04f 0c02 	mov.w	ip, #2
10004cd6:	469b      	mov	fp, r3
10004cd8:	4981      	ldr	r1, [pc, #516]	@ (10004ee0 <_as_audio_packet+0x56c>)
10004cda:	428f      	cmp	r7, r1
10004cdc:	f000 80e4 	beq.w	10004ea8 <_as_audio_packet+0x534>
10004ce0:	f200 80de 	bhi.w	10004ea0 <_as_audio_packet+0x52c>
10004ce4:	497f      	ldr	r1, [pc, #508]	@ (10004ee4 <_as_audio_packet+0x570>)
10004ce6:	428f      	cmp	r7, r1
10004ce8:	d002      	beq.n	10004cf0 <_as_audio_packet+0x37c>
10004cea:	497f      	ldr	r1, [pc, #508]	@ (10004ee8 <_as_audio_packet+0x574>)
10004cec:	428f      	cmp	r7, r1
10004cee:	d101      	bne.n	10004cf4 <_as_audio_packet+0x380>
10004cf0:	4662      	mov	r2, ip
10004cf2:	465b      	mov	r3, fp
10004cf4:	2100      	movs	r1, #0
10004cf6:	f006 f86f 	bl	1000add8 <____aeabi_ldivmod_veneer>
10004cfa:	ea20 70e0 	bic.w	r0, r0, r0, asr #31
10004cfe:	f5b0 7f60 	cmp.w	r0, #896	@ 0x380
10004d02:	bfa8      	it	ge
10004d04:	f44f 7060 	movge.w	r0, #896	@ 0x380
10004d08:	4284      	cmp	r4, r0
10004d0a:	bfa8      	it	ge
10004d0c:	4604      	movge	r4, r0
10004d0e:	2c00      	cmp	r4, #0
10004d10:	f43f ae98 	beq.w	10004a44 <_as_audio_packet+0xd0>
10004d14:	4a75      	ldr	r2, [pc, #468]	@ (10004eec <_as_audio_packet+0x578>)
10004d16:	f108 0806 	add.w	r8, r8, #6
10004d1a:	4694      	mov	ip, r2
10004d1c:	eb04 0044 	add.w	r0, r4, r4, lsl #1
10004d20:	4973      	ldr	r1, [pc, #460]	@ (10004ef0 <_as_audio_packet+0x57c>)
10004d22:	eb08 0040 	add.w	r0, r8, r0, lsl #1
10004d26:	f838 3c04 	ldrh.w	r3, [r8, #-4]
10004d2a:	f838 9c06 	ldrh.w	r9, [r8, #-6]
10004d2e:	f838 ec02 	ldrh.w	lr, [r8, #-2]
10004d32:	061a      	lsls	r2, r3, #24
10004d34:	ea42 2209 	orr.w	r2, r2, r9, lsl #8
10004d38:	f403 437f 	and.w	r3, r3, #65280	@ 0xff00
10004d3c:	9203      	str	r2, [sp, #12]
10004d3e:	ea43 430e 	orr.w	r3, r3, lr, lsl #16
10004d42:	ed9d 7a03 	vldr	s14, [sp, #12]
10004d46:	9303      	str	r3, [sp, #12]
10004d48:	eddd 7a03 	vldr	s15, [sp, #12]
10004d4c:	eeb8 7ac7 	vcvt.f32.s32	s14, s14
10004d50:	eef8 7ae7 	vcvt.f32.s32	s15, s15
10004d54:	f108 0806 	add.w	r8, r8, #6
10004d58:	4580      	cmp	r8, r0
10004d5a:	eca1 7a01 	vstmia	r1!, {s14}
10004d5e:	ecec 7a01 	vstmia	ip!, {s15}
10004d62:	d1e0      	bne.n	10004d26 <_as_audio_packet+0x3b2>
10004d64:	e66e      	b.n	10004a44 <_as_audio_packet+0xd0>
10004d66:	f890 202f 	ldrb.w	r2, [r0, #47]	@ 0x2f
10004d6a:	bb92      	cbnz	r2, 10004dd2 <_as_audio_packet+0x45e>
10004d6c:	f108 48a0 	add.w	r8, r8, #1342177280	@ 0x50000000
10004d70:	f508 1880 	add.w	r8, r8, #1048576	@ 0x100000
10004d74:	2304      	movs	r3, #4
10004d76:	f895 002a 	ldrb.w	r0, [r5, #42]	@ 0x2a
10004d7a:	495e      	ldr	r1, [pc, #376]	@ (10004ef4 <_as_audio_packet+0x580>)
10004d7c:	eb03 03c0 	add.w	r3, r3, r0, lsl #3
10004d80:	eb03 0342 	add.w	r3, r3, r2, lsl #1
10004d84:	5a5c      	ldrh	r4, [r3, r1]
10004d86:	f8c5 801c 	str.w	r8, [r5, #28]
10004d8a:	f3c4 0209 	ubfx	r2, r4, #0, #10
10004d8e:	f3c4 0448 	ubfx	r4, r4, #1, #9
10004d92:	2301      	movs	r3, #1
10004d94:	842a      	strh	r2, [r5, #32]
10004d96:	f885 3024 	strb.w	r3, [r5, #36]	@ 0x24
10004d9a:	e5f8      	b.n	1000498e <_as_audio_packet+0x1a>
10004d9c:	2300      	movs	r3, #0
10004d9e:	2208      	movs	r2, #8
10004da0:	f04f 0902 	mov.w	r9, #2
10004da4:	469e      	mov	lr, r3
10004da6:	f04f 0c04 	mov.w	ip, #4
10004daa:	469b      	mov	fp, r3
10004dac:	e794      	b.n	10004cd8 <_as_audio_packet+0x364>
10004dae:	2300      	movs	r3, #0
10004db0:	2208      	movs	r2, #8
10004db2:	f04f 0902 	mov.w	r9, #2
10004db6:	469e      	mov	lr, r3
10004db8:	f04f 0c04 	mov.w	ip, #4
10004dbc:	469b      	mov	fp, r3
10004dbe:	e607      	b.n	100049d0 <_as_audio_packet+0x5c>
10004dc0:	2300      	movs	r3, #0
10004dc2:	2208      	movs	r2, #8
10004dc4:	f04f 0902 	mov.w	r9, #2
10004dc8:	469e      	mov	lr, r3
10004dca:	f04f 0c04 	mov.w	ip, #4
10004dce:	469b      	mov	fp, r3
10004dd0:	e6fe      	b.n	10004bd0 <_as_audio_packet+0x25c>
10004dd2:	8d03      	ldrh	r3, [r0, #40]	@ 0x28
10004dd4:	4443      	add	r3, r8
10004dd6:	f103 48a0 	add.w	r8, r3, #1342177280	@ 0x50000000
10004dda:	f508 1880 	add.w	r8, r8, #1048576	@ 0x100000
10004dde:	e7c9      	b.n	10004d74 <_as_audio_packet+0x400>
10004de0:	f108 48a0 	add.w	r8, r8, #1342177280	@ 0x50000000
10004de4:	f508 1880 	add.w	r8, r8, #1048576	@ 0x100000
10004de8:	461c      	mov	r4, r3
10004dea:	461a      	mov	r2, r3
10004dec:	f8c0 801c 	str.w	r8, [r0, #28]
10004df0:	e7cf      	b.n	10004d92 <_as_audio_packet+0x41e>
10004df2:	b005      	add	sp, #20
10004df4:	e8bd 8ff0 	ldmia.w	sp!, {r4, r5, r6, r7, r8, r9, sl, fp, pc}
10004df8:	ed9f 7b35 	vldr	d7, [pc, #212]	@ 10004ed0 <_as_audio_packet+0x55c>
10004dfc:	f04f 597e 	mov.w	r9, #1065353216	@ 0x3f800000
10004e00:	ed8d 7b00 	vstr	d7, [sp]
10004e04:	e662      	b.n	10004acc <_as_audio_packet+0x158>
10004e06:	4a3c      	ldr	r2, [pc, #240]	@ (10004ef8 <_as_audio_packet+0x584>)
10004e08:	4297      	cmp	r7, r2
10004e0a:	f47f ae43 	bne.w	10004a94 <_as_audio_packet+0x120>
10004e0e:	42b9      	cmp	r1, r7
10004e10:	f89a 301c 	ldrb.w	r3, [sl, #28]
10004e14:	d001      	beq.n	10004e1a <_as_audio_packet+0x4a6>
10004e16:	46e0      	mov	r8, ip
10004e18:	e649      	b.n	10004aae <_as_audio_packet+0x13a>
10004e1a:	f8b6 3eec 	ldrh.w	r3, [r6, #3820]	@ 0xeec
10004e1e:	4563      	cmp	r3, ip
10004e20:	d1f9      	bne.n	10004e16 <_as_audio_packet+0x4a2>
10004e22:	f8b6 3eee 	ldrh.w	r3, [r6, #3822]	@ 0xeee
10004e26:	2b01      	cmp	r3, #1
10004e28:	d1f5      	bne.n	10004e16 <_as_audio_packet+0x4a2>
10004e2a:	f896 3ef0 	ldrb.w	r3, [r6, #3824]	@ 0xef0
10004e2e:	455b      	cmp	r3, fp
10004e30:	d02f      	beq.n	10004e92 <_as_audio_packet+0x51e>
10004e32:	46e0      	mov	r8, ip
10004e34:	e63b      	b.n	10004aae <_as_audio_packet+0x13a>
10004e36:	42b9      	cmp	r1, r7
10004e38:	f89a 301c 	ldrb.w	r3, [sl, #28]
10004e3c:	d001      	beq.n	10004e42 <_as_audio_packet+0x4ce>
10004e3e:	4680      	mov	r8, r0
10004e40:	e635      	b.n	10004aae <_as_audio_packet+0x13a>
10004e42:	f8b6 3eec 	ldrh.w	r3, [r6, #3820]	@ 0xeec
10004e46:	4283      	cmp	r3, r0
10004e48:	d1f9      	bne.n	10004e3e <_as_audio_packet+0x4ca>
10004e4a:	f8b6 3eee 	ldrh.w	r3, [r6, #3822]	@ 0xeee
10004e4e:	2b01      	cmp	r3, #1
10004e50:	d1f5      	bne.n	10004e3e <_as_audio_packet+0x4ca>
10004e52:	f896 3ef0 	ldrb.w	r3, [r6, #3824]	@ 0xef0
10004e56:	455b      	cmp	r3, fp
10004e58:	d01b      	beq.n	10004e92 <_as_audio_packet+0x51e>
10004e5a:	4680      	mov	r8, r0
10004e5c:	e627      	b.n	10004aae <_as_audio_packet+0x13a>
10004e5e:	4628      	mov	r0, r5
10004e60:	b005      	add	sp, #20
10004e62:	e8bd 4ff0 	ldmia.w	sp!, {r4, r5, r6, r7, r8, r9, sl, fp, lr}
10004e66:	f7ff b94d 	b.w	10004104 <_usb_give_as_many_buffers_as_possible>
10004e6a:	4628      	mov	r0, r5
10004e6c:	8c29      	ldrh	r1, [r5, #32]
10004e6e:	f7fe fc4f 	bl	10003710 <_usb_give_buffer>
10004e72:	e67f      	b.n	10004b74 <_as_audio_packet+0x200>
10004e74:	f8b6 2eec 	ldrh.w	r2, [r6, #3820]	@ 0xeec
10004e78:	4542      	cmp	r2, r8
10004e7a:	f47f ae10 	bne.w	10004a9e <_as_audio_packet+0x12a>
10004e7e:	f8b6 2eee 	ldrh.w	r2, [r6, #3822]	@ 0xeee
10004e82:	2a01      	cmp	r2, #1
10004e84:	f47f ae0b 	bne.w	10004a9e <_as_audio_packet+0x12a>
10004e88:	f896 2ef0 	ldrb.w	r2, [r6, #3824]	@ 0xef0
10004e8c:	455a      	cmp	r2, fp
10004e8e:	f47f ae06 	bne.w	10004a9e <_as_audio_packet+0x12a>
10004e92:	f8da 0020 	ldr.w	r0, [sl, #32]
10004e96:	f005 ff93 	bl	1000adc0 <____aeabi_f2d_veneer>
10004e9a:	e9cd 0100 	strd	r0, r1, [sp]
10004e9e:	e620      	b.n	10004ae2 <_as_audio_packet+0x16e>
10004ea0:	4915      	ldr	r1, [pc, #84]	@ (10004ef8 <_as_audio_packet+0x584>)
10004ea2:	428f      	cmp	r7, r1
10004ea4:	f47f af26 	bne.w	10004cf4 <_as_audio_packet+0x380>
10004ea8:	464a      	mov	r2, r9
10004eaa:	4673      	mov	r3, lr
10004eac:	e722      	b.n	10004cf4 <_as_audio_packet+0x380>
10004eae:	4912      	ldr	r1, [pc, #72]	@ (10004ef8 <_as_audio_packet+0x584>)
10004eb0:	428f      	cmp	r7, r1
10004eb2:	f47f ae9b 	bne.w	10004bec <_as_audio_packet+0x278>
10004eb6:	464a      	mov	r2, r9
10004eb8:	4673      	mov	r3, lr
10004eba:	e697      	b.n	10004bec <_as_audio_packet+0x278>
10004ebc:	490e      	ldr	r1, [pc, #56]	@ (10004ef8 <_as_audio_packet+0x584>)
10004ebe:	428f      	cmp	r7, r1
10004ec0:	f47f ad94 	bne.w	100049ec <_as_audio_packet+0x78>
10004ec4:	464a      	mov	r2, r9
10004ec6:	4673      	mov	r3, lr
10004ec8:	e590      	b.n	100049ec <_as_audio_packet+0x78>
10004eca:	f04f 0804 	mov.w	r8, #4
10004ece:	e5ee      	b.n	10004aae <_as_audio_packet+0x13a>
10004ed0:	00000000 	.word	0x00000000
10004ed4:	3ff00000 	.word	0x3ff00000
10004ed8:	aaaaaaab 	.word	0xaaaaaaab
10004edc:	200038e8 	.word	0x200038e8
10004ee0:	0002b110 	.word	0x0002b110
10004ee4:	00015888 	.word	0x00015888
10004ee8:	00017700 	.word	0x00017700
10004eec:	200039b0 	.word	0x200039b0
10004ef0:	20002bb0 	.word	0x20002bb0
10004ef4:	50100080 	.word	0x50100080
10004ef8:	0002ee00 	.word	0x0002ee00
10004efc:	20001110 	.word	0x20001110

10004f00 <_as_sync_packet>:
10004f00:	b5f8      	push	{r3, r4, r5, r6, r7, lr}
10004f02:	f890 3024 	ldrb.w	r3, [r0, #36]	@ 0x24
10004f06:	ed2d 8b02 	vpush	{d8}
10004f0a:	4604      	mov	r4, r0
10004f0c:	2b00      	cmp	r3, #0
10004f0e:	d078      	beq.n	10005002 <_as_sync_packet+0x102>
10004f10:	69c6      	ldr	r6, [r0, #28]
10004f12:	eeb1 8a00 	vmov.f32	s16, #16	@ 0x40800000  4.0
10004f16:	eeb0 7a00 	vmov.f32	s14, #0	@ 0x40000000  2.0
10004f1a:	eef2 6a00 	vmov.f32	s13, #32	@ 0x41000000  8.0
10004f1e:	eef7 7a00 	vmov.f32	s15, #112	@ 0x3f800000  1.0
10004f22:	2203      	movs	r2, #3
10004f24:	4b5b      	ldr	r3, [pc, #364]	@ (10005094 <_as_sync_packet+0x194>)
10004f26:	495c      	ldr	r1, [pc, #368]	@ (10005098 <_as_sync_packet+0x198>)
10004f28:	7f1b      	ldrb	r3, [r3, #28]
10004f2a:	680d      	ldr	r5, [r1, #0]
10004f2c:	2b00      	cmp	r3, #0
10004f2e:	4b5b      	ldr	r3, [pc, #364]	@ (1000509c <_as_sync_packet+0x19c>)
10004f30:	fe07 6a08 	vseleq.f32	s12, s14, s16
10004f34:	fe47 7a87 	vseleq.f32	s15, s15, s14
10004f38:	fe08 8a26 	vseleq.f32	s16, s16, s13
10004f3c:	429d      	cmp	r5, r3
10004f3e:	8422      	strh	r2, [r4, #32]
10004f40:	f000 809f 	beq.w	10005082 <_as_sync_packet+0x182>
10004f44:	d858      	bhi.n	10004ff8 <_as_sync_packet+0xf8>
10004f46:	4b56      	ldr	r3, [pc, #344]	@ (100050a0 <_as_sync_packet+0x1a0>)
10004f48:	429d      	cmp	r5, r3
10004f4a:	f000 8097 	beq.w	1000507c <_as_sync_packet+0x17c>
10004f4e:	4b55      	ldr	r3, [pc, #340]	@ (100050a4 <_as_sync_packet+0x1a4>)
10004f50:	429d      	cmp	r5, r3
10004f52:	fe06 8a08 	vseleq.f32	s16, s12, s16
10004f56:	4b54      	ldr	r3, [pc, #336]	@ (100050a8 <_as_sync_packet+0x1a8>)
10004f58:	2700      	movs	r7, #0
10004f5a:	f8d3 0ed4 	ldr.w	r0, [r3, #3796]	@ 0xed4
10004f5e:	17c1      	asrs	r1, r0, #31
10004f60:	f5d0 5080 	rsbs	r0, r0, #4096	@ 0x1000
10004f64:	eb61 0141 	sbc.w	r1, r1, r1, lsl #1
10004f68:	f004 fd80 	bl	10009a6c <__wrap___aeabi_l2f>
10004f6c:	ee07 0a10 	vmov	s14, r0
10004f70:	eec7 7a08 	vdiv.f32	s15, s14, s16
10004f74:	eefd 7ae7 	vcvt.s32.f32	s15, s15
10004f78:	ee17 3a90 	vmov	r3, s15
10004f7c:	494b      	ldr	r1, [pc, #300]	@ (100050ac <_as_sync_packet+0x1ac>)
10004f7e:	4a4c      	ldr	r2, [pc, #304]	@ (100050b0 <_as_sync_packet+0x1b0>)
10004f80:	428b      	cmp	r3, r1
10004f82:	bfb8      	it	lt
10004f84:	460b      	movlt	r3, r1
10004f86:	f5b3 7f7a 	cmp.w	r3, #1000	@ 0x3e8
10004f8a:	bfd4      	ite	le
10004f8c:	18ed      	addle	r5, r5, r3
10004f8e:	f505 757a 	addgt.w	r5, r5, #1000	@ 0x3e8
10004f92:	03ad      	lsls	r5, r5, #14
10004f94:	fba2 2505 	umull	r2, r5, r2, r5
10004f98:	09ab      	lsrs	r3, r5, #6
10004f9a:	7033      	strb	r3, [r6, #0]
10004f9c:	69e3      	ldr	r3, [r4, #28]
10004f9e:	0baa      	lsrs	r2, r5, #14
10004fa0:	705a      	strb	r2, [r3, #1]
10004fa2:	69e3      	ldr	r3, [r4, #28]
10004fa4:	0dad      	lsrs	r5, r5, #22
10004fa6:	709d      	strb	r5, [r3, #2]
10004fa8:	68a5      	ldr	r5, [r4, #8]
10004faa:	4620      	mov	r0, r4
10004fac:	68ab      	ldr	r3, [r5, #8]
10004fae:	742f      	strb	r7, [r5, #16]
10004fb0:	3301      	adds	r3, #1
10004fb2:	60ab      	str	r3, [r5, #8]
10004fb4:	68eb      	ldr	r3, [r5, #12]
10004fb6:	3301      	adds	r3, #1
10004fb8:	60eb      	str	r3, [r5, #12]
10004fba:	f7ff fc19 	bl	100047f0 <_usb_check_for_transfer_completion>
10004fbe:	7ceb      	ldrb	r3, [r5, #19]
10004fc0:	bb83      	cbnz	r3, 10005024 <_as_sync_packet+0x124>
10004fc2:	f894 6033 	ldrb.w	r6, [r4, #51]	@ 0x33
10004fc6:	2e00      	cmp	r6, #0
10004fc8:	d15e      	bne.n	10005088 <_as_sync_packet+0x188>
10004fca:	2300      	movs	r3, #0
10004fcc:	7c6a      	ldrb	r2, [r5, #17]
10004fce:	f884 3024 	strb.w	r3, [r4, #36]	@ 0x24
10004fd2:	b352      	cbz	r2, 1000502a <_as_sync_packet+0x12a>
10004fd4:	746b      	strb	r3, [r5, #17]
10004fd6:	f894 302d 	ldrb.w	r3, [r4, #45]	@ 0x2d
10004fda:	f894 202f 	ldrb.w	r2, [r4, #47]	@ 0x2f
10004fde:	3b01      	subs	r3, #1
10004fe0:	f884 302d 	strb.w	r3, [r4, #45]	@ 0x2d
10004fe4:	4631      	mov	r1, r6
10004fe6:	ecbd 8b02 	vpop	{d8}
10004fea:	f894 002a 	ldrb.w	r0, [r4, #42]	@ 0x2a
10004fee:	f082 0201 	eor.w	r2, r2, #1
10004ff2:	e8bd 40f8 	ldmia.w	sp!, {r3, r4, r5, r6, r7, lr}
10004ff6:	e441      	b.n	1000487c <_usb_handle_transfer>
10004ff8:	4b2e      	ldr	r3, [pc, #184]	@ (100050b4 <_as_sync_packet+0x1b4>)
10004ffa:	429d      	cmp	r5, r3
10004ffc:	fe07 8a88 	vseleq.f32	s16, s15, s16
10005000:	e7a9      	b.n	10004f56 <_as_sync_packet+0x56>
10005002:	8b42      	ldrh	r2, [r0, #26]
10005004:	f890 3033 	ldrb.w	r3, [r0, #51]	@ 0x33
10005008:	8b06      	ldrh	r6, [r0, #24]
1000500a:	8442      	strh	r2, [r0, #34]	@ 0x22
1000500c:	b1a3      	cbz	r3, 10005038 <_as_sync_packet+0x138>
1000500e:	f890 302e 	ldrb.w	r3, [r0, #46]	@ 0x2e
10005012:	b36b      	cbz	r3, 10005070 <_as_sync_packet+0x170>
10005014:	8d03      	ldrh	r3, [r0, #40]	@ 0x28
10005016:	4433      	add	r3, r6
10005018:	f103 46a0 	add.w	r6, r3, #1342177280	@ 0x50000000
1000501c:	f506 1680 	add.w	r6, r6, #1048576	@ 0x100000
10005020:	61c6      	str	r6, [r0, #28]
10005022:	e01a      	b.n	1000505a <_as_sync_packet+0x15a>
10005024:	ecbd 8b02 	vpop	{d8}
10005028:	bdf8      	pop	{r3, r4, r5, r6, r7, pc}
1000502a:	4620      	mov	r0, r4
1000502c:	ecbd 8b02 	vpop	{d8}
10005030:	e8bd 40f8 	ldmia.w	sp!, {r3, r4, r5, r6, r7, lr}
10005034:	f7ff b866 	b.w	10004104 <_usb_give_as_many_buffers_as_possible>
10005038:	f890 202f 	ldrb.w	r2, [r0, #47]	@ 0x2f
1000503c:	b98a      	cbnz	r2, 10005062 <_as_sync_packet+0x162>
1000503e:	f106 46a0 	add.w	r6, r6, #1342177280	@ 0x50000000
10005042:	f506 1680 	add.w	r6, r6, #1048576	@ 0x100000
10005046:	2304      	movs	r3, #4
10005048:	f894 002a 	ldrb.w	r0, [r4, #42]	@ 0x2a
1000504c:	491a      	ldr	r1, [pc, #104]	@ (100050b8 <_as_sync_packet+0x1b8>)
1000504e:	eb03 03c0 	add.w	r3, r3, r0, lsl #3
10005052:	eb03 0342 	add.w	r3, r3, r2, lsl #1
10005056:	5a5b      	ldrh	r3, [r3, r1]
10005058:	61e6      	str	r6, [r4, #28]
1000505a:	2301      	movs	r3, #1
1000505c:	f884 3024 	strb.w	r3, [r4, #36]	@ 0x24
10005060:	e757      	b.n	10004f12 <_as_sync_packet+0x12>
10005062:	8d03      	ldrh	r3, [r0, #40]	@ 0x28
10005064:	4433      	add	r3, r6
10005066:	f103 46a0 	add.w	r6, r3, #1342177280	@ 0x50000000
1000506a:	f506 1680 	add.w	r6, r6, #1048576	@ 0x100000
1000506e:	e7ea      	b.n	10005046 <_as_sync_packet+0x146>
10005070:	f106 46a0 	add.w	r6, r6, #1342177280	@ 0x50000000
10005074:	f506 1680 	add.w	r6, r6, #1048576	@ 0x100000
10005078:	61c6      	str	r6, [r0, #28]
1000507a:	e7ee      	b.n	1000505a <_as_sync_packet+0x15a>
1000507c:	eeb0 8a46 	vmov.f32	s16, s12
10005080:	e769      	b.n	10004f56 <_as_sync_packet+0x56>
10005082:	eeb0 8a67 	vmov.f32	s16, s15
10005086:	e766      	b.n	10004f56 <_as_sync_packet+0x56>
10005088:	4620      	mov	r0, r4
1000508a:	8c21      	ldrh	r1, [r4, #32]
1000508c:	f7fe fb40 	bl	10003710 <_usb_give_buffer>
10005090:	e79b      	b.n	10004fca <_as_sync_packet+0xca>
10005092:	bf00      	nop
10005094:	20001110 	.word	0x20001110
10005098:	200016f8 	.word	0x200016f8
1000509c:	0002b110 	.word	0x0002b110
100050a0:	00015888 	.word	0x00015888
100050a4:	00017700 	.word	0x00017700
100050a8:	200038e8 	.word	0x200038e8
100050ac:	fffffc18 	.word	0xfffffc18
100050b0:	10624dd3 	.word	0x10624dd3
100050b4:	0002ee00 	.word	0x0002ee00
100050b8:	50100080 	.word	0x50100080

100050bc <_usb_transfer_current_packet_only>:
100050bc:	2300      	movs	r3, #0
100050be:	b570      	push	{r4, r5, r6, lr}
100050c0:	6885      	ldr	r5, [r0, #8]
100050c2:	4604      	mov	r4, r0
100050c4:	742b      	strb	r3, [r5, #16]
100050c6:	f7ff fb93 	bl	100047f0 <_usb_check_for_transfer_completion>
100050ca:	7ceb      	ldrb	r3, [r5, #19]
100050cc:	b9c3      	cbnz	r3, 10005100 <_usb_transfer_current_packet_only+0x44>
100050ce:	f894 6033 	ldrb.w	r6, [r4, #51]	@ 0x33
100050d2:	b9de      	cbnz	r6, 1000510c <_usb_transfer_current_packet_only+0x50>
100050d4:	2300      	movs	r3, #0
100050d6:	7c6a      	ldrb	r2, [r5, #17]
100050d8:	f884 3024 	strb.w	r3, [r4, #36]	@ 0x24
100050dc:	b18a      	cbz	r2, 10005102 <_usb_transfer_current_packet_only+0x46>
100050de:	746b      	strb	r3, [r5, #17]
100050e0:	f894 302d 	ldrb.w	r3, [r4, #45]	@ 0x2d
100050e4:	f894 202f 	ldrb.w	r2, [r4, #47]	@ 0x2f
100050e8:	3b01      	subs	r3, #1
100050ea:	f884 302d 	strb.w	r3, [r4, #45]	@ 0x2d
100050ee:	4631      	mov	r1, r6
100050f0:	f894 002a 	ldrb.w	r0, [r4, #42]	@ 0x2a
100050f4:	f082 0201 	eor.w	r2, r2, #1
100050f8:	e8bd 4070 	ldmia.w	sp!, {r4, r5, r6, lr}
100050fc:	f7ff bbbe 	b.w	1000487c <_usb_handle_transfer>
10005100:	bd70      	pop	{r4, r5, r6, pc}
10005102:	4620      	mov	r0, r4
10005104:	e8bd 4070 	ldmia.w	sp!, {r4, r5, r6, lr}
10005108:	f7fe bffc 	b.w	10004104 <_usb_give_as_many_buffers_as_possible>
1000510c:	4620      	mov	r0, r4
1000510e:	8c21      	ldrh	r1, [r4, #32]
10005110:	f7fe fafe 	bl	10003710 <_usb_give_buffer>
10005114:	2300      	movs	r3, #0
10005116:	7c6a      	ldrb	r2, [r5, #17]
10005118:	f884 3024 	strb.w	r3, [r4, #36]	@ 0x24
1000511c:	2a00      	cmp	r2, #0
1000511e:	d0f0      	beq.n	10005102 <_usb_transfer_current_packet_only+0x46>
10005120:	e7dd      	b.n	100050de <_usb_transfer_current_packet_only+0x22>
10005122:	bf00      	nop

10005124 <_usb_stream_packet_packet_handler>:
10005124:	e92d 41f0 	stmdb	sp!, {r4, r5, r6, r7, r8, lr}
10005128:	6885      	ldr	r5, [r0, #8]
1000512a:	f890 1033 	ldrb.w	r1, [r0, #51]	@ 0x33
1000512e:	69ee      	ldr	r6, [r5, #28]
10005130:	696b      	ldr	r3, [r5, #20]
10005132:	1e72      	subs	r2, r6, #1
10005134:	4604      	mov	r4, r0
10005136:	b082      	sub	sp, #8
10005138:	ea03 0702 	and.w	r7, r3, r2
1000513c:	2900      	cmp	r1, #0
1000513e:	d065      	beq.n	1000520c <_usb_stream_packet_packet_handler+0xe8>
10005140:	b997      	cbnz	r7, 10005168 <_usb_stream_packet_packet_handler+0x44>
10005142:	69aa      	ldr	r2, [r5, #24]
10005144:	1999      	adds	r1, r3, r6
10005146:	4291      	cmp	r1, r2
10005148:	bf88      	it	hi
1000514a:	1ad6      	subhi	r6, r2, r3
1000514c:	f890 302a 	ldrb.w	r3, [r0, #42]	@ 0x2a
10005150:	2b02      	cmp	r3, #2
10005152:	f200 80d5 	bhi.w	10005300 <_usb_stream_packet_packet_handler+0x1dc>
10005156:	b136      	cbz	r6, 10005166 <_usb_stream_packet_packet_handler+0x42>
10005158:	6aab      	ldr	r3, [r5, #40]	@ 0x28
1000515a:	4629      	mov	r1, r5
1000515c:	4630      	mov	r0, r6
1000515e:	685b      	ldr	r3, [r3, #4]
10005160:	4798      	blx	r3
10005162:	2800      	cmp	r0, #0
10005164:	d14f      	bne.n	10005206 <_usb_stream_packet_packet_handler+0xe2>
10005166:	696b      	ldr	r3, [r5, #20]
10005168:	6a6c      	ldr	r4, [r5, #36]	@ 0x24
1000516a:	f894 2033 	ldrb.w	r2, [r4, #51]	@ 0x33
1000516e:	f894 1024 	ldrb.w	r1, [r4, #36]	@ 0x24
10005172:	bb7a      	cbnz	r2, 100051d4 <_usb_stream_packet_packet_handler+0xb0>
10005174:	2900      	cmp	r1, #0
10005176:	f000 8099 	beq.w	100052ac <_usb_stream_packet_packet_handler+0x188>
1000517a:	8c22      	ldrh	r2, [r4, #32]
1000517c:	6aa9      	ldr	r1, [r5, #40]	@ 0x28
1000517e:	441a      	add	r2, r3
10005180:	4628      	mov	r0, r5
10005182:	680b      	ldr	r3, [r1, #0]
10005184:	616a      	str	r2, [r5, #20]
10005186:	4798      	blx	r3
10005188:	2300      	movs	r3, #0
1000518a:	68a5      	ldr	r5, [r4, #8]
1000518c:	4620      	mov	r0, r4
1000518e:	742b      	strb	r3, [r5, #16]
10005190:	f7ff fb2e 	bl	100047f0 <_usb_check_for_transfer_completion>
10005194:	7ceb      	ldrb	r3, [r5, #19]
10005196:	2b00      	cmp	r3, #0
10005198:	d135      	bne.n	10005206 <_usb_stream_packet_packet_handler+0xe2>
1000519a:	f894 6033 	ldrb.w	r6, [r4, #51]	@ 0x33
1000519e:	2e00      	cmp	r6, #0
100051a0:	f040 80bd 	bne.w	1000531e <_usb_stream_packet_packet_handler+0x1fa>
100051a4:	2300      	movs	r3, #0
100051a6:	7c6a      	ldrb	r2, [r5, #17]
100051a8:	f884 3024 	strb.w	r3, [r4, #36]	@ 0x24
100051ac:	2a00      	cmp	r2, #0
100051ae:	d077      	beq.n	100052a0 <_usb_stream_packet_packet_handler+0x17c>
100051b0:	4631      	mov	r1, r6
100051b2:	746b      	strb	r3, [r5, #17]
100051b4:	f894 302d 	ldrb.w	r3, [r4, #45]	@ 0x2d
100051b8:	f894 202f 	ldrb.w	r2, [r4, #47]	@ 0x2f
100051bc:	f894 002a 	ldrb.w	r0, [r4, #42]	@ 0x2a
100051c0:	3b01      	subs	r3, #1
100051c2:	f082 0201 	eor.w	r2, r2, #1
100051c6:	f884 302d 	strb.w	r3, [r4, #45]	@ 0x2d
100051ca:	b002      	add	sp, #8
100051cc:	e8bd 41f0 	ldmia.w	sp!, {r4, r5, r6, r7, r8, lr}
100051d0:	f7ff bb54 	b.w	1000487c <_usb_handle_transfer>
100051d4:	2900      	cmp	r1, #0
100051d6:	d052      	beq.n	1000527e <_usb_stream_packet_packet_handler+0x15a>
100051d8:	69e0      	ldr	r0, [r4, #28]
100051da:	69aa      	ldr	r2, [r5, #24]
100051dc:	69e9      	ldr	r1, [r5, #28]
100051de:	f103 0640 	add.w	r6, r3, #64	@ 0x40
100051e2:	4296      	cmp	r6, r2
100051e4:	f101 31ff 	add.w	r1, r1, #4294967295
100051e8:	ea01 0103 	and.w	r1, r1, r3
100051ec:	bf93      	iteet	ls
100051ee:	2340      	movls	r3, #64	@ 0x40
100051f0:	1ad2      	subhi	r2, r2, r3
100051f2:	b293      	uxthhi	r3, r2
100051f4:	461a      	movls	r2, r3
100051f6:	8423      	strh	r3, [r4, #32]
100051f8:	6a2b      	ldr	r3, [r5, #32]
100051fa:	4419      	add	r1, r3
100051fc:	f005 fd2c 	bl	1000ac58 <memcpy>
10005200:	696b      	ldr	r3, [r5, #20]
10005202:	8c22      	ldrh	r2, [r4, #32]
10005204:	e7ba      	b.n	1000517c <_usb_stream_packet_packet_handler+0x58>
10005206:	b002      	add	sp, #8
10005208:	e8bd 81f0 	ldmia.w	sp!, {r4, r5, r6, r7, r8, pc}
1000520c:	f890 1024 	ldrb.w	r1, [r0, #36]	@ 0x24
10005210:	b9e9      	cbnz	r1, 1000524e <_usb_stream_packet_packet_handler+0x12a>
10005212:	8b41      	ldrh	r1, [r0, #26]
10005214:	8441      	strh	r1, [r0, #34]	@ 0x22
10005216:	f890 002f 	ldrb.w	r0, [r0, #47]	@ 0x2f
1000521a:	8b21      	ldrh	r1, [r4, #24]
1000521c:	4684      	mov	ip, r0
1000521e:	b108      	cbz	r0, 10005224 <_usb_stream_packet_packet_handler+0x100>
10005220:	f8b4 c028 	ldrh.w	ip, [r4, #40]	@ 0x28
10005224:	f101 41a0 	add.w	r1, r1, #1342177280	@ 0x50000000
10005228:	f501 1180 	add.w	r1, r1, #1048576	@ 0x100000
1000522c:	4461      	add	r1, ip
1000522e:	f04f 0c01 	mov.w	ip, #1
10005232:	61e1      	str	r1, [r4, #28]
10005234:	f894 102a 	ldrb.w	r1, [r4, #42]	@ 0x2a
10005238:	00c9      	lsls	r1, r1, #3
1000523a:	eb01 0140 	add.w	r1, r1, r0, lsl #1
1000523e:	483a      	ldr	r0, [pc, #232]	@ (10005328 <_usb_stream_packet_packet_handler+0x204>)
10005240:	3104      	adds	r1, #4
10005242:	5a09      	ldrh	r1, [r1, r0]
10005244:	f884 c024 	strb.w	ip, [r4, #36]	@ 0x24
10005248:	f3c1 0109 	ubfx	r1, r1, #0, #10
1000524c:	8421      	strh	r1, [r4, #32]
1000524e:	69a9      	ldr	r1, [r5, #24]
10005250:	3340      	adds	r3, #64	@ 0x40
10005252:	428b      	cmp	r3, r1
10005254:	d347      	bcc.n	100052e6 <_usb_stream_packet_packet_handler+0x1c2>
10005256:	ea11 0802 	ands.w	r8, r1, r2
1000525a:	d007      	beq.n	1000526c <_usb_stream_packet_packet_handler+0x148>
1000525c:	4833      	ldr	r0, [pc, #204]	@ (1000532c <_usb_stream_packet_packet_handler+0x208>)
1000525e:	f002 fb75 	bl	1000794c <__wrap_printf>
10005262:	4641      	mov	r1, r8
10005264:	4832      	ldr	r0, [pc, #200]	@ (10005330 <_usb_stream_packet_packet_handler+0x20c>)
10005266:	f002 fb71 	bl	1000794c <__wrap_printf>
1000526a:	4646      	mov	r6, r8
1000526c:	2f00      	cmp	r7, #0
1000526e:	d041      	beq.n	100052f4 <_usb_stream_packet_packet_handler+0x1d0>
10005270:	6a28      	ldr	r0, [r5, #32]
10005272:	8c22      	ldrh	r2, [r4, #32]
10005274:	69e1      	ldr	r1, [r4, #28]
10005276:	4438      	add	r0, r7
10005278:	f005 fcee 	bl	1000ac58 <memcpy>
1000527c:	e76b      	b.n	10005156 <_usb_stream_packet_packet_handler+0x32>
1000527e:	8b61      	ldrh	r1, [r4, #26]
10005280:	f894 202e 	ldrb.w	r2, [r4, #46]	@ 0x2e
10005284:	8b20      	ldrh	r0, [r4, #24]
10005286:	8461      	strh	r1, [r4, #34]	@ 0x22
10005288:	b102      	cbz	r2, 1000528c <_usb_stream_packet_packet_handler+0x168>
1000528a:	8d22      	ldrh	r2, [r4, #40]	@ 0x28
1000528c:	f100 40a0 	add.w	r0, r0, #1342177280	@ 0x50000000
10005290:	f500 1080 	add.w	r0, r0, #1048576	@ 0x100000
10005294:	4410      	add	r0, r2
10005296:	2201      	movs	r2, #1
10005298:	61e0      	str	r0, [r4, #28]
1000529a:	f884 2024 	strb.w	r2, [r4, #36]	@ 0x24
1000529e:	e79c      	b.n	100051da <_usb_stream_packet_packet_handler+0xb6>
100052a0:	4620      	mov	r0, r4
100052a2:	b002      	add	sp, #8
100052a4:	e8bd 41f0 	ldmia.w	sp!, {r4, r5, r6, r7, r8, lr}
100052a8:	f7fe bf2c 	b.w	10004104 <_usb_give_as_many_buffers_as_possible>
100052ac:	8b62      	ldrh	r2, [r4, #26]
100052ae:	f894 102f 	ldrb.w	r1, [r4, #47]	@ 0x2f
100052b2:	8462      	strh	r2, [r4, #34]	@ 0x22
100052b4:	4608      	mov	r0, r1
100052b6:	8b22      	ldrh	r2, [r4, #24]
100052b8:	b101      	cbz	r1, 100052bc <_usb_stream_packet_packet_handler+0x198>
100052ba:	8d20      	ldrh	r0, [r4, #40]	@ 0x28
100052bc:	f102 42a0 	add.w	r2, r2, #1342177280	@ 0x50000000
100052c0:	f502 1280 	add.w	r2, r2, #1048576	@ 0x100000
100052c4:	4402      	add	r2, r0
100052c6:	61e2      	str	r2, [r4, #28]
100052c8:	f894 202a 	ldrb.w	r2, [r4, #42]	@ 0x2a
100052cc:	00d2      	lsls	r2, r2, #3
100052ce:	eb02 0241 	add.w	r2, r2, r1, lsl #1
100052d2:	4915      	ldr	r1, [pc, #84]	@ (10005328 <_usb_stream_packet_packet_handler+0x204>)
100052d4:	3204      	adds	r2, #4
100052d6:	5a52      	ldrh	r2, [r2, r1]
100052d8:	2101      	movs	r1, #1
100052da:	f3c2 0209 	ubfx	r2, r2, #0, #10
100052de:	8422      	strh	r2, [r4, #32]
100052e0:	f884 1024 	strb.w	r1, [r4, #36]	@ 0x24
100052e4:	e74a      	b.n	1000517c <_usb_stream_packet_packet_handler+0x58>
100052e6:	f107 0340 	add.w	r3, r7, #64	@ 0x40
100052ea:	42b3      	cmp	r3, r6
100052ec:	bf38      	it	cc
100052ee:	2600      	movcc	r6, #0
100052f0:	2f00      	cmp	r7, #0
100052f2:	d1bd      	bne.n	10005270 <_usb_stream_packet_packet_handler+0x14c>
100052f4:	4639      	mov	r1, r7
100052f6:	69ea      	ldr	r2, [r5, #28]
100052f8:	6a28      	ldr	r0, [r5, #32]
100052fa:	f005 faab 	bl	1000a854 <memset>
100052fe:	e7b7      	b.n	10005270 <_usb_stream_packet_packet_handler+0x14c>
10005300:	480a      	ldr	r0, [pc, #40]	@ (1000532c <_usb_stream_packet_packet_handler+0x208>)
10005302:	f002 fb23 	bl	1000794c <__wrap_printf>
10005306:	69aa      	ldr	r2, [r5, #24]
10005308:	2300      	movs	r3, #0
1000530a:	9201      	str	r2, [sp, #4]
1000530c:	69ea      	ldr	r2, [r5, #28]
1000530e:	f894 102a 	ldrb.w	r1, [r4, #42]	@ 0x2a
10005312:	4808      	ldr	r0, [pc, #32]	@ (10005334 <_usb_stream_packet_packet_handler+0x210>)
10005314:	9200      	str	r2, [sp, #0]
10005316:	4632      	mov	r2, r6
10005318:	f002 fb18 	bl	1000794c <__wrap_printf>
1000531c:	e71b      	b.n	10005156 <_usb_stream_packet_packet_handler+0x32>
1000531e:	4620      	mov	r0, r4
10005320:	8c21      	ldrh	r1, [r4, #32]
10005322:	f7fe f9f5 	bl	10003710 <_usb_give_buffer>
10005326:	e73d      	b.n	100051a4 <_usb_stream_packet_packet_handler+0x80>
10005328:	50100080 	.word	0x50100080
1000532c:	1000ae68 	.word	0x1000ae68
10005330:	1000af50 	.word	0x1000af50
10005334:	1000af18 	.word	0x1000af18

10005338 <usb_stall_control_pipe.isra.0>:
10005338:	b5f0      	push	{r4, r5, r6, r7, lr}
1000533a:	4d63      	ldr	r5, [pc, #396]	@ (100054c8 <usb_stall_control_pipe.isra.0+0x190>)
1000533c:	b083      	sub	sp, #12
1000533e:	f895 2382 	ldrb.w	r2, [r5, #898]	@ 0x382
10005342:	f895 738b 	ldrb.w	r7, [r5, #907]	@ 0x38b
10005346:	f895 638a 	ldrb.w	r6, [r5, #906]	@ 0x38a
1000534a:	ea4f 0cc2 	mov.w	ip, r2, lsl #3
1000534e:	2f00      	cmp	r7, #0
10005350:	d052      	beq.n	100053f8 <usb_stall_control_pipe.isra.0+0xc0>
10005352:	4b5e      	ldr	r3, [pc, #376]	@ (100054cc <usb_stall_control_pipe.isra.0+0x194>)
10005354:	f853 2032 	ldr.w	r2, [r3, r2, lsl #3]
10005358:	4463      	add	r3, ip
1000535a:	f012 2f04 	tst.w	r2, #67109888	@ 0x4000400
1000535e:	d153      	bne.n	10005408 <usb_stall_control_pipe.isra.0+0xd0>
10005360:	2200      	movs	r2, #0
10005362:	2101      	movs	r1, #1
10005364:	601a      	str	r2, [r3, #0]
10005366:	440e      	add	r6, r1
10005368:	4859      	ldr	r0, [pc, #356]	@ (100054d0 <usb_stall_control_pipe.isra.0+0x198>)
1000536a:	f885 6385 	strb.w	r6, [r5, #901]	@ 0x385
1000536e:	f8a5 2386 	strh.w	r2, [r5, #902]	@ 0x386
10005372:	f885 1389 	strb.w	r1, [r5, #905]	@ 0x389
10005376:	f7fe fe33 	bl	10003fe0 <_usb_reset_buffers>
1000537a:	f895 3388 	ldrb.w	r3, [r5, #904]	@ 0x388
1000537e:	b9cb      	cbnz	r3, 100053b4 <usb_stall_control_pipe.isra.0+0x7c>
10005380:	f895 3382 	ldrb.w	r3, [r5, #898]	@ 0x382
10005384:	f895 138b 	ldrb.w	r1, [r5, #907]	@ 0x38b
10005388:	b91b      	cbnz	r3, 10005392 <usb_stall_control_pipe.isra.0+0x5a>
1000538a:	4a52      	ldr	r2, [pc, #328]	@ (100054d4 <usb_stall_control_pipe.isra.0+0x19c>)
1000538c:	f1c1 0002 	rsb	r0, r1, #2
10005390:	6690      	str	r0, [r2, #104]	@ 0x68
10005392:	00da      	lsls	r2, r3, #3
10005394:	2900      	cmp	r1, #0
10005396:	d16c      	bne.n	10005472 <usb_stall_control_pipe.isra.0+0x13a>
10005398:	4b4f      	ldr	r3, [pc, #316]	@ (100054d8 <usb_stall_control_pipe.isra.0+0x1a0>)
1000539a:	4413      	add	r3, r2
1000539c:	2001      	movs	r0, #1
1000539e:	681a      	ldr	r2, [r3, #0]
100053a0:	f8d5 1368 	ldr.w	r1, [r5, #872]	@ 0x368
100053a4:	f442 6200 	orr.w	r2, r2, #2048	@ 0x800
100053a8:	601a      	str	r2, [r3, #0]
100053aa:	f885 0388 	strb.w	r0, [r5, #904]	@ 0x388
100053ae:	b109      	cbz	r1, 100053b4 <usb_stall_control_pipe.isra.0+0x7c>
100053b0:	484a      	ldr	r0, [pc, #296]	@ (100054dc <usb_stall_control_pipe.isra.0+0x1a4>)
100053b2:	4788      	blx	r1
100053b4:	f895 3340 	ldrb.w	r3, [r5, #832]	@ 0x340
100053b8:	2b00      	cmp	r3, #0
100053ba:	d158      	bne.n	1000546e <usb_stall_control_pipe.isra.0+0x136>
100053bc:	f895 333a 	ldrb.w	r3, [r5, #826]	@ 0x33a
100053c0:	f895 1343 	ldrb.w	r1, [r5, #835]	@ 0x343
100053c4:	b91b      	cbnz	r3, 100053ce <usb_stall_control_pipe.isra.0+0x96>
100053c6:	4a43      	ldr	r2, [pc, #268]	@ (100054d4 <usb_stall_control_pipe.isra.0+0x19c>)
100053c8:	f1c1 0002 	rsb	r0, r1, #2
100053cc:	6690      	str	r0, [r2, #104]	@ 0x68
100053ce:	00da      	lsls	r2, r3, #3
100053d0:	2900      	cmp	r1, #0
100053d2:	d151      	bne.n	10005478 <usb_stall_control_pipe.isra.0+0x140>
100053d4:	4b40      	ldr	r3, [pc, #256]	@ (100054d8 <usb_stall_control_pipe.isra.0+0x1a0>)
100053d6:	4413      	add	r3, r2
100053d8:	2001      	movs	r0, #1
100053da:	681a      	ldr	r2, [r3, #0]
100053dc:	f8d5 1320 	ldr.w	r1, [r5, #800]	@ 0x320
100053e0:	f442 6200 	orr.w	r2, r2, #2048	@ 0x800
100053e4:	601a      	str	r2, [r3, #0]
100053e6:	f885 0340 	strb.w	r0, [r5, #832]	@ 0x340
100053ea:	2900      	cmp	r1, #0
100053ec:	d03f      	beq.n	1000546e <usb_stall_control_pipe.isra.0+0x136>
100053ee:	4838      	ldr	r0, [pc, #224]	@ (100054d0 <usb_stall_control_pipe.isra.0+0x198>)
100053f0:	b003      	add	sp, #12
100053f2:	e8bd 40f0 	ldmia.w	sp!, {r4, r5, r6, r7, lr}
100053f6:	4708      	bx	r1
100053f8:	4a34      	ldr	r2, [pc, #208]	@ (100054cc <usb_stall_control_pipe.isra.0+0x194>)
100053fa:	f10c 0304 	add.w	r3, ip, #4
100053fe:	5899      	ldr	r1, [r3, r2]
10005400:	4413      	add	r3, r2
10005402:	f011 2f04 	tst.w	r1, #67109888	@ 0x4000400
10005406:	d0ab      	beq.n	10005360 <usb_stall_control_pipe.isra.0+0x28>
10005408:	2e00      	cmp	r6, #0
1000540a:	d138      	bne.n	1000547e <usb_stall_control_pipe.isra.0+0x146>
1000540c:	f895 3383 	ldrb.w	r3, [r5, #899]	@ 0x383
10005410:	f083 0301 	eor.w	r3, r3, #1
10005414:	f885 3383 	strb.w	r3, [r5, #899]	@ 0x383
10005418:	4931      	ldr	r1, [pc, #196]	@ (100054e0 <usb_stall_control_pipe.isra.0+0x1a8>)
1000541a:	f8d1 3110 	ldr.w	r3, [r1, #272]	@ 0x110
1000541e:	b12b      	cbz	r3, 1000542c <usb_stall_control_pipe.isra.0+0xf4>
10005420:	2300      	movs	r3, #0
10005422:	f8d1 2110 	ldr.w	r2, [r1, #272]	@ 0x110
10005426:	3301      	adds	r3, #1
10005428:	429a      	cmp	r2, r3
1000542a:	d8fa      	bhi.n	10005422 <usb_stall_control_pipe.isra.0+0xea>
1000542c:	2300      	movs	r3, #0
1000542e:	2401      	movs	r4, #1
10005430:	f8c1 3110 	str.w	r3, [r1, #272]	@ 0x110
10005434:	f895 3384 	ldrb.w	r3, [r5, #900]	@ 0x384
10005438:	4926      	ldr	r1, [pc, #152]	@ (100054d4 <usb_stall_control_pipe.isra.0+0x19c>)
1000543a:	409c      	lsls	r4, r3
1000543c:	4b29      	ldr	r3, [pc, #164]	@ (100054e4 <usb_stall_control_pipe.isra.0+0x1ac>)
1000543e:	482a      	ldr	r0, [pc, #168]	@ (100054e8 <usb_stall_control_pipe.isra.0+0x1b0>)
10005440:	665c      	str	r4, [r3, #100]	@ 0x64
10005442:	660c      	str	r4, [r1, #96]	@ 0x60
10005444:	6e43      	ldr	r3, [r0, #100]	@ 0x64
10005446:	421c      	tst	r4, r3
10005448:	d107      	bne.n	1000545a <usb_stall_control_pipe.isra.0+0x122>
1000544a:	4b28      	ldr	r3, [pc, #160]	@ (100054ec <usb_stall_control_pipe.isra.0+0x1b4>)
1000544c:	e001      	b.n	10005452 <usb_stall_control_pipe.isra.0+0x11a>
1000544e:	3b01      	subs	r3, #1
10005450:	d01d      	beq.n	1000548e <usb_stall_control_pipe.isra.0+0x156>
10005452:	660c      	str	r4, [r1, #96]	@ 0x60
10005454:	6e42      	ldr	r2, [r0, #100]	@ 0x64
10005456:	4214      	tst	r4, r2
10005458:	d0f9      	beq.n	1000544e <usb_stall_control_pipe.isra.0+0x116>
1000545a:	4b22      	ldr	r3, [pc, #136]	@ (100054e4 <usb_stall_control_pipe.isra.0+0x1ac>)
1000545c:	661c      	str	r4, [r3, #96]	@ 0x60
1000545e:	665c      	str	r4, [r3, #100]	@ 0x64
10005460:	b997      	cbnz	r7, 10005488 <usb_stall_control_pipe.isra.0+0x150>
10005462:	f5a3 3397 	sub.w	r3, r3, #77312	@ 0x12e00
10005466:	f5a3 73be 	sub.w	r3, r3, #380	@ 0x17c
1000546a:	4463      	add	r3, ip
1000546c:	e778      	b.n	10005360 <usb_stall_control_pipe.isra.0+0x28>
1000546e:	b003      	add	sp, #12
10005470:	bdf0      	pop	{r4, r5, r6, r7, pc}
10005472:	4b16      	ldr	r3, [pc, #88]	@ (100054cc <usb_stall_control_pipe.isra.0+0x194>)
10005474:	4413      	add	r3, r2
10005476:	e791      	b.n	1000539c <usb_stall_control_pipe.isra.0+0x64>
10005478:	4b14      	ldr	r3, [pc, #80]	@ (100054cc <usb_stall_control_pipe.isra.0+0x194>)
1000547a:	4413      	add	r3, r2
1000547c:	e7ac      	b.n	100053d8 <usb_stall_control_pipe.isra.0+0xa0>
1000547e:	f895 3385 	ldrb.w	r3, [r5, #901]	@ 0x385
10005482:	2b01      	cmp	r3, #1
10005484:	d1c8      	bne.n	10005418 <usb_stall_control_pipe.isra.0+0xe0>
10005486:	e7c1      	b.n	1000540c <usb_stall_control_pipe.isra.0+0xd4>
10005488:	4b10      	ldr	r3, [pc, #64]	@ (100054cc <usb_stall_control_pipe.isra.0+0x194>)
1000548a:	4463      	add	r3, ip
1000548c:	e768      	b.n	10005360 <usb_stall_control_pipe.isra.0+0x28>
1000548e:	4818      	ldr	r0, [pc, #96]	@ (100054f0 <usb_stall_control_pipe.isra.0+0x1b8>)
10005490:	f002 fa5c 	bl	1000794c <__wrap_printf>
10005494:	4914      	ldr	r1, [pc, #80]	@ (100054e8 <usb_stall_control_pipe.isra.0+0x1b0>)
10005496:	4817      	ldr	r0, [pc, #92]	@ (100054f4 <usb_stall_control_pipe.isra.0+0x1bc>)
10005498:	6e0b      	ldr	r3, [r1, #96]	@ 0x60
1000549a:	6e49      	ldr	r1, [r1, #100]	@ 0x64
1000549c:	4a16      	ldr	r2, [pc, #88]	@ (100054f8 <usb_stall_control_pipe.isra.0+0x1c0>)
1000549e:	9100      	str	r1, [sp, #0]
100054a0:	f895 138b 	ldrb.w	r1, [r5, #907]	@ 0x38b
100054a4:	2900      	cmp	r1, #0
100054a6:	bf08      	it	eq
100054a8:	4602      	moveq	r2, r0
100054aa:	f895 1382 	ldrb.w	r1, [r5, #898]	@ 0x382
100054ae:	4813      	ldr	r0, [pc, #76]	@ (100054fc <usb_stall_control_pipe.isra.0+0x1c4>)
100054b0:	f002 fa4c 	bl	1000794c <__wrap_printf>
100054b4:	f895 c382 	ldrb.w	ip, [r5, #898]	@ 0x382
100054b8:	f895 738b 	ldrb.w	r7, [r5, #907]	@ 0x38b
100054bc:	f895 638a 	ldrb.w	r6, [r5, #906]	@ 0x38a
100054c0:	ea4f 0ccc 	mov.w	ip, ip, lsl #3
100054c4:	e7c9      	b.n	1000545a <usb_stall_control_pipe.isra.0+0x122>
100054c6:	bf00      	nop
100054c8:	200027f0 	.word	0x200027f0
100054cc:	50100080 	.word	0x50100080
100054d0:	20002b00 	.word	0x20002b00
100054d4:	50112000 	.word	0x50112000
100054d8:	50100084 	.word	0x50100084
100054dc:	20002b48 	.word	0x20002b48
100054e0:	200016f8 	.word	0x200016f8
100054e4:	50113000 	.word	0x50113000
100054e8:	50110000 	.word	0x50110000
100054ec:	0001869f 	.word	0x0001869f
100054f0:	1000ae68 	.word	0x1000ae68
100054f4:	1000ae3c 	.word	0x1000ae3c
100054f8:	1000ae38 	.word	0x1000ae38
100054fc:	1000ae40 	.word	0x1000ae40

10005500 <irq_add_tail_to_free_list>:
10005500:	b5f0      	push	{r4, r5, r6, r7, lr}
10005502:	f3ef 8505 	mrs	r5, IPSR
10005506:	b2ed      	uxtb	r5, r5
10005508:	f3ef 8c10 	mrs	ip, PRIMASK
1000550c:	b672      	cpsid	i
1000550e:	4927      	ldr	r1, [pc, #156]	@ (100055ac <irq_add_tail_to_free_list+0xac>)
10005510:	e8d1 2fcf 	ldaexb	r2, [r1]
10005514:	2301      	movs	r3, #1
10005516:	2a00      	cmp	r2, #0
10005518:	d1fa      	bne.n	10005510 <irq_add_tail_to_free_list+0x10>
1000551a:	e8c1 3f42 	strexb	r2, r3, [r1]
1000551e:	2a00      	cmp	r2, #0
10005520:	d1f6      	bne.n	10005510 <irq_add_tail_to_free_list+0x10>
10005522:	f3bf 8f5f 	dmb	sy
10005526:	4e22      	ldr	r6, [pc, #136]	@ (100055b0 <irq_add_tail_to_free_list+0xb0>)
10005528:	f040 0e01 	orr.w	lr, r0, #1
1000552c:	68b4      	ldr	r4, [r6, #8]
1000552e:	f64a 23aa 	movw	r3, #43690	@ 0xaaaa
10005532:	f854 7025 	ldr.w	r7, [r4, r5, lsl #2]
10005536:	4a1f      	ldr	r2, [pc, #124]	@ (100055b4 <irq_add_tail_to_free_list+0xb4>)
10005538:	4604      	mov	r4, r0
1000553a:	1aa4      	subs	r4, r4, r2
1000553c:	4164      	adcs	r4, r4
1000553e:	4363      	muls	r3, r4
10005540:	0d1b      	lsrs	r3, r3, #20
10005542:	4577      	cmp	r7, lr
10005544:	b25b      	sxtb	r3, r3
10005546:	d01d      	beq.n	10005584 <irq_add_tail_to_free_list+0x84>
10005548:	f992 4006 	ldrsb.w	r4, [r2, #6]
1000554c:	429c      	cmp	r4, r3
1000554e:	d01e      	beq.n	1000558e <irq_add_tail_to_free_list+0x8e>
10005550:	f992 4012 	ldrsb.w	r4, [r2, #18]
10005554:	429c      	cmp	r4, r3
10005556:	d025      	beq.n	100055a4 <irq_add_tail_to_free_list+0xa4>
10005558:	f992 401e 	ldrsb.w	r4, [r2, #30]
1000555c:	429c      	cmp	r4, r3
1000555e:	d023      	beq.n	100055a8 <irq_add_tail_to_free_list+0xa8>
10005560:	f992 402a 	ldrsb.w	r4, [r2, #42]	@ 0x2a
10005564:	429c      	cmp	r4, r3
10005566:	bf08      	it	eq
10005568:	2403      	moveq	r4, #3
1000556a:	d011      	beq.n	10005590 <irq_add_tail_to_free_list+0x90>
1000556c:	4a12      	ldr	r2, [pc, #72]	@ (100055b8 <irq_add_tail_to_free_list+0xb8>)
1000556e:	2400      	movs	r4, #0
10005570:	f892 5f2c 	ldrb.w	r5, [r2, #3884]	@ 0xf2c
10005574:	f882 3f2c 	strb.w	r3, [r2, #3884]	@ 0xf2c
10005578:	7185      	strb	r5, [r0, #6]
1000557a:	e8c1 4f8f 	stlb	r4, [r1]
1000557e:	f38c 8810 	msr	PRIMASK, ip
10005582:	bdf0      	pop	{r4, r5, r6, r7, pc}
10005584:	68b2      	ldr	r2, [r6, #8]
10005586:	4c0d      	ldr	r4, [pc, #52]	@ (100055bc <irq_add_tail_to_free_list+0xbc>)
10005588:	f842 4025 	str.w	r4, [r2, r5, lsl #2]
1000558c:	e7ee      	b.n	1000556c <irq_add_tail_to_free_list+0x6c>
1000558e:	2400      	movs	r4, #0
10005590:	eb04 0444 	add.w	r4, r4, r4, lsl #1
10005594:	eb02 0284 	add.w	r2, r2, r4, lsl #2
10005598:	24ff      	movs	r4, #255	@ 0xff
1000559a:	7194      	strb	r4, [r2, #6]
1000559c:	f64b 5401 	movw	r4, #48385	@ 0xbd01
100055a0:	8094      	strh	r4, [r2, #4]
100055a2:	e7e3      	b.n	1000556c <irq_add_tail_to_free_list+0x6c>
100055a4:	2401      	movs	r4, #1
100055a6:	e7f3      	b.n	10005590 <irq_add_tail_to_free_list+0x90>
100055a8:	2402      	movs	r4, #2
100055aa:	e7f1      	b.n	10005590 <irq_add_tail_to_free_list+0x90>
100055ac:	2000178d 	.word	0x2000178d
100055b0:	e000ed00 	.word	0xe000ed00
100055b4:	20001164 	.word	0x20001164
100055b8:	200038e8 	.word	0x200038e8
100055bc:	10000111 	.word	0x10000111

100055c0 <__wrap_log10f>:
100055c0:	b508      	push	{r3, lr}
100055c2:	f004 fb3d 	bl	10009c40 <__wrap_logf>
100055c6:	eddf 7a04 	vldr	s15, [pc, #16]	@ 100055d8 <__wrap_log10f+0x18>
100055ca:	ee07 0a10 	vmov	s14, r0
100055ce:	ee67 7a27 	vmul.f32	s15, s14, s15
100055d2:	ee17 0a90 	vmov	r0, s15
100055d6:	bd08      	pop	{r3, pc}
100055d8:	3ede5bd9 	.word	0x3ede5bd9

100055dc <__wrap_powf>:
100055dc:	eeb7 7a00 	vmov.f32	s14, #112	@ 0x3f800000  1.0
100055e0:	ee07 0a90 	vmov	s15, r0
100055e4:	eef4 7a47 	vcmp.f32	s15, s14
100055e8:	eef1 fa10 	vmrs	APSR_nzcv, fpscr
100055ec:	d02c      	beq.n	10005648 <__wrap_powf+0x6c>
100055ee:	f011 42ff 	ands.w	r2, r1, #2139095040	@ 0x7f800000
100055f2:	b538      	push	{r3, r4, r5, lr}
100055f4:	460c      	mov	r4, r1
100055f6:	460b      	mov	r3, r1
100055f8:	d023      	beq.n	10005642 <__wrap_powf+0x66>
100055fa:	eeff 6a00 	vmov.f32	s13, #240	@ 0xbf800000 -1.0
100055fe:	eef4 7a66 	vcmp.f32	s15, s13
10005602:	eef1 fa10 	vmrs	APSR_nzcv, fpscr
10005606:	d120      	bne.n	1000564a <__wrap_powf+0x6e>
10005608:	f1b2 4fff 	cmp.w	r2, #2139095040	@ 0x7f800000
1000560c:	d019      	beq.n	10005642 <__wrap_powf+0x66>
1000560e:	0dca      	lsrs	r2, r1, #23
10005610:	2aff      	cmp	r2, #255	@ 0xff
10005612:	d053      	beq.n	100056bc <__wrap_powf+0xe0>
10005614:	495c      	ldr	r1, [pc, #368]	@ (10005788 <__wrap_powf+0x1ac>)
10005616:	f012 02ff 	ands.w	r2, r2, #255	@ 0xff
1000561a:	d00b      	beq.n	10005634 <__wrap_powf+0x58>
1000561c:	3a7f      	subs	r2, #127	@ 0x7f
1000561e:	d47b      	bmi.n	10005718 <__wrap_powf+0x13c>
10005620:	f1c2 0217 	rsb	r2, r2, #23
10005624:	2a00      	cmp	r2, #0
10005626:	dd05      	ble.n	10005634 <__wrap_powf+0x58>
10005628:	2001      	movs	r0, #1
1000562a:	fa00 f202 	lsl.w	r2, r0, r2
1000562e:	3a01      	subs	r2, #1
10005630:	421a      	tst	r2, r3
10005632:	d171      	bne.n	10005718 <__wrap_powf+0x13c>
10005634:	4621      	mov	r1, r4
10005636:	e8bd 4038 	ldmia.w	sp!, {r3, r4, r5, lr}
1000563a:	ee17 0a90 	vmov	r0, s15
1000563e:	f7fe bc5b 	b.w	10003ef8 <fpow_0>
10005642:	ee17 0a10 	vmov	r0, s14
10005646:	bd38      	pop	{r3, r4, r5, pc}
10005648:	4770      	bx	lr
1000564a:	f010 4fff 	tst.w	r0, #2139095040	@ 0x7f800000
1000564e:	4601      	mov	r1, r0
10005650:	d11a      	bne.n	10005688 <__wrap_powf+0xac>
10005652:	2c00      	cmp	r4, #0
10005654:	ea4f 52d4 	mov.w	r2, r4, lsr #23
10005658:	db25      	blt.n	100056a6 <__wrap_powf+0xca>
1000565a:	3a7f      	subs	r2, #127	@ 0x7f
1000565c:	d421      	bmi.n	100056a2 <__wrap_powf+0xc6>
1000565e:	f1d2 0217 	rsbs	r2, r2, #23
10005662:	d41e      	bmi.n	100056a2 <__wrap_powf+0xc6>
10005664:	2101      	movs	r1, #1
10005666:	4091      	lsls	r1, r2
10005668:	3901      	subs	r1, #1
1000566a:	4221      	tst	r1, r4
1000566c:	d119      	bne.n	100056a2 <__wrap_powf+0xc6>
1000566e:	2a17      	cmp	r2, #23
10005670:	d0e9      	beq.n	10005646 <__wrap_powf+0x6a>
10005672:	ed9f 7a46 	vldr	s14, [pc, #280]	@ 1000578c <__wrap_powf+0x1b0>
10005676:	fa24 f202 	lsr.w	r2, r4, r2
1000567a:	f012 0f01 	tst.w	r2, #1
1000567e:	fe47 7a27 	vseleq.f32	s15, s14, s15
10005682:	ee17 0a90 	vmov	r0, s15
10005686:	bd38      	pop	{r3, r4, r5, pc}
10005688:	0dc0      	lsrs	r0, r0, #23
1000568a:	28ff      	cmp	r0, #255	@ 0xff
1000568c:	d124      	bne.n	100056d8 <__wrap_powf+0xfc>
1000568e:	ed9f 7a40 	vldr	s14, [pc, #256]	@ 10005790 <__wrap_powf+0x1b4>
10005692:	eddf 7a3e 	vldr	s15, [pc, #248]	@ 1000578c <__wrap_powf+0x1b0>
10005696:	2c00      	cmp	r4, #0
10005698:	fe67 7a27 	vselge.f32	s15, s14, s15
1000569c:	ee17 0a90 	vmov	r0, s15
100056a0:	bd38      	pop	{r3, r4, r5, pc}
100056a2:	2000      	movs	r0, #0
100056a4:	bd38      	pop	{r3, r4, r5, pc}
100056a6:	b2d2      	uxtb	r2, r2
100056a8:	3a7f      	subs	r2, #127	@ 0x7f
100056aa:	d407      	bmi.n	100056bc <__wrap_powf+0xe0>
100056ac:	f1d2 0217 	rsbs	r2, r2, #23
100056b0:	d404      	bmi.n	100056bc <__wrap_powf+0xe0>
100056b2:	2001      	movs	r0, #1
100056b4:	4090      	lsls	r0, r2
100056b6:	3801      	subs	r0, #1
100056b8:	4220      	tst	r0, r4
100056ba:	d002      	beq.n	100056c2 <__wrap_powf+0xe6>
100056bc:	f04f 40ff 	mov.w	r0, #2139095040	@ 0x7f800000
100056c0:	bd38      	pop	{r3, r4, r5, pc}
100056c2:	2a17      	cmp	r2, #23
100056c4:	d003      	beq.n	100056ce <__wrap_powf+0xf2>
100056c6:	fa24 f202 	lsr.w	r2, r4, r2
100056ca:	07d3      	lsls	r3, r2, #31
100056cc:	d5f6      	bpl.n	100056bc <__wrap_powf+0xe0>
100056ce:	f001 4000 	and.w	r0, r1, #2147483648	@ 0x80000000
100056d2:	f040 40ff 	orr.w	r0, r0, #2139095040	@ 0x7f800000
100056d6:	bd38      	pop	{r3, r4, r5, pc}
100056d8:	f240 1cff 	movw	ip, #511	@ 0x1ff
100056dc:	4560      	cmp	r0, ip
100056de:	d134      	bne.n	1000574a <__wrap_powf+0x16e>
100056e0:	2c00      	cmp	r4, #0
100056e2:	dbde      	blt.n	100056a2 <__wrap_powf+0xc6>
100056e4:	0de2      	lsrs	r2, r4, #23
100056e6:	3a7f      	subs	r2, #127	@ 0x7f
100056e8:	d4e8      	bmi.n	100056bc <__wrap_powf+0xe0>
100056ea:	f1d2 0217 	rsbs	r2, r2, #23
100056ee:	d4e5      	bmi.n	100056bc <__wrap_powf+0xe0>
100056f0:	2101      	movs	r1, #1
100056f2:	4091      	lsls	r1, r2
100056f4:	3901      	subs	r1, #1
100056f6:	4221      	tst	r1, r4
100056f8:	d1e0      	bne.n	100056bc <__wrap_powf+0xe0>
100056fa:	2a17      	cmp	r2, #23
100056fc:	d023      	beq.n	10005746 <__wrap_powf+0x16a>
100056fe:	ed9f 7a24 	vldr	s14, [pc, #144]	@ 10005790 <__wrap_powf+0x1b4>
10005702:	eddf 7a24 	vldr	s15, [pc, #144]	@ 10005794 <__wrap_powf+0x1b8>
10005706:	fa24 f202 	lsr.w	r2, r4, r2
1000570a:	f012 0f01 	tst.w	r2, #1
1000570e:	fe47 7a27 	vseleq.f32	s15, s14, s15
10005712:	ee17 0a90 	vmov	r0, s15
10005716:	bd38      	pop	{r3, r4, r5, pc}
10005718:	2900      	cmp	r1, #0
1000571a:	dbcf      	blt.n	100056bc <__wrap_powf+0xe0>
1000571c:	ee17 0a90 	vmov	r0, s15
10005720:	f005 fb4e 	bl	1000adc0 <____aeabi_f2d_veneer>
10005724:	f004 f8e5 	bl	100098f2 <__wrap_log>
10005728:	4602      	mov	r2, r0
1000572a:	460d      	mov	r5, r1
1000572c:	4620      	mov	r0, r4
1000572e:	4614      	mov	r4, r2
10005730:	f005 fb46 	bl	1000adc0 <____aeabi_f2d_veneer>
10005734:	4622      	mov	r2, r4
10005736:	462b      	mov	r3, r5
10005738:	f003 fccc 	bl	100090d4 <__wrap___aeabi_dmul>
1000573c:	f003 ff5b 	bl	100095f6 <__wrap_exp>
10005740:	f003 fd3c 	bl	100091bc <__wrap___aeabi_d2f>
10005744:	bd38      	pop	{r3, r4, r5, pc}
10005746:	4814      	ldr	r0, [pc, #80]	@ (10005798 <__wrap_powf+0x1bc>)
10005748:	bd38      	pop	{r3, r4, r5, pc}
1000574a:	0de2      	lsrs	r2, r4, #23
1000574c:	2aff      	cmp	r2, #255	@ 0xff
1000574e:	d00e      	beq.n	1000576e <__wrap_powf+0x192>
10005750:	4562      	cmp	r2, ip
10005752:	f47f af60 	bne.w	10005616 <__wrap_powf+0x3a>
10005756:	eddf 7a0e 	vldr	s15, [pc, #56]	@ 10005790 <__wrap_powf+0x1b4>
1000575a:	ed9f 7a0c 	vldr	s14, [pc, #48]	@ 1000578c <__wrap_powf+0x1b0>
1000575e:	b2c0      	uxtb	r0, r0
10005760:	287f      	cmp	r0, #127	@ 0x7f
10005762:	bf2c      	ite	cs
10005764:	ee17 0a10 	vmovcs	r0, s14
10005768:	ee17 0a90 	vmovcc	r0, s15
1000576c:	bd38      	pop	{r3, r4, r5, pc}
1000576e:	eddf 7a07 	vldr	s15, [pc, #28]	@ 1000578c <__wrap_powf+0x1b0>
10005772:	ed9f 7a07 	vldr	s14, [pc, #28]	@ 10005790 <__wrap_powf+0x1b4>
10005776:	b2c0      	uxtb	r0, r0
10005778:	287f      	cmp	r0, #127	@ 0x7f
1000577a:	bf2c      	ite	cs
1000577c:	ee17 0a10 	vmovcs	r0, s14
10005780:	ee17 0a90 	vmovcc	r0, s15
10005784:	bd38      	pop	{r3, r4, r5, pc}
10005786:	bf00      	nop
10005788:	bf800000 	.word	0xbf800000
1000578c:	00000000 	.word	0x00000000
10005790:	7f800000 	.word	0x7f800000
10005794:	ff800000 	.word	0xff800000
10005798:	ff800000 	.word	0xff800000

1000579c <__wrap_free>:
1000579c:	b510      	push	{r4, lr}
1000579e:	4604      	mov	r4, r0
100057a0:	f005 fb0a 	bl	1000adb8 <__mutex_enter_blocking.constprop.0_veneer>
100057a4:	4620      	mov	r0, r4
100057a6:	f004 fb57 	bl	10009e58 <free>
100057aa:	4b0d      	ldr	r3, [pc, #52]	@ (100057e0 <__wrap_free+0x44>)
100057ac:	681a      	ldr	r2, [r3, #0]
100057ae:	f3ef 8110 	mrs	r1, PRIMASK
100057b2:	b672      	cpsid	i
100057b4:	e8d2 4fcf 	ldaexb	r4, [r2]
100057b8:	2001      	movs	r0, #1
100057ba:	2c00      	cmp	r4, #0
100057bc:	d1fa      	bne.n	100057b4 <__wrap_free+0x18>
100057be:	e8c2 0f44 	strexb	r4, r0, [r2]
100057c2:	2c00      	cmp	r4, #0
100057c4:	d1f6      	bne.n	100057b4 <__wrap_free+0x18>
100057c6:	f3bf 8f5f 	dmb	sy
100057ca:	24ff      	movs	r4, #255	@ 0xff
100057cc:	2200      	movs	r2, #0
100057ce:	6818      	ldr	r0, [r3, #0]
100057d0:	711c      	strb	r4, [r3, #4]
100057d2:	e8c0 2f8f 	stlb	r2, [r0]
100057d6:	f381 8810 	msr	PRIMASK, r1
100057da:	bf40      	sev
100057dc:	bd10      	pop	{r4, pc}
100057de:	bf00      	nop
100057e0:	200016e8 	.word	0x200016e8

100057e4 <__atomic_is_lock_free>:
100057e4:	1e43      	subs	r3, r0, #1
100057e6:	2b01      	cmp	r3, #1
100057e8:	d903      	bls.n	100057f2 <__atomic_is_lock_free+0xe>
100057ea:	2804      	cmp	r0, #4
100057ec:	d001      	beq.n	100057f2 <__atomic_is_lock_free+0xe>
100057ee:	2000      	movs	r0, #0
100057f0:	4770      	bx	lr
100057f2:	4219      	tst	r1, r3
100057f4:	bf0c      	ite	eq
100057f6:	2001      	moveq	r0, #1
100057f8:	2000      	movne	r0, #0
100057fa:	4770      	bx	lr

100057fc <__atomic_load>:
100057fc:	b538      	push	{r3, r4, r5, lr}
100057fe:	4613      	mov	r3, r2
10005800:	4602      	mov	r2, r0
10005802:	4618      	mov	r0, r3
10005804:	f3ef 8510 	mrs	r5, PRIMASK
10005808:	b672      	cpsid	i
1000580a:	4c0b      	ldr	r4, [pc, #44]	@ (10005838 <__atomic_load+0x3c>)
1000580c:	e8d4 cfcf 	ldaexb	ip, [r4]
10005810:	2301      	movs	r3, #1
10005812:	f1bc 0f00 	cmp.w	ip, #0
10005816:	d1f9      	bne.n	1000580c <__atomic_load+0x10>
10005818:	e8c4 3f4c 	strexb	ip, r3, [r4]
1000581c:	f1bc 0f00 	cmp.w	ip, #0
10005820:	d1f4      	bne.n	1000580c <__atomic_load+0x10>
10005822:	f3bf 8f5f 	dmb	sy
10005826:	f005 fa17 	bl	1000ac58 <memcpy>
1000582a:	2300      	movs	r3, #0
1000582c:	e8c4 3f8f 	stlb	r3, [r4]
10005830:	f385 8810 	msr	PRIMASK, r5
10005834:	bd38      	pop	{r3, r4, r5, pc}
10005836:	bf00      	nop
10005838:	20001791 	.word	0x20001791

1000583c <__atomic_store>:
1000583c:	b538      	push	{r3, r4, r5, lr}
1000583e:	4613      	mov	r3, r2
10005840:	4602      	mov	r2, r0
10005842:	4608      	mov	r0, r1
10005844:	4619      	mov	r1, r3
10005846:	f3ef 8510 	mrs	r5, PRIMASK
1000584a:	b672      	cpsid	i
1000584c:	4c0a      	ldr	r4, [pc, #40]	@ (10005878 <__atomic_store+0x3c>)
1000584e:	e8d4 cfcf 	ldaexb	ip, [r4]
10005852:	2301      	movs	r3, #1
10005854:	f1bc 0f00 	cmp.w	ip, #0
10005858:	d1f9      	bne.n	1000584e <__atomic_store+0x12>
1000585a:	e8c4 3f4c 	strexb	ip, r3, [r4]
1000585e:	f1bc 0f00 	cmp.w	ip, #0
10005862:	d1f4      	bne.n	1000584e <__atomic_store+0x12>
10005864:	f3bf 8f5f 	dmb	sy
10005868:	f005 f9f6 	bl	1000ac58 <memcpy>
1000586c:	2300      	movs	r3, #0
1000586e:	e8c4 3f8f 	stlb	r3, [r4]
10005872:	f385 8810 	msr	PRIMASK, r5
10005876:	bd38      	pop	{r3, r4, r5, pc}
10005878:	20001791 	.word	0x20001791

1000587c <__atomic_compare_exchange>:
1000587c:	e92d 47f0 	stmdb	sp!, {r4, r5, r6, r7, r8, r9, sl, lr}
10005880:	4605      	mov	r5, r0
10005882:	460c      	mov	r4, r1
10005884:	4616      	mov	r6, r2
10005886:	469a      	mov	sl, r3
10005888:	f3ef 8910 	mrs	r9, PRIMASK
1000588c:	b672      	cpsid	i
1000588e:	f8df 8058 	ldr.w	r8, [pc, #88]	@ 100058e8 <__atomic_compare_exchange+0x6c>
10005892:	e8d8 2fcf 	ldaexb	r2, [r8]
10005896:	2301      	movs	r3, #1
10005898:	2a00      	cmp	r2, #0
1000589a:	d1fa      	bne.n	10005892 <__atomic_compare_exchange+0x16>
1000589c:	e8c8 3f42 	strexb	r2, r3, [r8]
100058a0:	2a00      	cmp	r2, #0
100058a2:	d1f6      	bne.n	10005892 <__atomic_compare_exchange+0x16>
100058a4:	f3bf 8f5f 	dmb	sy
100058a8:	4602      	mov	r2, r0
100058aa:	4631      	mov	r1, r6
100058ac:	4620      	mov	r0, r4
100058ae:	f005 fa49 	bl	1000ad44 <memcmp>
100058b2:	b158      	cbz	r0, 100058cc <__atomic_compare_exchange+0x50>
100058b4:	462a      	mov	r2, r5
100058b6:	4621      	mov	r1, r4
100058b8:	4630      	mov	r0, r6
100058ba:	f005 f9cd 	bl	1000ac58 <memcpy>
100058be:	2000      	movs	r0, #0
100058c0:	e8c8 0f8f 	stlb	r0, [r8]
100058c4:	f389 8810 	msr	PRIMASK, r9
100058c8:	e8bd 87f0 	ldmia.w	sp!, {r4, r5, r6, r7, r8, r9, sl, pc}
100058cc:	4607      	mov	r7, r0
100058ce:	462a      	mov	r2, r5
100058d0:	4651      	mov	r1, sl
100058d2:	4620      	mov	r0, r4
100058d4:	f005 f9c0 	bl	1000ac58 <memcpy>
100058d8:	e8c8 7f8f 	stlb	r7, [r8]
100058dc:	f389 8810 	msr	PRIMASK, r9
100058e0:	2001      	movs	r0, #1
100058e2:	e8bd 87f0 	ldmia.w	sp!, {r4, r5, r6, r7, r8, r9, sl, pc}
100058e6:	bf00      	nop
100058e8:	20001791 	.word	0x20001791

100058ec <__atomic_exchange>:
100058ec:	e92d 41f0 	stmdb	sp!, {r4, r5, r6, r7, r8, lr}
100058f0:	4604      	mov	r4, r0
100058f2:	4688      	mov	r8, r1
100058f4:	4616      	mov	r6, r2
100058f6:	4618      	mov	r0, r3
100058f8:	f3ef 8710 	mrs	r7, PRIMASK
100058fc:	b672      	cpsid	i
100058fe:	4d0d      	ldr	r5, [pc, #52]	@ (10005934 <__atomic_exchange+0x48>)
10005900:	e8d5 2fcf 	ldaexb	r2, [r5]
10005904:	2301      	movs	r3, #1
10005906:	2a00      	cmp	r2, #0
10005908:	d1fa      	bne.n	10005900 <__atomic_exchange+0x14>
1000590a:	e8c5 3f42 	strexb	r2, r3, [r5]
1000590e:	2a00      	cmp	r2, #0
10005910:	d1f6      	bne.n	10005900 <__atomic_exchange+0x14>
10005912:	f3bf 8f5f 	dmb	sy
10005916:	4622      	mov	r2, r4
10005918:	f005 f99e 	bl	1000ac58 <memcpy>
1000591c:	4622      	mov	r2, r4
1000591e:	4631      	mov	r1, r6
10005920:	4640      	mov	r0, r8
10005922:	f005 f999 	bl	1000ac58 <memcpy>
10005926:	2300      	movs	r3, #0
10005928:	e8c5 3f8f 	stlb	r3, [r5]
1000592c:	f387 8810 	msr	PRIMASK, r7
10005930:	e8bd 81f0 	ldmia.w	sp!, {r4, r5, r6, r7, r8, pc}
10005934:	20001791 	.word	0x20001791

10005938 <__atomic_load_8>:
10005938:	f3ef 8210 	mrs	r2, PRIMASK
1000593c:	b672      	cpsid	i
1000593e:	4b0b      	ldr	r3, [pc, #44]	@ (1000596c <__atomic_load_8+0x34>)
10005940:	e8d3 cfcf 	ldaexb	ip, [r3]
10005944:	2101      	movs	r1, #1
10005946:	f1bc 0f00 	cmp.w	ip, #0
1000594a:	d1f9      	bne.n	10005940 <__atomic_load_8+0x8>
1000594c:	e8c3 1f4c 	strexb	ip, r1, [r3]
10005950:	f1bc 0f00 	cmp.w	ip, #0
10005954:	d1f4      	bne.n	10005940 <__atomic_load_8+0x8>
10005956:	f3bf 8f5f 	dmb	sy
1000595a:	f04f 0c00 	mov.w	ip, #0
1000595e:	e9d0 0100 	ldrd	r0, r1, [r0]
10005962:	e8c3 cf8f 	stlb	ip, [r3]
10005966:	f382 8810 	msr	PRIMASK, r2
1000596a:	4770      	bx	lr
1000596c:	20001791 	.word	0x20001791

10005970 <__atomic_store_8>:
10005970:	b430      	push	{r4, r5}
10005972:	4614      	mov	r4, r2
10005974:	461d      	mov	r5, r3
10005976:	f3ef 8210 	mrs	r2, PRIMASK
1000597a:	b672      	cpsid	i
1000597c:	4b0b      	ldr	r3, [pc, #44]	@ (100059ac <__atomic_store_8+0x3c>)
1000597e:	e8d3 cfcf 	ldaexb	ip, [r3]
10005982:	2101      	movs	r1, #1
10005984:	f1bc 0f00 	cmp.w	ip, #0
10005988:	d1f9      	bne.n	1000597e <__atomic_store_8+0xe>
1000598a:	e8c3 1f4c 	strexb	ip, r1, [r3]
1000598e:	f1bc 0f00 	cmp.w	ip, #0
10005992:	d1f4      	bne.n	1000597e <__atomic_store_8+0xe>
10005994:	f3bf 8f5f 	dmb	sy
10005998:	2100      	movs	r1, #0
1000599a:	e9c0 4500 	strd	r4, r5, [r0]
1000599e:	e8c3 1f8f 	stlb	r1, [r3]
100059a2:	f382 8810 	msr	PRIMASK, r2
100059a6:	bc30      	pop	{r4, r5}
100059a8:	4770      	bx	lr
100059aa:	bf00      	nop
100059ac:	20001791 	.word	0x20001791

100059b0 <__atomic_compare_exchange_8>:
100059b0:	b5f0      	push	{r4, r5, r6, r7, lr}
100059b2:	4614      	mov	r4, r2
100059b4:	461d      	mov	r5, r3
100059b6:	f3ef 8c10 	mrs	ip, PRIMASK
100059ba:	b672      	cpsid	i
100059bc:	f8df e04c 	ldr.w	lr, [pc, #76]	@ 10005a0c <__atomic_compare_exchange_8+0x5c>
100059c0:	e8de 2fcf 	ldaexb	r2, [lr]
100059c4:	2301      	movs	r3, #1
100059c6:	2a00      	cmp	r2, #0
100059c8:	d1fa      	bne.n	100059c0 <__atomic_compare_exchange_8+0x10>
100059ca:	e8ce 3f42 	strexb	r2, r3, [lr]
100059ce:	2a00      	cmp	r2, #0
100059d0:	d1f6      	bne.n	100059c0 <__atomic_compare_exchange_8+0x10>
100059d2:	f3bf 8f5f 	dmb	sy
100059d6:	e9d0 2300 	ldrd	r2, r3, [r0]
100059da:	e9d1 7600 	ldrd	r7, r6, [r1]
100059de:	42b3      	cmp	r3, r6
100059e0:	bf08      	it	eq
100059e2:	42ba      	cmpeq	r2, r7
100059e4:	d009      	beq.n	100059fa <__atomic_compare_exchange_8+0x4a>
100059e6:	e9d0 2300 	ldrd	r2, r3, [r0]
100059ea:	2000      	movs	r0, #0
100059ec:	e9c1 2300 	strd	r2, r3, [r1]
100059f0:	e8ce 0f8f 	stlb	r0, [lr]
100059f4:	f38c 8810 	msr	PRIMASK, ip
100059f8:	bdf0      	pop	{r4, r5, r6, r7, pc}
100059fa:	e9c0 4500 	strd	r4, r5, [r0]
100059fe:	2300      	movs	r3, #0
10005a00:	e8ce 3f8f 	stlb	r3, [lr]
10005a04:	f38c 8810 	msr	PRIMASK, ip
10005a08:	2001      	movs	r0, #1
10005a0a:	bdf0      	pop	{r4, r5, r6, r7, pc}
10005a0c:	20001791 	.word	0x20001791

10005a10 <__atomic_exchange_8>:
10005a10:	b530      	push	{r4, r5, lr}
10005a12:	4614      	mov	r4, r2
10005a14:	461d      	mov	r5, r3
10005a16:	4602      	mov	r2, r0
10005a18:	f3ef 8c10 	mrs	ip, PRIMASK
10005a1c:	b672      	cpsid	i
10005a1e:	4b0b      	ldr	r3, [pc, #44]	@ (10005a4c <__atomic_exchange_8+0x3c>)
10005a20:	e8d3 0fcf 	ldaexb	r0, [r3]
10005a24:	2101      	movs	r1, #1
10005a26:	2800      	cmp	r0, #0
10005a28:	d1fa      	bne.n	10005a20 <__atomic_exchange_8+0x10>
10005a2a:	e8c3 1f40 	strexb	r0, r1, [r3]
10005a2e:	2800      	cmp	r0, #0
10005a30:	d1f6      	bne.n	10005a20 <__atomic_exchange_8+0x10>
10005a32:	f3bf 8f5f 	dmb	sy
10005a36:	f04f 0e00 	mov.w	lr, #0
10005a3a:	e9d2 0100 	ldrd	r0, r1, [r2]
10005a3e:	e9c2 4500 	strd	r4, r5, [r2]
10005a42:	e8c3 ef8f 	stlb	lr, [r3]
10005a46:	f38c 8810 	msr	PRIMASK, ip
10005a4a:	bd30      	pop	{r4, r5, pc}
10005a4c:	20001791 	.word	0x20001791

10005a50 <__atomic_fetch_add_8>:
10005a50:	b5f0      	push	{r4, r5, r6, r7, lr}
10005a52:	4684      	mov	ip, r0
10005a54:	f3ef 8e10 	mrs	lr, PRIMASK
10005a58:	b672      	cpsid	i
10005a5a:	4c0c      	ldr	r4, [pc, #48]	@ (10005a8c <__atomic_fetch_add_8+0x3c>)
10005a5c:	e8d4 0fcf 	ldaexb	r0, [r4]
10005a60:	2101      	movs	r1, #1
10005a62:	2800      	cmp	r0, #0
10005a64:	d1fa      	bne.n	10005a5c <__atomic_fetch_add_8+0xc>
10005a66:	e8c4 1f40 	strexb	r0, r1, [r4]
10005a6a:	2800      	cmp	r0, #0
10005a6c:	d1f6      	bne.n	10005a5c <__atomic_fetch_add_8+0xc>
10005a6e:	f3bf 8f5f 	dmb	sy
10005a72:	e9dc 0100 	ldrd	r0, r1, [ip]
10005a76:	1886      	adds	r6, r0, r2
10005a78:	eb43 0701 	adc.w	r7, r3, r1
10005a7c:	2500      	movs	r5, #0
10005a7e:	e9cc 6700 	strd	r6, r7, [ip]
10005a82:	e8c4 5f8f 	stlb	r5, [r4]
10005a86:	f38e 8810 	msr	PRIMASK, lr
10005a8a:	bdf0      	pop	{r4, r5, r6, r7, pc}
10005a8c:	20001791 	.word	0x20001791

10005a90 <__atomic_fetch_sub_8>:
10005a90:	b5f0      	push	{r4, r5, r6, r7, lr}
10005a92:	4684      	mov	ip, r0
10005a94:	f3ef 8e10 	mrs	lr, PRIMASK
10005a98:	b672      	cpsid	i
10005a9a:	4c0c      	ldr	r4, [pc, #48]	@ (10005acc <__atomic_fetch_sub_8+0x3c>)
10005a9c:	e8d4 0fcf 	ldaexb	r0, [r4]
10005aa0:	2101      	movs	r1, #1
10005aa2:	2800      	cmp	r0, #0
10005aa4:	d1fa      	bne.n	10005a9c <__atomic_fetch_sub_8+0xc>
10005aa6:	e8c4 1f40 	strexb	r0, r1, [r4]
10005aaa:	2800      	cmp	r0, #0
10005aac:	d1f6      	bne.n	10005a9c <__atomic_fetch_sub_8+0xc>
10005aae:	f3bf 8f5f 	dmb	sy
10005ab2:	e9dc 0100 	ldrd	r0, r1, [ip]
10005ab6:	1a86      	subs	r6, r0, r2
10005ab8:	eb61 0703 	sbc.w	r7, r1, r3
10005abc:	2500      	movs	r5, #0
10005abe:	e9cc 6700 	strd	r6, r7, [ip]
10005ac2:	e8c4 5f8f 	stlb	r5, [r4]
10005ac6:	f38e 8810 	msr	PRIMASK, lr
10005aca:	bdf0      	pop	{r4, r5, r6, r7, pc}
10005acc:	20001791 	.word	0x20001791

10005ad0 <__atomic_fetch_and_8>:
10005ad0:	b5f0      	push	{r4, r5, r6, r7, lr}
10005ad2:	4601      	mov	r1, r0
10005ad4:	f3ef 8c10 	mrs	ip, PRIMASK
10005ad8:	b672      	cpsid	i
10005ada:	480e      	ldr	r0, [pc, #56]	@ (10005b14 <__atomic_fetch_and_8+0x44>)
10005adc:	e8d0 5fcf 	ldaexb	r5, [r0]
10005ae0:	2401      	movs	r4, #1
10005ae2:	2d00      	cmp	r5, #0
10005ae4:	d1fa      	bne.n	10005adc <__atomic_fetch_and_8+0xc>
10005ae6:	e8c0 4f45 	strexb	r5, r4, [r0]
10005aea:	2d00      	cmp	r5, #0
10005aec:	d1f6      	bne.n	10005adc <__atomic_fetch_and_8+0xc>
10005aee:	f3bf 8f5f 	dmb	sy
10005af2:	e9d1 4500 	ldrd	r4, r5, [r1]
10005af6:	ea04 0602 	and.w	r6, r4, r2
10005afa:	ea05 0703 	and.w	r7, r5, r3
10005afe:	f04f 0e00 	mov.w	lr, #0
10005b02:	e9c1 6700 	strd	r6, r7, [r1]
10005b06:	e8c0 ef8f 	stlb	lr, [r0]
10005b0a:	f38c 8810 	msr	PRIMASK, ip
10005b0e:	4620      	mov	r0, r4
10005b10:	4629      	mov	r1, r5
10005b12:	bdf0      	pop	{r4, r5, r6, r7, pc}
10005b14:	20001791 	.word	0x20001791

10005b18 <__atomic_fetch_or_8>:
10005b18:	b5f0      	push	{r4, r5, r6, r7, lr}
10005b1a:	4601      	mov	r1, r0
10005b1c:	f3ef 8c10 	mrs	ip, PRIMASK
10005b20:	b672      	cpsid	i
10005b22:	480e      	ldr	r0, [pc, #56]	@ (10005b5c <__atomic_fetch_or_8+0x44>)
10005b24:	e8d0 5fcf 	ldaexb	r5, [r0]
10005b28:	2401      	movs	r4, #1
10005b2a:	2d00      	cmp	r5, #0
10005b2c:	d1fa      	bne.n	10005b24 <__atomic_fetch_or_8+0xc>
10005b2e:	e8c0 4f45 	strexb	r5, r4, [r0]
10005b32:	2d00      	cmp	r5, #0
10005b34:	d1f6      	bne.n	10005b24 <__atomic_fetch_or_8+0xc>
10005b36:	f3bf 8f5f 	dmb	sy
10005b3a:	e9d1 4500 	ldrd	r4, r5, [r1]
10005b3e:	ea44 0602 	orr.w	r6, r4, r2
10005b42:	ea45 0703 	orr.w	r7, r5, r3
10005b46:	f04f 0e00 	mov.w	lr, #0
10005b4a:	e9c1 6700 	strd	r6, r7, [r1]
10005b4e:	e8c0 ef8f 	stlb	lr, [r0]
10005b52:	f38c 8810 	msr	PRIMASK, ip
10005b56:	4620      	mov	r0, r4
10005b58:	4629      	mov	r1, r5
10005b5a:	bdf0      	pop	{r4, r5, r6, r7, pc}
10005b5c:	20001791 	.word	0x20001791

10005b60 <__atomic_fetch_xor_8>:
10005b60:	b5f0      	push	{r4, r5, r6, r7, lr}
10005b62:	4601      	mov	r1, r0
10005b64:	f3ef 8c10 	mrs	ip, PRIMASK
10005b68:	b672      	cpsid	i
10005b6a:	480e      	ldr	r0, [pc, #56]	@ (10005ba4 <__atomic_fetch_xor_8+0x44>)
10005b6c:	e8d0 5fcf 	ldaexb	r5, [r0]
10005b70:	2401      	movs	r4, #1
10005b72:	2d00      	cmp	r5, #0
10005b74:	d1fa      	bne.n	10005b6c <__atomic_fetch_xor_8+0xc>
10005b76:	e8c0 4f45 	strexb	r5, r4, [r0]
10005b7a:	2d00      	cmp	r5, #0
10005b7c:	d1f6      	bne.n	10005b6c <__atomic_fetch_xor_8+0xc>
10005b7e:	f3bf 8f5f 	dmb	sy
10005b82:	e9d1 4500 	ldrd	r4, r5, [r1]
10005b86:	ea84 0602 	eor.w	r6, r4, r2
10005b8a:	ea85 0703 	eor.w	r7, r5, r3
10005b8e:	f04f 0e00 	mov.w	lr, #0
10005b92:	e9c1 6700 	strd	r6, r7, [r1]
10005b96:	e8c0 ef8f 	stlb	lr, [r0]
10005b9a:	f38c 8810 	msr	PRIMASK, ip
10005b9e:	4620      	mov	r0, r4
10005ba0:	4629      	mov	r1, r5
10005ba2:	bdf0      	pop	{r4, r5, r6, r7, pc}
10005ba4:	20001791 	.word	0x20001791

10005ba8 <_exit>:
10005ba8:	be00      	bkpt	0x0000
10005baa:	e7fd      	b.n	10005ba8 <_exit>

10005bac <panic>:
10005bac:	b40f      	push	{r0, r1, r2, r3}
10005bae:	b500      	push	{lr}
10005bb0:	b085      	sub	sp, #20
10005bb2:	ac06      	add	r4, sp, #24
10005bb4:	480d      	ldr	r0, [pc, #52]	@ (10005bec <panic+0x40>)
10005bb6:	f854 6b04 	ldr.w	r6, [r4], #4
10005bba:	f001 fdfd 	bl	100077b8 <__wrap_puts>
10005bbe:	4b0c      	ldr	r3, [pc, #48]	@ (10005bf0 <panic+0x44>)
10005bc0:	9403      	str	r4, [sp, #12]
10005bc2:	f8d3 50f8 	ldr.w	r5, [r3, #248]	@ 0xf8
10005bc6:	b165      	cbz	r5, 10005be2 <panic+0x36>
10005bc8:	4633      	mov	r3, r6
10005bca:	f04f 32ff 	mov.w	r2, #4294967295
10005bce:	4809      	ldr	r0, [pc, #36]	@ (10005bf4 <panic+0x48>)
10005bd0:	9400      	str	r4, [sp, #0]
10005bd2:	a902      	add	r1, sp, #8
10005bd4:	47a8      	blx	r5
10005bd6:	4808      	ldr	r0, [pc, #32]	@ (10005bf8 <panic+0x4c>)
10005bd8:	f001 fdee 	bl	100077b8 <__wrap_puts>
10005bdc:	2001      	movs	r0, #1
10005bde:	f7ff ffe3 	bl	10005ba8 <_exit>
10005be2:	4630      	mov	r0, r6
10005be4:	f001 fde8 	bl	100077b8 <__wrap_puts>
10005be8:	e7f5      	b.n	10005bd6 <panic+0x2a>
10005bea:	bf00      	nop
10005bec:	1000af64 	.word	0x1000af64
10005bf0:	200016f8 	.word	0x200016f8
10005bf4:	10003edd 	.word	0x10003edd
10005bf8:	1000aeb0 	.word	0x1000aeb0

10005bfc <irq_set_exclusive_handler>:
10005bfc:	b510      	push	{r4, lr}
10005bfe:	f3ef 8c10 	mrs	ip, PRIMASK
10005c02:	b672      	cpsid	i
10005c04:	4b12      	ldr	r3, [pc, #72]	@ (10005c50 <irq_set_exclusive_handler+0x54>)
10005c06:	e8d3 4fcf 	ldaexb	r4, [r3]
10005c0a:	2201      	movs	r2, #1
10005c0c:	2c00      	cmp	r4, #0
10005c0e:	d1fa      	bne.n	10005c06 <irq_set_exclusive_handler+0xa>
10005c10:	e8c3 2f44 	strexb	r4, r2, [r3]
10005c14:	2c00      	cmp	r4, #0
10005c16:	d1f6      	bne.n	10005c06 <irq_set_exclusive_handler+0xa>
10005c18:	f3bf 8f5f 	dmb	sy
10005c1c:	4a0d      	ldr	r2, [pc, #52]	@ (10005c54 <irq_set_exclusive_handler+0x58>)
10005c1e:	3010      	adds	r0, #16
10005c20:	6892      	ldr	r2, [r2, #8]
10005c22:	4c0d      	ldr	r4, [pc, #52]	@ (10005c58 <irq_set_exclusive_handler+0x5c>)
10005c24:	f852 2020 	ldr.w	r2, [r2, r0, lsl #2]
10005c28:	42a2      	cmp	r2, r4
10005c2a:	d004      	beq.n	10005c36 <irq_set_exclusive_handler+0x3a>
10005c2c:	4291      	cmp	r1, r2
10005c2e:	d002      	beq.n	10005c36 <irq_set_exclusive_handler+0x3a>
10005c30:	480a      	ldr	r0, [pc, #40]	@ (10005c5c <irq_set_exclusive_handler+0x60>)
10005c32:	f7ff ffbb 	bl	10005bac <panic>
10005c36:	4a07      	ldr	r2, [pc, #28]	@ (10005c54 <irq_set_exclusive_handler+0x58>)
10005c38:	6892      	ldr	r2, [r2, #8]
10005c3a:	f842 1020 	str.w	r1, [r2, r0, lsl #2]
10005c3e:	f3bf 8f5f 	dmb	sy
10005c42:	2200      	movs	r2, #0
10005c44:	e8c3 2f8f 	stlb	r2, [r3]
10005c48:	f38c 8810 	msr	PRIMASK, ip
10005c4c:	bd10      	pop	{r4, pc}
10005c4e:	bf00      	nop
10005c50:	2000178d 	.word	0x2000178d
10005c54:	e000ed00 	.word	0xe000ed00
10005c58:	10000111 	.word	0x10000111
10005c5c:	1000af74 	.word	0x1000af74

10005c60 <stdio_uart_set_chars_available_callback>:
10005c60:	e92d 4ff8 	stmdb	sp!, {r3, r4, r5, r6, r7, r8, r9, sl, fp, lr}
10005c64:	4b8b      	ldr	r3, [pc, #556]	@ (10005e94 <stdio_uart_set_chars_available_callback+0x234>)
10005c66:	4a8c      	ldr	r2, [pc, #560]	@ (10005e98 <stdio_uart_set_chars_available_callback+0x238>)
10005c68:	f8d3 4100 	ldr.w	r4, [r3, #256]	@ 0x100
10005c6c:	4294      	cmp	r4, r2
10005c6e:	bf15      	itete	ne
10005c70:	2502      	movne	r5, #2
10005c72:	2504      	moveq	r5, #4
10005c74:	f04f 0cc4 	movne.w	ip, #196	@ 0xc4
10005c78:	f04f 0cc8 	moveq.w	ip, #200	@ 0xc8
10005c7c:	bf15      	itete	ne
10005c7e:	f04f 0e31 	movne.w	lr, #49	@ 0x31
10005c82:	f04f 0e32 	moveq.w	lr, #50	@ 0x32
10005c86:	2621      	movne	r6, #33	@ 0x21
10005c88:	2622      	moveq	r6, #34	@ 0x22
10005c8a:	f8d3 2108 	ldr.w	r2, [r3, #264]	@ 0x108
10005c8e:	b118      	cbz	r0, 10005c98 <stdio_uart_set_chars_available_callback+0x38>
10005c90:	2a00      	cmp	r2, #0
10005c92:	d047      	beq.n	10005d24 <stdio_uart_set_chars_available_callback+0xc4>
10005c94:	e8bd 8ff8 	ldmia.w	sp!, {r3, r4, r5, r6, r7, r8, r9, sl, fp, pc}
10005c98:	2a00      	cmp	r2, #0
10005c9a:	d0fb      	beq.n	10005c94 <stdio_uart_set_chars_available_callback+0x34>
10005c9c:	4a7f      	ldr	r2, [pc, #508]	@ (10005e9c <stdio_uart_set_chars_available_callback+0x23c>)
10005c9e:	63a0      	str	r0, [r4, #56]	@ 0x38
10005ca0:	f8c2 5084 	str.w	r5, [r2, #132]	@ 0x84
10005ca4:	f3ef 8910 	mrs	r9, PRIMASK
10005ca8:	b672      	cpsid	i
10005caa:	f103 0095 	add.w	r0, r3, #149	@ 0x95
10005cae:	e8d0 4fcf 	ldaexb	r4, [r0]
10005cb2:	2101      	movs	r1, #1
10005cb4:	2c00      	cmp	r4, #0
10005cb6:	d1fa      	bne.n	10005cae <stdio_uart_set_chars_available_callback+0x4e>
10005cb8:	e8c0 1f44 	strexb	r4, r1, [r0]
10005cbc:	2c00      	cmp	r4, #0
10005cbe:	d1f6      	bne.n	10005cae <stdio_uart_set_chars_available_callback+0x4e>
10005cc0:	f3bf 8f5f 	dmb	sy
10005cc4:	4976      	ldr	r1, [pc, #472]	@ (10005ea0 <stdio_uart_set_chars_available_callback+0x240>)
10005cc6:	f8df 81f4 	ldr.w	r8, [pc, #500]	@ 10005ebc <stdio_uart_set_chars_available_callback+0x25c>
10005cca:	6889      	ldr	r1, [r1, #8]
10005ccc:	f851 100c 	ldr.w	r1, [r1, ip]
10005cd0:	4541      	cmp	r1, r8
10005cd2:	d018      	beq.n	10005d06 <stdio_uart_set_chars_available_callback+0xa6>
10005cd4:	4e73      	ldr	r6, [pc, #460]	@ (10005ea4 <stdio_uart_set_chars_available_callback+0x244>)
10005cd6:	42b1      	cmp	r1, r6
10005cd8:	d014      	beq.n	10005d04 <stdio_uart_set_chars_available_callback+0xa4>
10005cda:	4f73      	ldr	r7, [pc, #460]	@ (10005ea8 <stdio_uart_set_chars_available_callback+0x248>)
10005cdc:	1bcc      	subs	r4, r1, r7
10005cde:	2c2f      	cmp	r4, #47	@ 0x2f
10005ce0:	d811      	bhi.n	10005d06 <stdio_uart_set_chars_available_callback+0xa6>
10005ce2:	6854      	ldr	r4, [r2, #4]
10005ce4:	f8c2 5084 	str.w	r5, [r2, #132]	@ 0x84
10005ce8:	ea04 0a05 	and.w	sl, r4, r5
10005cec:	f3bf 8f5f 	dmb	sy
10005cf0:	f3ef 8205 	mrs	r2, IPSR
10005cf4:	b2d2      	uxtb	r2, r2
10005cf6:	4693      	mov	fp, r2
10005cf8:	b362      	cbz	r2, 10005d54 <stdio_uart_set_chars_available_callback+0xf4>
10005cfa:	4596      	cmp	lr, r2
10005cfc:	d04b      	beq.n	10005d96 <stdio_uart_set_chars_available_callback+0x136>
10005cfe:	486b      	ldr	r0, [pc, #428]	@ (10005eac <stdio_uart_set_chars_available_callback+0x24c>)
10005d00:	f7ff ff54 	bl	10005bac <panic>
10005d04:	4641      	mov	r1, r8
10005d06:	4a66      	ldr	r2, [pc, #408]	@ (10005ea0 <stdio_uart_set_chars_available_callback+0x240>)
10005d08:	6892      	ldr	r2, [r2, #8]
10005d0a:	f842 100c 	str.w	r1, [r2, ip]
10005d0e:	f3bf 8f5f 	dmb	sy
10005d12:	2200      	movs	r2, #0
10005d14:	e8c0 2f8f 	stlb	r2, [r0]
10005d18:	f389 8810 	msr	PRIMASK, r9
10005d1c:	e9c3 2242 	strd	r2, r2, [r3, #264]	@ 0x108
10005d20:	e8bd 8ff8 	ldmia.w	sp!, {r3, r4, r5, r6, r7, r8, r9, sl, fp, pc}
10005d24:	f8c3 0108 	str.w	r0, [r3, #264]	@ 0x108
10005d28:	f8c3 110c 	str.w	r1, [r3, #268]	@ 0x10c
10005d2c:	4630      	mov	r0, r6
10005d2e:	495d      	ldr	r1, [pc, #372]	@ (10005ea4 <stdio_uart_set_chars_available_callback+0x244>)
10005d30:	f7ff ff64 	bl	10005bfc <irq_set_exclusive_handler>
10005d34:	2150      	movs	r1, #80	@ 0x50
10005d36:	4623      	mov	r3, r4
10005d38:	4a58      	ldr	r2, [pc, #352]	@ (10005e9c <stdio_uart_set_chars_available_callback+0x23c>)
10005d3a:	f8c2 5184 	str.w	r5, [r2, #388]	@ 0x184
10005d3e:	6055      	str	r5, [r2, #4]
10005d40:	63a1      	str	r1, [r4, #56]	@ 0x38
10005d42:	f853 2f34 	ldr.w	r2, [r3, #52]!
10005d46:	f002 0238 	and.w	r2, r2, #56	@ 0x38
10005d4a:	f503 5380 	add.w	r3, r3, #4096	@ 0x1000
10005d4e:	601a      	str	r2, [r3, #0]
10005d50:	e8bd 8ff8 	ldmia.w	sp!, {r3, r4, r5, r6, r7, r8, r9, sl, fp, pc}
10005d54:	f021 0e01 	bic.w	lr, r1, #1
10005d58:	f8de 4008 	ldr.w	r4, [lr, #8]
10005d5c:	42b4      	cmp	r4, r6
10005d5e:	d108      	bne.n	10005d72 <stdio_uart_set_chars_available_callback+0x112>
10005d60:	e08e      	b.n	10005e80 <stdio_uart_set_chars_available_callback+0x220>
10005d62:	eb02 0242 	add.w	r2, r2, r2, lsl #1
10005d66:	eb07 0282 	add.w	r2, r7, r2, lsl #2
10005d6a:	6894      	ldr	r4, [r2, #8]
10005d6c:	42b4      	cmp	r4, r6
10005d6e:	d057      	beq.n	10005e20 <stdio_uart_set_chars_available_callback+0x1c0>
10005d70:	4696      	mov	lr, r2
10005d72:	f99e 2006 	ldrsb.w	r2, [lr, #6]
10005d76:	2a00      	cmp	r2, #0
10005d78:	daf3      	bge.n	10005d62 <stdio_uart_set_chars_available_callback+0x102>
10005d7a:	42b4      	cmp	r4, r6
10005d7c:	f000 8087 	beq.w	10005e8e <stdio_uart_set_chars_available_callback+0x22e>
10005d80:	4a46      	ldr	r2, [pc, #280]	@ (10005e9c <stdio_uart_set_chars_available_callback+0x23c>)
10005d82:	f1ba 0f00 	cmp.w	sl, #0
10005d86:	d003      	beq.n	10005d90 <stdio_uart_set_chars_available_callback+0x130>
10005d88:	f8c2 5184 	str.w	r5, [r2, #388]	@ 0x184
10005d8c:	6055      	str	r5, [r2, #4]
10005d8e:	e7ba      	b.n	10005d06 <stdio_uart_set_chars_available_callback+0xa6>
10005d90:	f8c2 5084 	str.w	r5, [r2, #132]	@ 0x84
10005d94:	e7b7      	b.n	10005d06 <stdio_uart_set_chars_available_callback+0xa6>
10005d96:	f021 0e01 	bic.w	lr, r1, #1
10005d9a:	f8de 4008 	ldr.w	r4, [lr, #8]
10005d9e:	42b4      	cmp	r4, r6
10005da0:	d1e7      	bne.n	10005d72 <stdio_uart_set_chars_available_callback+0x112>
10005da2:	f99e 6006 	ldrsb.w	r6, [lr, #6]
10005da6:	4672      	mov	r2, lr
10005da8:	2e00      	cmp	r6, #0
10005daa:	db5a      	blt.n	10005e62 <stdio_uart_set_chars_available_callback+0x202>
10005dac:	eb06 0846 	add.w	r8, r6, r6, lsl #1
10005db0:	eb07 0888 	add.w	r8, r7, r8, lsl #2
10005db4:	f8d8 4008 	ldr.w	r4, [r8, #8]
10005db8:	ea4f 0e46 	mov.w	lr, r6, lsl #1
10005dbc:	6094      	str	r4, [r2, #8]
10005dbe:	f898 4007 	ldrb.w	r4, [r8, #7]
10005dc2:	71d4      	strb	r4, [r2, #7]
10005dc4:	f998 4006 	ldrsb.w	r4, [r8, #6]
10005dc8:	2c00      	cmp	r4, #0
10005dca:	7194      	strb	r4, [r2, #6]
10005dcc:	db46      	blt.n	10005e5c <stdio_uart_set_chars_available_callback+0x1fc>
10005dce:	f8b8 4004 	ldrh.w	r4, [r8, #4]
10005dd2:	0564      	lsls	r4, r4, #21
10005dd4:	d504      	bpl.n	10005de0 <stdio_uart_set_chars_available_callback+0x180>
10005dd6:	f504 14ff 	add.w	r4, r4, #2088960	@ 0x1fe000
10005dda:	f504 54ff 	add.w	r4, r4, #8160	@ 0x1fe0
10005dde:	341f      	adds	r4, #31
10005de0:	1564      	asrs	r4, r4, #21
10005de2:	f104 0802 	add.w	r8, r4, #2
10005de6:	f04f 0b04 	mov.w	fp, #4
10005dea:	240c      	movs	r4, #12
10005dec:	fb14 b406 	smlabb	r4, r4, r6, fp
10005df0:	eb04 0448 	add.w	r4, r4, r8, lsl #1
10005df4:	f06f 0807 	mvn.w	r8, #7
10005df8:	443c      	add	r4, r7
10005dfa:	eba8 0802 	sub.w	r8, r8, r2
10005dfe:	4444      	add	r4, r8
10005e00:	f3c4 044a 	ubfx	r4, r4, #1, #11
10005e04:	f444 4460 	orr.w	r4, r4, #57344	@ 0xe000
10005e08:	8094      	strh	r4, [r2, #4]
10005e0a:	4c29      	ldr	r4, [pc, #164]	@ (10005eb0 <stdio_uart_set_chars_available_callback+0x250>)
10005e0c:	eb0e 0206 	add.w	r2, lr, r6
10005e10:	eb07 0282 	add.w	r2, r7, r2, lsl #2
10005e14:	f894 7f2c 	ldrb.w	r7, [r4, #3884]	@ 0xf2c
10005e18:	f884 6f2c 	strb.w	r6, [r4, #3884]	@ 0xf2c
10005e1c:	7197      	strb	r7, [r2, #6]
10005e1e:	e7af      	b.n	10005d80 <stdio_uart_set_chars_available_callback+0x120>
10005e20:	f992 6006 	ldrsb.w	r6, [r2, #6]
10005e24:	2e00      	cmp	r6, #0
10005e26:	dac1      	bge.n	10005dac <stdio_uart_set_chars_available_callback+0x14c>
10005e28:	f1bb 0f00 	cmp.w	fp, #0
10005e2c:	d119      	bne.n	10005e62 <stdio_uart_set_chars_available_callback+0x202>
10005e2e:	24ff      	movs	r4, #255	@ 0xff
10005e30:	f88e 4006 	strb.w	r4, [lr, #6]
10005e34:	f64b 5401 	movw	r4, #48385	@ 0xbd01
10005e38:	f8ae 4004 	strh.w	r4, [lr, #4]
10005e3c:	f8df e070 	ldr.w	lr, [pc, #112]	@ 10005eb0 <stdio_uart_set_chars_available_callback+0x250>
10005e40:	f64a 24aa 	movw	r4, #43690	@ 0xaaaa
10005e44:	f89e 8f2c 	ldrb.w	r8, [lr, #3884]	@ 0xf2c
10005e48:	4616      	mov	r6, r2
10005e4a:	1bf6      	subs	r6, r6, r7
10005e4c:	4176      	adcs	r6, r6
10005e4e:	4374      	muls	r4, r6
10005e50:	0d24      	lsrs	r4, r4, #20
10005e52:	f882 8006 	strb.w	r8, [r2, #6]
10005e56:	f88e 4f2c 	strb.w	r4, [lr, #3884]	@ 0xf2c
10005e5a:	e791      	b.n	10005d80 <stdio_uart_set_chars_available_callback+0x120>
10005e5c:	f64b 5401 	movw	r4, #48385	@ 0xbd01
10005e60:	e7d2      	b.n	10005e08 <stdio_uart_set_chars_available_callback+0x1a8>
10005e62:	4c14      	ldr	r4, [pc, #80]	@ (10005eb4 <stdio_uart_set_chars_available_callback+0x254>)
10005e64:	4f14      	ldr	r7, [pc, #80]	@ (10005eb8 <stdio_uart_set_chars_available_callback+0x258>)
10005e66:	1aa4      	subs	r4, r4, r2
10005e68:	3c08      	subs	r4, #8
10005e6a:	f3c4 360a 	ubfx	r6, r4, #12, #11
10005e6e:	ea6f 5606 	mvn.w	r6, r6, lsl #20
10005e72:	ea6f 5616 	mvn.w	r6, r6, lsr #20
10005e76:	ea47 0454 	orr.w	r4, r7, r4, lsr #1
10005e7a:	80d4      	strh	r4, [r2, #6]
10005e7c:	8096      	strh	r6, [r2, #4]
10005e7e:	e77f      	b.n	10005d80 <stdio_uart_set_chars_available_callback+0x120>
10005e80:	f99e 6006 	ldrsb.w	r6, [lr, #6]
10005e84:	4672      	mov	r2, lr
10005e86:	2e00      	cmp	r6, #0
10005e88:	da90      	bge.n	10005dac <stdio_uart_set_chars_available_callback+0x14c>
10005e8a:	4641      	mov	r1, r8
10005e8c:	e7d6      	b.n	10005e3c <stdio_uart_set_chars_available_callback+0x1dc>
10005e8e:	4672      	mov	r2, lr
10005e90:	e7ca      	b.n	10005e28 <stdio_uart_set_chars_available_callback+0x1c8>
10005e92:	bf00      	nop
10005e94:	200016f8 	.word	0x200016f8
10005e98:	40078000 	.word	0x40078000
10005e9c:	e000e100 	.word	0xe000e100
10005ea0:	e000ed00 	.word	0xe000ed00
10005ea4:	100036d9 	.word	0x100036d9
10005ea8:	20001164 	.word	0x20001164
10005eac:	1000af74 	.word	0x1000af74
10005eb0:	200038e8 	.word	0x200038e8
10005eb4:	2000119e 	.word	0x2000119e
10005eb8:	fffff800 	.word	0xfffff800
10005ebc:	10000111 	.word	0x10000111

10005ec0 <runtime_init_default_alarm_pool>:
10005ec0:	e92d 4ff8 	stmdb	sp!, {r3, r4, r5, r6, r7, r8, r9, sl, fp, lr}
10005ec4:	4b49      	ldr	r3, [pc, #292]	@ (10005fec <runtime_init_default_alarm_pool+0x12c>)
10005ec6:	695a      	ldr	r2, [r3, #20]
10005ec8:	b12a      	cbz	r2, 10005ed6 <runtime_init_default_alarm_pool+0x16>
10005eca:	4e49      	ldr	r6, [pc, #292]	@ (10005ff0 <runtime_init_default_alarm_pool+0x130>)
10005ecc:	4b49      	ldr	r3, [pc, #292]	@ (10005ff4 <runtime_init_default_alarm_pool+0x134>)
10005ece:	f8c6 30cc 	str.w	r3, [r6, #204]	@ 0xcc
10005ed2:	e8bd 8ff8 	ldmia.w	sp!, {r3, r4, r5, r6, r7, r8, r9, sl, fp, pc}
10005ed6:	f3ef 8410 	mrs	r4, PRIMASK
10005eda:	b672      	cpsid	i
10005edc:	4a46      	ldr	r2, [pc, #280]	@ (10005ff8 <runtime_init_default_alarm_pool+0x138>)
10005ede:	e8d2 0fcf 	ldaexb	r0, [r2]
10005ee2:	2101      	movs	r1, #1
10005ee4:	2800      	cmp	r0, #0
10005ee6:	d1fa      	bne.n	10005ede <runtime_init_default_alarm_pool+0x1e>
10005ee8:	e8c2 1f40 	strexb	r0, r1, [r2]
10005eec:	2800      	cmp	r0, #0
10005eee:	d1f6      	bne.n	10005ede <runtime_init_default_alarm_pool+0x1e>
10005ef0:	f3bf 8f5f 	dmb	sy
10005ef4:	4841      	ldr	r0, [pc, #260]	@ (10005ffc <runtime_init_default_alarm_pool+0x13c>)
10005ef6:	f890 1f30 	ldrb.w	r1, [r0, #3888]	@ 0xf30
10005efa:	f011 0608 	ands.w	r6, r1, #8
10005efe:	d170      	bne.n	10005fe2 <runtime_init_default_alarm_pool+0x122>
10005f00:	f041 0108 	orr.w	r1, r1, #8
10005f04:	f880 1f30 	strb.w	r1, [r0, #3888]	@ 0xf30
10005f08:	e8c2 6f8f 	stlb	r6, [r2]
10005f0c:	f384 8810 	msr	PRIMASK, r4
10005f10:	f893 e000 	ldrb.w	lr, [r3]
10005f14:	270f      	movs	r7, #15
10005f16:	f10e 0101 	add.w	r1, lr, #1
10005f1a:	b2c9      	uxtb	r1, r1
10005f1c:	2918      	cmp	r1, #24
10005f1e:	bf28      	it	cs
10005f20:	2110      	movcs	r1, #16
10005f22:	7019      	strb	r1, [r3, #0]
10005f24:	f04f 4150 	mov.w	r1, #3489660928	@ 0xd0000000
10005f28:	6809      	ldr	r1, [r1, #0]
10005f2a:	2003      	movs	r0, #3
10005f2c:	7159      	strb	r1, [r3, #5]
10005f2e:	6999      	ldr	r1, [r3, #24]
10005f30:	f64f 7cff 	movw	ip, #65535	@ 0xffff
10005f34:	830e      	strh	r6, [r1, #24]
10005f36:	f04f 0605 	mov.w	r6, #5
10005f3a:	f8a1 6090 	strh.w	r6, [r1, #144]	@ 0x90
10005f3e:	f04f 0606 	mov.w	r6, #6
10005f42:	f8a1 60a8 	strh.w	r6, [r1, #168]	@ 0xa8
10005f46:	f04f 0607 	mov.w	r6, #7
10005f4a:	f8a1 60c0 	strh.w	r6, [r1, #192]	@ 0xc0
10005f4e:	f04f 0609 	mov.w	r6, #9
10005f52:	f8a1 60f0 	strh.w	r6, [r1, #240]	@ 0xf0
10005f56:	f04f 060a 	mov.w	r6, #10
10005f5a:	f8a1 6108 	strh.w	r6, [r1, #264]	@ 0x108
10005f5e:	f04f 060b 	mov.w	r6, #11
10005f62:	f8a1 6120 	strh.w	r6, [r1, #288]	@ 0x120
10005f66:	f04f 060c 	mov.w	r6, #12
10005f6a:	f04f 0904 	mov.w	r9, #4
10005f6e:	2408      	movs	r4, #8
10005f70:	80df      	strh	r7, [r3, #6]
10005f72:	f04f 0b01 	mov.w	fp, #1
10005f76:	f04f 0a02 	mov.w	sl, #2
10005f7a:	f04f 080d 	mov.w	r8, #13
10005f7e:	270e      	movs	r7, #14
10005f80:	f8a1 6138 	strh.w	r6, [r1, #312]	@ 0x138
10005f84:	4e1e      	ldr	r6, [pc, #120]	@ (10006000 <runtime_init_default_alarm_pool+0x140>)
10005f86:	4d1f      	ldr	r5, [pc, #124]	@ (10006004 <runtime_init_default_alarm_pool+0x144>)
10005f88:	60de      	str	r6, [r3, #12]
10005f8a:	f1a2 060b 	sub.w	r6, r2, #11
10005f8e:	4476      	add	r6, lr
10005f90:	615e      	str	r6, [r3, #20]
10005f92:	611d      	str	r5, [r3, #16]
10005f94:	f8a3 c008 	strh.w	ip, [r3, #8]
10005f98:	7118      	strb	r0, [r3, #4]
10005f9a:	444b      	add	r3, r9
10005f9c:	f8c2 3021 	str.w	r3, [r2, #33]	@ 0x21
10005fa0:	f8a1 b030 	strh.w	fp, [r1, #48]	@ 0x30
10005fa4:	f8a1 a048 	strh.w	sl, [r1, #72]	@ 0x48
10005fa8:	f8a1 9078 	strh.w	r9, [r1, #120]	@ 0x78
10005fac:	f8a1 8150 	strh.w	r8, [r1, #336]	@ 0x150
10005fb0:	f8a1 7168 	strh.w	r7, [r1, #360]	@ 0x168
10005fb4:	f8a1 0060 	strh.w	r0, [r1, #96]	@ 0x60
10005fb8:	f8a1 40d8 	strh.w	r4, [r1, #216]	@ 0xd8
10005fbc:	f8a1 c000 	strh.w	ip, [r1]
10005fc0:	4911      	ldr	r1, [pc, #68]	@ (10006008 <runtime_init_default_alarm_pool+0x148>)
10005fc2:	622c      	str	r4, [r5, #32]
10005fc4:	f1a2 0697 	sub.w	r6, r2, #151	@ 0x97
10005fc8:	f7ff fe18 	bl	10005bfc <irq_set_exclusive_handler>
10005fcc:	4b0f      	ldr	r3, [pc, #60]	@ (1000600c <runtime_init_default_alarm_pool+0x14c>)
10005fce:	4a10      	ldr	r2, [pc, #64]	@ (10006010 <runtime_init_default_alarm_pool+0x150>)
10005fd0:	f8c3 4180 	str.w	r4, [r3, #384]	@ 0x180
10005fd4:	601c      	str	r4, [r3, #0]
10005fd6:	4b07      	ldr	r3, [pc, #28]	@ (10005ff4 <runtime_init_default_alarm_pool+0x134>)
10005fd8:	6414      	str	r4, [r2, #64]	@ 0x40
10005fda:	f8c6 30cc 	str.w	r3, [r6, #204]	@ 0xcc
10005fde:	e8bd 8ff8 	ldmia.w	sp!, {r3, r4, r5, r6, r7, r8, r9, sl, fp, pc}
10005fe2:	2103      	movs	r1, #3
10005fe4:	480b      	ldr	r0, [pc, #44]	@ (10006014 <runtime_init_default_alarm_pool+0x154>)
10005fe6:	f7ff fde1 	bl	10005bac <panic>
10005fea:	bf00      	nop
10005fec:	20001110 	.word	0x20001110
10005ff0:	200016f8 	.word	0x200016f8
10005ff4:	2000178e 	.word	0x2000178e
10005ff8:	2000178f 	.word	0x2000178f
10005ffc:	200038e8 	.word	0x200038e8
10006000:	0010ffff 	.word	0x0010ffff
10006004:	400b0000 	.word	0x400b0000
10006008:	1000164d 	.word	0x1000164d
1000600c:	e000e100 	.word	0xe000e100
10006010:	400b2000 	.word	0x400b2000
10006014:	1000af80 	.word	0x1000af80

10006018 <__wrap_malloc>:
10006018:	b538      	push	{r3, r4, r5, lr}
1000601a:	4604      	mov	r4, r0
1000601c:	f004 fecc 	bl	1000adb8 <__mutex_enter_blocking.constprop.0_veneer>
10006020:	4620      	mov	r0, r4
10006022:	f003 ff11 	bl	10009e48 <malloc>
10006026:	4a12      	ldr	r2, [pc, #72]	@ (10006070 <__wrap_malloc+0x58>)
10006028:	6811      	ldr	r1, [r2, #0]
1000602a:	f3ef 8c10 	mrs	ip, PRIMASK
1000602e:	b672      	cpsid	i
10006030:	e8d1 5fcf 	ldaexb	r5, [r1]
10006034:	f05f 0e01 	movs.w	lr, #1
10006038:	2d00      	cmp	r5, #0
1000603a:	d1f9      	bne.n	10006030 <__wrap_malloc+0x18>
1000603c:	e8c1 ef45 	strexb	r5, lr, [r1]
10006040:	2d00      	cmp	r5, #0
10006042:	d1f5      	bne.n	10006030 <__wrap_malloc+0x18>
10006044:	f3bf 8f5f 	dmb	sy
10006048:	21ff      	movs	r1, #255	@ 0xff
1000604a:	7111      	strb	r1, [r2, #4]
1000604c:	6811      	ldr	r1, [r2, #0]
1000604e:	2200      	movs	r2, #0
10006050:	e8c1 2f8f 	stlb	r2, [r1]
10006054:	f38c 8810 	msr	PRIMASK, ip
10006058:	bf40      	sev
1000605a:	b128      	cbz	r0, 10006068 <__wrap_malloc+0x50>
1000605c:	4603      	mov	r3, r0
1000605e:	4a05      	ldr	r2, [pc, #20]	@ (10006074 <__wrap_malloc+0x5c>)
10006060:	4423      	add	r3, r4
10006062:	4293      	cmp	r3, r2
10006064:	d800      	bhi.n	10006068 <__wrap_malloc+0x50>
10006066:	bd38      	pop	{r3, r4, r5, pc}
10006068:	4803      	ldr	r0, [pc, #12]	@ (10006078 <__wrap_malloc+0x60>)
1000606a:	f7ff fd9f 	bl	10005bac <panic>
1000606e:	bf00      	nop
10006070:	200016e8 	.word	0x200016e8
10006074:	20080000 	.word	0x20080000
10006078:	1000afa4 	.word	0x1000afa4

1000607c <__wrap_calloc>:
1000607c:	b570      	push	{r4, r5, r6, lr}
1000607e:	4604      	mov	r4, r0
10006080:	460d      	mov	r5, r1
10006082:	f004 fe99 	bl	1000adb8 <__mutex_enter_blocking.constprop.0_veneer>
10006086:	4629      	mov	r1, r5
10006088:	4620      	mov	r0, r4
1000608a:	f003 fe9d 	bl	10009dc8 <calloc>
1000608e:	4a13      	ldr	r2, [pc, #76]	@ (100060dc <__wrap_calloc+0x60>)
10006090:	6811      	ldr	r1, [r2, #0]
10006092:	f3ef 8c10 	mrs	ip, PRIMASK
10006096:	b672      	cpsid	i
10006098:	e8d1 6fcf 	ldaexb	r6, [r1]
1000609c:	f05f 0e01 	movs.w	lr, #1
100060a0:	2e00      	cmp	r6, #0
100060a2:	d1f9      	bne.n	10006098 <__wrap_calloc+0x1c>
100060a4:	e8c1 ef46 	strexb	r6, lr, [r1]
100060a8:	2e00      	cmp	r6, #0
100060aa:	d1f5      	bne.n	10006098 <__wrap_calloc+0x1c>
100060ac:	f3bf 8f5f 	dmb	sy
100060b0:	21ff      	movs	r1, #255	@ 0xff
100060b2:	7111      	strb	r1, [r2, #4]
100060b4:	6811      	ldr	r1, [r2, #0]
100060b6:	2200      	movs	r2, #0
100060b8:	e8c1 2f8f 	stlb	r2, [r1]
100060bc:	f38c 8810 	msr	PRIMASK, ip
100060c0:	bf40      	sev
100060c2:	fb05 f404 	mul.w	r4, r5, r4
100060c6:	b128      	cbz	r0, 100060d4 <__wrap_calloc+0x58>
100060c8:	4603      	mov	r3, r0
100060ca:	4a05      	ldr	r2, [pc, #20]	@ (100060e0 <__wrap_calloc+0x64>)
100060cc:	4423      	add	r3, r4
100060ce:	4293      	cmp	r3, r2
100060d0:	d800      	bhi.n	100060d4 <__wrap_calloc+0x58>
100060d2:	bd70      	pop	{r4, r5, r6, pc}
100060d4:	4803      	ldr	r0, [pc, #12]	@ (100060e4 <__wrap_calloc+0x68>)
100060d6:	f7ff fd69 	bl	10005bac <panic>
100060da:	bf00      	nop
100060dc:	200016e8 	.word	0x200016e8
100060e0:	20080000 	.word	0x20080000
100060e4:	1000afa4 	.word	0x1000afa4

100060e8 <__wrap_realloc>:
100060e8:	b538      	push	{r3, r4, r5, lr}
100060ea:	4605      	mov	r5, r0
100060ec:	460c      	mov	r4, r1
100060ee:	f004 fe63 	bl	1000adb8 <__mutex_enter_blocking.constprop.0_veneer>
100060f2:	4621      	mov	r1, r4
100060f4:	4628      	mov	r0, r5
100060f6:	f004 f96d 	bl	1000a3d4 <realloc>
100060fa:	4a13      	ldr	r2, [pc, #76]	@ (10006148 <__wrap_realloc+0x60>)
100060fc:	6811      	ldr	r1, [r2, #0]
100060fe:	f3ef 8510 	mrs	r5, PRIMASK
10006102:	b672      	cpsid	i
10006104:	e8d1 efcf 	ldaexb	lr, [r1]
10006108:	f05f 0c01 	movs.w	ip, #1
1000610c:	f1be 0f00 	cmp.w	lr, #0
10006110:	d1f8      	bne.n	10006104 <__wrap_realloc+0x1c>
10006112:	e8c1 cf4e 	strexb	lr, ip, [r1]
10006116:	f1be 0f00 	cmp.w	lr, #0
1000611a:	d1f3      	bne.n	10006104 <__wrap_realloc+0x1c>
1000611c:	f3bf 8f5f 	dmb	sy
10006120:	21ff      	movs	r1, #255	@ 0xff
10006122:	7111      	strb	r1, [r2, #4]
10006124:	6811      	ldr	r1, [r2, #0]
10006126:	2200      	movs	r2, #0
10006128:	e8c1 2f8f 	stlb	r2, [r1]
1000612c:	f385 8810 	msr	PRIMASK, r5
10006130:	bf40      	sev
10006132:	b128      	cbz	r0, 10006140 <__wrap_realloc+0x58>
10006134:	4603      	mov	r3, r0
10006136:	4a05      	ldr	r2, [pc, #20]	@ (1000614c <__wrap_realloc+0x64>)
10006138:	4423      	add	r3, r4
1000613a:	4293      	cmp	r3, r2
1000613c:	d800      	bhi.n	10006140 <__wrap_realloc+0x58>
1000613e:	bd38      	pop	{r3, r4, r5, pc}
10006140:	4803      	ldr	r0, [pc, #12]	@ (10006150 <__wrap_realloc+0x68>)
10006142:	f7ff fd33 	bl	10005bac <panic>
10006146:	bf00      	nop
10006148:	200016e8 	.word	0x200016e8
1000614c:	20080000 	.word	0x20080000
10006150:	1000afa4 	.word	0x1000afa4

10006154 <hw_claim_unused_from_range.constprop.0>:
10006154:	b5f8      	push	{r3, r4, r5, r6, r7, lr}
10006156:	4686      	mov	lr, r0
10006158:	4608      	mov	r0, r1
1000615a:	f3ef 8610 	mrs	r6, PRIMASK
1000615e:	b672      	cpsid	i
10006160:	4d1d      	ldr	r5, [pc, #116]	@ (100061d8 <hw_claim_unused_from_range.constprop.0+0x84>)
10006162:	e8d5 4fcf 	ldaexb	r4, [r5]
10006166:	2101      	movs	r1, #1
10006168:	2c00      	cmp	r4, #0
1000616a:	d1fa      	bne.n	10006162 <hw_claim_unused_from_range.constprop.0+0xe>
1000616c:	e8c5 1f44 	strexb	r4, r1, [r5]
10006170:	2c00      	cmp	r4, #0
10006172:	d1f6      	bne.n	10006162 <hw_claim_unused_from_range.constprop.0+0xe>
10006174:	f3bf 8f5f 	dmb	sy
10006178:	4282      	cmp	r2, r0
1000617a:	d31a      	bcc.n	100061b2 <hw_claim_unused_from_range.constprop.0+0x5e>
1000617c:	08c1      	lsrs	r1, r0, #3
1000617e:	f81e c001 	ldrb.w	ip, [lr, r1]
10006182:	eb0e 07d0 	add.w	r7, lr, r0, lsr #3
10006186:	f01c 0f01 	tst.w	ip, #1
1000618a:	d01a      	beq.n	100061c2 <hw_claim_unused_from_range.constprop.0+0x6e>
1000618c:	2401      	movs	r4, #1
1000618e:	e00c      	b.n	100061aa <hw_claim_unused_from_range.constprop.0+0x56>
10006190:	ea4f 0cd0 	mov.w	ip, r0, lsr #3
10006194:	f81e c00c 	ldrb.w	ip, [lr, ip]
10006198:	f000 0107 	and.w	r1, r0, #7
1000619c:	fa04 f101 	lsl.w	r1, r4, r1
100061a0:	ea1c 0f01 	tst.w	ip, r1
100061a4:	eb0e 07d0 	add.w	r7, lr, r0, lsr #3
100061a8:	d00c      	beq.n	100061c4 <hw_claim_unused_from_range.constprop.0+0x70>
100061aa:	4282      	cmp	r2, r0
100061ac:	f100 0001 	add.w	r0, r0, #1
100061b0:	d1ee      	bne.n	10006190 <hw_claim_unused_from_range.constprop.0+0x3c>
100061b2:	2200      	movs	r2, #0
100061b4:	e8c5 2f8f 	stlb	r2, [r5]
100061b8:	f386 8810 	msr	PRIMASK, r6
100061bc:	4618      	mov	r0, r3
100061be:	f7ff fcf5 	bl	10005bac <panic>
100061c2:	2101      	movs	r1, #1
100061c4:	ea4c 0c01 	orr.w	ip, ip, r1
100061c8:	f887 c000 	strb.w	ip, [r7]
100061cc:	2300      	movs	r3, #0
100061ce:	e8c5 3f8f 	stlb	r3, [r5]
100061d2:	f386 8810 	msr	PRIMASK, r6
100061d6:	bdf8      	pop	{r3, r4, r5, r6, r7, pc}
100061d8:	2000178f 	.word	0x2000178f

100061dc <dma_claim_unused_channel.constprop.0>:
100061dc:	220f      	movs	r2, #15
100061de:	2100      	movs	r1, #0
100061e0:	4b01      	ldr	r3, [pc, #4]	@ (100061e8 <dma_claim_unused_channel.constprop.0+0xc>)
100061e2:	4802      	ldr	r0, [pc, #8]	@ (100061ec <dma_claim_unused_channel.constprop.0+0x10>)
100061e4:	e7b6      	b.n	10006154 <hw_claim_unused_from_range.constprop.0>
100061e6:	bf00      	nop
100061e8:	1000afb4 	.word	0x1000afb4
100061ec:	2000481a 	.word	0x2000481a

100061f0 <core1_main>:
100061f0:	e92d 4880 	stmdb	sp!, {r7, fp, lr}
100061f4:	b085      	sub	sp, #20
100061f6:	f3ef 8c10 	mrs	ip, PRIMASK
100061fa:	b672      	cpsid	i
100061fc:	49cd      	ldr	r1, [pc, #820]	@ (10006534 <core1_main+0x344>)
100061fe:	e8d1 2fcf 	ldaexb	r2, [r1]
10006202:	2301      	movs	r3, #1
10006204:	2a00      	cmp	r2, #0
10006206:	d1fa      	bne.n	100061fe <core1_main+0xe>
10006208:	e8c1 3f42 	strexb	r2, r3, [r1]
1000620c:	2a00      	cmp	r2, #0
1000620e:	d1f6      	bne.n	100061fe <core1_main+0xe>
10006210:	f3bf 8f5f 	dmb	sy
10006214:	4cc8      	ldr	r4, [pc, #800]	@ (10006538 <core1_main+0x348>)
10006216:	f8d4 0f34 	ldr.w	r0, [r4, #3892]	@ 0xf34
1000621a:	f5b0 1f80 	cmp.w	r0, #1048576	@ 0x100000
1000621e:	f0c0 83be 	bcc.w	1000699e <core1_main+0x7ae>
10006222:	2514      	movs	r5, #20
10006224:	f640 72ff 	movw	r2, #4095	@ 0xfff
10006228:	3d01      	subs	r5, #1
1000622a:	1c6e      	adds	r6, r5, #1
1000622c:	fa02 f305 	lsl.w	r3, r2, r5
10006230:	f000 83b2 	beq.w	10006998 <core1_main+0x7a8>
10006234:	4203      	tst	r3, r0
10006236:	d1f7      	bne.n	10006228 <core1_main+0x38>
10006238:	4ac0      	ldr	r2, [pc, #768]	@ (1000653c <core1_main+0x34c>)
1000623a:	f8d2 2168 	ldr.w	r2, [r2, #360]	@ 0x168
1000623e:	462a      	mov	r2, r5
10006240:	f247 0701 	movw	r7, #28673	@ 0x7001
10006244:	4303      	orrs	r3, r0
10006246:	f64e 0a3d 	movw	sl, #59453	@ 0xe83d
1000624a:	f246 0001 	movw	r0, #24577	@ 0x6001
1000624e:	f64b 0942 	movw	r9, #47170	@ 0xb842
10006252:	f64f 083d 	movw	r8, #63549	@ 0xf83d
10006256:	f64a 0e42 	movw	lr, #43074	@ 0xa842
1000625a:	f8c4 3f34 	str.w	r3, [r4, #3892]	@ 0xf34
1000625e:	0093      	lsls	r3, r2, #2
10006260:	f502 56c2 	add.w	r6, r2, #6208	@ 0x1840
10006264:	f103 43a0 	add.w	r3, r3, #1342177280	@ 0x50000000
10006268:	f503 1300 	add.w	r3, r3, #2097152	@ 0x200000
1000626c:	f602 0242 	addw	r2, r2, #2114	@ 0x842
10006270:	3608      	adds	r6, #8
10006272:	6498      	str	r0, [r3, #72]	@ 0x48
10006274:	f8c3 a04c 	str.w	sl, [r3, #76]	@ 0x4c
10006278:	6518      	str	r0, [r3, #80]	@ 0x50
1000627a:	655a      	str	r2, [r3, #84]	@ 0x54
1000627c:	659f      	str	r7, [r3, #88]	@ 0x58
1000627e:	f8c3 905c 	str.w	r9, [r3, #92]	@ 0x5c
10006282:	661f      	str	r7, [r3, #96]	@ 0x60
10006284:	f8c3 8064 	str.w	r8, [r3, #100]	@ 0x64
10006288:	669f      	str	r7, [r3, #104]	@ 0x68
1000628a:	66de      	str	r6, [r3, #108]	@ 0x6c
1000628c:	6718      	str	r0, [r3, #112]	@ 0x70
1000628e:	f8c3 e074 	str.w	lr, [r3, #116]	@ 0x74
10006292:	2300      	movs	r3, #0
10006294:	e8c1 3f8f 	stlb	r3, [r1]
10006298:	f38c 8810 	msr	PRIMASK, ip
1000629c:	2106      	movs	r1, #6
1000629e:	f105 030b 	add.w	r3, r5, #11
100062a2:	2009      	movs	r0, #9
100062a4:	01ee      	lsls	r6, r5, #7
100062a6:	ea46 3603 	orr.w	r6, r6, r3, lsl #12
100062aa:	f7fb f933 	bl	10001514 <gpio_set_function>
100062ae:	200a      	movs	r0, #10
100062b0:	f7fb f930 	bl	10001514 <gpio_set_function>
100062b4:	200b      	movs	r0, #11
100062b6:	f7fb f92d 	bl	10001514 <gpio_set_function>
100062ba:	4aa0      	ldr	r2, [pc, #640]	@ (1000653c <core1_main+0x34c>)
100062bc:	f026 46c0 	bic.w	r6, r6, #1610612736	@ 0x60000000
100062c0:	f8d2 3168 	ldr.w	r3, [r2, #360]	@ 0x168
100062c4:	f1c3 0309 	rsb	r3, r3, #9
100062c8:	2b1f      	cmp	r3, #31
100062ca:	d816      	bhi.n	100062fa <core1_main+0x10a>
100062cc:	f44f 3e00 	mov.w	lr, #131072	@ 0x20000
100062d0:	f24e 079f 	movw	r7, #57503	@ 0xe09f
100062d4:	f8d2 00dc 	ldr.w	r0, [r2, #220]	@ 0xdc
100062d8:	f8df c290 	ldr.w	ip, [pc, #656]	@ 1000656c <core1_main+0x37c>
100062dc:	f8d2 10cc 	ldr.w	r1, [r2, #204]	@ 0xcc
100062e0:	015b      	lsls	r3, r3, #5
100062e2:	f043 6380 	orr.w	r3, r3, #67108864	@ 0x4000000
100062e6:	f8cc e0cc 	str.w	lr, [ip, #204]	@ 0xcc
100062ea:	f8c2 30dc 	str.w	r3, [r2, #220]	@ 0xdc
100062ee:	f8c2 70d8 	str.w	r7, [r2, #216]	@ 0xd8
100062f2:	f8c2 00dc 	str.w	r0, [r2, #220]	@ 0xdc
100062f6:	f8c2 10cc 	str.w	r1, [r2, #204]	@ 0xcc
100062fa:	4a90      	ldr	r2, [pc, #576]	@ (1000653c <core1_main+0x34c>)
100062fc:	f8d2 3168 	ldr.w	r3, [r2, #360]	@ 0x168
10006300:	f1c3 030a 	rsb	r3, r3, #10
10006304:	2b1f      	cmp	r3, #31
10006306:	d816      	bhi.n	10006336 <core1_main+0x146>
10006308:	f44f 3e00 	mov.w	lr, #131072	@ 0x20000
1000630c:	f24e 079f 	movw	r7, #57503	@ 0xe09f
10006310:	f8d2 00dc 	ldr.w	r0, [r2, #220]	@ 0xdc
10006314:	f8df c254 	ldr.w	ip, [pc, #596]	@ 1000656c <core1_main+0x37c>
10006318:	f8d2 10cc 	ldr.w	r1, [r2, #204]	@ 0xcc
1000631c:	015b      	lsls	r3, r3, #5
1000631e:	f043 6300 	orr.w	r3, r3, #134217728	@ 0x8000000
10006322:	f8cc e0cc 	str.w	lr, [ip, #204]	@ 0xcc
10006326:	f8c2 30dc 	str.w	r3, [r2, #220]	@ 0xdc
1000632a:	f8c2 70d8 	str.w	r7, [r2, #216]	@ 0xd8
1000632e:	f8c2 00dc 	str.w	r0, [r2, #220]	@ 0xdc
10006332:	f8c2 10cc 	str.w	r1, [r2, #204]	@ 0xcc
10006336:	4b82      	ldr	r3, [pc, #520]	@ (10006540 <core1_main+0x350>)
10006338:	4f82      	ldr	r7, [pc, #520]	@ (10006544 <core1_main+0x354>)
1000633a:	f8d3 30e4 	ldr.w	r3, [r3, #228]	@ 0xe4
1000633e:	f64a 4244 	movw	r2, #44100	@ 0xac44
10006342:	ee07 3a90 	vmov	s15, r3
10006346:	9303      	str	r3, [sp, #12]
10006348:	7f3b      	ldrb	r3, [r7, #28]
1000634a:	eef8 6a67 	vcvt.f32.u32	s13, s15
1000634e:	2b00      	cmp	r3, #0
10006350:	7f3b      	ldrb	r3, [r7, #28]
10006352:	bf0c      	ite	eq
10006354:	2304      	moveq	r3, #4
10006356:	2308      	movne	r3, #8
10006358:	fb02 f303 	mul.w	r3, r2, r3
1000635c:	01db      	lsls	r3, r3, #7
1000635e:	ee07 3a90 	vmov	s15, r3
10006362:	eeb8 7ae7 	vcvt.f32.s32	s14, s15
10006366:	ed9f 6a78 	vldr	s12, [pc, #480]	@ 10006548 <core1_main+0x358>
1000636a:	eec6 7a87 	vdiv.f32	s15, s13, s14
1000636e:	ee77 7a86 	vadd.f32	s15, s15, s12
10006372:	eebc 7ae7 	vcvt.u32.f32	s14, s15
10006376:	ee17 3a10 	vmov	r3, s14
1000637a:	b29b      	uxth	r3, r3
1000637c:	2b00      	cmp	r3, #0
1000637e:	f000 8309 	beq.w	10006994 <core1_main+0x7a4>
10006382:	eef6 6ae7 	vrintz.f32	s13, s15
10006386:	ed9f 7a71 	vldr	s14, [pc, #452]	@ 1000654c <core1_main+0x35c>
1000638a:	ee77 7ae6 	vsub.f32	s15, s15, s13
1000638e:	ee67 7a87 	vmul.f32	s15, s15, s14
10006392:	eefc 7ae7 	vcvt.u32.f32	s15, s15
10006396:	edcd 7a03 	vstr	s15, [sp, #12]
1000639a:	f89d 200c 	ldrb.w	r2, [sp, #12]
1000639e:	f04f 4000 	mov.w	r0, #2147483648	@ 0x80000000
100063a2:	f04f 0e10 	mov.w	lr, #16
100063a6:	f44f 7c80 	mov.w	ip, #256	@ 0x100
100063aa:	f04f 3801 	mov.w	r8, #16843009	@ 0x1010101
100063ae:	4964      	ldr	r1, [pc, #400]	@ (10006540 <core1_main+0x350>)
100063b0:	041b      	lsls	r3, r3, #16
100063b2:	ea43 2202 	orr.w	r2, r3, r2, lsl #8
100063b6:	e9c1 264e 	strd	r2, r6, [r1, #312]	@ 0x138
100063ba:	f8df 91b4 	ldr.w	r9, [pc, #436]	@ 10006570 <core1_main+0x380>
100063be:	4b5f      	ldr	r3, [pc, #380]	@ (1000653c <core1_main+0x34c>)
100063c0:	f8c4 5f40 	str.w	r5, [r4, #3904]	@ 0xf40
100063c4:	f8c1 9140 	str.w	r9, [r1, #320]	@ 0x140
100063c8:	6819      	ldr	r1, [r3, #0]
100063ca:	ed9f 8a61 	vldr	s16, [pc, #388]	@ 10006550 <core1_main+0x360>
100063ce:	f021 0101 	bic.w	r1, r1, #1
100063d2:	6019      	str	r1, [r3, #0]
100063d4:	f8c3 20c8 	str.w	r2, [r3, #200]	@ 0xc8
100063d8:	4959      	ldr	r1, [pc, #356]	@ (10006540 <core1_main+0x350>)
100063da:	4a5e      	ldr	r2, [pc, #376]	@ (10006554 <core1_main+0x364>)
100063dc:	f8c3 90d0 	str.w	r9, [r3, #208]	@ 0xd0
100063e0:	f8c3 60cc 	str.w	r6, [r3, #204]	@ 0xcc
100063e4:	f8c3 20dc 	str.w	r2, [r3, #220]	@ 0xdc
100063e8:	f8c1 2144 	str.w	r2, [r1, #324]	@ 0x144
100063ec:	4a5a      	ldr	r2, [pc, #360]	@ (10006558 <core1_main+0x368>)
100063ee:	4e5b      	ldr	r6, [pc, #364]	@ (1000655c <core1_main+0x36c>)
100063f0:	f8c2 00d0 	str.w	r0, [r2, #208]	@ 0xd0
100063f4:	f8c2 00d0 	str.w	r0, [r2, #208]	@ 0xd0
100063f8:	f502 5280 	add.w	r2, r2, #4096	@ 0x1000
100063fc:	f8c3 8008 	str.w	r8, [r3, #8]
10006400:	f8c2 e000 	str.w	lr, [r2]
10006404:	f8c2 c000 	str.w	ip, [r2]
10006408:	f005 021f 	and.w	r2, r5, #31
1000640c:	f8c3 20d8 	str.w	r2, [r3, #216]	@ 0xd8
10006410:	681a      	ldr	r2, [r3, #0]
10006412:	4628      	mov	r0, r5
10006414:	f042 0201 	orr.w	r2, r2, #1
10006418:	601a      	str	r2, [r3, #0]
1000641a:	f7fd fa85 	bl	10003928 <I2S_freq_init.constprop.0>
1000641e:	f7ff fedd 	bl	100061dc <dma_claim_unused_channel.constprop.0>
10006422:	f8c4 0f44 	str.w	r0, [r4, #3908]	@ 0xf44
10006426:	f7ff fed9 	bl	100061dc <dma_claim_unused_channel.constprop.0>
1000642a:	4605      	mov	r5, r0
1000642c:	f8c4 5f48 	str.w	r5, [r4, #3912]	@ 0xf48
10006430:	f8d4 5f44 	ldr.w	r5, [r4, #3908]	@ 0xf44
10006434:	4b4a      	ldr	r3, [pc, #296]	@ (10006560 <core1_main+0x370>)
10006436:	f8d4 cf48 	ldr.w	ip, [r4, #3912]	@ 0xf48
1000643a:	ea03 3545 	and.w	r5, r3, r5, lsl #13
1000643e:	ea45 354c 	orr.w	r5, r5, ip, lsl #13
10006442:	f045 0519 	orr.w	r5, r5, #25
10006446:	f8c4 5f4c 	str.w	r5, [r4, #3916]	@ 0xf4c
1000644a:	f8d4 5f48 	ldr.w	r5, [r4, #3912]	@ 0xf48
1000644e:	f647 32e0 	movw	r2, #31712	@ 0x7be0
10006452:	ea03 3345 	and.w	r3, r3, r5, lsl #13
10006456:	f8d4 5f44 	ldr.w	r5, [r4, #3908]	@ 0xf44
1000645a:	2100      	movs	r1, #0
1000645c:	ea43 3345 	orr.w	r3, r3, r5, lsl #13
10006460:	f043 0319 	orr.w	r3, r3, #25
10006464:	4630      	mov	r0, r6
10006466:	f8c4 3f50 	str.w	r3, [r4, #3920]	@ 0xf50
1000646a:	f004 f9f3 	bl	1000a854 <memset>
1000646e:	2200      	movs	r2, #0
10006470:	2301      	movs	r3, #1
10006472:	f8a4 2f54 	strh.w	r2, [r4, #3924]	@ 0xf54
10006476:	f8d4 5f44 	ldr.w	r5, [r4, #3908]	@ 0xf44
1000647a:	483a      	ldr	r0, [pc, #232]	@ (10006564 <core1_main+0x374>)
1000647c:	fa03 f505 	lsl.w	r5, r3, r5
10006480:	f8c0 5404 	str.w	r5, [r0, #1028]	@ 0x404
10006484:	f8d4 5f48 	ldr.w	r5, [r4, #3912]	@ 0xf48
10006488:	4937      	ldr	r1, [pc, #220]	@ (10006568 <core1_main+0x378>)
1000648a:	40ab      	lsls	r3, r5
1000648c:	f8c0 3404 	str.w	r3, [r0, #1028]	@ 0x404
10006490:	f8d4 0f44 	ldr.w	r0, [r4, #3908]	@ 0xf44
10006494:	f8d4 3f4c 	ldr.w	r3, [r4, #3916]	@ 0xf4c
10006498:	0180      	lsls	r0, r0, #6
1000649a:	f100 40a0 	add.w	r0, r0, #1342177280	@ 0x50000000
1000649e:	6006      	str	r6, [r0, #0]
100064a0:	6041      	str	r1, [r0, #4]
100064a2:	6082      	str	r2, [r0, #8]
100064a4:	6103      	str	r3, [r0, #16]
100064a6:	f8d4 3f48 	ldr.w	r3, [r4, #3912]	@ 0xf48
100064aa:	f506 45e0 	add.w	r5, r6, #28672	@ 0x7000
100064ae:	019b      	lsls	r3, r3, #6
100064b0:	f103 43a0 	add.w	r3, r3, #1342177280	@ 0x50000000
100064b4:	601e      	str	r6, [r3, #0]
100064b6:	6059      	str	r1, [r3, #4]
100064b8:	609a      	str	r2, [r3, #8]
100064ba:	f8d4 2f50 	ldr.w	r2, [r4, #3920]	@ 0xf50
100064be:	611a      	str	r2, [r3, #16]
100064c0:	f8d4 8ed4 	ldr.w	r8, [r4, #3796]	@ 0xed4
100064c4:	f5b8 5f80 	cmp.w	r8, #4096	@ 0x1000
100064c8:	f340 80a1 	ble.w	1000660e <core1_main+0x41e>
100064cc:	2301      	movs	r3, #1
100064ce:	f894 2f57 	ldrb.w	r2, [r4, #3927]	@ 0xf57
100064d2:	f884 3f56 	strb.w	r3, [r4, #3926]	@ 0xf56
100064d6:	2a00      	cmp	r2, #0
100064d8:	f000 8131 	beq.w	1000673e <core1_main+0x54e>
100064dc:	f884 3f57 	strb.w	r3, [r4, #3927]	@ 0xf57
100064e0:	f8d5 3bd8 	ldr.w	r3, [r5, #3032]	@ 0xbd8
100064e4:	2b03      	cmp	r3, #3
100064e6:	f240 815a 	bls.w	1000679e <core1_main+0x5ae>
100064ea:	f8d4 3f44 	ldr.w	r3, [r4, #3908]	@ 0xf44
100064ee:	019b      	lsls	r3, r3, #6
100064f0:	f103 43a0 	add.w	r3, r3, #1342177280	@ 0x50000000
100064f4:	691b      	ldr	r3, [r3, #16]
100064f6:	f894 2f54 	ldrb.w	r2, [r4, #3924]	@ 0xf54
100064fa:	f003 6380 	and.w	r3, r3, #67108864	@ 0x4000000
100064fe:	2a01      	cmp	r2, #1
10006500:	f000 80c0 	beq.w	10006684 <core1_main+0x494>
10006504:	f894 2f54 	ldrb.w	r2, [r4, #3924]	@ 0xf54
10006508:	2a02      	cmp	r2, #2
1000650a:	f000 8209 	beq.w	10006920 <core1_main+0x730>
1000650e:	f8d4 3f48 	ldr.w	r3, [r4, #3912]	@ 0xf48
10006512:	019b      	lsls	r3, r3, #6
10006514:	f103 43a0 	add.w	r3, r3, #1342177280	@ 0x50000000
10006518:	691b      	ldr	r3, [r3, #16]
1000651a:	f894 2f55 	ldrb.w	r2, [r4, #3925]	@ 0xf55
1000651e:	f003 6380 	and.w	r3, r3, #67108864	@ 0x4000000
10006522:	2a01      	cmp	r2, #1
10006524:	f000 80b5 	beq.w	10006692 <core1_main+0x4a2>
10006528:	f894 2f55 	ldrb.w	r2, [r4, #3925]	@ 0xf55
1000652c:	2a02      	cmp	r2, #2
1000652e:	f000 8207 	beq.w	10006940 <core1_main+0x750>
10006532:	e01f      	b.n	10006574 <core1_main+0x384>
10006534:	2000178f 	.word	0x2000178f
10006538:	200038e8 	.word	0x200038e8
1000653c:	50200000 	.word	0x50200000
10006540:	200016f8 	.word	0x200016f8
10006544:	20001110 	.word	0x20001110
10006548:	3b000000 	.word	0x3b000000
1000654c:	43800000 	.word	0x43800000
10006550:	3b102de1 	.word	0x3b102de1
10006554:	40102809 	.word	0x40102809
10006558:	50201000 	.word	0x50201000
1000655c:	20008e88 	.word	0x20008e88
10006560:	fc001ffd 	.word	0xfc001ffd
10006564:	50003000 	.word	0x50003000
10006568:	50200010 	.word	0x50200010
1000656c:	50203000 	.word	0x50203000
10006570:	40060000 	.word	0x40060000
10006574:	f894 2f54 	ldrb.w	r2, [r4, #3924]	@ 0xf54
10006578:	f894 3f55 	ldrb.w	r3, [r4, #3925]	@ 0xf55
1000657c:	3a00      	subs	r2, #0
1000657e:	bf18      	it	ne
10006580:	2201      	movne	r2, #1
10006582:	b103      	cbz	r3, 10006586 <core1_main+0x396>
10006584:	3201      	adds	r2, #1
10006586:	f8d5 3bd8 	ldr.w	r3, [r5, #3032]	@ 0xbd8
1000658a:	1a9b      	subs	r3, r3, r2
1000658c:	2b00      	cmp	r3, #0
1000658e:	ea23 71e3 	bic.w	r1, r3, r3, asr #31
10006592:	dd11      	ble.n	100065b8 <core1_main+0x3c8>
10006594:	f641 68f4 	movw	r8, #7924	@ 0x1ef4
10006598:	f641 6ef0 	movw	lr, #7920	@ 0x1ef0
1000659c:	f04f 0901 	mov.w	r9, #1
100065a0:	f04f 0a00 	mov.w	sl, #0
100065a4:	f894 3f54 	ldrb.w	r3, [r4, #3924]	@ 0xf54
100065a8:	f003 02ff 	and.w	r2, r3, #255	@ 0xff
100065ac:	2b00      	cmp	r3, #0
100065ae:	d03e      	beq.n	1000662e <core1_main+0x43e>
100065b0:	f894 3f55 	ldrb.w	r3, [r4, #3925]	@ 0xf55
100065b4:	2b00      	cmp	r3, #0
100065b6:	d039      	beq.n	1000662c <core1_main+0x43c>
100065b8:	f894 3f54 	ldrb.w	r3, [r4, #3924]	@ 0xf54
100065bc:	2b02      	cmp	r3, #2
100065be:	d00a      	beq.n	100065d6 <core1_main+0x3e6>
100065c0:	f894 3f55 	ldrb.w	r3, [r4, #3925]	@ 0xf55
100065c4:	2b02      	cmp	r3, #2
100065c6:	d006      	beq.n	100065d6 <core1_main+0x3e6>
100065c8:	f894 3f54 	ldrb.w	r3, [r4, #3924]	@ 0xf54
100065cc:	2b01      	cmp	r3, #1
100065ce:	f000 81c7 	beq.w	10006960 <core1_main+0x770>
100065d2:	f894 3f55 	ldrb.w	r3, [r4, #3925]	@ 0xf55
100065d6:	4bc3      	ldr	r3, [pc, #780]	@ (100068e4 <core1_main+0x6f4>)
100065d8:	6a59      	ldr	r1, [r3, #36]	@ 0x24
100065da:	460a      	mov	r2, r1
100065dc:	6a98      	ldr	r0, [r3, #40]	@ 0x28
100065de:	6a59      	ldr	r1, [r3, #36]	@ 0x24
100065e0:	4291      	cmp	r1, r2
100065e2:	d1fa      	bne.n	100065da <core1_main+0x3ea>
100065e4:	f04f 32ff 	mov.w	r2, #4294967295
100065e8:	f06f 4300 	mvn.w	r3, #2147483648	@ 0x80000000
100065ec:	3001      	adds	r0, #1
100065ee:	f141 0100 	adc.w	r1, r1, #0
100065f2:	4282      	cmp	r2, r0
100065f4:	eb73 0c01 	sbcs.w	ip, r3, r1
100065f8:	bf3c      	itt	cc
100065fa:	4610      	movcc	r0, r2
100065fc:	4619      	movcc	r1, r3
100065fe:	f7fb fa33 	bl	10001a68 <sleep_until>
10006602:	f8d4 8ed4 	ldr.w	r8, [r4, #3796]	@ 0xed4
10006606:	f5b8 5f80 	cmp.w	r8, #4096	@ 0x1000
1000660a:	f73f af5f 	bgt.w	100064cc <core1_main+0x2dc>
1000660e:	f1b8 0f00 	cmp.w	r8, #0
10006612:	dd45      	ble.n	100066a0 <core1_main+0x4b0>
10006614:	f894 3f56 	ldrb.w	r3, [r4, #3926]	@ 0xf56
10006618:	2b00      	cmp	r3, #0
1000661a:	f000 8084 	beq.w	10006726 <core1_main+0x536>
1000661e:	f894 3f57 	ldrb.w	r3, [r4, #3927]	@ 0xf57
10006622:	2b00      	cmp	r3, #0
10006624:	f000 808b 	beq.w	1000673e <core1_main+0x54e>
10006628:	2301      	movs	r3, #1
1000662a:	e757      	b.n	100064dc <core1_main+0x2ec>
1000662c:	2201      	movs	r2, #1
1000662e:	f8d5 0bd4 	ldr.w	r0, [r5, #3028]	@ 0xbd4
10006632:	eb04 0b82 	add.w	fp, r4, r2, lsl #2
10006636:	f8db 3f44 	ldr.w	r3, [fp, #3908]	@ 0xf44
1000663a:	fb08 6000 	mla	r0, r8, r0, r6
1000663e:	019b      	lsls	r3, r3, #6
10006640:	f103 43a0 	add.w	r3, r3, #1342177280	@ 0x50000000
10006644:	6018      	str	r0, [r3, #0]
10006646:	f8db 3f44 	ldr.w	r3, [fp, #3908]	@ 0xf44
1000664a:	f850 000e 	ldr.w	r0, [r0, lr]
1000664e:	019b      	lsls	r3, r3, #6
10006650:	f103 43a0 	add.w	r3, r3, #1342177280	@ 0x50000000
10006654:	6098      	str	r0, [r3, #8]
10006656:	f8d5 3bd4 	ldr.w	r3, [r5, #3028]	@ 0xbd4
1000665a:	eb04 0c02 	add.w	ip, r4, r2
1000665e:	3301      	adds	r3, #1
10006660:	f8c5 3bd4 	str.w	r3, [r5, #3028]	@ 0xbd4
10006664:	f8d5 3bd4 	ldr.w	r3, [r5, #3028]	@ 0xbd4
10006668:	2b03      	cmp	r3, #3
1000666a:	d906      	bls.n	1000667a <core1_main+0x48a>
1000666c:	3901      	subs	r1, #1
1000666e:	f8c5 abd4 	str.w	sl, [r5, #3028]	@ 0xbd4
10006672:	f88c 9f54 	strb.w	r9, [ip, #3924]	@ 0xf54
10006676:	d195      	bne.n	100065a4 <core1_main+0x3b4>
10006678:	e79e      	b.n	100065b8 <core1_main+0x3c8>
1000667a:	3901      	subs	r1, #1
1000667c:	f88c 9f54 	strb.w	r9, [ip, #3924]	@ 0xf54
10006680:	d190      	bne.n	100065a4 <core1_main+0x3b4>
10006682:	e799      	b.n	100065b8 <core1_main+0x3c8>
10006684:	2b00      	cmp	r3, #0
10006686:	f43f af42 	beq.w	1000650e <core1_main+0x31e>
1000668a:	2302      	movs	r3, #2
1000668c:	f884 3f54 	strb.w	r3, [r4, #3924]	@ 0xf54
10006690:	e73d      	b.n	1000650e <core1_main+0x31e>
10006692:	2b00      	cmp	r3, #0
10006694:	f43f af6e 	beq.w	10006574 <core1_main+0x384>
10006698:	2302      	movs	r3, #2
1000669a:	f884 3f55 	strb.w	r3, [r4, #3925]	@ 0xf55
1000669e:	e769      	b.n	10006574 <core1_main+0x384>
100066a0:	f8d5 3bd8 	ldr.w	r3, [r5, #3032]	@ 0xbd8
100066a4:	2b00      	cmp	r3, #0
100066a6:	d141      	bne.n	1000672c <core1_main+0x53c>
100066a8:	f884 3f56 	strb.w	r3, [r4, #3926]	@ 0xf56
100066ac:	f884 3f57 	strb.w	r3, [r4, #3927]	@ 0xf57
100066b0:	2301      	movs	r3, #1
100066b2:	f04f 41a0 	mov.w	r1, #1342177280	@ 0x50000000
100066b6:	f8d4 0f44 	ldr.w	r0, [r4, #3908]	@ 0xf44
100066ba:	0182      	lsls	r2, r0, #6
100066bc:	4083      	lsls	r3, r0
100066be:	440a      	add	r2, r1
100066c0:	f8c1 3464 	str.w	r3, [r1, #1124]	@ 0x464
100066c4:	68d3      	ldr	r3, [r2, #12]
100066c6:	015b      	lsls	r3, r3, #5
100066c8:	d4fc      	bmi.n	100066c4 <core1_main+0x4d4>
100066ca:	2201      	movs	r2, #1
100066cc:	f04f 48a0 	mov.w	r8, #1342177280	@ 0x50000000
100066d0:	f8d4 0f48 	ldr.w	r0, [r4, #3912]	@ 0xf48
100066d4:	0183      	lsls	r3, r0, #6
100066d6:	4082      	lsls	r2, r0
100066d8:	4443      	add	r3, r8
100066da:	f8c1 2464 	str.w	r2, [r1, #1124]	@ 0x464
100066de:	68da      	ldr	r2, [r3, #12]
100066e0:	f012 6280 	ands.w	r2, r2, #67108864	@ 0x4000000
100066e4:	d1fb      	bne.n	100066de <core1_main+0x4ee>
100066e6:	f04f 0c01 	mov.w	ip, #1
100066ea:	4692      	mov	sl, r2
100066ec:	f04f 4e00 	mov.w	lr, #2147483648	@ 0x80000000
100066f0:	f8d4 3f44 	ldr.w	r3, [r4, #3908]	@ 0xf44
100066f4:	f8d4 9f48 	ldr.w	r9, [r4, #3912]	@ 0xf48
100066f8:	fa0c f303 	lsl.w	r3, ip, r3
100066fc:	fa0c fc09 	lsl.w	ip, ip, r9
10006700:	ea43 030c 	orr.w	r3, r3, ip
10006704:	f8c8 340c 	str.w	r3, [r8, #1036]	@ 0x40c
10006708:	4b77      	ldr	r3, [pc, #476]	@ (100068e8 <core1_main+0x6f8>)
1000670a:	f647 32e0 	movw	r2, #31712	@ 0x7be0
1000670e:	f8c3 e0d0 	str.w	lr, [r3, #208]	@ 0xd0
10006712:	4651      	mov	r1, sl
10006714:	f8c3 e0d0 	str.w	lr, [r3, #208]	@ 0xd0
10006718:	4874      	ldr	r0, [pc, #464]	@ (100068ec <core1_main+0x6fc>)
1000671a:	f004 f89b 	bl	1000a854 <memset>
1000671e:	4b74      	ldr	r3, [pc, #464]	@ (100068f0 <core1_main+0x700>)
10006720:	f8a3 a000 	strh.w	sl, [r3]
10006724:	e757      	b.n	100065d6 <core1_main+0x3e6>
10006726:	f884 3f57 	strb.w	r3, [r4, #3927]	@ 0xf57
1000672a:	e7c1      	b.n	100066b0 <core1_main+0x4c0>
1000672c:	f894 3f56 	ldrb.w	r3, [r4, #3926]	@ 0xf56
10006730:	2b00      	cmp	r3, #0
10006732:	d0f8      	beq.n	10006726 <core1_main+0x536>
10006734:	f894 3f57 	ldrb.w	r3, [r4, #3927]	@ 0xf57
10006738:	2b00      	cmp	r3, #0
1000673a:	f040 8137 	bne.w	100069ac <core1_main+0x7bc>
1000673e:	4a69      	ldr	r2, [pc, #420]	@ (100068e4 <core1_main+0x6f4>)
10006740:	6a53      	ldr	r3, [r2, #36]	@ 0x24
10006742:	4619      	mov	r1, r3
10006744:	6a90      	ldr	r0, [r2, #40]	@ 0x28
10006746:	6a53      	ldr	r3, [r2, #36]	@ 0x24
10006748:	428b      	cmp	r3, r1
1000674a:	d1fa      	bne.n	10006742 <core1_main+0x552>
1000674c:	f04f 4200 	mov.w	r2, #2147483648	@ 0x80000000
10006750:	f04f 0c10 	mov.w	ip, #16
10006754:	9301      	str	r3, [sp, #4]
10006756:	4b67      	ldr	r3, [pc, #412]	@ (100068f4 <core1_main+0x704>)
10006758:	9000      	str	r0, [sp, #0]
1000675a:	e9dd 9a00 	ldrd	r9, sl, [sp]
1000675e:	e943 9a02 	strd	r9, sl, [r3, #-8]
10006762:	4965      	ldr	r1, [pc, #404]	@ (100068f8 <core1_main+0x708>)
10006764:	f8d4 0f40 	ldr.w	r0, [r4, #3904]	@ 0xf40
10006768:	680b      	ldr	r3, [r1, #0]
1000676a:	f023 0301 	bic.w	r3, r3, #1
1000676e:	600b      	str	r3, [r1, #0]
10006770:	4b5d      	ldr	r3, [pc, #372]	@ (100068e8 <core1_main+0x6f8>)
10006772:	f8c3 20d0 	str.w	r2, [r3, #208]	@ 0xd0
10006776:	f8c3 20d0 	str.w	r2, [r3, #208]	@ 0xd0
1000677a:	f503 5380 	add.w	r3, r3, #4096	@ 0x1000
1000677e:	f8c3 c000 	str.w	ip, [r3]
10006782:	f7fd f8d1 	bl	10003928 <I2S_freq_init.constprop.0>
10006786:	2301      	movs	r3, #1
10006788:	f1b8 0f00 	cmp.w	r8, #0
1000678c:	f884 3f57 	strb.w	r3, [r4, #3927]	@ 0xf57
10006790:	f77f aeab 	ble.w	100064ea <core1_main+0x2fa>
10006794:	f8d5 3bd8 	ldr.w	r3, [r5, #3032]	@ 0xbd8
10006798:	2b03      	cmp	r3, #3
1000679a:	f63f aea6 	bhi.w	100064ea <core1_main+0x2fa>
1000679e:	4a57      	ldr	r2, [pc, #348]	@ (100068fc <core1_main+0x70c>)
100067a0:	7f3b      	ldrb	r3, [r7, #28]
100067a2:	7f3b      	ldrb	r3, [r7, #28]
100067a4:	6812      	ldr	r2, [r2, #0]
100067a6:	4956      	ldr	r1, [pc, #344]	@ (10006900 <core1_main+0x710>)
100067a8:	2b00      	cmp	r3, #0
100067aa:	bf0b      	itete	eq
100067ac:	2304      	moveq	r3, #4
100067ae:	2308      	movne	r3, #8
100067b0:	f04f 0c01 	moveq.w	ip, #1
100067b4:	f04f 0c02 	movne.w	ip, #2
100067b8:	bf0c      	ite	eq
100067ba:	2002      	moveq	r0, #2
100067bc:	2004      	movne	r0, #4
100067be:	428a      	cmp	r2, r1
100067c0:	f000 80e6 	beq.w	10006990 <core1_main+0x7a0>
100067c4:	f200 80dd 	bhi.w	10006982 <core1_main+0x792>
100067c8:	494e      	ldr	r1, [pc, #312]	@ (10006904 <core1_main+0x714>)
100067ca:	428a      	cmp	r2, r1
100067cc:	f000 80de 	beq.w	1000698c <core1_main+0x79c>
100067d0:	494d      	ldr	r1, [pc, #308]	@ (10006908 <core1_main+0x718>)
100067d2:	428a      	cmp	r2, r1
100067d4:	bf08      	it	eq
100067d6:	4603      	moveq	r3, r0
100067d8:	fb02 f303 	mul.w	r3, r2, r3
100067dc:	ee07 3a90 	vmov	s15, r3
100067e0:	eef8 7a67 	vcvt.f32.u32	s15, s15
100067e4:	ee67 7a88 	vmul.f32	s15, s15, s16
100067e8:	eefd 7ae7 	vcvt.s32.f32	s15, s15
100067ec:	f240 32de 	movw	r2, #990	@ 0x3de
100067f0:	ee17 9a90 	vmov	r9, s15
100067f4:	f8d5 3bd8 	ldr.w	r3, [r5, #3032]	@ 0xbd8
100067f8:	4591      	cmp	r9, r2
100067fa:	bfa8      	it	ge
100067fc:	4691      	movge	r9, r2
100067fe:	2b03      	cmp	r3, #3
10006800:	f63f ae73 	bhi.w	100064ea <core1_main+0x2fa>
10006804:	f8df 8114 	ldr.w	r8, [pc, #276]	@ 1000691c <core1_main+0x72c>
10006808:	f8d4 2ed4 	ldr.w	r2, [r4, #3796]	@ 0xed4
1000680c:	f8d4 3f6c 	ldr.w	r3, [r4, #3948]	@ 0xf6c
10006810:	4293      	cmp	r3, r2
10006812:	bfa8      	it	ge
10006814:	4613      	movge	r3, r2
10006816:	2b00      	cmp	r3, #0
10006818:	469a      	mov	sl, r3
1000681a:	f77f ae66 	ble.w	100064ea <core1_main+0x2fa>
1000681e:	454b      	cmp	r3, r9
10006820:	bfa8      	it	ge
10006822:	46ca      	movge	sl, r9
10006824:	4a39      	ldr	r2, [pc, #228]	@ (1000690c <core1_main+0x71c>)
10006826:	4651      	mov	r1, sl
10006828:	f102 00b4 	add.w	r0, r2, #180	@ 0xb4
1000682c:	f004 fadc 	bl	1000ade8 <__ringbuf_read_array_spinlock_veneer>
10006830:	2900      	cmp	r1, #0
10006832:	f6ff ae5a 	blt.w	100064ea <core1_main+0x2fa>
10006836:	4651      	mov	r1, sl
10006838:	4640      	mov	r0, r8
1000683a:	4a2e      	ldr	r2, [pc, #184]	@ (100068f4 <core1_main+0x704>)
1000683c:	f004 fad4 	bl	1000ade8 <__ringbuf_read_array_spinlock_veneer>
10006840:	2900      	cmp	r1, #0
10006842:	f6ff ae52 	blt.w	100064ea <core1_main+0x2fa>
10006846:	ea4f 0b8a 	mov.w	fp, sl, lsl #2
1000684a:	465a      	mov	r2, fp
1000684c:	4930      	ldr	r1, [pc, #192]	@ (10006910 <core1_main+0x720>)
1000684e:	4831      	ldr	r0, [pc, #196]	@ (10006914 <core1_main+0x724>)
10006850:	7f3b      	ldrb	r3, [r7, #28]
10006852:	f004 fa01 	bl	1000ac58 <memcpy>
10006856:	465a      	mov	r2, fp
10006858:	4641      	mov	r1, r8
1000685a:	482f      	ldr	r0, [pc, #188]	@ (10006918 <core1_main+0x728>)
1000685c:	f004 f9fc 	bl	1000ac58 <memcpy>
10006860:	f1ba 0f00 	cmp.w	sl, #0
10006864:	f77f ae41 	ble.w	100064ea <core1_main+0x2fa>
10006868:	f641 63f4 	movw	r3, #7924	@ 0x1ef4
1000686c:	f8d5 0bd0 	ldr.w	r0, [r5, #3024]	@ 0xbd0
10006870:	4928      	ldr	r1, [pc, #160]	@ (10006914 <core1_main+0x724>)
10006872:	fb03 6300 	mla	r3, r3, r0, r6
10006876:	4a28      	ldr	r2, [pc, #160]	@ (10006918 <core1_main+0x728>)
10006878:	eb03 0cca 	add.w	ip, r3, sl, lsl #3
1000687c:	ecb1 7a01 	vldmia	r1!, {s14}
10006880:	ecf2 7a01 	vldmia	r2!, {s15}
10006884:	eebd 7ac7 	vcvt.s32.f32	s14, s14
10006888:	eefd 7ae7 	vcvt.s32.f32	s15, s15
1000688c:	3308      	adds	r3, #8
1000688e:	459c      	cmp	ip, r3
10006890:	ed03 7a02 	vstr	s14, [r3, #-8]
10006894:	ed43 7a01 	vstr	s15, [r3, #-4]
10006898:	d1f0      	bne.n	1000687c <core1_main+0x68c>
1000689a:	f3ef 8210 	mrs	r2, PRIMASK
1000689e:	b672      	cpsid	i
100068a0:	f641 61f4 	movw	r1, #7924	@ 0x1ef4
100068a4:	fb01 6000 	mla	r0, r1, r0, r6
100068a8:	f641 61f0 	movw	r1, #7920	@ 0x1ef0
100068ac:	ea4f 034a 	mov.w	r3, sl, lsl #1
100068b0:	5043      	str	r3, [r0, r1]
100068b2:	f8d5 3bd0 	ldr.w	r3, [r5, #3024]	@ 0xbd0
100068b6:	3301      	adds	r3, #1
100068b8:	f8c5 3bd0 	str.w	r3, [r5, #3024]	@ 0xbd0
100068bc:	f8d5 3bd0 	ldr.w	r3, [r5, #3024]	@ 0xbd0
100068c0:	2b03      	cmp	r3, #3
100068c2:	bf84      	itt	hi
100068c4:	2300      	movhi	r3, #0
100068c6:	f8c5 3bd0 	strhi.w	r3, [r5, #3024]	@ 0xbd0
100068ca:	f8d5 3bd8 	ldr.w	r3, [r5, #3032]	@ 0xbd8
100068ce:	3301      	adds	r3, #1
100068d0:	f8c5 3bd8 	str.w	r3, [r5, #3032]	@ 0xbd8
100068d4:	f382 8810 	msr	PRIMASK, r2
100068d8:	f8d5 3bd8 	ldr.w	r3, [r5, #3032]	@ 0xbd8
100068dc:	2b03      	cmp	r3, #3
100068de:	d993      	bls.n	10006808 <core1_main+0x618>
100068e0:	e603      	b.n	100064ea <core1_main+0x2fa>
100068e2:	bf00      	nop
100068e4:	400b0000 	.word	0x400b0000
100068e8:	50201000 	.word	0x50201000
100068ec:	20008e88 	.word	0x20008e88
100068f0:	2000483c 	.word	0x2000483c
100068f4:	20004848 	.word	0x20004848
100068f8:	50200000 	.word	0x50200000
100068fc:	200016f8 	.word	0x200016f8
10006900:	0002b110 	.word	0x0002b110
10006904:	00015888 	.word	0x00015888
10006908:	00017700 	.word	0x00017700
1000690c:	200047b0 	.word	0x200047b0
10006910:	20004864 	.word	0x20004864
10006914:	20006754 	.word	0x20006754
10006918:	200076cc 	.word	0x200076cc
1000691c:	200057dc 	.word	0x200057dc
10006920:	2b00      	cmp	r3, #0
10006922:	f47f adf4 	bne.w	1000650e <core1_main+0x31e>
10006926:	f884 3f54 	strb.w	r3, [r4, #3924]	@ 0xf54
1000692a:	f8d5 3bd8 	ldr.w	r3, [r5, #3032]	@ 0xbd8
1000692e:	2b00      	cmp	r3, #0
10006930:	f43f aded 	beq.w	1000650e <core1_main+0x31e>
10006934:	f8d5 3bd8 	ldr.w	r3, [r5, #3032]	@ 0xbd8
10006938:	3b01      	subs	r3, #1
1000693a:	f8c5 3bd8 	str.w	r3, [r5, #3032]	@ 0xbd8
1000693e:	e5e6      	b.n	1000650e <core1_main+0x31e>
10006940:	2b00      	cmp	r3, #0
10006942:	f47f ae17 	bne.w	10006574 <core1_main+0x384>
10006946:	f884 3f55 	strb.w	r3, [r4, #3925]	@ 0xf55
1000694a:	f8d5 3bd8 	ldr.w	r3, [r5, #3032]	@ 0xbd8
1000694e:	2b00      	cmp	r3, #0
10006950:	f43f ae10 	beq.w	10006574 <core1_main+0x384>
10006954:	f8d5 3bd8 	ldr.w	r3, [r5, #3032]	@ 0xbd8
10006958:	3b01      	subs	r3, #1
1000695a:	f8c5 3bd8 	str.w	r3, [r5, #3032]	@ 0xbd8
1000695e:	e609      	b.n	10006574 <core1_main+0x384>
10006960:	f894 2f55 	ldrb.w	r2, [r4, #3925]	@ 0xf55
10006964:	2a01      	cmp	r2, #1
10006966:	b2d3      	uxtb	r3, r2
10006968:	f47f ae35 	bne.w	100065d6 <core1_main+0x3e6>
1000696c:	f8d4 2f44 	ldr.w	r2, [r4, #3908]	@ 0xf44
10006970:	f04f 41a0 	mov.w	r1, #1342177280	@ 0x50000000
10006974:	4093      	lsls	r3, r2
10006976:	2202      	movs	r2, #2
10006978:	f8c1 3450 	str.w	r3, [r1, #1104]	@ 0x450
1000697c:	f884 2f54 	strb.w	r2, [r4, #3924]	@ 0xf54
10006980:	e629      	b.n	100065d6 <core1_main+0x3e6>
10006982:	490c      	ldr	r1, [pc, #48]	@ (100069b4 <core1_main+0x7c4>)
10006984:	428a      	cmp	r2, r1
10006986:	bf08      	it	eq
10006988:	4663      	moveq	r3, ip
1000698a:	e725      	b.n	100067d8 <core1_main+0x5e8>
1000698c:	4603      	mov	r3, r0
1000698e:	e723      	b.n	100067d8 <core1_main+0x5e8>
10006990:	4663      	mov	r3, ip
10006992:	e721      	b.n	100067d8 <core1_main+0x5e8>
10006994:	461a      	mov	r2, r3
10006996:	e502      	b.n	1000639e <core1_main+0x1ae>
10006998:	f06f 0508 	mvn.w	r5, #8
1000699c:	e479      	b.n	10006292 <core1_main+0xa2>
1000699e:	2514      	movs	r5, #20
100069a0:	4b05      	ldr	r3, [pc, #20]	@ (100069b8 <core1_main+0x7c8>)
100069a2:	462a      	mov	r2, r5
100069a4:	f8d3 3168 	ldr.w	r3, [r3, #360]	@ 0x168
100069a8:	4b04      	ldr	r3, [pc, #16]	@ (100069bc <core1_main+0x7cc>)
100069aa:	e449      	b.n	10006240 <core1_main+0x50>
100069ac:	2301      	movs	r3, #1
100069ae:	f884 3f57 	strb.w	r3, [r4, #3927]	@ 0xf57
100069b2:	e59a      	b.n	100064ea <core1_main+0x2fa>
100069b4:	0002ee00 	.word	0x0002ee00
100069b8:	50200000 	.word	0x50200000
100069bc:	fff00000 	.word	0xfff00000

100069c0 <initialize_ringbuffer.isra.0>:
100069c0:	b570      	push	{r4, r5, r6, lr}
100069c2:	4614      	mov	r4, r2
100069c4:	4606      	mov	r6, r0
100069c6:	7611      	strb	r1, [r2, #24]
100069c8:	b149      	cbz	r1, 100069de <initialize_ringbuffer.isra.0+0x1e>
100069ca:	2300      	movs	r3, #0
100069cc:	6026      	str	r6, [r4, #0]
100069ce:	00b0      	lsls	r0, r6, #2
100069d0:	6063      	str	r3, [r4, #4]
100069d2:	60a3      	str	r3, [r4, #8]
100069d4:	60e3      	str	r3, [r4, #12]
100069d6:	f7ff fb1f 	bl	10006018 <__wrap_malloc>
100069da:	6120      	str	r0, [r4, #16]
100069dc:	bd70      	pop	{r4, r5, r6, pc}
100069de:	460d      	mov	r5, r1
100069e0:	221f      	movs	r2, #31
100069e2:	2118      	movs	r1, #24
100069e4:	4b04      	ldr	r3, [pc, #16]	@ (100069f8 <initialize_ringbuffer.isra.0+0x38>)
100069e6:	4805      	ldr	r0, [pc, #20]	@ (100069fc <initialize_ringbuffer.isra.0+0x3c>)
100069e8:	f7ff fbb4 	bl	10006154 <hw_claim_unused_from_range.constprop.0>
100069ec:	4b04      	ldr	r3, [pc, #16]	@ (10006a00 <initialize_ringbuffer.isra.0+0x40>)
100069ee:	4418      	add	r0, r3
100069f0:	e8c0 5f8f 	stlb	r5, [r0]
100069f4:	6160      	str	r0, [r4, #20]
100069f6:	e7e8      	b.n	100069ca <initialize_ringbuffer.isra.0+0xa>
100069f8:	1000afd4 	.word	0x1000afd4
100069fc:	20008644 	.word	0x20008644
10006a00:	20001784 	.word	0x20001784

10006a04 <set_sys_clock_khz.constprop.0.isra.0>:
10006a04:	e92d 4ff8 	stmdb	sp!, {r3, r4, r5, r6, r7, r8, r9, sl, fp, lr}
10006a08:	4601      	mov	r1, r0
10006a0a:	f44f 77a0 	mov.w	r7, #320	@ 0x140
10006a0e:	4a9f      	ldr	r2, [pc, #636]	@ (10006c8c <set_sys_clock_khz.constprop.0.isra.0+0x288>)
10006a10:	f8df a2b0 	ldr.w	sl, [pc, #688]	@ 10006cc4 <set_sys_clock_khz.constprop.0.isra.0+0x2c0>
10006a14:	4552      	cmp	r2, sl
10006a16:	d909      	bls.n	10006a2c <set_sys_clock_khz.constprop.0.isra.0+0x28>
10006a18:	3f01      	subs	r7, #1
10006a1a:	f5a2 523b 	sub.w	r2, r2, #11968	@ 0x2ec0
10006a1e:	2f0f      	cmp	r7, #15
10006a20:	f1a2 0220 	sub.w	r2, r2, #32
10006a24:	d1f6      	bne.n	10006a14 <set_sys_clock_khz.constprop.0.isra.0+0x10>
10006a26:	489a      	ldr	r0, [pc, #616]	@ (10006c90 <set_sys_clock_khz.constprop.0.isra.0+0x28c>)
10006a28:	f7ff f8c0 	bl	10005bac <panic>
10006a2c:	2507      	movs	r5, #7
10006a2e:	fb05 f405 	mul.w	r4, r5, r5
10006a32:	f502 2337 	add.w	r3, r2, #749568	@ 0xb7000
10006a36:	f503 73d8 	add.w	r3, r3, #432	@ 0x1b0
10006a3a:	fbb3 f9f4 	udiv	r9, r3, r4
10006a3e:	4549      	cmp	r1, r9
10006a40:	f04f 0801 	mov.w	r8, #1
10006a44:	f04f 0e02 	mov.w	lr, #2
10006a48:	f04f 0c03 	mov.w	ip, #3
10006a4c:	f04f 0004 	mov.w	r0, #4
10006a50:	f04f 0605 	mov.w	r6, #5
10006a54:	d048      	beq.n	10006ae8 <set_sys_clock_khz.constprop.0.isra.0+0xe4>
10006a56:	f1b5 0901 	subs.w	r9, r5, #1
10006a5a:	d0dd      	beq.n	10006a18 <set_sys_clock_khz.constprop.0.isra.0+0x14>
10006a5c:	fb05 f409 	mul.w	r4, r5, r9
10006a60:	fbb3 fbf4 	udiv	fp, r3, r4
10006a64:	4559      	cmp	r1, fp
10006a66:	f000 80c4 	beq.w	10006bf2 <set_sys_clock_khz.constprop.0.isra.0+0x1ee>
10006a6a:	b366      	cbz	r6, 10006ac6 <set_sys_clock_khz.constprop.0.isra.0+0xc2>
10006a6c:	fb05 f406 	mul.w	r4, r5, r6
10006a70:	fbb3 fbf4 	udiv	fp, r3, r4
10006a74:	4559      	cmp	r1, fp
10006a76:	f000 80c4 	beq.w	10006c02 <set_sys_clock_khz.constprop.0.isra.0+0x1fe>
10006a7a:	b320      	cbz	r0, 10006ac6 <set_sys_clock_khz.constprop.0.isra.0+0xc2>
10006a7c:	fb05 f400 	mul.w	r4, r5, r0
10006a80:	fbb3 fbf4 	udiv	fp, r3, r4
10006a84:	4559      	cmp	r1, fp
10006a86:	f000 80c3 	beq.w	10006c10 <set_sys_clock_khz.constprop.0.isra.0+0x20c>
10006a8a:	f1bc 0f00 	cmp.w	ip, #0
10006a8e:	d01a      	beq.n	10006ac6 <set_sys_clock_khz.constprop.0.isra.0+0xc2>
10006a90:	fb05 f40c 	mul.w	r4, r5, ip
10006a94:	fbb3 fbf4 	udiv	fp, r3, r4
10006a98:	4559      	cmp	r1, fp
10006a9a:	f000 80c1 	beq.w	10006c20 <set_sys_clock_khz.constprop.0.isra.0+0x21c>
10006a9e:	f1be 0f00 	cmp.w	lr, #0
10006aa2:	d010      	beq.n	10006ac6 <set_sys_clock_khz.constprop.0.isra.0+0xc2>
10006aa4:	fb05 f40e 	mul.w	r4, r5, lr
10006aa8:	fbb3 fbf4 	udiv	fp, r3, r4
10006aac:	4559      	cmp	r1, fp
10006aae:	f000 80bf 	beq.w	10006c30 <set_sys_clock_khz.constprop.0.isra.0+0x22c>
10006ab2:	f1b8 0f00 	cmp.w	r8, #0
10006ab6:	d006      	beq.n	10006ac6 <set_sys_clock_khz.constprop.0.isra.0+0xc2>
10006ab8:	fb05 f408 	mul.w	r4, r5, r8
10006abc:	fbb3 fbf4 	udiv	fp, r3, r4
10006ac0:	4559      	cmp	r1, fp
10006ac2:	f000 80bd 	beq.w	10006c40 <set_sys_clock_khz.constprop.0.isra.0+0x23c>
10006ac6:	464d      	mov	r5, r9
10006ac8:	fb05 f405 	mul.w	r4, r5, r5
10006acc:	fbb3 f9f4 	udiv	r9, r3, r4
10006ad0:	4549      	cmp	r1, r9
10006ad2:	f106 36ff 	add.w	r6, r6, #4294967295
10006ad6:	f100 30ff 	add.w	r0, r0, #4294967295
10006ada:	f10c 3cff 	add.w	ip, ip, #4294967295
10006ade:	f10e 3eff 	add.w	lr, lr, #4294967295
10006ae2:	f108 38ff 	add.w	r8, r8, #4294967295
10006ae6:	d1b6      	bne.n	10006a56 <set_sys_clock_khz.constprop.0.isra.0+0x52>
10006ae8:	fb04 3911 	mls	r9, r4, r1, r3
10006aec:	f1b9 0f00 	cmp.w	r9, #0
10006af0:	d1b1      	bne.n	10006a56 <set_sys_clock_khz.constprop.0.isra.0+0x52>
10006af2:	462e      	mov	r6, r5
10006af4:	2001      	movs	r0, #1
10006af6:	4967      	ldr	r1, [pc, #412]	@ (10006c94 <set_sys_clock_khz.constprop.0.isra.0+0x290>)
10006af8:	f7fc fede 	bl	100038b8 <clock_configure_internal.constprop.1>
10006afc:	4b66      	ldr	r3, [pc, #408]	@ (10006c98 <set_sys_clock_khz.constprop.0.isra.0+0x294>)
10006afe:	0336      	lsls	r6, r6, #12
10006b00:	681a      	ldr	r2, [r3, #0]
10006b02:	ea46 4605 	orr.w	r6, r6, r5, lsl #16
10006b06:	2a00      	cmp	r2, #0
10006b08:	f2c0 80ac 	blt.w	10006c64 <set_sys_clock_khz.constprop.0.isra.0+0x260>
10006b0c:	f44f 4380 	mov.w	r3, #16384	@ 0x4000
10006b10:	4862      	ldr	r0, [pc, #392]	@ (10006c9c <set_sys_clock_khz.constprop.0.isra.0+0x298>)
10006b12:	4963      	ldr	r1, [pc, #396]	@ (10006ca0 <set_sys_clock_khz.constprop.0.isra.0+0x29c>)
10006b14:	4a63      	ldr	r2, [pc, #396]	@ (10006ca4 <set_sys_clock_khz.constprop.0.isra.0+0x2a0>)
10006b16:	6003      	str	r3, [r0, #0]
10006b18:	600b      	str	r3, [r1, #0]
10006b1a:	6893      	ldr	r3, [r2, #8]
10006b1c:	0459      	lsls	r1, r3, #17
10006b1e:	d5fc      	bpl.n	10006b1a <set_sys_clock_khz.constprop.0.isra.0+0x116>
10006b20:	2301      	movs	r3, #1
10006b22:	2121      	movs	r1, #33	@ 0x21
10006b24:	4a5c      	ldr	r2, [pc, #368]	@ (10006c98 <set_sys_clock_khz.constprop.0.isra.0+0x294>)
10006b26:	6013      	str	r3, [r2, #0]
10006b28:	4b5f      	ldr	r3, [pc, #380]	@ (10006ca8 <set_sys_clock_khz.constprop.0.isra.0+0x2a4>)
10006b2a:	6097      	str	r7, [r2, #8]
10006b2c:	6059      	str	r1, [r3, #4]
10006b2e:	6813      	ldr	r3, [r2, #0]
10006b30:	2b00      	cmp	r3, #0
10006b32:	dafc      	bge.n	10006b2e <set_sys_clock_khz.constprop.0.isra.0+0x12a>
10006b34:	2108      	movs	r1, #8
10006b36:	4b5c      	ldr	r3, [pc, #368]	@ (10006ca8 <set_sys_clock_khz.constprop.0.isra.0+0x2a4>)
10006b38:	60d6      	str	r6, [r2, #12]
10006b3a:	6059      	str	r1, [r3, #4]
10006b3c:	4b5b      	ldr	r3, [pc, #364]	@ (10006cac <set_sys_clock_khz.constprop.0.isra.0+0x2a8>)
10006b3e:	f44f 6000 	mov.w	r0, #2048	@ 0x800
10006b42:	6b5a      	ldr	r2, [r3, #52]	@ 0x34
10006b44:	495a      	ldr	r1, [pc, #360]	@ (10006cb0 <set_sys_clock_khz.constprop.0.isra.0+0x2ac>)
10006b46:	f5b2 3f80 	cmp.w	r2, #65536	@ 0x10000
10006b4a:	bf38      	it	cc
10006b4c:	f44f 3280 	movcc.w	r2, #65536	@ 0x10000
10006b50:	fb07 f101 	mul.w	r1, r7, r1
10006b54:	4d57      	ldr	r5, [pc, #348]	@ (10006cb4 <set_sys_clock_khz.constprop.0.isra.0+0x2b0>)
10006b56:	bf38      	it	cc
10006b58:	635a      	strcc	r2, [r3, #52]	@ 0x34
10006b5a:	f8d5 20e0 	ldr.w	r2, [r5, #224]	@ 0xe0
10006b5e:	4b56      	ldr	r3, [pc, #344]	@ (10006cb8 <set_sys_clock_khz.constprop.0.isra.0+0x2b4>)
10006b60:	fbb1 f1f4 	udiv	r1, r1, r4
10006b64:	6318      	str	r0, [r3, #48]	@ 0x30
10006b66:	2a00      	cmp	r2, #0
10006b68:	d172      	bne.n	10006c50 <set_sys_clock_khz.constprop.0.isra.0+0x24c>
10006b6a:	4c50      	ldr	r4, [pc, #320]	@ (10006cac <set_sys_clock_khz.constprop.0.isra.0+0x2a8>)
10006b6c:	4a53      	ldr	r2, [pc, #332]	@ (10006cbc <set_sys_clock_khz.constprop.0.isra.0+0x2b8>)
10006b6e:	6b23      	ldr	r3, [r4, #48]	@ 0x30
10006b70:	f003 03e0 	and.w	r3, r3, #224	@ 0xe0
10006b74:	6313      	str	r3, [r2, #48]	@ 0x30
10006b76:	6b23      	ldr	r3, [r4, #48]	@ 0x30
10006b78:	f083 0302 	eor.w	r3, r3, #2
10006b7c:	f003 0303 	and.w	r3, r3, #3
10006b80:	6313      	str	r3, [r2, #48]	@ 0x30
10006b82:	6ba3      	ldr	r3, [r4, #56]	@ 0x38
10006b84:	075b      	lsls	r3, r3, #29
10006b86:	d5fc      	bpl.n	10006b82 <set_sys_clock_khz.constprop.0.isra.0+0x17e>
10006b88:	f44f 6200 	mov.w	r2, #2048	@ 0x800
10006b8c:	f44f 3680 	mov.w	r6, #65536	@ 0x10000
10006b90:	4b4b      	ldr	r3, [pc, #300]	@ (10006cc0 <set_sys_clock_khz.constprop.0.isra.0+0x2bc>)
10006b92:	2000      	movs	r0, #0
10006b94:	631a      	str	r2, [r3, #48]	@ 0x30
10006b96:	4b46      	ldr	r3, [pc, #280]	@ (10006cb0 <set_sys_clock_khz.constprop.0.isra.0+0x2ac>)
10006b98:	6366      	str	r6, [r4, #52]	@ 0x34
10006b9a:	f8c5 30e0 	str.w	r3, [r5, #224]	@ 0xe0
10006b9e:	f7fc fe8b 	bl	100038b8 <clock_configure_internal.constprop.1>
10006ba2:	f44f 6100 	mov.w	r1, #2048	@ 0x800
10006ba6:	6ce3      	ldr	r3, [r4, #76]	@ 0x4c
10006ba8:	42b3      	cmp	r3, r6
10006baa:	bf38      	it	cc
10006bac:	64e6      	strcc	r6, [r4, #76]	@ 0x4c
10006bae:	4b42      	ldr	r3, [pc, #264]	@ (10006cb8 <set_sys_clock_khz.constprop.0.isra.0+0x2b4>)
10006bb0:	f8d5 20e8 	ldr.w	r2, [r5, #232]	@ 0xe8
10006bb4:	6499      	str	r1, [r3, #72]	@ 0x48
10006bb6:	b142      	cbz	r2, 10006bca <set_sys_clock_khz.constprop.0.isra.0+0x1c6>
10006bb8:	f8d5 30e4 	ldr.w	r3, [r5, #228]	@ 0xe4
10006bbc:	fbb3 f3f2 	udiv	r3, r3, r2
10006bc0:	3301      	adds	r3, #1
10006bc2:	eb03 0343 	add.w	r3, r3, r3, lsl #1
10006bc6:	3b03      	subs	r3, #3
10006bc8:	d2fd      	bcs.n	10006bc6 <set_sys_clock_khz.constprop.0.isra.0+0x1c2>
10006bca:	f44f 6000 	mov.w	r0, #2048	@ 0x800
10006bce:	f44f 3180 	mov.w	r1, #65536	@ 0x10000
10006bd2:	4a36      	ldr	r2, [pc, #216]	@ (10006cac <set_sys_clock_khz.constprop.0.isra.0+0x2a8>)
10006bd4:	4c39      	ldr	r4, [pc, #228]	@ (10006cbc <set_sys_clock_khz.constprop.0.isra.0+0x2b8>)
10006bd6:	6c93      	ldr	r3, [r2, #72]	@ 0x48
10006bd8:	f083 0340 	eor.w	r3, r3, #64	@ 0x40
10006bdc:	f003 03e0 	and.w	r3, r3, #224	@ 0xe0
10006be0:	64a3      	str	r3, [r4, #72]	@ 0x48
10006be2:	4b37      	ldr	r3, [pc, #220]	@ (10006cc0 <set_sys_clock_khz.constprop.0.isra.0+0x2bc>)
10006be4:	4c2b      	ldr	r4, [pc, #172]	@ (10006c94 <set_sys_clock_khz.constprop.0.isra.0+0x290>)
10006be6:	f8c5 40e8 	str.w	r4, [r5, #232]	@ 0xe8
10006bea:	6498      	str	r0, [r3, #72]	@ 0x48
10006bec:	64d1      	str	r1, [r2, #76]	@ 0x4c
10006bee:	e8bd 8ff8 	ldmia.w	sp!, {r3, r4, r5, r6, r7, r8, r9, sl, fp, pc}
10006bf2:	fb04 3b11 	mls	fp, r4, r1, r3
10006bf6:	f1bb 0f00 	cmp.w	fp, #0
10006bfa:	f47f af36 	bne.w	10006a6a <set_sys_clock_khz.constprop.0.isra.0+0x66>
10006bfe:	464e      	mov	r6, r9
10006c00:	e778      	b.n	10006af4 <set_sys_clock_khz.constprop.0.isra.0+0xf0>
10006c02:	fb04 3b11 	mls	fp, r4, r1, r3
10006c06:	f1bb 0f00 	cmp.w	fp, #0
10006c0a:	f47f af36 	bne.w	10006a7a <set_sys_clock_khz.constprop.0.isra.0+0x76>
10006c0e:	e771      	b.n	10006af4 <set_sys_clock_khz.constprop.0.isra.0+0xf0>
10006c10:	fb04 3b11 	mls	fp, r4, r1, r3
10006c14:	f1bb 0f00 	cmp.w	fp, #0
10006c18:	f47f af37 	bne.w	10006a8a <set_sys_clock_khz.constprop.0.isra.0+0x86>
10006c1c:	4606      	mov	r6, r0
10006c1e:	e769      	b.n	10006af4 <set_sys_clock_khz.constprop.0.isra.0+0xf0>
10006c20:	fb04 3b11 	mls	fp, r4, r1, r3
10006c24:	f1bb 0f00 	cmp.w	fp, #0
10006c28:	f47f af39 	bne.w	10006a9e <set_sys_clock_khz.constprop.0.isra.0+0x9a>
10006c2c:	4666      	mov	r6, ip
10006c2e:	e761      	b.n	10006af4 <set_sys_clock_khz.constprop.0.isra.0+0xf0>
10006c30:	fb04 3b11 	mls	fp, r4, r1, r3
10006c34:	f1bb 0f00 	cmp.w	fp, #0
10006c38:	f47f af3b 	bne.w	10006ab2 <set_sys_clock_khz.constprop.0.isra.0+0xae>
10006c3c:	4676      	mov	r6, lr
10006c3e:	e759      	b.n	10006af4 <set_sys_clock_khz.constprop.0.isra.0+0xf0>
10006c40:	fb04 3b11 	mls	fp, r4, r1, r3
10006c44:	f1bb 0f00 	cmp.w	fp, #0
10006c48:	f47f af3d 	bne.w	10006ac6 <set_sys_clock_khz.constprop.0.isra.0+0xc2>
10006c4c:	4646      	mov	r6, r8
10006c4e:	e751      	b.n	10006af4 <set_sys_clock_khz.constprop.0.isra.0+0xf0>
10006c50:	f8d5 30e4 	ldr.w	r3, [r5, #228]	@ 0xe4
10006c54:	fbb3 f3f2 	udiv	r3, r3, r2
10006c58:	3301      	adds	r3, #1
10006c5a:	eb03 0343 	add.w	r3, r3, r3, lsl #1
10006c5e:	3b03      	subs	r3, #3
10006c60:	d2fd      	bcs.n	10006c5e <set_sys_clock_khz.constprop.0.isra.0+0x25a>
10006c62:	e782      	b.n	10006b6a <set_sys_clock_khz.constprop.0.isra.0+0x166>
10006c64:	681a      	ldr	r2, [r3, #0]
10006c66:	f002 023f 	and.w	r2, r2, #63	@ 0x3f
10006c6a:	2a01      	cmp	r2, #1
10006c6c:	f47f af4e 	bne.w	10006b0c <set_sys_clock_khz.constprop.0.isra.0+0x108>
10006c70:	689a      	ldr	r2, [r3, #8]
10006c72:	f3c2 020b 	ubfx	r2, r2, #0, #12
10006c76:	42ba      	cmp	r2, r7
10006c78:	f47f af48 	bne.w	10006b0c <set_sys_clock_khz.constprop.0.isra.0+0x108>
10006c7c:	68db      	ldr	r3, [r3, #12]
10006c7e:	f403 23ee 	and.w	r3, r3, #487424	@ 0x77000
10006c82:	429e      	cmp	r6, r3
10006c84:	f47f af42 	bne.w	10006b0c <set_sys_clock_khz.constprop.0.isra.0+0x108>
10006c88:	e758      	b.n	10006b3c <set_sys_clock_khz.constprop.0.isra.0+0x138>
10006c8a:	bf00      	nop
10006c8c:	002f2650 	.word	0x002f2650
10006c90:	1000aff0 	.word	0x1000aff0
10006c94:	02dc6c00 	.word	0x02dc6c00
10006c98:	40050000 	.word	0x40050000
10006c9c:	40022000 	.word	0x40022000
10006ca0:	40023000 	.word	0x40023000
10006ca4:	40020000 	.word	0x40020000
10006ca8:	40053000 	.word	0x40053000
10006cac:	40010000 	.word	0x40010000
10006cb0:	00b71b00 	.word	0x00b71b00
10006cb4:	200016f8 	.word	0x200016f8
10006cb8:	40013000 	.word	0x40013000
10006cbc:	40011000 	.word	0x40011000
10006cc0:	40012000 	.word	0x40012000
10006cc4:	000cf850 	.word	0x000cf850

10006cc8 <renew_clock>:
10006cc8:	e92d 41f0 	stmdb	sp!, {r4, r5, r6, r7, r8, lr}
10006ccc:	4ca5      	ldr	r4, [pc, #660]	@ (10006f64 <renew_clock+0x29c>)
10006cce:	4605      	mov	r5, r0
10006cd0:	f8d4 198c 	ldr.w	r1, [r4, #2444]	@ 0x98c
10006cd4:	b082      	sub	sp, #8
10006cd6:	2900      	cmp	r1, #0
10006cd8:	f040 823a 	bne.w	10007150 <renew_clock+0x488>
10006cdc:	4ba2      	ldr	r3, [pc, #648]	@ (10006f68 <renew_clock+0x2a0>)
10006cde:	4aa3      	ldr	r2, [pc, #652]	@ (10006f6c <renew_clock+0x2a4>)
10006ce0:	681b      	ldr	r3, [r3, #0]
10006ce2:	4293      	cmp	r3, r2
10006ce4:	f000 80db 	beq.w	10006e9e <renew_clock+0x1d6>
10006ce8:	4aa1      	ldr	r2, [pc, #644]	@ (10006f70 <renew_clock+0x2a8>)
10006cea:	4293      	cmp	r3, r2
10006cec:	f000 80d7 	beq.w	10006e9e <renew_clock+0x1d6>
10006cf0:	f64b 3280 	movw	r2, #48000	@ 0xbb80
10006cf4:	4293      	cmp	r3, r2
10006cf6:	f000 80d2 	beq.w	10006e9e <renew_clock+0x1d6>
10006cfa:	2d00      	cmp	r5, #0
10006cfc:	f000 81c7 	beq.w	1000708e <renew_clock+0x3c6>
10006d00:	4b9c      	ldr	r3, [pc, #624]	@ (10006f74 <renew_clock+0x2ac>)
10006d02:	499d      	ldr	r1, [pc, #628]	@ (10006f78 <renew_clock+0x2b0>)
10006d04:	4a9d      	ldr	r2, [pc, #628]	@ (10006f7c <renew_clock+0x2b4>)
10006d06:	6059      	str	r1, [r3, #4]
10006d08:	68d3      	ldr	r3, [r2, #12]
10006d0a:	0419      	lsls	r1, r3, #16
10006d0c:	d4fc      	bmi.n	10006d08 <renew_clock+0x40>
10006d0e:	68d0      	ldr	r0, [r2, #12]
10006d10:	4a9b      	ldr	r2, [pc, #620]	@ (10006f80 <renew_clock+0x2b8>)
10006d12:	4b9c      	ldr	r3, [pc, #624]	@ (10006f84 <renew_clock+0x2bc>)
10006d14:	4042      	eors	r2, r0
10006d16:	499c      	ldr	r1, [pc, #624]	@ (10006f88 <renew_clock+0x2c0>)
10006d18:	4013      	ands	r3, r2
10006d1a:	4a98      	ldr	r2, [pc, #608]	@ (10006f7c <renew_clock+0x2b4>)
10006d1c:	60cb      	str	r3, [r1, #12]
10006d1e:	68d3      	ldr	r3, [r2, #12]
10006d20:	041b      	lsls	r3, r3, #16
10006d22:	d4fc      	bmi.n	10006d1e <renew_clock+0x56>
10006d24:	4999      	ldr	r1, [pc, #612]	@ (10006f8c <renew_clock+0x2c4>)
10006d26:	6a4b      	ldr	r3, [r1, #36]	@ 0x24
10006d28:	4618      	mov	r0, r3
10006d2a:	6a8a      	ldr	r2, [r1, #40]	@ 0x28
10006d2c:	6a4b      	ldr	r3, [r1, #36]	@ 0x24
10006d2e:	4283      	cmp	r3, r0
10006d30:	d1fa      	bne.n	10006d28 <renew_clock+0x60>
10006d32:	3264      	adds	r2, #100	@ 0x64
10006d34:	f153 0300 	adcs.w	r3, r3, #0
10006d38:	f04f 0100 	mov.w	r1, #0
10006d3c:	bf28      	it	cs
10006d3e:	2101      	movcs	r1, #1
10006d40:	2900      	cmp	r1, #0
10006d42:	f040 820d 	bne.w	10007160 <renew_clock+0x498>
10006d46:	4991      	ldr	r1, [pc, #580]	@ (10006f8c <renew_clock+0x2c4>)
10006d48:	6a49      	ldr	r1, [r1, #36]	@ 0x24
10006d4a:	428b      	cmp	r3, r1
10006d4c:	d903      	bls.n	10006d56 <renew_clock+0x8e>
10006d4e:	488f      	ldr	r0, [pc, #572]	@ (10006f8c <renew_clock+0x2c4>)
10006d50:	6a41      	ldr	r1, [r0, #36]	@ 0x24
10006d52:	4299      	cmp	r1, r3
10006d54:	d3fc      	bcc.n	10006d50 <renew_clock+0x88>
10006d56:	4299      	cmp	r1, r3
10006d58:	d107      	bne.n	10006d6a <renew_clock+0xa2>
10006d5a:	498c      	ldr	r1, [pc, #560]	@ (10006f8c <renew_clock+0x2c4>)
10006d5c:	e002      	b.n	10006d64 <renew_clock+0x9c>
10006d5e:	6a48      	ldr	r0, [r1, #36]	@ 0x24
10006d60:	4298      	cmp	r0, r3
10006d62:	d102      	bne.n	10006d6a <renew_clock+0xa2>
10006d64:	6a88      	ldr	r0, [r1, #40]	@ 0x28
10006d66:	4290      	cmp	r0, r2
10006d68:	d3f9      	bcc.n	10006d5e <renew_clock+0x96>
10006d6a:	4889      	ldr	r0, [pc, #548]	@ (10006f90 <renew_clock+0x2c8>)
10006d6c:	f7ff fe4a 	bl	10006a04 <set_sys_clock_khz.constprop.0.isra.0>
10006d70:	4986      	ldr	r1, [pc, #536]	@ (10006f8c <renew_clock+0x2c4>)
10006d72:	6a4b      	ldr	r3, [r1, #36]	@ 0x24
10006d74:	4618      	mov	r0, r3
10006d76:	6a8a      	ldr	r2, [r1, #40]	@ 0x28
10006d78:	6a4b      	ldr	r3, [r1, #36]	@ 0x24
10006d7a:	4283      	cmp	r3, r0
10006d7c:	d1fa      	bne.n	10006d74 <renew_clock+0xac>
10006d7e:	f112 0132 	adds.w	r1, r2, #50	@ 0x32
10006d82:	f153 0300 	adcs.w	r3, r3, #0
10006d86:	f04f 0000 	mov.w	r0, #0
10006d8a:	bf28      	it	cs
10006d8c:	2001      	movcs	r0, #1
10006d8e:	2800      	cmp	r0, #0
10006d90:	f000 8222 	beq.w	100071d8 <renew_clock+0x510>
10006d94:	4b7d      	ldr	r3, [pc, #500]	@ (10006f8c <renew_clock+0x2c4>)
10006d96:	6a5a      	ldr	r2, [r3, #36]	@ 0x24
10006d98:	1c56      	adds	r6, r2, #1
10006d9a:	bf08      	it	eq
10006d9c:	4613      	moveq	r3, r2
10006d9e:	d009      	beq.n	10006db4 <renew_clock+0xec>
10006da0:	f04f 33ff 	mov.w	r3, #4294967295
10006da4:	4619      	mov	r1, r3
10006da6:	4879      	ldr	r0, [pc, #484]	@ (10006f8c <renew_clock+0x2c4>)
10006da8:	6a42      	ldr	r2, [r0, #36]	@ 0x24
10006daa:	429a      	cmp	r2, r3
10006dac:	d3fc      	bcc.n	10006da8 <renew_clock+0xe0>
10006dae:	429a      	cmp	r2, r3
10006db0:	d108      	bne.n	10006dc4 <renew_clock+0xfc>
10006db2:	460b      	mov	r3, r1
10006db4:	4975      	ldr	r1, [pc, #468]	@ (10006f8c <renew_clock+0x2c4>)
10006db6:	e002      	b.n	10006dbe <renew_clock+0xf6>
10006db8:	6a48      	ldr	r0, [r1, #36]	@ 0x24
10006dba:	4290      	cmp	r0, r2
10006dbc:	d102      	bne.n	10006dc4 <renew_clock+0xfc>
10006dbe:	6a88      	ldr	r0, [r1, #40]	@ 0x28
10006dc0:	4298      	cmp	r0, r3
10006dc2:	d3f9      	bcc.n	10006db8 <renew_clock+0xf0>
10006dc4:	f06f 06f9 	mvn.w	r6, #249	@ 0xf9
10006dc8:	f04f 37ff 	mov.w	r7, #4294967295
10006dcc:	2200      	movs	r2, #0
10006dce:	4b71      	ldr	r3, [pc, #452]	@ (10006f94 <renew_clock+0x2cc>)
10006dd0:	4d71      	ldr	r5, [pc, #452]	@ (10006f98 <renew_clock+0x2d0>)
10006dd2:	496e      	ldr	r1, [pc, #440]	@ (10006f8c <renew_clock+0x2c4>)
10006dd4:	f8c4 3988 	str.w	r3, [r4, #2440]	@ 0x988
10006dd8:	4b70      	ldr	r3, [pc, #448]	@ (10006f9c <renew_clock+0x2d4>)
10006dda:	f8c4 3990 	str.w	r3, [r4, #2448]	@ 0x990
10006dde:	6a4b      	ldr	r3, [r1, #36]	@ 0x24
10006de0:	e9c5 6700 	strd	r6, r7, [r5]
10006de4:	f8c4 2994 	str.w	r2, [r4, #2452]	@ 0x994
10006de8:	4618      	mov	r0, r3
10006dea:	6a8a      	ldr	r2, [r1, #40]	@ 0x28
10006dec:	6a4b      	ldr	r3, [r1, #36]	@ 0x24
10006dee:	4283      	cmp	r3, r0
10006df0:	d1fa      	bne.n	10006de8 <renew_clock+0x120>
10006df2:	f04f 30ff 	mov.w	r0, #4294967295
10006df6:	f06f 4100 	mvn.w	r1, #2147483648	@ 0x80000000
10006dfa:	32fa      	adds	r2, #250	@ 0xfa
10006dfc:	f143 0300 	adc.w	r3, r3, #0
10006e00:	4290      	cmp	r0, r2
10006e02:	eb71 0603 	sbcs.w	r6, r1, r3
10006e06:	bf38      	it	cc
10006e08:	460b      	movcc	r3, r1
10006e0a:	4965      	ldr	r1, [pc, #404]	@ (10006fa0 <renew_clock+0x2d8>)
10006e0c:	bf38      	it	cc
10006e0e:	4602      	movcc	r2, r0
10006e10:	e9cd 1500 	strd	r1, r5, [sp]
10006e14:	485f      	ldr	r0, [pc, #380]	@ (10006f94 <renew_clock+0x2cc>)
10006e16:	f7fa fda3 	bl	10001960 <alarm_pool_add_alarm_at_force_in_context>
10006e1a:	2301      	movs	r3, #1
10006e1c:	f04f 41a0 	mov.w	r1, #1342177280	@ 0x50000000
10006e20:	4d60      	ldr	r5, [pc, #384]	@ (10006fa4 <renew_clock+0x2dc>)
10006e22:	f8d5 6f44 	ldr.w	r6, [r5, #3908]	@ 0xf44
10006e26:	01b2      	lsls	r2, r6, #6
10006e28:	40b3      	lsls	r3, r6
10006e2a:	f8c1 3464 	str.w	r3, [r1, #1124]	@ 0x464
10006e2e:	440a      	add	r2, r1
10006e30:	f8c4 098c 	str.w	r0, [r4, #2444]	@ 0x98c
10006e34:	68d3      	ldr	r3, [r2, #12]
10006e36:	015b      	lsls	r3, r3, #5
10006e38:	d4fc      	bmi.n	10006e34 <renew_clock+0x16c>
10006e3a:	2201      	movs	r2, #1
10006e3c:	f04f 4ea0 	mov.w	lr, #1342177280	@ 0x50000000
10006e40:	f8d5 0f48 	ldr.w	r0, [r5, #3912]	@ 0xf48
10006e44:	0183      	lsls	r3, r0, #6
10006e46:	4082      	lsls	r2, r0
10006e48:	4473      	add	r3, lr
10006e4a:	f8c1 2464 	str.w	r2, [r1, #1124]	@ 0x464
10006e4e:	68dc      	ldr	r4, [r3, #12]
10006e50:	f014 6480 	ands.w	r4, r4, #67108864	@ 0x4000000
10006e54:	d1fb      	bne.n	10006e4e <renew_clock+0x186>
10006e56:	f04f 0c01 	mov.w	ip, #1
10006e5a:	f04f 4700 	mov.w	r7, #2147483648	@ 0x80000000
10006e5e:	f8d5 3f44 	ldr.w	r3, [r5, #3908]	@ 0xf44
10006e62:	f8d5 8f48 	ldr.w	r8, [r5, #3912]	@ 0xf48
10006e66:	4e50      	ldr	r6, [pc, #320]	@ (10006fa8 <renew_clock+0x2e0>)
10006e68:	fa0c f303 	lsl.w	r3, ip, r3
10006e6c:	fa0c fc08 	lsl.w	ip, ip, r8
10006e70:	ea43 030c 	orr.w	r3, r3, ip
10006e74:	f8ce 340c 	str.w	r3, [lr, #1036]	@ 0x40c
10006e78:	f647 32e0 	movw	r2, #31712	@ 0x7be0
10006e7c:	f8c6 70d0 	str.w	r7, [r6, #208]	@ 0xd0
10006e80:	4621      	mov	r1, r4
10006e82:	f8c6 70d0 	str.w	r7, [r6, #208]	@ 0xd0
10006e86:	4849      	ldr	r0, [pc, #292]	@ (10006fac <renew_clock+0x2e4>)
10006e88:	f003 fce4 	bl	1000a854 <memset>
10006e8c:	f8d5 0f40 	ldr.w	r0, [r5, #3904]	@ 0xf40
10006e90:	f8a5 4f54 	strh.w	r4, [r5, #3924]	@ 0xf54
10006e94:	b002      	add	sp, #8
10006e96:	e8bd 41f0 	ldmia.w	sp!, {r4, r5, r6, r7, r8, lr}
10006e9a:	f7fc bd45 	b.w	10003928 <I2S_freq_init.constprop.0>
10006e9e:	2d00      	cmp	r5, #0
10006ea0:	f000 808e 	beq.w	10006fc0 <renew_clock+0x2f8>
10006ea4:	4b33      	ldr	r3, [pc, #204]	@ (10006f74 <renew_clock+0x2ac>)
10006ea6:	4934      	ldr	r1, [pc, #208]	@ (10006f78 <renew_clock+0x2b0>)
10006ea8:	4a34      	ldr	r2, [pc, #208]	@ (10006f7c <renew_clock+0x2b4>)
10006eaa:	6059      	str	r1, [r3, #4]
10006eac:	68d3      	ldr	r3, [r2, #12]
10006eae:	041d      	lsls	r5, r3, #16
10006eb0:	d4fc      	bmi.n	10006eac <renew_clock+0x1e4>
10006eb2:	68d0      	ldr	r0, [r2, #12]
10006eb4:	4a32      	ldr	r2, [pc, #200]	@ (10006f80 <renew_clock+0x2b8>)
10006eb6:	4b33      	ldr	r3, [pc, #204]	@ (10006f84 <renew_clock+0x2bc>)
10006eb8:	4042      	eors	r2, r0
10006eba:	4933      	ldr	r1, [pc, #204]	@ (10006f88 <renew_clock+0x2c0>)
10006ebc:	4013      	ands	r3, r2
10006ebe:	4a2f      	ldr	r2, [pc, #188]	@ (10006f7c <renew_clock+0x2b4>)
10006ec0:	60cb      	str	r3, [r1, #12]
10006ec2:	68d3      	ldr	r3, [r2, #12]
10006ec4:	0418      	lsls	r0, r3, #16
10006ec6:	d4fc      	bmi.n	10006ec2 <renew_clock+0x1fa>
10006ec8:	4930      	ldr	r1, [pc, #192]	@ (10006f8c <renew_clock+0x2c4>)
10006eca:	6a4b      	ldr	r3, [r1, #36]	@ 0x24
10006ecc:	4618      	mov	r0, r3
10006ece:	6a8a      	ldr	r2, [r1, #40]	@ 0x28
10006ed0:	6a4b      	ldr	r3, [r1, #36]	@ 0x24
10006ed2:	4283      	cmp	r3, r0
10006ed4:	d1fa      	bne.n	10006ecc <renew_clock+0x204>
10006ed6:	f112 0164 	adds.w	r1, r2, #100	@ 0x64
10006eda:	f153 0300 	adcs.w	r3, r3, #0
10006ede:	f04f 0000 	mov.w	r0, #0
10006ee2:	bf28      	it	cs
10006ee4:	2001      	movcs	r0, #1
10006ee6:	2800      	cmp	r0, #0
10006ee8:	f040 814f 	bne.w	1000718a <renew_clock+0x4c2>
10006eec:	4a27      	ldr	r2, [pc, #156]	@ (10006f8c <renew_clock+0x2c4>)
10006eee:	6a52      	ldr	r2, [r2, #36]	@ 0x24
10006ef0:	4293      	cmp	r3, r2
10006ef2:	d903      	bls.n	10006efc <renew_clock+0x234>
10006ef4:	4825      	ldr	r0, [pc, #148]	@ (10006f8c <renew_clock+0x2c4>)
10006ef6:	6a42      	ldr	r2, [r0, #36]	@ 0x24
10006ef8:	4293      	cmp	r3, r2
10006efa:	d8fc      	bhi.n	10006ef6 <renew_clock+0x22e>
10006efc:	4293      	cmp	r3, r2
10006efe:	d108      	bne.n	10006f12 <renew_clock+0x24a>
10006f00:	460b      	mov	r3, r1
10006f02:	4922      	ldr	r1, [pc, #136]	@ (10006f8c <renew_clock+0x2c4>)
10006f04:	e002      	b.n	10006f0c <renew_clock+0x244>
10006f06:	6a48      	ldr	r0, [r1, #36]	@ 0x24
10006f08:	4282      	cmp	r2, r0
10006f0a:	d102      	bne.n	10006f12 <renew_clock+0x24a>
10006f0c:	6a88      	ldr	r0, [r1, #40]	@ 0x28
10006f0e:	4298      	cmp	r0, r3
10006f10:	d3f9      	bcc.n	10006f06 <renew_clock+0x23e>
10006f12:	481f      	ldr	r0, [pc, #124]	@ (10006f90 <renew_clock+0x2c8>)
10006f14:	f7ff fd76 	bl	10006a04 <set_sys_clock_khz.constprop.0.isra.0>
10006f18:	491c      	ldr	r1, [pc, #112]	@ (10006f8c <renew_clock+0x2c4>)
10006f1a:	6a4b      	ldr	r3, [r1, #36]	@ 0x24
10006f1c:	4618      	mov	r0, r3
10006f1e:	6a8a      	ldr	r2, [r1, #40]	@ 0x28
10006f20:	6a4b      	ldr	r3, [r1, #36]	@ 0x24
10006f22:	4283      	cmp	r3, r0
10006f24:	d1fa      	bne.n	10006f1c <renew_clock+0x254>
10006f26:	f112 0132 	adds.w	r1, r2, #50	@ 0x32
10006f2a:	f153 0300 	adcs.w	r3, r3, #0
10006f2e:	f04f 0000 	mov.w	r0, #0
10006f32:	bf28      	it	cs
10006f34:	2001      	movcs	r0, #1
10006f36:	2800      	cmp	r0, #0
10006f38:	f000 8143 	beq.w	100071c2 <renew_clock+0x4fa>
10006f3c:	4b13      	ldr	r3, [pc, #76]	@ (10006f8c <renew_clock+0x2c4>)
10006f3e:	6a5a      	ldr	r2, [r3, #36]	@ 0x24
10006f40:	1c53      	adds	r3, r2, #1
10006f42:	bf08      	it	eq
10006f44:	4613      	moveq	r3, r2
10006f46:	d00b      	beq.n	10006f60 <renew_clock+0x298>
10006f48:	f04f 33ff 	mov.w	r3, #4294967295
10006f4c:	4619      	mov	r1, r3
10006f4e:	480f      	ldr	r0, [pc, #60]	@ (10006f8c <renew_clock+0x2c4>)
10006f50:	6a42      	ldr	r2, [r0, #36]	@ 0x24
10006f52:	429a      	cmp	r2, r3
10006f54:	d3fc      	bcc.n	10006f50 <renew_clock+0x288>
10006f56:	429a      	cmp	r2, r3
10006f58:	bf08      	it	eq
10006f5a:	460b      	moveq	r3, r1
10006f5c:	f47f af32 	bne.w	10006dc4 <renew_clock+0xfc>
10006f60:	490a      	ldr	r1, [pc, #40]	@ (10006f8c <renew_clock+0x2c4>)
10006f62:	e029      	b.n	10006fb8 <renew_clock+0x2f0>
10006f64:	20007cc8 	.word	0x20007cc8
10006f68:	200016f8 	.word	0x200016f8
10006f6c:	00017700 	.word	0x00017700
10006f70:	0002ee00 	.word	0x0002ee00
10006f74:	40102000 	.word	0x40102000
10006f78:	5afe2000 	.word	0x5afe2000
10006f7c:	40100000 	.word	0x40100000
10006f80:	5afe00e0 	.word	0x5afe00e0
10006f84:	5afe01f0 	.word	0x5afe01f0
10006f88:	40101000 	.word	0x40101000
10006f8c:	400b0000 	.word	0x400b0000
10006f90:	00052080 	.word	0x00052080
10006f94:	20001114 	.word	0x20001114
10006f98:	20008648 	.word	0x20008648
10006f9c:	200008a5 	.word	0x200008a5
10006fa0:	1000164d 	.word	0x1000164d
10006fa4:	200038e8 	.word	0x200038e8
10006fa8:	50201000 	.word	0x50201000
10006fac:	20008e88 	.word	0x20008e88
10006fb0:	6a48      	ldr	r0, [r1, #36]	@ 0x24
10006fb2:	4290      	cmp	r0, r2
10006fb4:	f47f af06 	bne.w	10006dc4 <renew_clock+0xfc>
10006fb8:	6a88      	ldr	r0, [r1, #40]	@ 0x28
10006fba:	4298      	cmp	r0, r3
10006fbc:	d3f8      	bcc.n	10006fb0 <renew_clock+0x2e8>
10006fbe:	e701      	b.n	10006dc4 <renew_clock+0xfc>
10006fc0:	4888      	ldr	r0, [pc, #544]	@ (100071e4 <renew_clock+0x51c>)
10006fc2:	f7ff fd1f 	bl	10006a04 <set_sys_clock_khz.constprop.0.isra.0>
10006fc6:	4988      	ldr	r1, [pc, #544]	@ (100071e8 <renew_clock+0x520>)
10006fc8:	6a4b      	ldr	r3, [r1, #36]	@ 0x24
10006fca:	4618      	mov	r0, r3
10006fcc:	6a8a      	ldr	r2, [r1, #40]	@ 0x28
10006fce:	6a4b      	ldr	r3, [r1, #36]	@ 0x24
10006fd0:	4283      	cmp	r3, r0
10006fd2:	d1fa      	bne.n	10006fca <renew_clock+0x302>
10006fd4:	f112 0164 	adds.w	r1, r2, #100	@ 0x64
10006fd8:	f153 0300 	adcs.w	r3, r3, #0
10006fdc:	f04f 0000 	mov.w	r0, #0
10006fe0:	bf28      	it	cs
10006fe2:	2001      	movcs	r0, #1
10006fe4:	2800      	cmp	r0, #0
10006fe6:	f040 80db 	bne.w	100071a0 <renew_clock+0x4d8>
10006fea:	4a7f      	ldr	r2, [pc, #508]	@ (100071e8 <renew_clock+0x520>)
10006fec:	6a52      	ldr	r2, [r2, #36]	@ 0x24
10006fee:	4293      	cmp	r3, r2
10006ff0:	d903      	bls.n	10006ffa <renew_clock+0x332>
10006ff2:	487d      	ldr	r0, [pc, #500]	@ (100071e8 <renew_clock+0x520>)
10006ff4:	6a42      	ldr	r2, [r0, #36]	@ 0x24
10006ff6:	429a      	cmp	r2, r3
10006ff8:	d3fc      	bcc.n	10006ff4 <renew_clock+0x32c>
10006ffa:	429a      	cmp	r2, r3
10006ffc:	d108      	bne.n	10007010 <renew_clock+0x348>
10006ffe:	460b      	mov	r3, r1
10007000:	4979      	ldr	r1, [pc, #484]	@ (100071e8 <renew_clock+0x520>)
10007002:	e002      	b.n	1000700a <renew_clock+0x342>
10007004:	6a48      	ldr	r0, [r1, #36]	@ 0x24
10007006:	4290      	cmp	r0, r2
10007008:	d102      	bne.n	10007010 <renew_clock+0x348>
1000700a:	6a88      	ldr	r0, [r1, #40]	@ 0x28
1000700c:	4298      	cmp	r0, r3
1000700e:	d3f9      	bcc.n	10007004 <renew_clock+0x33c>
10007010:	4b76      	ldr	r3, [pc, #472]	@ (100071ec <renew_clock+0x524>)
10007012:	4977      	ldr	r1, [pc, #476]	@ (100071f0 <renew_clock+0x528>)
10007014:	4a77      	ldr	r2, [pc, #476]	@ (100071f4 <renew_clock+0x52c>)
10007016:	6059      	str	r1, [r3, #4]
10007018:	68d3      	ldr	r3, [r2, #12]
1000701a:	041e      	lsls	r6, r3, #16
1000701c:	d4fc      	bmi.n	10007018 <renew_clock+0x350>
1000701e:	68d0      	ldr	r0, [r2, #12]
10007020:	4a75      	ldr	r2, [pc, #468]	@ (100071f8 <renew_clock+0x530>)
10007022:	4b76      	ldr	r3, [pc, #472]	@ (100071fc <renew_clock+0x534>)
10007024:	4042      	eors	r2, r0
10007026:	4976      	ldr	r1, [pc, #472]	@ (10007200 <renew_clock+0x538>)
10007028:	4013      	ands	r3, r2
1000702a:	4a72      	ldr	r2, [pc, #456]	@ (100071f4 <renew_clock+0x52c>)
1000702c:	60cb      	str	r3, [r1, #12]
1000702e:	68d3      	ldr	r3, [r2, #12]
10007030:	041d      	lsls	r5, r3, #16
10007032:	d4fc      	bmi.n	1000702e <renew_clock+0x366>
10007034:	496c      	ldr	r1, [pc, #432]	@ (100071e8 <renew_clock+0x520>)
10007036:	6a4b      	ldr	r3, [r1, #36]	@ 0x24
10007038:	4618      	mov	r0, r3
1000703a:	6a8a      	ldr	r2, [r1, #40]	@ 0x28
1000703c:	6a4b      	ldr	r3, [r1, #36]	@ 0x24
1000703e:	4283      	cmp	r3, r0
10007040:	d1fa      	bne.n	10007038 <renew_clock+0x370>
10007042:	f112 0132 	adds.w	r1, r2, #50	@ 0x32
10007046:	f153 0300 	adcs.w	r3, r3, #0
1000704a:	f04f 0000 	mov.w	r0, #0
1000704e:	bf28      	it	cs
10007050:	2001      	movcs	r0, #1
10007052:	2800      	cmp	r0, #0
10007054:	f000 80af 	beq.w	100071b6 <renew_clock+0x4ee>
10007058:	4b63      	ldr	r3, [pc, #396]	@ (100071e8 <renew_clock+0x520>)
1000705a:	6a5a      	ldr	r2, [r3, #36]	@ 0x24
1000705c:	1c50      	adds	r0, r2, #1
1000705e:	bf08      	it	eq
10007060:	4613      	moveq	r3, r2
10007062:	d00a      	beq.n	1000707a <renew_clock+0x3b2>
10007064:	f04f 33ff 	mov.w	r3, #4294967295
10007068:	4619      	mov	r1, r3
1000706a:	485f      	ldr	r0, [pc, #380]	@ (100071e8 <renew_clock+0x520>)
1000706c:	6a42      	ldr	r2, [r0, #36]	@ 0x24
1000706e:	429a      	cmp	r2, r3
10007070:	d3fc      	bcc.n	1000706c <renew_clock+0x3a4>
10007072:	429a      	cmp	r2, r3
10007074:	f47f aea6 	bne.w	10006dc4 <renew_clock+0xfc>
10007078:	460b      	mov	r3, r1
1000707a:	495b      	ldr	r1, [pc, #364]	@ (100071e8 <renew_clock+0x520>)
1000707c:	e003      	b.n	10007086 <renew_clock+0x3be>
1000707e:	6a48      	ldr	r0, [r1, #36]	@ 0x24
10007080:	4290      	cmp	r0, r2
10007082:	f47f ae9f 	bne.w	10006dc4 <renew_clock+0xfc>
10007086:	6a88      	ldr	r0, [r1, #40]	@ 0x28
10007088:	4298      	cmp	r0, r3
1000708a:	d3f8      	bcc.n	1000707e <renew_clock+0x3b6>
1000708c:	e69a      	b.n	10006dc4 <renew_clock+0xfc>
1000708e:	4855      	ldr	r0, [pc, #340]	@ (100071e4 <renew_clock+0x51c>)
10007090:	f7ff fcb8 	bl	10006a04 <set_sys_clock_khz.constprop.0.isra.0>
10007094:	4954      	ldr	r1, [pc, #336]	@ (100071e8 <renew_clock+0x520>)
10007096:	6a4b      	ldr	r3, [r1, #36]	@ 0x24
10007098:	4618      	mov	r0, r3
1000709a:	6a8a      	ldr	r2, [r1, #40]	@ 0x28
1000709c:	6a4b      	ldr	r3, [r1, #36]	@ 0x24
1000709e:	4283      	cmp	r3, r0
100070a0:	d1fa      	bne.n	10007098 <renew_clock+0x3d0>
100070a2:	3264      	adds	r2, #100	@ 0x64
100070a4:	f153 0300 	adcs.w	r3, r3, #0
100070a8:	f04f 0100 	mov.w	r1, #0
100070ac:	bf28      	it	cs
100070ae:	2101      	movcs	r1, #1
100070b0:	2900      	cmp	r1, #0
100070b2:	d160      	bne.n	10007176 <renew_clock+0x4ae>
100070b4:	494c      	ldr	r1, [pc, #304]	@ (100071e8 <renew_clock+0x520>)
100070b6:	6a49      	ldr	r1, [r1, #36]	@ 0x24
100070b8:	428b      	cmp	r3, r1
100070ba:	d903      	bls.n	100070c4 <renew_clock+0x3fc>
100070bc:	484a      	ldr	r0, [pc, #296]	@ (100071e8 <renew_clock+0x520>)
100070be:	6a41      	ldr	r1, [r0, #36]	@ 0x24
100070c0:	4299      	cmp	r1, r3
100070c2:	d3fc      	bcc.n	100070be <renew_clock+0x3f6>
100070c4:	4299      	cmp	r1, r3
100070c6:	d107      	bne.n	100070d8 <renew_clock+0x410>
100070c8:	4947      	ldr	r1, [pc, #284]	@ (100071e8 <renew_clock+0x520>)
100070ca:	e002      	b.n	100070d2 <renew_clock+0x40a>
100070cc:	6a48      	ldr	r0, [r1, #36]	@ 0x24
100070ce:	4298      	cmp	r0, r3
100070d0:	d102      	bne.n	100070d8 <renew_clock+0x410>
100070d2:	6a88      	ldr	r0, [r1, #40]	@ 0x28
100070d4:	4290      	cmp	r0, r2
100070d6:	d3f9      	bcc.n	100070cc <renew_clock+0x404>
100070d8:	4b44      	ldr	r3, [pc, #272]	@ (100071ec <renew_clock+0x524>)
100070da:	4945      	ldr	r1, [pc, #276]	@ (100071f0 <renew_clock+0x528>)
100070dc:	4a45      	ldr	r2, [pc, #276]	@ (100071f4 <renew_clock+0x52c>)
100070de:	6059      	str	r1, [r3, #4]
100070e0:	68d3      	ldr	r3, [r2, #12]
100070e2:	0418      	lsls	r0, r3, #16
100070e4:	d4fc      	bmi.n	100070e0 <renew_clock+0x418>
100070e6:	68d0      	ldr	r0, [r2, #12]
100070e8:	4a43      	ldr	r2, [pc, #268]	@ (100071f8 <renew_clock+0x530>)
100070ea:	4b44      	ldr	r3, [pc, #272]	@ (100071fc <renew_clock+0x534>)
100070ec:	4042      	eors	r2, r0
100070ee:	4944      	ldr	r1, [pc, #272]	@ (10007200 <renew_clock+0x538>)
100070f0:	4013      	ands	r3, r2
100070f2:	4a40      	ldr	r2, [pc, #256]	@ (100071f4 <renew_clock+0x52c>)
100070f4:	60cb      	str	r3, [r1, #12]
100070f6:	68d3      	ldr	r3, [r2, #12]
100070f8:	0419      	lsls	r1, r3, #16
100070fa:	d4fc      	bmi.n	100070f6 <renew_clock+0x42e>
100070fc:	493a      	ldr	r1, [pc, #232]	@ (100071e8 <renew_clock+0x520>)
100070fe:	6a4b      	ldr	r3, [r1, #36]	@ 0x24
10007100:	4618      	mov	r0, r3
10007102:	6a8a      	ldr	r2, [r1, #40]	@ 0x28
10007104:	6a4b      	ldr	r3, [r1, #36]	@ 0x24
10007106:	4283      	cmp	r3, r0
10007108:	d1fa      	bne.n	10007100 <renew_clock+0x438>
1000710a:	3232      	adds	r2, #50	@ 0x32
1000710c:	f153 0300 	adcs.w	r3, r3, #0
10007110:	f04f 0100 	mov.w	r1, #0
10007114:	bf28      	it	cs
10007116:	2101      	movcs	r1, #1
10007118:	2900      	cmp	r1, #0
1000711a:	d058      	beq.n	100071ce <renew_clock+0x506>
1000711c:	4b32      	ldr	r3, [pc, #200]	@ (100071e8 <renew_clock+0x520>)
1000711e:	6a5b      	ldr	r3, [r3, #36]	@ 0x24
10007120:	1c5a      	adds	r2, r3, #1
10007122:	bf08      	it	eq
10007124:	461a      	moveq	r2, r3
10007126:	d009      	beq.n	1000713c <renew_clock+0x474>
10007128:	f04f 33ff 	mov.w	r3, #4294967295
1000712c:	461a      	mov	r2, r3
1000712e:	482e      	ldr	r0, [pc, #184]	@ (100071e8 <renew_clock+0x520>)
10007130:	6a41      	ldr	r1, [r0, #36]	@ 0x24
10007132:	4299      	cmp	r1, r3
10007134:	d3fc      	bcc.n	10007130 <renew_clock+0x468>
10007136:	4299      	cmp	r1, r3
10007138:	f47f ae44 	bne.w	10006dc4 <renew_clock+0xfc>
1000713c:	492a      	ldr	r1, [pc, #168]	@ (100071e8 <renew_clock+0x520>)
1000713e:	e003      	b.n	10007148 <renew_clock+0x480>
10007140:	6a48      	ldr	r0, [r1, #36]	@ 0x24
10007142:	4298      	cmp	r0, r3
10007144:	f47f ae3e 	bne.w	10006dc4 <renew_clock+0xfc>
10007148:	6a88      	ldr	r0, [r1, #40]	@ 0x28
1000714a:	4290      	cmp	r0, r2
1000714c:	d3f8      	bcc.n	10007140 <renew_clock+0x478>
1000714e:	e639      	b.n	10006dc4 <renew_clock+0xfc>
10007150:	f8d4 0988 	ldr.w	r0, [r4, #2440]	@ 0x988
10007154:	f7fc fc84 	bl	10003a60 <alarm_pool_cancel_alarm.isra.0>
10007158:	2300      	movs	r3, #0
1000715a:	f8c4 398c 	str.w	r3, [r4, #2444]	@ 0x98c
1000715e:	e5bd      	b.n	10006cdc <renew_clock+0x14>
10007160:	4b21      	ldr	r3, [pc, #132]	@ (100071e8 <renew_clock+0x520>)
10007162:	6a5b      	ldr	r3, [r3, #36]	@ 0x24
10007164:	1c5f      	adds	r7, r3, #1
10007166:	bf08      	it	eq
10007168:	461a      	moveq	r2, r3
1000716a:	f43f adf6 	beq.w	10006d5a <renew_clock+0x92>
1000716e:	f04f 33ff 	mov.w	r3, #4294967295
10007172:	461a      	mov	r2, r3
10007174:	e5eb      	b.n	10006d4e <renew_clock+0x86>
10007176:	4b1c      	ldr	r3, [pc, #112]	@ (100071e8 <renew_clock+0x520>)
10007178:	6a5b      	ldr	r3, [r3, #36]	@ 0x24
1000717a:	1c5d      	adds	r5, r3, #1
1000717c:	bf08      	it	eq
1000717e:	461a      	moveq	r2, r3
10007180:	d0a2      	beq.n	100070c8 <renew_clock+0x400>
10007182:	f04f 33ff 	mov.w	r3, #4294967295
10007186:	461a      	mov	r2, r3
10007188:	e798      	b.n	100070bc <renew_clock+0x3f4>
1000718a:	4b17      	ldr	r3, [pc, #92]	@ (100071e8 <renew_clock+0x520>)
1000718c:	6a5a      	ldr	r2, [r3, #36]	@ 0x24
1000718e:	1c51      	adds	r1, r2, #1
10007190:	bf08      	it	eq
10007192:	4613      	moveq	r3, r2
10007194:	f43f aeb5 	beq.w	10006f02 <renew_clock+0x23a>
10007198:	f04f 33ff 	mov.w	r3, #4294967295
1000719c:	4619      	mov	r1, r3
1000719e:	e6a9      	b.n	10006ef4 <renew_clock+0x22c>
100071a0:	4b11      	ldr	r3, [pc, #68]	@ (100071e8 <renew_clock+0x520>)
100071a2:	6a5a      	ldr	r2, [r3, #36]	@ 0x24
100071a4:	1c57      	adds	r7, r2, #1
100071a6:	bf08      	it	eq
100071a8:	4613      	moveq	r3, r2
100071aa:	f43f af29 	beq.w	10007000 <renew_clock+0x338>
100071ae:	f04f 33ff 	mov.w	r3, #4294967295
100071b2:	4619      	mov	r1, r3
100071b4:	e71d      	b.n	10006ff2 <renew_clock+0x32a>
100071b6:	4a0c      	ldr	r2, [pc, #48]	@ (100071e8 <renew_clock+0x520>)
100071b8:	6a52      	ldr	r2, [r2, #36]	@ 0x24
100071ba:	4293      	cmp	r3, r2
100071bc:	f63f af55 	bhi.w	1000706a <renew_clock+0x3a2>
100071c0:	e757      	b.n	10007072 <renew_clock+0x3aa>
100071c2:	4a09      	ldr	r2, [pc, #36]	@ (100071e8 <renew_clock+0x520>)
100071c4:	6a52      	ldr	r2, [r2, #36]	@ 0x24
100071c6:	4293      	cmp	r3, r2
100071c8:	f63f aec1 	bhi.w	10006f4e <renew_clock+0x286>
100071cc:	e6c3      	b.n	10006f56 <renew_clock+0x28e>
100071ce:	4906      	ldr	r1, [pc, #24]	@ (100071e8 <renew_clock+0x520>)
100071d0:	6a49      	ldr	r1, [r1, #36]	@ 0x24
100071d2:	428b      	cmp	r3, r1
100071d4:	d8ab      	bhi.n	1000712e <renew_clock+0x466>
100071d6:	e7ae      	b.n	10007136 <renew_clock+0x46e>
100071d8:	4a03      	ldr	r2, [pc, #12]	@ (100071e8 <renew_clock+0x520>)
100071da:	6a52      	ldr	r2, [r2, #36]	@ 0x24
100071dc:	4293      	cmp	r3, r2
100071de:	f63f ade2 	bhi.w	10006da6 <renew_clock+0xde>
100071e2:	e5e4      	b.n	10006dae <renew_clock+0xe6>
100071e4:	00032c80 	.word	0x00032c80
100071e8:	400b0000 	.word	0x400b0000
100071ec:	40102000 	.word	0x40102000
100071f0:	5afe2000 	.word	0x5afe2000
100071f4:	40100000 	.word	0x40100000
100071f8:	5afe00a0 	.word	0x5afe00a0
100071fc:	5afe01f0 	.word	0x5afe01f0
10007200:	40101000 	.word	0x40101000

10007204 <audio_cmd_packet>:
10007204:	b538      	push	{r3, r4, r5, lr}
10007206:	f890 3024 	ldrb.w	r3, [r0, #36]	@ 0x24
1000720a:	2b00      	cmp	r3, #0
1000720c:	d045      	beq.n	1000729a <audio_cmd_packet+0x96>
1000720e:	8c03      	ldrh	r3, [r0, #32]
10007210:	2200      	movs	r2, #0
10007212:	4c6b      	ldr	r4, [pc, #428]	@ (100073c0 <audio_cmd_packet+0x1bc>)
10007214:	f894 13bd 	ldrb.w	r1, [r4, #957]	@ 0x3bd
10007218:	f884 23b8 	strb.w	r2, [r4, #952]	@ 0x3b8
1000721c:	4299      	cmp	r1, r3
1000721e:	d806      	bhi.n	1000722e <audio_cmd_packet+0x2a>
10007220:	f894 33b9 	ldrb.w	r3, [r4, #953]	@ 0x3b9
10007224:	2b01      	cmp	r3, #1
10007226:	d063      	beq.n	100072f0 <audio_cmd_packet+0xec>
10007228:	2b02      	cmp	r3, #2
1000722a:	f000 808c 	beq.w	10007346 <audio_cmd_packet+0x142>
1000722e:	f894 338b 	ldrb.w	r3, [r4, #907]	@ 0x38b
10007232:	b12b      	cbz	r3, 10007240 <audio_cmd_packet+0x3c>
10007234:	f894 337c 	ldrb.w	r3, [r4, #892]	@ 0x37c
10007238:	b1cb      	cbz	r3, 1000726e <audio_cmd_packet+0x6a>
1000723a:	2300      	movs	r3, #0
1000723c:	f8a4 3378 	strh.w	r3, [r4, #888]	@ 0x378
10007240:	2200      	movs	r2, #0
10007242:	4860      	ldr	r0, [pc, #384]	@ (100073c4 <audio_cmd_packet+0x1c0>)
10007244:	4960      	ldr	r1, [pc, #384]	@ (100073c8 <audio_cmd_packet+0x1c4>)
10007246:	f7fc fd9b 	bl	10003d80 <usb_reset_transfer>
1000724a:	2101      	movs	r1, #1
1000724c:	f8d4 338c 	ldr.w	r3, [r4, #908]	@ 0x38c
10007250:	f8c4 0360 	str.w	r0, [r4, #864]	@ 0x360
10007254:	685b      	ldr	r3, [r3, #4]
10007256:	f884 139e 	strb.w	r1, [r4, #926]	@ 0x39e
1000725a:	f8c4 2364 	str.w	r2, [r4, #868]	@ 0x364
1000725e:	b10b      	cbz	r3, 10007264 <audio_cmd_packet+0x60>
10007260:	3834      	subs	r0, #52	@ 0x34
10007262:	4798      	blx	r3
10007264:	e8bd 4038 	ldmia.w	sp!, {r3, r4, r5, lr}
10007268:	4858      	ldr	r0, [pc, #352]	@ (100073cc <audio_cmd_packet+0x1c8>)
1000726a:	f7fc bf4b 	b.w	10004104 <_usb_give_as_many_buffers_as_possible>
1000726e:	f8b4 1372 	ldrh.w	r1, [r4, #882]	@ 0x372
10007272:	f894 2386 	ldrb.w	r2, [r4, #902]	@ 0x386
10007276:	f8b4 3370 	ldrh.w	r3, [r4, #880]	@ 0x370
1000727a:	f8a4 137a 	strh.w	r1, [r4, #890]	@ 0x37a
1000727e:	b10a      	cbz	r2, 10007284 <audio_cmd_packet+0x80>
10007280:	f8b4 2380 	ldrh.w	r2, [r4, #896]	@ 0x380
10007284:	2101      	movs	r1, #1
10007286:	f103 43a0 	add.w	r3, r3, #1342177280	@ 0x50000000
1000728a:	f503 1380 	add.w	r3, r3, #1048576	@ 0x100000
1000728e:	4413      	add	r3, r2
10007290:	f8c4 3374 	str.w	r3, [r4, #884]	@ 0x374
10007294:	f884 137c 	strb.w	r1, [r4, #892]	@ 0x37c
10007298:	e7cf      	b.n	1000723a <audio_cmd_packet+0x36>
1000729a:	8b41      	ldrh	r1, [r0, #26]
1000729c:	f890 2033 	ldrb.w	r2, [r0, #51]	@ 0x33
100072a0:	8b03      	ldrh	r3, [r0, #24]
100072a2:	8441      	strh	r1, [r0, #34]	@ 0x22
100072a4:	b172      	cbz	r2, 100072c4 <audio_cmd_packet+0xc0>
100072a6:	f890 202e 	ldrb.w	r2, [r0, #46]	@ 0x2e
100072aa:	2a00      	cmp	r2, #0
100072ac:	d148      	bne.n	10007340 <audio_cmd_packet+0x13c>
100072ae:	f103 43a0 	add.w	r3, r3, #1342177280	@ 0x50000000
100072b2:	f503 1380 	add.w	r3, r3, #1048576	@ 0x100000
100072b6:	61c3      	str	r3, [r0, #28]
100072b8:	2300      	movs	r3, #0
100072ba:	2201      	movs	r2, #1
100072bc:	8403      	strh	r3, [r0, #32]
100072be:	f880 2024 	strb.w	r2, [r0, #36]	@ 0x24
100072c2:	e7a5      	b.n	10007210 <audio_cmd_packet+0xc>
100072c4:	f890 102f 	ldrb.w	r1, [r0, #47]	@ 0x2f
100072c8:	b109      	cbz	r1, 100072ce <audio_cmd_packet+0xca>
100072ca:	8d02      	ldrh	r2, [r0, #40]	@ 0x28
100072cc:	4413      	add	r3, r2
100072ce:	2204      	movs	r2, #4
100072d0:	f890 c02a 	ldrb.w	ip, [r0, #42]	@ 0x2a
100072d4:	f103 43a0 	add.w	r3, r3, #1342177280	@ 0x50000000
100072d8:	f503 1380 	add.w	r3, r3, #1048576	@ 0x100000
100072dc:	4c3c      	ldr	r4, [pc, #240]	@ (100073d0 <audio_cmd_packet+0x1cc>)
100072de:	61c3      	str	r3, [r0, #28]
100072e0:	eb02 03cc 	add.w	r3, r2, ip, lsl #3
100072e4:	eb03 0341 	add.w	r3, r3, r1, lsl #1
100072e8:	5b1b      	ldrh	r3, [r3, r4]
100072ea:	f3c3 0309 	ubfx	r3, r3, #0, #10
100072ee:	e7e4      	b.n	100072ba <audio_cmd_packet+0xb6>
100072f0:	f894 33ba 	ldrb.w	r3, [r4, #954]	@ 0x3ba
100072f4:	2b01      	cmp	r3, #1
100072f6:	d055      	beq.n	100073a4 <audio_cmd_packet+0x1a0>
100072f8:	2b02      	cmp	r3, #2
100072fa:	d198      	bne.n	1000722e <audio_cmd_packet+0x2a>
100072fc:	4d35      	ldr	r5, [pc, #212]	@ (100073d4 <audio_cmd_packet+0x1d0>)
100072fe:	69c3      	ldr	r3, [r0, #28]
10007300:	7e2a      	ldrb	r2, [r5, #24]
10007302:	f9b3 3000 	ldrsh.w	r3, [r3]
10007306:	816b      	strh	r3, [r5, #10]
10007308:	2a00      	cmp	r2, #0
1000730a:	d155      	bne.n	100073b8 <audio_cmd_packet+0x1b4>
1000730c:	ee07 3a90 	vmov	s15, r3
10007310:	ed9f 7a31 	vldr	s14, [pc, #196]	@ 100073d8 <audio_cmd_packet+0x1d4>
10007314:	eef8 7ae7 	vcvt.f32.s32	s15, s15
10007318:	ee67 7a87 	vmul.f32	s15, s15, s14
1000731c:	482f      	ldr	r0, [pc, #188]	@ (100073dc <audio_cmd_packet+0x1d8>)
1000731e:	ee17 1a90 	vmov	r1, s15
10007322:	f7fe f95b 	bl	100055dc <__wrap_powf>
10007326:	eddf 6a2e 	vldr	s13, [pc, #184]	@ 100073e0 <audio_cmd_packet+0x1dc>
1000732a:	ee07 0a90 	vmov	s15, r0
1000732e:	eeb7 7a00 	vmov.f32	s14, #112	@ 0x3f800000  1.0
10007332:	fec7 7aa6 	vmaxnm.f32	s15, s15, s13
10007336:	fec7 7ac7 	vminnm.f32	s15, s15, s14
1000733a:	edc5 7a03 	vstr	s15, [r5, #12]
1000733e:	e776      	b.n	1000722e <audio_cmd_packet+0x2a>
10007340:	8d02      	ldrh	r2, [r0, #40]	@ 0x28
10007342:	4413      	add	r3, r2
10007344:	e7b3      	b.n	100072ae <audio_cmd_packet+0xaa>
10007346:	f894 33ba 	ldrb.w	r3, [r4, #954]	@ 0x3ba
1000734a:	2b01      	cmp	r3, #1
1000734c:	f47f af6f 	bne.w	1000722e <audio_cmd_packet+0x2a>
10007350:	69c3      	ldr	r3, [r0, #28]
10007352:	4820      	ldr	r0, [pc, #128]	@ (100073d4 <audio_cmd_packet+0x1d0>)
10007354:	6819      	ldr	r1, [r3, #0]
10007356:	6803      	ldr	r3, [r0, #0]
10007358:	f021 417f 	bic.w	r1, r1, #4278190080	@ 0xff000000
1000735c:	428b      	cmp	r3, r1
1000735e:	f43f af66 	beq.w	1000722e <audio_cmd_packet+0x2a>
10007362:	4b20      	ldr	r3, [pc, #128]	@ (100073e4 <audio_cmd_packet+0x1e0>)
10007364:	6001      	str	r1, [r0, #0]
10007366:	f8c3 2ef8 	str.w	r2, [r3, #3832]	@ 0xef8
1000736a:	f8c3 2efc 	str.w	r2, [r3, #3836]	@ 0xefc
1000736e:	f8c3 2f00 	str.w	r2, [r3, #3840]	@ 0xf00
10007372:	f8c3 2f14 	str.w	r2, [r3, #3860]	@ 0xf14
10007376:	f8c3 2f18 	str.w	r2, [r3, #3864]	@ 0xf18
1000737a:	f8c3 2f1c 	str.w	r2, [r3, #3868]	@ 0xf1c
1000737e:	f8c3 2ecc 	str.w	r2, [r3, #3788]	@ 0xecc
10007382:	f8c3 2ed0 	str.w	r2, [r3, #3792]	@ 0xed0
10007386:	f8c3 2ed4 	str.w	r2, [r3, #3796]	@ 0xed4
1000738a:	f8c3 2f64 	str.w	r2, [r3, #3940]	@ 0xf64
1000738e:	f8c3 2f68 	str.w	r2, [r3, #3944]	@ 0xf68
10007392:	f8c3 2f6c 	str.w	r2, [r3, #3948]	@ 0xf6c
10007396:	f7fc fc8d 	bl	10003cb4 <clear_bq_filter_delay>
1000739a:	4b13      	ldr	r3, [pc, #76]	@ (100073e8 <audio_cmd_packet+0x1e4>)
1000739c:	7f18      	ldrb	r0, [r3, #28]
1000739e:	f7ff fc93 	bl	10006cc8 <renew_clock>
100073a2:	e744      	b.n	1000722e <audio_cmd_packet+0x2a>
100073a4:	69c3      	ldr	r3, [r0, #28]
100073a6:	4d0b      	ldr	r5, [pc, #44]	@ (100073d4 <audio_cmd_packet+0x1d0>)
100073a8:	781b      	ldrb	r3, [r3, #0]
100073aa:	2b00      	cmp	r3, #0
100073ac:	bf14      	ite	ne
100073ae:	2301      	movne	r3, #1
100073b0:	2300      	moveq	r3, #0
100073b2:	762b      	strb	r3, [r5, #24]
100073b4:	f43f af3b 	beq.w	1000722e <audio_cmd_packet+0x2a>
100073b8:	2300      	movs	r3, #0
100073ba:	60eb      	str	r3, [r5, #12]
100073bc:	e737      	b.n	1000722e <audio_cmd_packet+0x2a>
100073be:	bf00      	nop
100073c0:	200027f0 	.word	0x200027f0
100073c4:	20002b7c 	.word	0x20002b7c
100073c8:	1000edac 	.word	0x1000edac
100073cc:	20002b48 	.word	0x20002b48
100073d0:	50100080 	.word	0x50100080
100073d4:	200016f8 	.word	0x200016f8
100073d8:	394ccccd 	.word	0x394ccccd
100073dc:	41200000 	.word	0x41200000
100073e0:	00000000 	.word	0x00000000
100073e4:	200038e8 	.word	0x200038e8
100073e8:	20001110 	.word	0x20001110

100073ec <_sbrk>:
100073ec:	4a09      	ldr	r2, [pc, #36]	@ (10007414 <_sbrk+0x28>)
100073ee:	4603      	mov	r3, r0
100073f0:	f8d2 0f34 	ldr.w	r0, [r2, #3892]	@ 0xf34
100073f4:	b140      	cbz	r0, 10007408 <_sbrk+0x1c>
100073f6:	4908      	ldr	r1, [pc, #32]	@ (10007418 <_sbrk+0x2c>)
100073f8:	4403      	add	r3, r0
100073fa:	428b      	cmp	r3, r1
100073fc:	bf8c      	ite	hi
100073fe:	f04f 30ff 	movhi.w	r0, #4294967295
10007402:	f8c2 3f34 	strls.w	r3, [r2, #3892]	@ 0xf34
10007406:	4770      	bx	lr
10007408:	4904      	ldr	r1, [pc, #16]	@ (1000741c <_sbrk+0x30>)
1000740a:	4608      	mov	r0, r1
1000740c:	f8c2 1f34 	str.w	r1, [r2, #3892]	@ 0xf34
10007410:	e7f1      	b.n	100073f6 <_sbrk+0xa>
10007412:	bf00      	nop
10007414:	20007cc8 	.word	0x20007cc8
10007418:	20080000 	.word	0x20080000
1000741c:	20038c54 	.word	0x20038c54

10007420 <_read>:
10007420:	2800      	cmp	r0, #0
10007422:	f040 8084 	bne.w	1000752e <_read+0x10e>
10007426:	e92d 47f0 	stmdb	sp!, {r4, r5, r6, r7, r8, r9, sl, lr}
1000742a:	460d      	mov	r5, r1
1000742c:	4616      	mov	r6, r2
1000742e:	f06f 4a00 	mvn.w	sl, #2147483648	@ 0x80000000
10007432:	f8df 9104 	ldr.w	r9, [pc, #260]	@ 10007538 <_read+0x118>
10007436:	f8df 80fc 	ldr.w	r8, [pc, #252]	@ 10007534 <_read+0x114>
1000743a:	f8d9 70fc 	ldr.w	r7, [r9, #252]	@ 0xfc
1000743e:	463c      	mov	r4, r7
10007440:	b14f      	cbz	r7, 10007456 <_read+0x36>
10007442:	68a3      	ldr	r3, [r4, #8]
10007444:	b123      	cbz	r3, 10007450 <_read+0x30>
10007446:	4631      	mov	r1, r6
10007448:	4628      	mov	r0, r5
1000744a:	4798      	blx	r3
1000744c:	2800      	cmp	r0, #0
1000744e:	dc0c      	bgt.n	1000746a <_read+0x4a>
10007450:	6924      	ldr	r4, [r4, #16]
10007452:	2c00      	cmp	r4, #0
10007454:	d1f5      	bne.n	10007442 <_read+0x22>
10007456:	f8d8 3024 	ldr.w	r3, [r8, #36]	@ 0x24
1000745a:	4553      	cmp	r3, sl
1000745c:	d309      	bcc.n	10007472 <_read+0x52>
1000745e:	f8d8 2028 	ldr.w	r2, [r8, #40]	@ 0x28
10007462:	3201      	adds	r2, #1
10007464:	d103      	bne.n	1000746e <_read+0x4e>
10007466:	f06f 0001 	mvn.w	r0, #1
1000746a:	e8bd 87f0 	ldmia.w	sp!, {r4, r5, r6, r7, r8, r9, sl, pc}
1000746e:	4553      	cmp	r3, sl
10007470:	d1f9      	bne.n	10007466 <_read+0x46>
10007472:	4930      	ldr	r1, [pc, #192]	@ (10007534 <_read+0x114>)
10007474:	6a4b      	ldr	r3, [r1, #36]	@ 0x24
10007476:	4618      	mov	r0, r3
10007478:	6a8a      	ldr	r2, [r1, #40]	@ 0x28
1000747a:	6a4b      	ldr	r3, [r1, #36]	@ 0x24
1000747c:	4283      	cmp	r3, r0
1000747e:	d1fa      	bne.n	10007476 <_read+0x56>
10007480:	3201      	adds	r2, #1
10007482:	f153 0300 	adcs.w	r3, r3, #0
10007486:	f04f 0100 	mov.w	r1, #0
1000748a:	bf28      	it	cs
1000748c:	2101      	movcs	r1, #1
1000748e:	2900      	cmp	r1, #0
10007490:	d143      	bne.n	1000751a <_read+0xfa>
10007492:	4928      	ldr	r1, [pc, #160]	@ (10007534 <_read+0x114>)
10007494:	6a49      	ldr	r1, [r1, #36]	@ 0x24
10007496:	428b      	cmp	r3, r1
10007498:	d903      	bls.n	100074a2 <_read+0x82>
1000749a:	4826      	ldr	r0, [pc, #152]	@ (10007534 <_read+0x114>)
1000749c:	6a41      	ldr	r1, [r0, #36]	@ 0x24
1000749e:	428b      	cmp	r3, r1
100074a0:	d8fc      	bhi.n	1000749c <_read+0x7c>
100074a2:	428b      	cmp	r3, r1
100074a4:	d107      	bne.n	100074b6 <_read+0x96>
100074a6:	4923      	ldr	r1, [pc, #140]	@ (10007534 <_read+0x114>)
100074a8:	e002      	b.n	100074b0 <_read+0x90>
100074aa:	6a48      	ldr	r0, [r1, #36]	@ 0x24
100074ac:	4298      	cmp	r0, r3
100074ae:	d102      	bne.n	100074b6 <_read+0x96>
100074b0:	6a88      	ldr	r0, [r1, #40]	@ 0x28
100074b2:	4290      	cmp	r0, r2
100074b4:	d3f9      	bcc.n	100074aa <_read+0x8a>
100074b6:	2f00      	cmp	r7, #0
100074b8:	d1bf      	bne.n	1000743a <_read+0x1a>
100074ba:	f06f 4400 	mvn.w	r4, #2147483648	@ 0x80000000
100074be:	4a1d      	ldr	r2, [pc, #116]	@ (10007534 <_read+0x114>)
100074c0:	6a53      	ldr	r3, [r2, #36]	@ 0x24
100074c2:	42a3      	cmp	r3, r4
100074c4:	d304      	bcc.n	100074d0 <_read+0xb0>
100074c6:	6a91      	ldr	r1, [r2, #40]	@ 0x28
100074c8:	3101      	adds	r1, #1
100074ca:	d0cc      	beq.n	10007466 <_read+0x46>
100074cc:	42a3      	cmp	r3, r4
100074ce:	d1ca      	bne.n	10007466 <_read+0x46>
100074d0:	6a53      	ldr	r3, [r2, #36]	@ 0x24
100074d2:	4618      	mov	r0, r3
100074d4:	6a91      	ldr	r1, [r2, #40]	@ 0x28
100074d6:	6a53      	ldr	r3, [r2, #36]	@ 0x24
100074d8:	4298      	cmp	r0, r3
100074da:	d1fa      	bne.n	100074d2 <_read+0xb2>
100074dc:	3101      	adds	r1, #1
100074de:	f153 0300 	adcs.w	r3, r3, #0
100074e2:	f04f 0000 	mov.w	r0, #0
100074e6:	bf28      	it	cs
100074e8:	2001      	movcs	r0, #1
100074ea:	b138      	cbz	r0, 100074fc <_read+0xdc>
100074ec:	6a53      	ldr	r3, [r2, #36]	@ 0x24
100074ee:	1c59      	adds	r1, r3, #1
100074f0:	bf08      	it	eq
100074f2:	4619      	moveq	r1, r3
100074f4:	d00d      	beq.n	10007512 <_read+0xf2>
100074f6:	f04f 33ff 	mov.w	r3, #4294967295
100074fa:	4619      	mov	r1, r3
100074fc:	6a50      	ldr	r0, [r2, #36]	@ 0x24
100074fe:	4283      	cmp	r3, r0
10007500:	d8fc      	bhi.n	100074fc <_read+0xdc>
10007502:	4298      	cmp	r0, r3
10007504:	d1dc      	bne.n	100074c0 <_read+0xa0>
10007506:	6a90      	ldr	r0, [r2, #40]	@ 0x28
10007508:	4281      	cmp	r1, r0
1000750a:	d9d9      	bls.n	100074c0 <_read+0xa0>
1000750c:	6a50      	ldr	r0, [r2, #36]	@ 0x24
1000750e:	4283      	cmp	r3, r0
10007510:	d1d6      	bne.n	100074c0 <_read+0xa0>
10007512:	6a90      	ldr	r0, [r2, #40]	@ 0x28
10007514:	4281      	cmp	r1, r0
10007516:	d8f9      	bhi.n	1000750c <_read+0xec>
10007518:	e7d2      	b.n	100074c0 <_read+0xa0>
1000751a:	4b06      	ldr	r3, [pc, #24]	@ (10007534 <_read+0x114>)
1000751c:	6a5b      	ldr	r3, [r3, #36]	@ 0x24
1000751e:	1c5a      	adds	r2, r3, #1
10007520:	bf08      	it	eq
10007522:	461a      	moveq	r2, r3
10007524:	d0bf      	beq.n	100074a6 <_read+0x86>
10007526:	f04f 33ff 	mov.w	r3, #4294967295
1000752a:	461a      	mov	r2, r3
1000752c:	e7b5      	b.n	1000749a <_read+0x7a>
1000752e:	f04f 30ff 	mov.w	r0, #4294967295
10007532:	4770      	bx	lr
10007534:	400b0000 	.word	0x400b0000
10007538:	200016f8 	.word	0x200016f8

1000753c <_write>:
1000753c:	1e43      	subs	r3, r0, #1
1000753e:	2b01      	cmp	r3, #1
10007540:	d844      	bhi.n	100075cc <_write+0x90>
10007542:	e92d 41f0 	stmdb	sp!, {r4, r5, r6, r7, r8, lr}
10007546:	4616      	mov	r6, r2
10007548:	460d      	mov	r5, r1
1000754a:	f7fc fac5 	bl	10003ad8 <stdout_serialize_begin>
1000754e:	1c73      	adds	r3, r6, #1
10007550:	4680      	mov	r8, r0
10007552:	d036      	beq.n	100075c2 <_write+0x86>
10007554:	4637      	mov	r7, r6
10007556:	4b1f      	ldr	r3, [pc, #124]	@ (100075d4 <_write+0x98>)
10007558:	f8d3 40fc 	ldr.w	r4, [r3, #252]	@ 0xfc
1000755c:	b14c      	cbz	r4, 10007572 <_write+0x36>
1000755e:	6823      	ldr	r3, [r4, #0]
10007560:	b16b      	cbz	r3, 1000757e <_write+0x42>
10007562:	4620      	mov	r0, r4
10007564:	463a      	mov	r2, r7
10007566:	4629      	mov	r1, r5
10007568:	f7fb ffca 	bl	10003500 <stdio_out_chars_crlf>
1000756c:	6924      	ldr	r4, [r4, #16]
1000756e:	2c00      	cmp	r4, #0
10007570:	d1f5      	bne.n	1000755e <_write+0x22>
10007572:	f1b8 0f00 	cmp.w	r8, #0
10007576:	d108      	bne.n	1000758a <_write+0x4e>
10007578:	4630      	mov	r0, r6
1000757a:	e8bd 81f0 	ldmia.w	sp!, {r4, r5, r6, r7, r8, pc}
1000757e:	6924      	ldr	r4, [r4, #16]
10007580:	2c00      	cmp	r4, #0
10007582:	d1ec      	bne.n	1000755e <_write+0x22>
10007584:	f1b8 0f00 	cmp.w	r8, #0
10007588:	d0f6      	beq.n	10007578 <_write+0x3c>
1000758a:	4b13      	ldr	r3, [pc, #76]	@ (100075d8 <_write+0x9c>)
1000758c:	689a      	ldr	r2, [r3, #8]
1000758e:	f3ef 8110 	mrs	r1, PRIMASK
10007592:	b672      	cpsid	i
10007594:	e8d2 4fcf 	ldaexb	r4, [r2]
10007598:	2001      	movs	r0, #1
1000759a:	2c00      	cmp	r4, #0
1000759c:	d1fa      	bne.n	10007594 <_write+0x58>
1000759e:	e8c2 0f44 	strexb	r4, r0, [r2]
100075a2:	2c00      	cmp	r4, #0
100075a4:	d1f6      	bne.n	10007594 <_write+0x58>
100075a6:	f3bf 8f5f 	dmb	sy
100075aa:	24ff      	movs	r4, #255	@ 0xff
100075ac:	2200      	movs	r2, #0
100075ae:	6898      	ldr	r0, [r3, #8]
100075b0:	731c      	strb	r4, [r3, #12]
100075b2:	e8c0 2f8f 	stlb	r2, [r0]
100075b6:	f381 8810 	msr	PRIMASK, r1
100075ba:	bf40      	sev
100075bc:	4630      	mov	r0, r6
100075be:	e8bd 81f0 	ldmia.w	sp!, {r4, r5, r6, r7, r8, pc}
100075c2:	4628      	mov	r0, r5
100075c4:	f003 f9c2 	bl	1000a94c <strlen>
100075c8:	4607      	mov	r7, r0
100075ca:	e7c4      	b.n	10007556 <_write+0x1a>
100075cc:	f04f 30ff 	mov.w	r0, #4294967295
100075d0:	4770      	bx	lr
100075d2:	bf00      	nop
100075d4:	200016f8 	.word	0x200016f8
100075d8:	200016e8 	.word	0x200016e8

100075dc <_close>:
100075dc:	f04f 30ff 	mov.w	r0, #4294967295
100075e0:	4770      	bx	lr
100075e2:	bf00      	nop

100075e4 <_lseek>:
100075e4:	f04f 30ff 	mov.w	r0, #4294967295
100075e8:	4770      	bx	lr
100075ea:	bf00      	nop

100075ec <exit>:
100075ec:	b508      	push	{r3, lr}
100075ee:	f7fe fadb 	bl	10005ba8 <_exit>
100075f2:	bf00      	nop

100075f4 <runtime_init>:
100075f4:	b538      	push	{r3, r4, r5, lr}
100075f6:	4c09      	ldr	r4, [pc, #36]	@ (1000761c <runtime_init+0x28>)
100075f8:	4d09      	ldr	r5, [pc, #36]	@ (10007620 <runtime_init+0x2c>)
100075fa:	42ac      	cmp	r4, r5
100075fc:	d204      	bcs.n	10007608 <runtime_init+0x14>
100075fe:	f854 3b04 	ldr.w	r3, [r4], #4
10007602:	4798      	blx	r3
10007604:	42ac      	cmp	r4, r5
10007606:	d3fa      	bcc.n	100075fe <runtime_init+0xa>
10007608:	4c06      	ldr	r4, [pc, #24]	@ (10007624 <runtime_init+0x30>)
1000760a:	4d07      	ldr	r5, [pc, #28]	@ (10007628 <runtime_init+0x34>)
1000760c:	42ac      	cmp	r4, r5
1000760e:	d204      	bcs.n	1000761a <runtime_init+0x26>
10007610:	f854 3b04 	ldr.w	r3, [r4], #4
10007614:	4798      	blx	r3
10007616:	42ac      	cmp	r4, r5
10007618:	d3fa      	bcc.n	10007610 <runtime_init+0x1c>
1000761a:	bd38      	pop	{r3, r4, r5, pc}
1000761c:	1000adf0 	.word	0x1000adf0
10007620:	1000ae30 	.word	0x1000ae30
10007624:	1000ae30 	.word	0x1000ae30
10007628:	1000ae34 	.word	0x1000ae34

1000762c <__wrap_getchar>:
1000762c:	b5f0      	push	{r4, r5, r6, r7, lr}
1000762e:	4f40      	ldr	r7, [pc, #256]	@ (10007730 <__wrap_getchar+0x104>)
10007630:	4e40      	ldr	r6, [pc, #256]	@ (10007734 <__wrap_getchar+0x108>)
10007632:	b083      	sub	sp, #12
10007634:	f8d7 50fc 	ldr.w	r5, [r7, #252]	@ 0xfc
10007638:	462c      	mov	r4, r5
1000763a:	b14d      	cbz	r5, 10007650 <__wrap_getchar+0x24>
1000763c:	68a3      	ldr	r3, [r4, #8]
1000763e:	b123      	cbz	r3, 1000764a <__wrap_getchar+0x1e>
10007640:	2101      	movs	r1, #1
10007642:	a801      	add	r0, sp, #4
10007644:	4798      	blx	r3
10007646:	2800      	cmp	r0, #0
10007648:	dc0e      	bgt.n	10007668 <__wrap_getchar+0x3c>
1000764a:	6924      	ldr	r4, [r4, #16]
1000764c:	2c00      	cmp	r4, #0
1000764e:	d1f5      	bne.n	1000763c <__wrap_getchar+0x10>
10007650:	f06f 4300 	mvn.w	r3, #2147483648	@ 0x80000000
10007654:	6a72      	ldr	r2, [r6, #36]	@ 0x24
10007656:	429a      	cmp	r2, r3
10007658:	d30c      	bcc.n	10007674 <__wrap_getchar+0x48>
1000765a:	6ab1      	ldr	r1, [r6, #40]	@ 0x28
1000765c:	3101      	adds	r1, #1
1000765e:	d107      	bne.n	10007670 <__wrap_getchar+0x44>
10007660:	f06f 0001 	mvn.w	r0, #1
10007664:	b003      	add	sp, #12
10007666:	bdf0      	pop	{r4, r5, r6, r7, pc}
10007668:	f89d 0004 	ldrb.w	r0, [sp, #4]
1000766c:	b003      	add	sp, #12
1000766e:	bdf0      	pop	{r4, r5, r6, r7, pc}
10007670:	429a      	cmp	r2, r3
10007672:	d1f5      	bne.n	10007660 <__wrap_getchar+0x34>
10007674:	492f      	ldr	r1, [pc, #188]	@ (10007734 <__wrap_getchar+0x108>)
10007676:	6a4b      	ldr	r3, [r1, #36]	@ 0x24
10007678:	4618      	mov	r0, r3
1000767a:	6a8a      	ldr	r2, [r1, #40]	@ 0x28
1000767c:	6a4b      	ldr	r3, [r1, #36]	@ 0x24
1000767e:	4283      	cmp	r3, r0
10007680:	d1fa      	bne.n	10007678 <__wrap_getchar+0x4c>
10007682:	3201      	adds	r2, #1
10007684:	f153 0300 	adcs.w	r3, r3, #0
10007688:	f04f 0100 	mov.w	r1, #0
1000768c:	bf28      	it	cs
1000768e:	2101      	movcs	r1, #1
10007690:	2900      	cmp	r1, #0
10007692:	d143      	bne.n	1000771c <__wrap_getchar+0xf0>
10007694:	4927      	ldr	r1, [pc, #156]	@ (10007734 <__wrap_getchar+0x108>)
10007696:	6a49      	ldr	r1, [r1, #36]	@ 0x24
10007698:	428b      	cmp	r3, r1
1000769a:	d903      	bls.n	100076a4 <__wrap_getchar+0x78>
1000769c:	4825      	ldr	r0, [pc, #148]	@ (10007734 <__wrap_getchar+0x108>)
1000769e:	6a41      	ldr	r1, [r0, #36]	@ 0x24
100076a0:	4299      	cmp	r1, r3
100076a2:	d3fc      	bcc.n	1000769e <__wrap_getchar+0x72>
100076a4:	428b      	cmp	r3, r1
100076a6:	d107      	bne.n	100076b8 <__wrap_getchar+0x8c>
100076a8:	4922      	ldr	r1, [pc, #136]	@ (10007734 <__wrap_getchar+0x108>)
100076aa:	e002      	b.n	100076b2 <__wrap_getchar+0x86>
100076ac:	6a48      	ldr	r0, [r1, #36]	@ 0x24
100076ae:	4283      	cmp	r3, r0
100076b0:	d102      	bne.n	100076b8 <__wrap_getchar+0x8c>
100076b2:	6a88      	ldr	r0, [r1, #40]	@ 0x28
100076b4:	4290      	cmp	r0, r2
100076b6:	d3f9      	bcc.n	100076ac <__wrap_getchar+0x80>
100076b8:	2d00      	cmp	r5, #0
100076ba:	d1bb      	bne.n	10007634 <__wrap_getchar+0x8>
100076bc:	f06f 4400 	mvn.w	r4, #2147483648	@ 0x80000000
100076c0:	4a1c      	ldr	r2, [pc, #112]	@ (10007734 <__wrap_getchar+0x108>)
100076c2:	6a53      	ldr	r3, [r2, #36]	@ 0x24
100076c4:	42a3      	cmp	r3, r4
100076c6:	d304      	bcc.n	100076d2 <__wrap_getchar+0xa6>
100076c8:	6a91      	ldr	r1, [r2, #40]	@ 0x28
100076ca:	3101      	adds	r1, #1
100076cc:	d0c8      	beq.n	10007660 <__wrap_getchar+0x34>
100076ce:	42a3      	cmp	r3, r4
100076d0:	d1c6      	bne.n	10007660 <__wrap_getchar+0x34>
100076d2:	6a53      	ldr	r3, [r2, #36]	@ 0x24
100076d4:	4618      	mov	r0, r3
100076d6:	6a91      	ldr	r1, [r2, #40]	@ 0x28
100076d8:	6a53      	ldr	r3, [r2, #36]	@ 0x24
100076da:	4298      	cmp	r0, r3
100076dc:	d1fa      	bne.n	100076d4 <__wrap_getchar+0xa8>
100076de:	3101      	adds	r1, #1
100076e0:	f153 0300 	adcs.w	r3, r3, #0
100076e4:	f04f 0000 	mov.w	r0, #0
100076e8:	bf28      	it	cs
100076ea:	2001      	movcs	r0, #1
100076ec:	b138      	cbz	r0, 100076fe <__wrap_getchar+0xd2>
100076ee:	6a53      	ldr	r3, [r2, #36]	@ 0x24
100076f0:	1c59      	adds	r1, r3, #1
100076f2:	bf08      	it	eq
100076f4:	4619      	moveq	r1, r3
100076f6:	d00d      	beq.n	10007714 <__wrap_getchar+0xe8>
100076f8:	f04f 33ff 	mov.w	r3, #4294967295
100076fc:	4619      	mov	r1, r3
100076fe:	6a50      	ldr	r0, [r2, #36]	@ 0x24
10007700:	4283      	cmp	r3, r0
10007702:	d8fc      	bhi.n	100076fe <__wrap_getchar+0xd2>
10007704:	4298      	cmp	r0, r3
10007706:	d1dc      	bne.n	100076c2 <__wrap_getchar+0x96>
10007708:	6a90      	ldr	r0, [r2, #40]	@ 0x28
1000770a:	4281      	cmp	r1, r0
1000770c:	d9d9      	bls.n	100076c2 <__wrap_getchar+0x96>
1000770e:	6a50      	ldr	r0, [r2, #36]	@ 0x24
10007710:	4283      	cmp	r3, r0
10007712:	d1d6      	bne.n	100076c2 <__wrap_getchar+0x96>
10007714:	6a90      	ldr	r0, [r2, #40]	@ 0x28
10007716:	4281      	cmp	r1, r0
10007718:	d8f9      	bhi.n	1000770e <__wrap_getchar+0xe2>
1000771a:	e7d2      	b.n	100076c2 <__wrap_getchar+0x96>
1000771c:	4b05      	ldr	r3, [pc, #20]	@ (10007734 <__wrap_getchar+0x108>)
1000771e:	6a5b      	ldr	r3, [r3, #36]	@ 0x24
10007720:	1c5a      	adds	r2, r3, #1
10007722:	bf08      	it	eq
10007724:	461a      	moveq	r2, r3
10007726:	d0bf      	beq.n	100076a8 <__wrap_getchar+0x7c>
10007728:	f04f 33ff 	mov.w	r3, #4294967295
1000772c:	461a      	mov	r2, r3
1000772e:	e7b5      	b.n	1000769c <__wrap_getchar+0x70>
10007730:	200016f8 	.word	0x200016f8
10007734:	400b0000 	.word	0x400b0000

10007738 <__wrap_putchar>:
10007738:	b570      	push	{r4, r5, r6, lr}
1000773a:	b082      	sub	sp, #8
1000773c:	4605      	mov	r5, r0
1000773e:	f88d 0007 	strb.w	r0, [sp, #7]
10007742:	f7fc f9c9 	bl	10003ad8 <stdout_serialize_begin>
10007746:	4b1a      	ldr	r3, [pc, #104]	@ (100077b0 <__wrap_putchar+0x78>)
10007748:	4606      	mov	r6, r0
1000774a:	f8d3 40fc 	ldr.w	r4, [r3, #252]	@ 0xfc
1000774e:	b154      	cbz	r4, 10007766 <__wrap_putchar+0x2e>
10007750:	6823      	ldr	r3, [r4, #0]
10007752:	b163      	cbz	r3, 1000776e <__wrap_putchar+0x36>
10007754:	4620      	mov	r0, r4
10007756:	2201      	movs	r2, #1
10007758:	f10d 0107 	add.w	r1, sp, #7
1000775c:	f7fb fed0 	bl	10003500 <stdio_out_chars_crlf>
10007760:	6924      	ldr	r4, [r4, #16]
10007762:	2c00      	cmp	r4, #0
10007764:	d1f4      	bne.n	10007750 <__wrap_putchar+0x18>
10007766:	b93e      	cbnz	r6, 10007778 <__wrap_putchar+0x40>
10007768:	4628      	mov	r0, r5
1000776a:	b002      	add	sp, #8
1000776c:	bd70      	pop	{r4, r5, r6, pc}
1000776e:	6924      	ldr	r4, [r4, #16]
10007770:	2c00      	cmp	r4, #0
10007772:	d1ed      	bne.n	10007750 <__wrap_putchar+0x18>
10007774:	2e00      	cmp	r6, #0
10007776:	d0f7      	beq.n	10007768 <__wrap_putchar+0x30>
10007778:	4b0e      	ldr	r3, [pc, #56]	@ (100077b4 <__wrap_putchar+0x7c>)
1000777a:	689a      	ldr	r2, [r3, #8]
1000777c:	f3ef 8110 	mrs	r1, PRIMASK
10007780:	b672      	cpsid	i
10007782:	e8d2 4fcf 	ldaexb	r4, [r2]
10007786:	2001      	movs	r0, #1
10007788:	2c00      	cmp	r4, #0
1000778a:	d1fa      	bne.n	10007782 <__wrap_putchar+0x4a>
1000778c:	e8c2 0f44 	strexb	r4, r0, [r2]
10007790:	2c00      	cmp	r4, #0
10007792:	d1f6      	bne.n	10007782 <__wrap_putchar+0x4a>
10007794:	f3bf 8f5f 	dmb	sy
10007798:	24ff      	movs	r4, #255	@ 0xff
1000779a:	2200      	movs	r2, #0
1000779c:	6898      	ldr	r0, [r3, #8]
1000779e:	731c      	strb	r4, [r3, #12]
100077a0:	e8c0 2f8f 	stlb	r2, [r0]
100077a4:	f381 8810 	msr	PRIMASK, r1
100077a8:	bf40      	sev
100077aa:	4628      	mov	r0, r5
100077ac:	b002      	add	sp, #8
100077ae:	bd70      	pop	{r4, r5, r6, pc}
100077b0:	200016f8 	.word	0x200016f8
100077b4:	200016e8 	.word	0x200016e8

100077b8 <__wrap_puts>:
100077b8:	e92d 43f0 	stmdb	sp!, {r4, r5, r6, r7, r8, r9, lr}
100077bc:	b083      	sub	sp, #12
100077be:	4606      	mov	r6, r0
100077c0:	f003 f8c4 	bl	1000a94c <strlen>
100077c4:	4605      	mov	r5, r0
100077c6:	f7fc f987 	bl	10003ad8 <stdout_serialize_begin>
100077ca:	f8df 90a8 	ldr.w	r9, [pc, #168]	@ 10007874 <__wrap_puts+0xbc>
100077ce:	4607      	mov	r7, r0
100077d0:	f8d9 40fc 	ldr.w	r4, [r9, #252]	@ 0xfc
100077d4:	2c00      	cmp	r4, #0
100077d6:	d02e      	beq.n	10007836 <__wrap_puts+0x7e>
100077d8:	f04f 080a 	mov.w	r8, #10
100077dc:	6823      	ldr	r3, [r4, #0]
100077de:	b1eb      	cbz	r3, 1000781c <__wrap_puts+0x64>
100077e0:	4620      	mov	r0, r4
100077e2:	462a      	mov	r2, r5
100077e4:	4631      	mov	r1, r6
100077e6:	f7fb fe8b 	bl	10003500 <stdio_out_chars_crlf>
100077ea:	4620      	mov	r0, r4
100077ec:	2201      	movs	r2, #1
100077ee:	f10d 0107 	add.w	r1, sp, #7
100077f2:	f88d 8007 	strb.w	r8, [sp, #7]
100077f6:	f7fb fe83 	bl	10003500 <stdio_out_chars_crlf>
100077fa:	6924      	ldr	r4, [r4, #16]
100077fc:	2c00      	cmp	r4, #0
100077fe:	d1ed      	bne.n	100077dc <__wrap_puts+0x24>
10007800:	b9df      	cbnz	r7, 1000783a <__wrap_puts+0x82>
10007802:	f8d9 40fc 	ldr.w	r4, [r9, #252]	@ 0xfc
10007806:	b12c      	cbz	r4, 10007814 <__wrap_puts+0x5c>
10007808:	6863      	ldr	r3, [r4, #4]
1000780a:	b16b      	cbz	r3, 10007828 <__wrap_puts+0x70>
1000780c:	4798      	blx	r3
1000780e:	6924      	ldr	r4, [r4, #16]
10007810:	2c00      	cmp	r4, #0
10007812:	d1f9      	bne.n	10007808 <__wrap_puts+0x50>
10007814:	4628      	mov	r0, r5
10007816:	b003      	add	sp, #12
10007818:	e8bd 83f0 	ldmia.w	sp!, {r4, r5, r6, r7, r8, r9, pc}
1000781c:	6924      	ldr	r4, [r4, #16]
1000781e:	2c00      	cmp	r4, #0
10007820:	d1dc      	bne.n	100077dc <__wrap_puts+0x24>
10007822:	2f00      	cmp	r7, #0
10007824:	d0ed      	beq.n	10007802 <__wrap_puts+0x4a>
10007826:	e008      	b.n	1000783a <__wrap_puts+0x82>
10007828:	6924      	ldr	r4, [r4, #16]
1000782a:	2c00      	cmp	r4, #0
1000782c:	d1ec      	bne.n	10007808 <__wrap_puts+0x50>
1000782e:	4628      	mov	r0, r5
10007830:	b003      	add	sp, #12
10007832:	e8bd 83f0 	ldmia.w	sp!, {r4, r5, r6, r7, r8, r9, pc}
10007836:	2800      	cmp	r0, #0
10007838:	d0ec      	beq.n	10007814 <__wrap_puts+0x5c>
1000783a:	4b0d      	ldr	r3, [pc, #52]	@ (10007870 <__wrap_puts+0xb8>)
1000783c:	689a      	ldr	r2, [r3, #8]
1000783e:	f3ef 8110 	mrs	r1, PRIMASK
10007842:	b672      	cpsid	i
10007844:	e8d2 4fcf 	ldaexb	r4, [r2]
10007848:	2001      	movs	r0, #1
1000784a:	2c00      	cmp	r4, #0
1000784c:	d1fa      	bne.n	10007844 <__wrap_puts+0x8c>
1000784e:	e8c2 0f44 	strexb	r4, r0, [r2]
10007852:	2c00      	cmp	r4, #0
10007854:	d1f6      	bne.n	10007844 <__wrap_puts+0x8c>
10007856:	f3bf 8f5f 	dmb	sy
1000785a:	24ff      	movs	r4, #255	@ 0xff
1000785c:	2200      	movs	r2, #0
1000785e:	6898      	ldr	r0, [r3, #8]
10007860:	731c      	strb	r4, [r3, #12]
10007862:	e8c0 2f8f 	stlb	r2, [r0]
10007866:	f381 8810 	msr	PRIMASK, r1
1000786a:	bf40      	sev
1000786c:	e7c9      	b.n	10007802 <__wrap_puts+0x4a>
1000786e:	bf00      	nop
10007870:	200016e8 	.word	0x200016e8
10007874:	200016f8 	.word	0x200016f8

10007878 <__wrap_vprintf>:
10007878:	b5f0      	push	{r4, r5, r6, r7, lr}
1000787a:	b0a7      	sub	sp, #156	@ 0x9c
1000787c:	4605      	mov	r5, r0
1000787e:	460c      	mov	r4, r1
10007880:	f7fc f92a 	bl	10003ad8 <stdout_serialize_begin>
10007884:	2700      	movs	r7, #0
10007886:	492d      	ldr	r1, [pc, #180]	@ (1000793c <__wrap_vprintf+0xc4>)
10007888:	462b      	mov	r3, r5
1000788a:	9103      	str	r1, [sp, #12]
1000788c:	a905      	add	r1, sp, #20
1000788e:	9104      	str	r1, [sp, #16]
10007890:	4606      	mov	r6, r0
10007892:	f04f 32ff 	mov.w	r2, #4294967295
10007896:	482a      	ldr	r0, [pc, #168]	@ (10007940 <__wrap_vprintf+0xc8>)
10007898:	9400      	str	r4, [sp, #0]
1000789a:	a903      	add	r1, sp, #12
1000789c:	9705      	str	r7, [sp, #20]
1000789e:	f7fb f937 	bl	10002b10 <_vsnprintf>
100078a2:	9b05      	ldr	r3, [sp, #20]
100078a4:	4605      	mov	r5, r0
100078a6:	b97b      	cbnz	r3, 100078c8 <__wrap_vprintf+0x50>
100078a8:	4b26      	ldr	r3, [pc, #152]	@ (10007944 <__wrap_vprintf+0xcc>)
100078aa:	f8d3 40fc 	ldr.w	r4, [r3, #252]	@ 0xfc
100078ae:	b12c      	cbz	r4, 100078bc <__wrap_vprintf+0x44>
100078b0:	6863      	ldr	r3, [r4, #4]
100078b2:	b13b      	cbz	r3, 100078c4 <__wrap_vprintf+0x4c>
100078b4:	4798      	blx	r3
100078b6:	6924      	ldr	r4, [r4, #16]
100078b8:	2c00      	cmp	r4, #0
100078ba:	d1f9      	bne.n	100078b0 <__wrap_vprintf+0x38>
100078bc:	bb06      	cbnz	r6, 10007900 <__wrap_vprintf+0x88>
100078be:	4628      	mov	r0, r5
100078c0:	b027      	add	sp, #156	@ 0x9c
100078c2:	bdf0      	pop	{r4, r5, r6, r7, pc}
100078c4:	6924      	ldr	r4, [r4, #16]
100078c6:	e7f2      	b.n	100078ae <__wrap_vprintf+0x36>
100078c8:	4f1e      	ldr	r7, [pc, #120]	@ (10007944 <__wrap_vprintf+0xcc>)
100078ca:	f8d7 40fc 	ldr.w	r4, [r7, #252]	@ 0xfc
100078ce:	2c00      	cmp	r4, #0
100078d0:	d032      	beq.n	10007938 <__wrap_vprintf+0xc0>
100078d2:	6823      	ldr	r3, [r4, #0]
100078d4:	b163      	cbz	r3, 100078f0 <__wrap_vprintf+0x78>
100078d6:	4620      	mov	r0, r4
100078d8:	9a05      	ldr	r2, [sp, #20]
100078da:	a906      	add	r1, sp, #24
100078dc:	f7fb fe10 	bl	10003500 <stdio_out_chars_crlf>
100078e0:	6924      	ldr	r4, [r4, #16]
100078e2:	2c00      	cmp	r4, #0
100078e4:	d1f5      	bne.n	100078d2 <__wrap_vprintf+0x5a>
100078e6:	2300      	movs	r3, #0
100078e8:	f8d7 40fc 	ldr.w	r4, [r7, #252]	@ 0xfc
100078ec:	9305      	str	r3, [sp, #20]
100078ee:	e7de      	b.n	100078ae <__wrap_vprintf+0x36>
100078f0:	6924      	ldr	r4, [r4, #16]
100078f2:	2c00      	cmp	r4, #0
100078f4:	d1ed      	bne.n	100078d2 <__wrap_vprintf+0x5a>
100078f6:	2300      	movs	r3, #0
100078f8:	f8d7 40fc 	ldr.w	r4, [r7, #252]	@ 0xfc
100078fc:	9305      	str	r3, [sp, #20]
100078fe:	e7d6      	b.n	100078ae <__wrap_vprintf+0x36>
10007900:	4b11      	ldr	r3, [pc, #68]	@ (10007948 <__wrap_vprintf+0xd0>)
10007902:	689a      	ldr	r2, [r3, #8]
10007904:	f3ef 8110 	mrs	r1, PRIMASK
10007908:	b672      	cpsid	i
1000790a:	e8d2 4fcf 	ldaexb	r4, [r2]
1000790e:	2001      	movs	r0, #1
10007910:	2c00      	cmp	r4, #0
10007912:	d1fa      	bne.n	1000790a <__wrap_vprintf+0x92>
10007914:	e8c2 0f44 	strexb	r4, r0, [r2]
10007918:	2c00      	cmp	r4, #0
1000791a:	d1f6      	bne.n	1000790a <__wrap_vprintf+0x92>
1000791c:	f3bf 8f5f 	dmb	sy
10007920:	24ff      	movs	r4, #255	@ 0xff
10007922:	2200      	movs	r2, #0
10007924:	6898      	ldr	r0, [r3, #8]
10007926:	731c      	strb	r4, [r3, #12]
10007928:	e8c0 2f8f 	stlb	r2, [r0]
1000792c:	f381 8810 	msr	PRIMASK, r1
10007930:	bf40      	sev
10007932:	4628      	mov	r0, r5
10007934:	b027      	add	sp, #156	@ 0x9c
10007936:	bdf0      	pop	{r4, r5, r6, r7, pc}
10007938:	9405      	str	r4, [sp, #20]
1000793a:	e7bf      	b.n	100078bc <__wrap_vprintf+0x44>
1000793c:	100035ad 	.word	0x100035ad
10007940:	100020e5 	.word	0x100020e5
10007944:	200016f8 	.word	0x200016f8
10007948:	200016e8 	.word	0x200016e8

1000794c <__wrap_printf>:
1000794c:	b40f      	push	{r0, r1, r2, r3}
1000794e:	b500      	push	{lr}
10007950:	b083      	sub	sp, #12
10007952:	a904      	add	r1, sp, #16
10007954:	f851 0b04 	ldr.w	r0, [r1], #4
10007958:	9101      	str	r1, [sp, #4]
1000795a:	f7ff ff8d 	bl	10007878 <__wrap_vprintf>
1000795e:	b003      	add	sp, #12
10007960:	f85d eb04 	ldr.w	lr, [sp], #4
10007964:	b004      	add	sp, #16
10007966:	4770      	bx	lr

10007968 <isr_irq14>:
10007968:	e92d 4ff0 	stmdb	sp!, {r4, r5, r6, r7, r8, r9, sl, fp, lr}
1000796c:	4bad      	ldr	r3, [pc, #692]	@ (10007c24 <isr_irq14+0x2bc>)
1000796e:	b083      	sub	sp, #12
10007970:	f8d3 6098 	ldr.w	r6, [r3, #152]	@ 0x98
10007974:	f416 3480 	ands.w	r4, r6, #65536	@ 0x10000
10007978:	d170      	bne.n	10007a5c <isr_irq14+0xf4>
1000797a:	f04f 0b10 	mov.w	fp, #16
1000797e:	06f1      	lsls	r1, r6, #27
10007980:	d443      	bmi.n	10007a0a <isr_irq14+0xa2>
10007982:	04f3      	lsls	r3, r6, #19
10007984:	d438      	bmi.n	100079f8 <isr_irq14+0x90>
10007986:	f416 7778 	ands.w	r7, r6, #992	@ 0x3e0
1000798a:	d10f      	bne.n	100079ac <isr_irq14+0x44>
1000798c:	42b4      	cmp	r4, r6
1000798e:	d102      	bne.n	10007996 <isr_irq14+0x2e>
10007990:	b003      	add	sp, #12
10007992:	e8bd 8ff0 	ldmia.w	sp!, {r4, r5, r6, r7, r8, r9, sl, fp, pc}
10007996:	48a4      	ldr	r0, [pc, #656]	@ (10007c28 <isr_irq14+0x2c0>)
10007998:	f7ff ffd8 	bl	1000794c <__wrap_printf>
1000799c:	48a3      	ldr	r0, [pc, #652]	@ (10007c2c <isr_irq14+0x2c4>)
1000799e:	ea84 0106 	eor.w	r1, r4, r6
100079a2:	b003      	add	sp, #12
100079a4:	e8bd 4ff0 	ldmia.w	sp!, {r4, r5, r6, r7, r8, r9, sl, fp, lr}
100079a8:	f7ff bfd0 	b.w	1000794c <__wrap_printf>
100079ac:	4d9d      	ldr	r5, [pc, #628]	@ (10007c24 <isr_irq14+0x2bc>)
100079ae:	489e      	ldr	r0, [pc, #632]	@ (10007c28 <isr_irq14+0x2c0>)
100079b0:	f7ff ffcc 	bl	1000794c <__wrap_printf>
100079b4:	4639      	mov	r1, r7
100079b6:	6d2a      	ldr	r2, [r5, #80]	@ 0x50
100079b8:	489d      	ldr	r0, [pc, #628]	@ (10007c30 <isr_irq14+0x2c8>)
100079ba:	f7ff ffc7 	bl	1000794c <__wrap_printf>
100079be:	6d2b      	ldr	r3, [r5, #80]	@ 0x50
100079c0:	2b00      	cmp	r3, #0
100079c2:	f280 809a 	bge.w	10007afa <isr_irq14+0x192>
100079c6:	4d9b      	ldr	r5, [pc, #620]	@ (10007c34 <isr_irq14+0x2cc>)
100079c8:	f8d5 3110 	ldr.w	r3, [r5, #272]	@ 0x110
100079cc:	b12b      	cbz	r3, 100079da <isr_irq14+0x72>
100079ce:	2300      	movs	r3, #0
100079d0:	f8d5 2110 	ldr.w	r2, [r5, #272]	@ 0x110
100079d4:	3301      	adds	r3, #1
100079d6:	429a      	cmp	r2, r3
100079d8:	d8fa      	bhi.n	100079d0 <isr_irq14+0x68>
100079da:	2300      	movs	r3, #0
100079dc:	4892      	ldr	r0, [pc, #584]	@ (10007c28 <isr_irq14+0x2c0>)
100079de:	f8c5 3110 	str.w	r3, [r5, #272]	@ 0x110
100079e2:	f7ff ffb3 	bl	1000794c <__wrap_printf>
100079e6:	4894      	ldr	r0, [pc, #592]	@ (10007c38 <isr_irq14+0x2d0>)
100079e8:	f7ff fee6 	bl	100077b8 <__wrap_puts>
100079ec:	f04f 4200 	mov.w	r2, #2147483648	@ 0x80000000
100079f0:	4b92      	ldr	r3, [pc, #584]	@ (10007c3c <isr_irq14+0x2d4>)
100079f2:	651a      	str	r2, [r3, #80]	@ 0x50
100079f4:	433c      	orrs	r4, r7
100079f6:	e7c9      	b.n	1000798c <isr_irq14+0x24>
100079f8:	f7fc fc94 	bl	10004324 <_usb_handle_bus_reset>
100079fc:	f44f 2200 	mov.w	r2, #524288	@ 0x80000
10007a00:	4b8e      	ldr	r3, [pc, #568]	@ (10007c3c <isr_irq14+0x2d4>)
10007a02:	f444 5480 	orr.w	r4, r4, #4096	@ 0x1000
10007a06:	651a      	str	r2, [r3, #80]	@ 0x50
10007a08:	e7bd      	b.n	10007986 <isr_irq14+0x1e>
10007a0a:	f8df 9218 	ldr.w	r9, [pc, #536]	@ 10007c24 <isr_irq14+0x2bc>
10007a0e:	f8d9 8058 	ldr.w	r8, [r9, #88]	@ 0x58
10007a12:	f1b8 0f00 	cmp.w	r8, #0
10007a16:	d01f      	beq.n	10007a58 <isr_irq14+0xf0>
10007a18:	2400      	movs	r4, #0
10007a1a:	2501      	movs	r5, #1
10007a1c:	f8df a21c 	ldr.w	sl, [pc, #540]	@ 10007c3c <isr_irq14+0x2d4>
10007a20:	e002      	b.n	10007a28 <isr_irq14+0xc0>
10007a22:	2c20      	cmp	r4, #32
10007a24:	f000 80f9 	beq.w	10007c1a <isr_irq14+0x2b2>
10007a28:	ea05 0308 	and.w	r3, r5, r8
10007a2c:	462f      	mov	r7, r5
10007a2e:	4620      	mov	r0, r4
10007a30:	006d      	lsls	r5, r5, #1
10007a32:	3401      	adds	r4, #1
10007a34:	2b00      	cmp	r3, #0
10007a36:	d0f4      	beq.n	10007a22 <isr_irq14+0xba>
10007a38:	f8d9 305c 	ldr.w	r3, [r9, #92]	@ 0x5c
10007a3c:	f004 0101 	and.w	r1, r4, #1
10007a40:	421f      	tst	r7, r3
10007a42:	bf14      	ite	ne
10007a44:	2201      	movne	r2, #1
10007a46:	2200      	moveq	r2, #0
10007a48:	f8ca 7058 	str.w	r7, [sl, #88]	@ 0x58
10007a4c:	0840      	lsrs	r0, r0, #1
10007a4e:	f7fc ff15 	bl	1000487c <_usb_handle_transfer>
10007a52:	ea38 0807 	bics.w	r8, r8, r7
10007a56:	d1e4      	bne.n	10007a22 <isr_irq14+0xba>
10007a58:	465c      	mov	r4, fp
10007a5a:	e792      	b.n	10007982 <isr_irq14+0x1a>
10007a5c:	4c78      	ldr	r4, [pc, #480]	@ (10007c40 <isr_irq14+0x2d8>)
10007a5e:	2100      	movs	r1, #0
10007a60:	f504 7856 	add.w	r8, r4, #856	@ 0x358
10007a64:	4640      	mov	r0, r8
10007a66:	f7fc fc25 	bl	100042b4 <_usb_reset_endpoint>
10007a6a:	2100      	movs	r1, #0
10007a6c:	f504 7044 	add.w	r0, r4, #784	@ 0x310
10007a70:	f7fc fc20 	bl	100042b4 <_usb_reset_endpoint>
10007a74:	2201      	movs	r2, #1
10007a76:	4f73      	ldr	r7, [pc, #460]	@ (10007c44 <isr_irq14+0x2dc>)
10007a78:	f897 c000 	ldrb.w	ip, [r7]
10007a7c:	f884 233b 	strb.w	r2, [r4, #827]	@ 0x33b
10007a80:	f00c 031f 	and.w	r3, ip, #31
10007a84:	4293      	cmp	r3, r2
10007a86:	f884 2383 	strb.w	r2, [r4, #899]	@ 0x383
10007a8a:	f000 80e5 	beq.w	10007c58 <isr_irq14+0x2f0>
10007a8e:	2b02      	cmp	r3, #2
10007a90:	d036      	beq.n	10007b00 <isr_irq14+0x198>
10007a92:	2b00      	cmp	r3, #0
10007a94:	f040 80b0 	bne.w	10007bf8 <isr_irq14+0x290>
10007a98:	4d66      	ldr	r5, [pc, #408]	@ (10007c34 <isr_irq14+0x2cc>)
10007a9a:	f8d5 3118 	ldr.w	r3, [r5, #280]	@ 0x118
10007a9e:	b143      	cbz	r3, 10007ab2 <isr_irq14+0x14a>
10007aa0:	4639      	mov	r1, r7
10007aa2:	f505 708a 	add.w	r0, r5, #276	@ 0x114
10007aa6:	4798      	blx	r3
10007aa8:	2800      	cmp	r0, #0
10007aaa:	f040 80ad 	bne.w	10007c08 <isr_irq14+0x2a0>
10007aae:	f897 c000 	ldrb.w	ip, [r7]
10007ab2:	f01c 0f60 	tst.w	ip, #96	@ 0x60
10007ab6:	f040 80a5 	bne.w	10007c04 <isr_irq14+0x29c>
10007aba:	f01c 0f80 	tst.w	ip, #128	@ 0x80
10007abe:	f040 813b 	bne.w	10007d38 <isr_irq14+0x3d0>
10007ac2:	4b60      	ldr	r3, [pc, #384]	@ (10007c44 <isr_irq14+0x2dc>)
10007ac4:	785a      	ldrb	r2, [r3, #1]
10007ac6:	2a05      	cmp	r2, #5
10007ac8:	f000 81b0 	beq.w	10007e2c <isr_irq14+0x4c4>
10007acc:	2a09      	cmp	r2, #9
10007ace:	d10b      	bne.n	10007ae8 <isr_irq14+0x180>
10007ad0:	f893 a002 	ldrb.w	sl, [r3, #2]
10007ad4:	f1ba 0f00 	cmp.w	sl, #0
10007ad8:	f000 81c0 	beq.w	10007e5c <isr_irq14+0x4f4>
10007adc:	f8d5 3124 	ldr.w	r3, [r5, #292]	@ 0x124
10007ae0:	795b      	ldrb	r3, [r3, #5]
10007ae2:	4553      	cmp	r3, sl
10007ae4:	f000 81ba 	beq.w	10007e5c <isr_irq14+0x4f4>
10007ae8:	484f      	ldr	r0, [pc, #316]	@ (10007c28 <isr_irq14+0x2c0>)
10007aea:	f7ff ff2f 	bl	1000794c <__wrap_printf>
10007aee:	4b55      	ldr	r3, [pc, #340]	@ (10007c44 <isr_irq14+0x2dc>)
10007af0:	4855      	ldr	r0, [pc, #340]	@ (10007c48 <isr_irq14+0x2e0>)
10007af2:	7859      	ldrb	r1, [r3, #1]
10007af4:	f7ff ff2a 	bl	1000794c <__wrap_printf>
10007af8:	e084      	b.n	10007c04 <isr_irq14+0x29c>
10007afa:	f7fc fc13 	bl	10004324 <_usb_handle_bus_reset>
10007afe:	e779      	b.n	100079f4 <isr_irq14+0x8c>
10007b00:	88bb      	ldrh	r3, [r7, #4]
10007b02:	2b00      	cmp	r3, #0
10007b04:	f000 8115 	beq.w	10007d32 <isr_irq14+0x3ca>
10007b08:	2b80      	cmp	r3, #128	@ 0x80
10007b0a:	f000 80e4 	beq.w	10007cd6 <isr_irq14+0x36e>
10007b0e:	4a49      	ldr	r2, [pc, #292]	@ (10007c34 <isr_irq14+0x2cc>)
10007b10:	f892 2131 	ldrb.w	r2, [r2, #305]	@ 0x131
10007b14:	2a00      	cmp	r2, #0
10007b16:	d066      	beq.n	10007be6 <isr_irq14+0x27e>
10007b18:	f8d4 52d4 	ldr.w	r5, [r4, #724]	@ 0x2d4
10007b1c:	682a      	ldr	r2, [r5, #0]
10007b1e:	7892      	ldrb	r2, [r2, #2]
10007b20:	4293      	cmp	r3, r2
10007b22:	f000 80d9 	beq.w	10007cd8 <isr_irq14+0x370>
10007b26:	f8d4 52d8 	ldr.w	r5, [r4, #728]	@ 0x2d8
10007b2a:	682a      	ldr	r2, [r5, #0]
10007b2c:	7892      	ldrb	r2, [r2, #2]
10007b2e:	4293      	cmp	r3, r2
10007b30:	f000 80d2 	beq.w	10007cd8 <isr_irq14+0x370>
10007b34:	f8d4 52dc 	ldr.w	r5, [r4, #732]	@ 0x2dc
10007b38:	682a      	ldr	r2, [r5, #0]
10007b3a:	7892      	ldrb	r2, [r2, #2]
10007b3c:	4293      	cmp	r3, r2
10007b3e:	f000 80cb 	beq.w	10007cd8 <isr_irq14+0x370>
10007b42:	f8d4 52e0 	ldr.w	r5, [r4, #736]	@ 0x2e0
10007b46:	682a      	ldr	r2, [r5, #0]
10007b48:	7892      	ldrb	r2, [r2, #2]
10007b4a:	4293      	cmp	r3, r2
10007b4c:	f000 80c4 	beq.w	10007cd8 <isr_irq14+0x370>
10007b50:	f8d4 52e4 	ldr.w	r5, [r4, #740]	@ 0x2e4
10007b54:	682a      	ldr	r2, [r5, #0]
10007b56:	7892      	ldrb	r2, [r2, #2]
10007b58:	4293      	cmp	r3, r2
10007b5a:	f000 80bd 	beq.w	10007cd8 <isr_irq14+0x370>
10007b5e:	f8d4 52e8 	ldr.w	r5, [r4, #744]	@ 0x2e8
10007b62:	682a      	ldr	r2, [r5, #0]
10007b64:	7892      	ldrb	r2, [r2, #2]
10007b66:	4293      	cmp	r3, r2
10007b68:	f000 80b6 	beq.w	10007cd8 <isr_irq14+0x370>
10007b6c:	f8d4 52ec 	ldr.w	r5, [r4, #748]	@ 0x2ec
10007b70:	682a      	ldr	r2, [r5, #0]
10007b72:	7892      	ldrb	r2, [r2, #2]
10007b74:	4293      	cmp	r3, r2
10007b76:	f000 80af 	beq.w	10007cd8 <isr_irq14+0x370>
10007b7a:	f8d4 52f0 	ldr.w	r5, [r4, #752]	@ 0x2f0
10007b7e:	682a      	ldr	r2, [r5, #0]
10007b80:	7892      	ldrb	r2, [r2, #2]
10007b82:	4293      	cmp	r3, r2
10007b84:	f000 80a8 	beq.w	10007cd8 <isr_irq14+0x370>
10007b88:	f8d4 52f4 	ldr.w	r5, [r4, #756]	@ 0x2f4
10007b8c:	682a      	ldr	r2, [r5, #0]
10007b8e:	7892      	ldrb	r2, [r2, #2]
10007b90:	4293      	cmp	r3, r2
10007b92:	f000 80a1 	beq.w	10007cd8 <isr_irq14+0x370>
10007b96:	f8d4 52f8 	ldr.w	r5, [r4, #760]	@ 0x2f8
10007b9a:	682a      	ldr	r2, [r5, #0]
10007b9c:	7892      	ldrb	r2, [r2, #2]
10007b9e:	4293      	cmp	r3, r2
10007ba0:	f000 809a 	beq.w	10007cd8 <isr_irq14+0x370>
10007ba4:	f8d4 52fc 	ldr.w	r5, [r4, #764]	@ 0x2fc
10007ba8:	682a      	ldr	r2, [r5, #0]
10007baa:	7892      	ldrb	r2, [r2, #2]
10007bac:	4293      	cmp	r3, r2
10007bae:	f000 8093 	beq.w	10007cd8 <isr_irq14+0x370>
10007bb2:	f8d4 5300 	ldr.w	r5, [r4, #768]	@ 0x300
10007bb6:	682a      	ldr	r2, [r5, #0]
10007bb8:	7892      	ldrb	r2, [r2, #2]
10007bba:	4293      	cmp	r3, r2
10007bbc:	f000 808c 	beq.w	10007cd8 <isr_irq14+0x370>
10007bc0:	f8d4 5304 	ldr.w	r5, [r4, #772]	@ 0x304
10007bc4:	682a      	ldr	r2, [r5, #0]
10007bc6:	7892      	ldrb	r2, [r2, #2]
10007bc8:	4293      	cmp	r3, r2
10007bca:	f000 8085 	beq.w	10007cd8 <isr_irq14+0x370>
10007bce:	f8d4 5308 	ldr.w	r5, [r4, #776]	@ 0x308
10007bd2:	682a      	ldr	r2, [r5, #0]
10007bd4:	7892      	ldrb	r2, [r2, #2]
10007bd6:	4293      	cmp	r3, r2
10007bd8:	d07e      	beq.n	10007cd8 <isr_irq14+0x370>
10007bda:	f8d4 530c 	ldr.w	r5, [r4, #780]	@ 0x30c
10007bde:	682a      	ldr	r2, [r5, #0]
10007be0:	7892      	ldrb	r2, [r2, #2]
10007be2:	4293      	cmp	r3, r2
10007be4:	d078      	beq.n	10007cd8 <isr_irq14+0x370>
10007be6:	4810      	ldr	r0, [pc, #64]	@ (10007c28 <isr_irq14+0x2c0>)
10007be8:	f7ff feb0 	bl	1000794c <__wrap_printf>
10007bec:	4b15      	ldr	r3, [pc, #84]	@ (10007c44 <isr_irq14+0x2dc>)
10007bee:	4817      	ldr	r0, [pc, #92]	@ (10007c4c <isr_irq14+0x2e4>)
10007bf0:	889a      	ldrh	r2, [r3, #4]
10007bf2:	8859      	ldrh	r1, [r3, #2]
10007bf4:	f7ff feaa 	bl	1000794c <__wrap_printf>
10007bf8:	480b      	ldr	r0, [pc, #44]	@ (10007c28 <isr_irq14+0x2c0>)
10007bfa:	f7ff fea7 	bl	1000794c <__wrap_printf>
10007bfe:	4814      	ldr	r0, [pc, #80]	@ (10007c50 <isr_irq14+0x2e8>)
10007c00:	f7ff fdda 	bl	100077b8 <__wrap_puts>
10007c04:	f7fd fb98 	bl	10005338 <usb_stall_control_pipe.isra.0>
10007c08:	f44f 3200 	mov.w	r2, #131072	@ 0x20000
10007c0c:	4b0b      	ldr	r3, [pc, #44]	@ (10007c3c <isr_irq14+0x2d4>)
10007c0e:	f44f 3480 	mov.w	r4, #65536	@ 0x10000
10007c12:	f8df b040 	ldr.w	fp, [pc, #64]	@ 10007c54 <isr_irq14+0x2ec>
10007c16:	651a      	str	r2, [r3, #80]	@ 0x50
10007c18:	e6b1      	b.n	1000797e <isr_irq14+0x16>
10007c1a:	4b08      	ldr	r3, [pc, #32]	@ (10007c3c <isr_irq14+0x2d4>)
10007c1c:	465c      	mov	r4, fp
10007c1e:	f8c3 8058 	str.w	r8, [r3, #88]	@ 0x58
10007c22:	e6ae      	b.n	10007982 <isr_irq14+0x1a>
10007c24:	50110000 	.word	0x50110000
10007c28:	1000ae68 	.word	0x1000ae68
10007c2c:	1000b23c 	.word	0x1000b23c
10007c30:	1000b20c 	.word	0x1000b20c
10007c34:	200016f8 	.word	0x200016f8
10007c38:	1000b22c 	.word	0x1000b22c
10007c3c:	50113000 	.word	0x50113000
10007c40:	200027f0 	.word	0x200027f0
10007c44:	50100000 	.word	0x50100000
10007c48:	1000b04c 	.word	0x1000b04c
10007c4c:	1000b1ac 	.word	0x1000b1ac
10007c50:	1000b1dc 	.word	0x1000b1dc
10007c54:	00010010 	.word	0x00010010
10007c58:	4aa2      	ldr	r2, [pc, #648]	@ (10007ee4 <isr_irq14+0x57c>)
10007c5a:	88bb      	ldrh	r3, [r7, #4]
10007c5c:	f892 1131 	ldrb.w	r1, [r2, #305]	@ 0x131
10007c60:	b379      	cbz	r1, 10007cc2 <isr_irq14+0x35a>
10007c62:	f892 112c 	ldrb.w	r1, [r2, #300]	@ 0x12c
10007c66:	b2db      	uxtb	r3, r3
10007c68:	428b      	cmp	r3, r1
10007c6a:	d22a      	bcs.n	10007cc2 <isr_irq14+0x35a>
10007c6c:	f8d2 2128 	ldr.w	r2, [r2, #296]	@ 0x128
10007c70:	f852 4023 	ldr.w	r4, [r2, r3, lsl #2]
10007c74:	b32c      	cbz	r4, 10007cc2 <isr_irq14+0x35a>
10007c76:	68e3      	ldr	r3, [r4, #12]
10007c78:	b133      	cbz	r3, 10007c88 <isr_irq14+0x320>
10007c7a:	4639      	mov	r1, r7
10007c7c:	4620      	mov	r0, r4
10007c7e:	4798      	blx	r3
10007c80:	2800      	cmp	r0, #0
10007c82:	d1c1      	bne.n	10007c08 <isr_irq14+0x2a0>
10007c84:	f897 c000 	ldrb.w	ip, [r7]
10007c88:	f01c 0f60 	tst.w	ip, #96	@ 0x60
10007c8c:	d10b      	bne.n	10007ca6 <isr_irq14+0x33e>
10007c8e:	4d96      	ldr	r5, [pc, #600]	@ (10007ee8 <isr_irq14+0x580>)
10007c90:	88ab      	ldrh	r3, [r5, #4]
10007c92:	0a1f      	lsrs	r7, r3, #8
10007c94:	d107      	bne.n	10007ca6 <isr_irq14+0x33e>
10007c96:	f01c 0f80 	tst.w	ip, #128	@ 0x80
10007c9a:	7868      	ldrb	r0, [r5, #1]
10007c9c:	f040 8202 	bne.w	100080a4 <isr_irq14+0x73c>
10007ca0:	280b      	cmp	r0, #11
10007ca2:	f000 821f 	beq.w	100080e4 <isr_irq14+0x77c>
10007ca6:	4891      	ldr	r0, [pc, #580]	@ (10007eec <isr_irq14+0x584>)
10007ca8:	f7ff fe50 	bl	1000794c <__wrap_printf>
10007cac:	4a8e      	ldr	r2, [pc, #568]	@ (10007ee8 <isr_irq14+0x580>)
10007cae:	6821      	ldr	r1, [r4, #0]
10007cb0:	7813      	ldrb	r3, [r2, #0]
10007cb2:	7889      	ldrb	r1, [r1, #2]
10007cb4:	7852      	ldrb	r2, [r2, #1]
10007cb6:	488e      	ldr	r0, [pc, #568]	@ (10007ef0 <isr_irq14+0x588>)
10007cb8:	f7ff fe48 	bl	1000794c <__wrap_printf>
10007cbc:	f7fd fb3c 	bl	10005338 <usb_stall_control_pipe.isra.0>
10007cc0:	e7a2      	b.n	10007c08 <isr_irq14+0x2a0>
10007cc2:	488a      	ldr	r0, [pc, #552]	@ (10007eec <isr_irq14+0x584>)
10007cc4:	f7ff fe42 	bl	1000794c <__wrap_printf>
10007cc8:	4b87      	ldr	r3, [pc, #540]	@ (10007ee8 <isr_irq14+0x580>)
10007cca:	488a      	ldr	r0, [pc, #552]	@ (10007ef4 <isr_irq14+0x58c>)
10007ccc:	889a      	ldrh	r2, [r3, #4]
10007cce:	7859      	ldrb	r1, [r3, #1]
10007cd0:	f7ff fe3c 	bl	1000794c <__wrap_printf>
10007cd4:	e790      	b.n	10007bf8 <isr_irq14+0x290>
10007cd6:	4645      	mov	r5, r8
10007cd8:	696b      	ldr	r3, [r5, #20]
10007cda:	b13b      	cbz	r3, 10007cec <isr_irq14+0x384>
10007cdc:	4c82      	ldr	r4, [pc, #520]	@ (10007ee8 <isr_irq14+0x580>)
10007cde:	4628      	mov	r0, r5
10007ce0:	4621      	mov	r1, r4
10007ce2:	4798      	blx	r3
10007ce4:	2800      	cmp	r0, #0
10007ce6:	d18f      	bne.n	10007c08 <isr_irq14+0x2a0>
10007ce8:	f894 c000 	ldrb.w	ip, [r4]
10007cec:	f01c 0f60 	tst.w	ip, #96	@ 0x60
10007cf0:	d150      	bne.n	10007d94 <isr_irq14+0x42c>
10007cf2:	4b7d      	ldr	r3, [pc, #500]	@ (10007ee8 <isr_irq14+0x580>)
10007cf4:	f01c 0f80 	tst.w	ip, #128	@ 0x80
10007cf8:	7859      	ldrb	r1, [r3, #1]
10007cfa:	d15f      	bne.n	10007dbc <isr_irq14+0x454>
10007cfc:	2901      	cmp	r1, #1
10007cfe:	f000 8159 	beq.w	10007fb4 <isr_irq14+0x64c>
10007d02:	2903      	cmp	r1, #3
10007d04:	d103      	bne.n	10007d0e <isr_irq14+0x3a6>
10007d06:	885b      	ldrh	r3, [r3, #2]
10007d08:	2b00      	cmp	r3, #0
10007d0a:	f000 818f 	beq.w	1000802c <isr_irq14+0x6c4>
10007d0e:	4877      	ldr	r0, [pc, #476]	@ (10007eec <isr_irq14+0x584>)
10007d10:	f7ff fe1c 	bl	1000794c <__wrap_printf>
10007d14:	4978      	ldr	r1, [pc, #480]	@ (10007ef8 <isr_irq14+0x590>)
10007d16:	f895 4033 	ldrb.w	r4, [r5, #51]	@ 0x33
10007d1a:	4a78      	ldr	r2, [pc, #480]	@ (10007efc <isr_irq14+0x594>)
10007d1c:	4b72      	ldr	r3, [pc, #456]	@ (10007ee8 <isr_irq14+0x580>)
10007d1e:	2c00      	cmp	r4, #0
10007d20:	bf18      	it	ne
10007d22:	460a      	movne	r2, r1
10007d24:	785b      	ldrb	r3, [r3, #1]
10007d26:	f895 102a 	ldrb.w	r1, [r5, #42]	@ 0x2a
10007d2a:	4875      	ldr	r0, [pc, #468]	@ (10007f00 <isr_irq14+0x598>)
10007d2c:	f7ff fe0e 	bl	1000794c <__wrap_printf>
10007d30:	e768      	b.n	10007c04 <isr_irq14+0x29c>
10007d32:	f504 7544 	add.w	r5, r4, #784	@ 0x310
10007d36:	e7cf      	b.n	10007cd8 <isr_irq14+0x370>
10007d38:	f894 237c 	ldrb.w	r2, [r4, #892]	@ 0x37c
10007d3c:	2a00      	cmp	r2, #0
10007d3e:	d056      	beq.n	10007dee <isr_irq14+0x486>
10007d40:	f8d4 3374 	ldr.w	r3, [r4, #884]	@ 0x374
10007d44:	4968      	ldr	r1, [pc, #416]	@ (10007ee8 <isr_irq14+0x580>)
10007d46:	784a      	ldrb	r2, [r1, #1]
10007d48:	2a06      	cmp	r2, #6
10007d4a:	f000 80ef 	beq.w	10007f2c <isr_irq14+0x5c4>
10007d4e:	2a08      	cmp	r2, #8
10007d50:	f000 80c2 	beq.w	10007ed8 <isr_irq14+0x570>
10007d54:	2a00      	cmp	r2, #0
10007d56:	d178      	bne.n	10007e4a <isr_irq14+0x4e2>
10007d58:	2102      	movs	r1, #2
10007d5a:	801a      	strh	r2, [r3, #0]
10007d5c:	4b62      	ldr	r3, [pc, #392]	@ (10007ee8 <isr_irq14+0x580>)
10007d5e:	4869      	ldr	r0, [pc, #420]	@ (10007f04 <isr_irq14+0x59c>)
10007d60:	88db      	ldrh	r3, [r3, #6]
10007d62:	4a69      	ldr	r2, [pc, #420]	@ (10007f08 <isr_irq14+0x5a0>)
10007d64:	428b      	cmp	r3, r1
10007d66:	bfa8      	it	ge
10007d68:	460b      	movge	r3, r1
10007d6a:	4968      	ldr	r1, [pc, #416]	@ (10007f0c <isr_irq14+0x5a4>)
10007d6c:	f8a4 3378 	strh.w	r3, [r4, #888]	@ 0x378
10007d70:	f7fc f806 	bl	10003d80 <usb_reset_transfer>
10007d74:	2301      	movs	r3, #1
10007d76:	2200      	movs	r2, #0
10007d78:	f884 339e 	strb.w	r3, [r4, #926]	@ 0x39e
10007d7c:	f8d4 338c 	ldr.w	r3, [r4, #908]	@ 0x38c
10007d80:	e9c4 02d8 	strd	r0, r2, [r4, #864]	@ 0x360
10007d84:	685b      	ldr	r3, [r3, #4]
10007d86:	b10b      	cbz	r3, 10007d8c <isr_irq14+0x424>
10007d88:	3834      	subs	r0, #52	@ 0x34
10007d8a:	4798      	blx	r3
10007d8c:	4860      	ldr	r0, [pc, #384]	@ (10007f10 <isr_irq14+0x5a8>)
10007d8e:	f7fc f9b9 	bl	10004104 <_usb_give_as_many_buffers_as_possible>
10007d92:	e739      	b.n	10007c08 <isr_irq14+0x2a0>
10007d94:	4855      	ldr	r0, [pc, #340]	@ (10007eec <isr_irq14+0x584>)
10007d96:	f7ff fdd9 	bl	1000794c <__wrap_printf>
10007d9a:	4953      	ldr	r1, [pc, #332]	@ (10007ee8 <isr_irq14+0x580>)
10007d9c:	4f56      	ldr	r7, [pc, #344]	@ (10007ef8 <isr_irq14+0x590>)
10007d9e:	784b      	ldrb	r3, [r1, #1]
10007da0:	780c      	ldrb	r4, [r1, #0]
10007da2:	4a56      	ldr	r2, [pc, #344]	@ (10007efc <isr_irq14+0x594>)
10007da4:	f895 102a 	ldrb.w	r1, [r5, #42]	@ 0x2a
10007da8:	f895 5033 	ldrb.w	r5, [r5, #51]	@ 0x33
10007dac:	4859      	ldr	r0, [pc, #356]	@ (10007f14 <isr_irq14+0x5ac>)
10007dae:	2d00      	cmp	r5, #0
10007db0:	bf18      	it	ne
10007db2:	463a      	movne	r2, r7
10007db4:	9400      	str	r4, [sp, #0]
10007db6:	f7ff fdc9 	bl	1000794c <__wrap_printf>
10007dba:	e723      	b.n	10007c04 <isr_irq14+0x29c>
10007dbc:	b929      	cbnz	r1, 10007dca <isr_irq14+0x462>
10007dbe:	885a      	ldrh	r2, [r3, #2]
10007dc0:	b91a      	cbnz	r2, 10007dca <isr_irq14+0x462>
10007dc2:	88d9      	ldrh	r1, [r3, #6]
10007dc4:	2902      	cmp	r1, #2
10007dc6:	f000 81b1 	beq.w	1000812c <isr_irq14+0x7c4>
10007dca:	4848      	ldr	r0, [pc, #288]	@ (10007eec <isr_irq14+0x584>)
10007dcc:	f7ff fdbe 	bl	1000794c <__wrap_printf>
10007dd0:	4949      	ldr	r1, [pc, #292]	@ (10007ef8 <isr_irq14+0x590>)
10007dd2:	f895 4033 	ldrb.w	r4, [r5, #51]	@ 0x33
10007dd6:	4a49      	ldr	r2, [pc, #292]	@ (10007efc <isr_irq14+0x594>)
10007dd8:	4b43      	ldr	r3, [pc, #268]	@ (10007ee8 <isr_irq14+0x580>)
10007dda:	2c00      	cmp	r4, #0
10007ddc:	bf18      	it	ne
10007dde:	460a      	movne	r2, r1
10007de0:	785b      	ldrb	r3, [r3, #1]
10007de2:	f895 102a 	ldrb.w	r1, [r5, #42]	@ 0x2a
10007de6:	484c      	ldr	r0, [pc, #304]	@ (10007f18 <isr_irq14+0x5b0>)
10007de8:	f7ff fdb0 	bl	1000794c <__wrap_printf>
10007dec:	e70a      	b.n	10007c04 <isr_irq14+0x29c>
10007dee:	f8b4 3372 	ldrh.w	r3, [r4, #882]	@ 0x372
10007df2:	f894 138b 	ldrb.w	r1, [r4, #907]	@ 0x38b
10007df6:	f8a4 337a 	strh.w	r3, [r4, #890]	@ 0x37a
10007dfa:	f8b4 3370 	ldrh.w	r3, [r4, #880]	@ 0x370
10007dfe:	2900      	cmp	r1, #0
10007e00:	f000 80e4 	beq.w	10007fcc <isr_irq14+0x664>
10007e04:	f894 1386 	ldrb.w	r1, [r4, #902]	@ 0x386
10007e08:	2900      	cmp	r1, #0
10007e0a:	f000 8107 	beq.w	1000801c <isr_irq14+0x6b4>
10007e0e:	f8b4 1380 	ldrh.w	r1, [r4, #896]	@ 0x380
10007e12:	440b      	add	r3, r1
10007e14:	f103 43a0 	add.w	r3, r3, #1342177280	@ 0x50000000
10007e18:	f503 1380 	add.w	r3, r3, #1048576	@ 0x100000
10007e1c:	f8c4 3374 	str.w	r3, [r4, #884]	@ 0x374
10007e20:	f8a4 2378 	strh.w	r2, [r4, #888]	@ 0x378
10007e24:	2201      	movs	r2, #1
10007e26:	f884 237c 	strb.w	r2, [r4, #892]	@ 0x37c
10007e2a:	e78b      	b.n	10007d44 <isr_irq14+0x3dc>
10007e2c:	f993 2002 	ldrsb.w	r2, [r3, #2]
10007e30:	885b      	ldrh	r3, [r3, #2]
10007e32:	2a00      	cmp	r2, #0
10007e34:	f77f ae58 	ble.w	10007ae8 <isr_irq14+0x180>
10007e38:	4932      	ldr	r1, [pc, #200]	@ (10007f04 <isr_irq14+0x59c>)
10007e3a:	4a38      	ldr	r2, [pc, #224]	@ (10007f1c <isr_irq14+0x5b4>)
10007e3c:	f1a1 0034 	sub.w	r0, r1, #52	@ 0x34
10007e40:	f885 3132 	strb.w	r3, [r5, #306]	@ 0x132
10007e44:	f7fc fa04 	bl	10004250 <usb_start_empty_transfer>
10007e48:	e6de      	b.n	10007c08 <isr_irq14+0x2a0>
10007e4a:	4828      	ldr	r0, [pc, #160]	@ (10007eec <isr_irq14+0x584>)
10007e4c:	f7ff fd7e 	bl	1000794c <__wrap_printf>
10007e50:	4b25      	ldr	r3, [pc, #148]	@ (10007ee8 <isr_irq14+0x580>)
10007e52:	4833      	ldr	r0, [pc, #204]	@ (10007f20 <isr_irq14+0x5b8>)
10007e54:	7859      	ldrb	r1, [r3, #1]
10007e56:	f7ff fd79 	bl	1000794c <__wrap_printf>
10007e5a:	e6d3      	b.n	10007c04 <isr_irq14+0x29c>
10007e5c:	f04f 0800 	mov.w	r8, #0
10007e60:	4f30      	ldr	r7, [pc, #192]	@ (10007f24 <isr_irq14+0x5bc>)
10007e62:	f885 a131 	strb.w	sl, [r5, #305]	@ 0x131
10007e66:	f107 093c 	add.w	r9, r7, #60	@ 0x3c
10007e6a:	f857 4f04 	ldr.w	r4, [r7, #4]!
10007e6e:	b30c      	cbz	r4, 10007eb4 <isr_irq14+0x54c>
10007e70:	68a3      	ldr	r3, [r4, #8]
10007e72:	b123      	cbz	r3, 10007e7e <isr_irq14+0x516>
10007e74:	681b      	ldr	r3, [r3, #0]
10007e76:	689b      	ldr	r3, [r3, #8]
10007e78:	b10b      	cbz	r3, 10007e7e <isr_irq14+0x516>
10007e7a:	4620      	mov	r0, r4
10007e7c:	4798      	blx	r3
10007e7e:	4620      	mov	r0, r4
10007e80:	f8c4 8008 	str.w	r8, [r4, #8]
10007e84:	f7fc f8ac 	bl	10003fe0 <_usb_reset_buffers>
10007e88:	f894 3030 	ldrb.w	r3, [r4, #48]	@ 0x30
10007e8c:	f884 802b 	strb.w	r8, [r4, #43]	@ 0x2b
10007e90:	f884 8024 	strb.w	r8, [r4, #36]	@ 0x24
10007e94:	b12b      	cbz	r3, 10007ea2 <isr_irq14+0x53a>
10007e96:	6923      	ldr	r3, [r4, #16]
10007e98:	f884 8030 	strb.w	r8, [r4, #48]	@ 0x30
10007e9c:	b10b      	cbz	r3, 10007ea2 <isr_irq14+0x53a>
10007e9e:	4620      	mov	r0, r4
10007ea0:	4798      	blx	r3
10007ea2:	f895 3131 	ldrb.w	r3, [r5, #305]	@ 0x131
10007ea6:	b12b      	cbz	r3, 10007eb4 <isr_irq14+0x54c>
10007ea8:	6860      	ldr	r0, [r4, #4]
10007eaa:	b118      	cbz	r0, 10007eb4 <isr_irq14+0x54c>
10007eac:	68a2      	ldr	r2, [r4, #8]
10007eae:	2a00      	cmp	r2, #0
10007eb0:	f000 80a4 	beq.w	10007ffc <isr_irq14+0x694>
10007eb4:	45b9      	cmp	r9, r7
10007eb6:	d1d8      	bne.n	10007e6a <isr_irq14+0x502>
10007eb8:	f8d5 311c 	ldr.w	r3, [r5, #284]	@ 0x11c
10007ebc:	b12b      	cbz	r3, 10007eca <isr_irq14+0x562>
10007ebe:	f1ba 0100 	subs.w	r1, sl, #0
10007ec2:	bf18      	it	ne
10007ec4:	2101      	movne	r1, #1
10007ec6:	4818      	ldr	r0, [pc, #96]	@ (10007f28 <isr_irq14+0x5c0>)
10007ec8:	4798      	blx	r3
10007eca:	490e      	ldr	r1, [pc, #56]	@ (10007f04 <isr_irq14+0x59c>)
10007ecc:	2200      	movs	r2, #0
10007ece:	f1a1 0034 	sub.w	r0, r1, #52	@ 0x34
10007ed2:	f7fc f9bd 	bl	10004250 <usb_start_empty_transfer>
10007ed6:	e697      	b.n	10007c08 <isr_irq14+0x2a0>
10007ed8:	f895 2131 	ldrb.w	r2, [r5, #305]	@ 0x131
10007edc:	2101      	movs	r1, #1
10007ede:	701a      	strb	r2, [r3, #0]
10007ee0:	e73c      	b.n	10007d5c <isr_irq14+0x3f4>
10007ee2:	bf00      	nop
10007ee4:	200016f8 	.word	0x200016f8
10007ee8:	50100000 	.word	0x50100000
10007eec:	1000ae68 	.word	0x1000ae68
10007ef0:	1000b0a0 	.word	0x1000b0a0
10007ef4:	1000b0e0 	.word	0x1000b0e0
10007ef8:	1000ae38 	.word	0x1000ae38
10007efc:	1000ae3c 	.word	0x1000ae3c
10007f00:	1000b13c 	.word	0x1000b13c
10007f04:	20002b7c 	.word	0x20002b7c
10007f08:	100043f1 	.word	0x100043f1
10007f0c:	1000edac 	.word	0x1000edac
10007f10:	20002b48 	.word	0x20002b48
10007f14:	1000b16c 	.word	0x1000b16c
10007f18:	1000b110 	.word	0x1000b110
10007f1c:	100037d5 	.word	0x100037d5
10007f20:	1000b024 	.word	0x1000b024
10007f24:	20002ac0 	.word	0x20002ac0
10007f28:	2000180c 	.word	0x2000180c
10007f2c:	884b      	ldrh	r3, [r1, #2]
10007f2e:	0a1a      	lsrs	r2, r3, #8
10007f30:	2a02      	cmp	r2, #2
10007f32:	f000 80c8 	beq.w	100080c6 <isr_irq14+0x75e>
10007f36:	2a03      	cmp	r2, #3
10007f38:	f000 8098 	beq.w	1000806c <isr_irq14+0x704>
10007f3c:	2a01      	cmp	r2, #1
10007f3e:	d184      	bne.n	10007e4a <isr_irq14+0x4e2>
10007f40:	f8d5 1114 	ldr.w	r1, [r5, #276]	@ 0x114
10007f44:	2512      	movs	r5, #18
10007f46:	2900      	cmp	r1, #0
10007f48:	f040 80c7 	bne.w	100080da <isr_irq14+0x772>
10007f4c:	4b84      	ldr	r3, [pc, #528]	@ (10008160 <isr_irq14+0x7f8>)
10007f4e:	f8c4 33ac 	str.w	r3, [r4, #940]	@ 0x3ac
10007f52:	4b84      	ldr	r3, [pc, #528]	@ (10008164 <isr_irq14+0x7fc>)
10007f54:	f44f 7280 	mov.w	r2, #256	@ 0x100
10007f58:	88db      	ldrh	r3, [r3, #6]
10007f5a:	2700      	movs	r7, #0
10007f5c:	429d      	cmp	r5, r3
10007f5e:	bfa8      	it	ge
10007f60:	461d      	movge	r5, r3
10007f62:	4b81      	ldr	r3, [pc, #516]	@ (10008168 <isr_irq14+0x800>)
10007f64:	e9c4 52e9 	strd	r5, r2, [r4, #932]	@ 0x3a4
10007f68:	4880      	ldr	r0, [pc, #512]	@ (1000816c <isr_irq14+0x804>)
10007f6a:	4a81      	ldr	r2, [pc, #516]	@ (10008170 <isr_irq14+0x808>)
10007f6c:	4981      	ldr	r1, [pc, #516]	@ (10008174 <isr_irq14+0x80c>)
10007f6e:	f8c4 33b4 	str.w	r3, [r4, #948]	@ 0x3b4
10007f72:	f8c4 73a0 	str.w	r7, [r4, #928]	@ 0x3a0
10007f76:	f7fb ff03 	bl	10003d80 <usb_reset_transfer>
10007f7a:	2101      	movs	r1, #1
10007f7c:	f8d4 338c 	ldr.w	r3, [r4, #908]	@ 0x38c
10007f80:	353f      	adds	r5, #63	@ 0x3f
10007f82:	685a      	ldr	r2, [r3, #4]
10007f84:	f8d4 3394 	ldr.w	r3, [r4, #916]	@ 0x394
10007f88:	e9c4 07d8 	strd	r0, r7, [r4, #864]	@ 0x360
10007f8c:	eb03 1395 	add.w	r3, r3, r5, lsr #6
10007f90:	f8c4 3394 	str.w	r3, [r4, #916]	@ 0x394
10007f94:	f8d4 3398 	ldr.w	r3, [r4, #920]	@ 0x398
10007f98:	f8c4 83b0 	str.w	r8, [r4, #944]	@ 0x3b0
10007f9c:	eb03 1395 	add.w	r3, r3, r5, lsr #6
10007fa0:	f8c4 3398 	str.w	r3, [r4, #920]	@ 0x398
10007fa4:	f884 139e 	strb.w	r1, [r4, #926]	@ 0x39e
10007fa8:	2a00      	cmp	r2, #0
10007faa:	f43f aeef 	beq.w	10007d8c <isr_irq14+0x424>
10007fae:	3834      	subs	r0, #52	@ 0x34
10007fb0:	4790      	blx	r2
10007fb2:	e6eb      	b.n	10007d8c <isr_irq14+0x424>
10007fb4:	885b      	ldrh	r3, [r3, #2]
10007fb6:	2b00      	cmp	r3, #0
10007fb8:	f47f aea9 	bne.w	10007d0e <isr_irq14+0x3a6>
10007fbc:	f895 2030 	ldrb.w	r2, [r5, #48]	@ 0x30
10007fc0:	2a02      	cmp	r2, #2
10007fc2:	f240 80bc 	bls.w	1000813e <isr_irq14+0x7d6>
10007fc6:	f885 302b 	strb.w	r3, [r5, #43]	@ 0x2b
10007fca:	e77e      	b.n	10007eca <isr_irq14+0x562>
10007fcc:	f894 1387 	ldrb.w	r1, [r4, #903]	@ 0x387
10007fd0:	b111      	cbz	r1, 10007fd8 <isr_irq14+0x670>
10007fd2:	f8b4 2380 	ldrh.w	r2, [r4, #896]	@ 0x380
10007fd6:	4413      	add	r3, r2
10007fd8:	2204      	movs	r2, #4
10007fda:	f894 0382 	ldrb.w	r0, [r4, #898]	@ 0x382
10007fde:	f103 43a0 	add.w	r3, r3, #1342177280	@ 0x50000000
10007fe2:	eb02 02c0 	add.w	r2, r2, r0, lsl #3
10007fe6:	eb02 0241 	add.w	r2, r2, r1, lsl #1
10007fea:	4963      	ldr	r1, [pc, #396]	@ (10008178 <isr_irq14+0x810>)
10007fec:	f503 1380 	add.w	r3, r3, #1048576	@ 0x100000
10007ff0:	5a52      	ldrh	r2, [r2, r1]
10007ff2:	f8c4 3374 	str.w	r3, [r4, #884]	@ 0x374
10007ff6:	f3c2 0209 	ubfx	r2, r2, #0, #10
10007ffa:	e711      	b.n	10007e20 <isr_irq14+0x4b8>
10007ffc:	6801      	ldr	r1, [r0, #0]
10007ffe:	f7fb febf 	bl	10003d80 <usb_reset_transfer>
10008002:	2301      	movs	r3, #1
10008004:	e9c4 0202 	strd	r0, r2, [r4, #8]
10008008:	7483      	strb	r3, [r0, #18]
1000800a:	6803      	ldr	r3, [r0, #0]
1000800c:	685b      	ldr	r3, [r3, #4]
1000800e:	b10b      	cbz	r3, 10008014 <isr_irq14+0x6ac>
10008010:	4620      	mov	r0, r4
10008012:	4798      	blx	r3
10008014:	4620      	mov	r0, r4
10008016:	f7fc f875 	bl	10004104 <_usb_give_as_many_buffers_as_possible>
1000801a:	e74b      	b.n	10007eb4 <isr_irq14+0x54c>
1000801c:	f103 43a0 	add.w	r3, r3, #1342177280	@ 0x50000000
10008020:	f503 1380 	add.w	r3, r3, #1048576	@ 0x100000
10008024:	460a      	mov	r2, r1
10008026:	f8c4 3374 	str.w	r3, [r4, #884]	@ 0x374
1000802a:	e6f9      	b.n	10007e20 <isr_irq14+0x4b8>
1000802c:	f895 3030 	ldrb.w	r3, [r5, #48]	@ 0x30
10008030:	2b00      	cmp	r3, #0
10008032:	d167      	bne.n	10008104 <isr_irq14+0x79c>
10008034:	f895 202a 	ldrb.w	r2, [r5, #42]	@ 0x2a
10008038:	f895 1033 	ldrb.w	r1, [r5, #51]	@ 0x33
1000803c:	b91a      	cbnz	r2, 10008046 <isr_irq14+0x6de>
1000803e:	484f      	ldr	r0, [pc, #316]	@ (1000817c <isr_irq14+0x814>)
10008040:	f1c1 0302 	rsb	r3, r1, #2
10008044:	6683      	str	r3, [r0, #104]	@ 0x68
10008046:	2900      	cmp	r1, #0
10008048:	d063      	beq.n	10008112 <isr_irq14+0x7aa>
1000804a:	4b4b      	ldr	r3, [pc, #300]	@ (10008178 <isr_irq14+0x810>)
1000804c:	eb03 03c2 	add.w	r3, r3, r2, lsl #3
10008050:	2102      	movs	r1, #2
10008052:	681a      	ldr	r2, [r3, #0]
10008054:	f442 6200 	orr.w	r2, r2, #2048	@ 0x800
10008058:	601a      	str	r2, [r3, #0]
1000805a:	692b      	ldr	r3, [r5, #16]
1000805c:	f885 1030 	strb.w	r1, [r5, #48]	@ 0x30
10008060:	2b00      	cmp	r3, #0
10008062:	f43f af32 	beq.w	10007eca <isr_irq14+0x562>
10008066:	4628      	mov	r0, r5
10008068:	4798      	blx	r3
1000806a:	e72e      	b.n	10007eca <isr_irq14+0x562>
1000806c:	f013 00ff 	ands.w	r0, r3, #255	@ 0xff
10008070:	d059      	beq.n	10008126 <isr_irq14+0x7be>
10008072:	f8d5 3120 	ldr.w	r3, [r5, #288]	@ 0x120
10008076:	4798      	blx	r3
10008078:	4602      	mov	r2, r0
1000807a:	f812 1b01 	ldrb.w	r1, [r2], #1
1000807e:	2900      	cmp	r1, #0
10008080:	d06a      	beq.n	10008158 <isr_irq14+0x7f0>
10008082:	4b37      	ldr	r3, [pc, #220]	@ (10008160 <isr_irq14+0x7f8>)
10008084:	2502      	movs	r5, #2
10008086:	4618      	mov	r0, r3
10008088:	f820 1f02 	strh.w	r1, [r0, #2]!
1000808c:	f812 1b01 	ldrb.w	r1, [r2], #1
10008090:	3502      	adds	r5, #2
10008092:	2900      	cmp	r1, #0
10008094:	d1f8      	bne.n	10008088 <isr_irq14+0x720>
10008096:	2103      	movs	r1, #3
10008098:	4a39      	ldr	r2, [pc, #228]	@ (10008180 <isr_irq14+0x818>)
1000809a:	f882 5f38 	strb.w	r5, [r2, #3896]	@ 0xf38
1000809e:	f882 1f39 	strb.w	r1, [r2, #3897]	@ 0xf39
100080a2:	e754      	b.n	10007f4e <isr_irq14+0x5e6>
100080a4:	2800      	cmp	r0, #0
100080a6:	d03a      	beq.n	1000811e <isr_irq14+0x7b6>
100080a8:	280a      	cmp	r0, #10
100080aa:	f47f adfc 	bne.w	10007ca6 <isr_irq14+0x33e>
100080ae:	886b      	ldrh	r3, [r5, #2]
100080b0:	2b00      	cmp	r3, #0
100080b2:	f47f adf8 	bne.w	10007ca6 <isr_irq14+0x33e>
100080b6:	88e9      	ldrh	r1, [r5, #6]
100080b8:	2901      	cmp	r1, #1
100080ba:	f47f adf4 	bne.w	10007ca6 <isr_irq14+0x33e>
100080be:	7d20      	ldrb	r0, [r4, #20]
100080c0:	f7fc fa16 	bl	100044f0 <usb_start_tiny_control_in_transfer>
100080c4:	e5a0      	b.n	10007c08 <isr_irq14+0x2a0>
100080c6:	b2db      	uxtb	r3, r3
100080c8:	2b00      	cmp	r3, #0
100080ca:	f47f aebe 	bne.w	10007e4a <isr_irq14+0x4e2>
100080ce:	f8d5 1124 	ldr.w	r1, [r5, #292]	@ 0x124
100080d2:	884d      	ldrh	r5, [r1, #2]
100080d4:	2d00      	cmp	r5, #0
100080d6:	f43f af39 	beq.w	10007f4c <isr_irq14+0x5e4>
100080da:	462a      	mov	r2, r5
100080dc:	4820      	ldr	r0, [pc, #128]	@ (10008160 <isr_irq14+0x7f8>)
100080de:	f002 fdbb 	bl	1000ac58 <memcpy>
100080e2:	e733      	b.n	10007f4c <isr_irq14+0x5e4>
100080e4:	6923      	ldr	r3, [r4, #16]
100080e6:	b11b      	cbz	r3, 100080f0 <isr_irq14+0x788>
100080e8:	4620      	mov	r0, r4
100080ea:	8869      	ldrh	r1, [r5, #2]
100080ec:	4798      	blx	r3
100080ee:	bb50      	cbnz	r0, 10008146 <isr_irq14+0x7de>
100080f0:	4824      	ldr	r0, [pc, #144]	@ (10008184 <isr_irq14+0x81c>)
100080f2:	f7ff fc2b 	bl	1000794c <__wrap_printf>
100080f6:	4b1b      	ldr	r3, [pc, #108]	@ (10008164 <isr_irq14+0x7fc>)
100080f8:	4823      	ldr	r0, [pc, #140]	@ (10008188 <isr_irq14+0x820>)
100080fa:	885a      	ldrh	r2, [r3, #2]
100080fc:	8899      	ldrh	r1, [r3, #4]
100080fe:	f7ff fc25 	bl	1000794c <__wrap_printf>
10008102:	e5d0      	b.n	10007ca6 <isr_irq14+0x33e>
10008104:	2b01      	cmp	r3, #1
10008106:	f47f aee0 	bne.w	10007eca <isr_irq14+0x562>
1000810a:	2302      	movs	r3, #2
1000810c:	f885 3030 	strb.w	r3, [r5, #48]	@ 0x30
10008110:	e6db      	b.n	10007eca <isr_irq14+0x562>
10008112:	f895 202a 	ldrb.w	r2, [r5, #42]	@ 0x2a
10008116:	4b1d      	ldr	r3, [pc, #116]	@ (1000818c <isr_irq14+0x824>)
10008118:	00d2      	lsls	r2, r2, #3
1000811a:	4413      	add	r3, r2
1000811c:	e798      	b.n	10008050 <isr_irq14+0x6e8>
1000811e:	2102      	movs	r1, #2
10008120:	f7fc f9e6 	bl	100044f0 <usb_start_tiny_control_in_transfer>
10008124:	e570      	b.n	10007c08 <isr_irq14+0x2a0>
10008126:	2504      	movs	r5, #4
10008128:	4919      	ldr	r1, [pc, #100]	@ (10008190 <isr_irq14+0x828>)
1000812a:	e7d6      	b.n	100080da <isr_irq14+0x772>
1000812c:	f895 0030 	ldrb.w	r0, [r5, #48]	@ 0x30
10008130:	2801      	cmp	r0, #1
10008132:	bf94      	ite	ls
10008134:	2000      	movls	r0, #0
10008136:	2001      	movhi	r0, #1
10008138:	f7fc f9da 	bl	100044f0 <usb_start_tiny_control_in_transfer>
1000813c:	e564      	b.n	10007c08 <isr_irq14+0x2a0>
1000813e:	4628      	mov	r0, r5
10008140:	f7fc f8b8 	bl	100042b4 <_usb_reset_endpoint>
10008144:	e6c1      	b.n	10007eca <isr_irq14+0x562>
10008146:	886b      	ldrh	r3, [r5, #2]
10008148:	4908      	ldr	r1, [pc, #32]	@ (1000816c <isr_irq14+0x804>)
1000814a:	463a      	mov	r2, r7
1000814c:	7523      	strb	r3, [r4, #20]
1000814e:	f1a1 0034 	sub.w	r0, r1, #52	@ 0x34
10008152:	f7fc f87d 	bl	10004250 <usb_start_empty_transfer>
10008156:	e557      	b.n	10007c08 <isr_irq14+0x2a0>
10008158:	2502      	movs	r5, #2
1000815a:	4b01      	ldr	r3, [pc, #4]	@ (10008160 <isr_irq14+0x7f8>)
1000815c:	e79b      	b.n	10008096 <isr_irq14+0x72e>
1000815e:	bf00      	nop
10008160:	20008c00 	.word	0x20008c00
10008164:	50100000 	.word	0x50100000
10008168:	20001154 	.word	0x20001154
1000816c:	20002b7c 	.word	0x20002b7c
10008170:	100043f1 	.word	0x100043f1
10008174:	1000eed4 	.word	0x1000eed4
10008178:	50100080 	.word	0x50100080
1000817c:	50112000 	.word	0x50112000
10008180:	20007cc8 	.word	0x20007cc8
10008184:	1000ae68 	.word	0x1000ae68
10008188:	1000b078 	.word	0x1000b078
1000818c:	50100084 	.word	0x50100084
10008190:	1000eed0 	.word	0x1000eed0

10008194 <main>:
10008194:	e92d 4880 	stmdb	sp!, {r7, fp, lr}
10008198:	2100      	movs	r1, #0
1000819a:	f24c 3050 	movw	r0, #50000	@ 0xc350
1000819e:	b08b      	sub	sp, #44	@ 0x2c
100081a0:	f7f9 fcd8 	bl	10001b54 <sleep_us>
100081a4:	4b3e      	ldr	r3, [pc, #248]	@ (100082a0 <main+0x10c>)
100081a6:	493f      	ldr	r1, [pc, #252]	@ (100082a4 <main+0x110>)
100081a8:	4a3f      	ldr	r2, [pc, #252]	@ (100082a8 <main+0x114>)
100081aa:	6059      	str	r1, [r3, #4]
100081ac:	68d3      	ldr	r3, [r2, #12]
100081ae:	041d      	lsls	r5, r3, #16
100081b0:	d4fc      	bmi.n	100081ac <main+0x18>
100081b2:	68d0      	ldr	r0, [r2, #12]
100081b4:	4a3d      	ldr	r2, [pc, #244]	@ (100082ac <main+0x118>)
100081b6:	4b3e      	ldr	r3, [pc, #248]	@ (100082b0 <main+0x11c>)
100081b8:	4042      	eors	r2, r0
100081ba:	493e      	ldr	r1, [pc, #248]	@ (100082b4 <main+0x120>)
100081bc:	4013      	ands	r3, r2
100081be:	4a3a      	ldr	r2, [pc, #232]	@ (100082a8 <main+0x114>)
100081c0:	60cb      	str	r3, [r1, #12]
100081c2:	68d3      	ldr	r3, [r2, #12]
100081c4:	041c      	lsls	r4, r3, #16
100081c6:	d4fc      	bmi.n	100081c2 <main+0x2e>
100081c8:	f44f 60fa 	mov.w	r0, #2000	@ 0x7d0
100081cc:	2100      	movs	r1, #0
100081ce:	f7f9 fcc1 	bl	10001b54 <sleep_us>
100081d2:	4839      	ldr	r0, [pc, #228]	@ (100082b8 <main+0x124>)
100081d4:	f7fe fc16 	bl	10006a04 <set_sys_clock_khz.constprop.0.isra.0>
100081d8:	4a38      	ldr	r2, [pc, #224]	@ (100082bc <main+0x128>)
100081da:	6a53      	ldr	r3, [r2, #36]	@ 0x24
100081dc:	4619      	mov	r1, r3
100081de:	6a90      	ldr	r0, [r2, #40]	@ 0x28
100081e0:	6a53      	ldr	r3, [r2, #36]	@ 0x24
100081e2:	428b      	cmp	r3, r1
100081e4:	d1fa      	bne.n	100081dc <main+0x48>
100081e6:	f04f 34ff 	mov.w	r4, #4294967295
100081ea:	f06f 4200 	mvn.w	r2, #2147483648	@ 0x80000000
100081ee:	3001      	adds	r0, #1
100081f0:	f143 0100 	adc.w	r1, r3, #0
100081f4:	4284      	cmp	r4, r0
100081f6:	eb72 0301 	sbcs.w	r3, r2, r1
100081fa:	bf3c      	itt	cc
100081fc:	4611      	movcc	r1, r2
100081fe:	4620      	movcc	r0, r4
10008200:	f7f9 fc32 	bl	10001a68 <sleep_until>
10008204:	482e      	ldr	r0, [pc, #184]	@ (100082c0 <main+0x12c>)
10008206:	4f2f      	ldr	r7, [pc, #188]	@ (100082c4 <main+0x130>)
10008208:	4a2f      	ldr	r2, [pc, #188]	@ (100082c8 <main+0x134>)
1000820a:	4b30      	ldr	r3, [pc, #192]	@ (100082cc <main+0x138>)
1000820c:	7800      	ldrb	r0, [r0, #0]
1000820e:	2102      	movs	r1, #2
10008210:	2000      	movs	r0, #0
10008212:	781b      	ldrb	r3, [r3, #0]
10008214:	f8c7 2100 	str.w	r2, [r7, #256]	@ 0x100
10008218:	f7f9 f97c 	bl	10001514 <gpio_set_function>
1000821c:	f8d7 30e8 	ldr.w	r3, [r7, #232]	@ 0xe8
10008220:	2b00      	cmp	r3, #0
10008222:	d033      	beq.n	1000828c <main+0xf8>
10008224:	f04f 6380 	mov.w	r3, #67108864	@ 0x4000000
10008228:	4829      	ldr	r0, [pc, #164]	@ (100082d0 <main+0x13c>)
1000822a:	492a      	ldr	r1, [pc, #168]	@ (100082d4 <main+0x140>)
1000822c:	4a2a      	ldr	r2, [pc, #168]	@ (100082d8 <main+0x144>)
1000822e:	6003      	str	r3, [r0, #0]
10008230:	600b      	str	r3, [r1, #0]
10008232:	6893      	ldr	r3, [r2, #8]
10008234:	0158      	lsls	r0, r3, #5
10008236:	d5fc      	bpl.n	10008232 <main+0x9e>
10008238:	f44f 30e1 	mov.w	r0, #115200	@ 0x1c200
1000823c:	f8d7 20e8 	ldr.w	r2, [r7, #232]	@ 0xe8
10008240:	f44f 7180 	mov.w	r1, #256	@ 0x100
10008244:	00d3      	lsls	r3, r2, #3
10008246:	fbb3 f3f0 	udiv	r3, r3, r0
1000824a:	3301      	adds	r3, #1
1000824c:	f8a7 1104 	strh.w	r1, [r7, #260]	@ 0x104
10008250:	09d9      	lsrs	r1, r3, #7
10008252:	bf16      	itet	ne
10008254:	4608      	movne	r0, r1
10008256:	2001      	moveq	r0, #1
10008258:	f3c3 0145 	ubfxne	r1, r3, #1, #6
1000825c:	4b1a      	ldr	r3, [pc, #104]	@ (100082c8 <main+0x134>)
1000825e:	6258      	str	r0, [r3, #36]	@ 0x24
10008260:	6299      	str	r1, [r3, #40]	@ 0x28
10008262:	6b18      	ldr	r0, [r3, #48]	@ 0x30
10008264:	07c1      	lsls	r1, r0, #31
10008266:	f100 8673 	bmi.w	10008f50 <main+0xdbc>
1000826a:	2200      	movs	r2, #0
1000826c:	f240 3501 	movw	r5, #769	@ 0x301
10008270:	2403      	movs	r4, #3
10008272:	4b15      	ldr	r3, [pc, #84]	@ (100082c8 <main+0x134>)
10008274:	6ad9      	ldr	r1, [r3, #44]	@ 0x2c
10008276:	4919      	ldr	r1, [pc, #100]	@ (100082dc <main+0x148>)
10008278:	62ca      	str	r2, [r1, #44]	@ 0x2c
1000827a:	6318      	str	r0, [r3, #48]	@ 0x30
1000827c:	6ada      	ldr	r2, [r3, #44]	@ 0x2c
1000827e:	f082 0270 	eor.w	r2, r2, #112	@ 0x70
10008282:	f002 027e 	and.w	r2, r2, #126	@ 0x7e
10008286:	62ca      	str	r2, [r1, #44]	@ 0x2c
10008288:	631d      	str	r5, [r3, #48]	@ 0x30
1000828a:	649c      	str	r4, [r3, #72]	@ 0x48
1000828c:	f8d7 30fc 	ldr.w	r3, [r7, #252]	@ 0xfc
10008290:	2b00      	cmp	r3, #0
10008292:	f000 869f 	beq.w	10008fd4 <main+0xe40>
10008296:	4912      	ldr	r1, [pc, #72]	@ (100082e0 <main+0x14c>)
10008298:	428b      	cmp	r3, r1
1000829a:	d125      	bne.n	100082e8 <main+0x154>
1000829c:	e02a      	b.n	100082f4 <main+0x160>
1000829e:	bf00      	nop
100082a0:	40102000 	.word	0x40102000
100082a4:	5afe2000 	.word	0x5afe2000
100082a8:	40100000 	.word	0x40100000
100082ac:	5afe00e0 	.word	0x5afe00e0
100082b0:	5afe01f0 	.word	0x5afe01f0
100082b4:	40101000 	.word	0x40101000
100082b8:	00052080 	.word	0x00052080
100082bc:	400b0000 	.word	0x400b0000
100082c0:	10052d40 	.word	0x10052d40
100082c4:	200016f8 	.word	0x200016f8
100082c8:	40070000 	.word	0x40070000
100082cc:	10052d44 	.word	0x10052d44
100082d0:	40022000 	.word	0x40022000
100082d4:	40023000 	.word	0x40023000
100082d8:	40020000 	.word	0x40020000
100082dc:	40071000 	.word	0x40071000
100082e0:	20001134 	.word	0x20001134
100082e4:	428b      	cmp	r3, r1
100082e6:	d005      	beq.n	100082f4 <main+0x160>
100082e8:	461a      	mov	r2, r3
100082ea:	691b      	ldr	r3, [r3, #16]
100082ec:	2b00      	cmp	r3, #0
100082ee:	d1f9      	bne.n	100082e4 <main+0x150>
100082f0:	3210      	adds	r2, #16
100082f2:	6011      	str	r1, [r2, #0]
100082f4:	2101      	movs	r1, #1
100082f6:	f44f 7060 	mov.w	r0, #896	@ 0x380
100082fa:	4a8e      	ldr	r2, [pc, #568]	@ (10008534 <main+0x3a0>)
100082fc:	f7fe fb60 	bl	100069c0 <initialize_ringbuffer.isra.0>
10008300:	2101      	movs	r1, #1
10008302:	f44f 7060 	mov.w	r0, #896	@ 0x380
10008306:	4a8c      	ldr	r2, [pc, #560]	@ (10008538 <main+0x3a4>)
10008308:	f7fe fb5a 	bl	100069c0 <initialize_ringbuffer.isra.0>
1000830c:	2100      	movs	r1, #0
1000830e:	f44f 5000 	mov.w	r0, #8192	@ 0x2000
10008312:	4a8a      	ldr	r2, [pc, #552]	@ (1000853c <main+0x3a8>)
10008314:	f7fe fb54 	bl	100069c0 <initialize_ringbuffer.isra.0>
10008318:	2400      	movs	r4, #0
1000831a:	2100      	movs	r1, #0
1000831c:	f44f 5000 	mov.w	r0, #8192	@ 0x2000
10008320:	4a87      	ldr	r2, [pc, #540]	@ (10008540 <main+0x3ac>)
10008322:	f7fe fb4d 	bl	100069c0 <initialize_ringbuffer.isra.0>
10008326:	f64a 4244 	movw	r2, #44100	@ 0xac44
1000832a:	2310      	movs	r3, #16
1000832c:	4620      	mov	r0, r4
1000832e:	e9c7 2300 	strd	r2, r3, [r7]
10008332:	763c      	strb	r4, [r7, #24]
10008334:	f7f9 f90c 	bl	10001550 <gpio_init>
10008338:	ec44 4044 	gpioc_bit_oe_put r4, r4
1000833c:	4b81      	ldr	r3, [pc, #516]	@ (10008544 <main+0x3b0>)
1000833e:	4a82      	ldr	r2, [pc, #520]	@ (10008548 <main+0x3b4>)
10008340:	685b      	ldr	r3, [r3, #4]
10008342:	2019      	movs	r0, #25
10008344:	f083 0304 	eor.w	r3, r3, #4
10008348:	f003 030c 	and.w	r3, r3, #12
1000834c:	6053      	str	r3, [r2, #4]
1000834e:	f7f9 f8ff 	bl	10001550 <gpio_init>
10008352:	2319      	movs	r3, #25
10008354:	f04f 0201 	mov.w	r2, #1
10008358:	ec42 3044 	gpioc_bit_oe_put r3, r2
1000835c:	ec42 3040 	gpioc_bit_out_put r3, r2
10008360:	2320      	movs	r3, #32
10008362:	487a      	ldr	r0, [pc, #488]	@ (1000854c <main+0x3b8>)
10008364:	497a      	ldr	r1, [pc, #488]	@ (10008550 <main+0x3bc>)
10008366:	4a7b      	ldr	r2, [pc, #492]	@ (10008554 <main+0x3c0>)
10008368:	6003      	str	r3, [r0, #0]
1000836a:	600b      	str	r3, [r1, #0]
1000836c:	6893      	ldr	r3, [r2, #8]
1000836e:	43db      	mvns	r3, r3
10008370:	f013 0320 	ands.w	r3, r3, #32
10008374:	d1fa      	bne.n	1000836c <main+0x1d8>
10008376:	f240 1c65 	movw	ip, #357	@ 0x165
1000837a:	2503      	movs	r5, #3
1000837c:	f8d7 10e4 	ldr.w	r1, [r7, #228]	@ 0xe4
10008380:	4875      	ldr	r0, [pc, #468]	@ (10008558 <main+0x3c4>)
10008382:	f501 424b 	add.w	r2, r1, #51968	@ 0xcb00
10008386:	3220      	adds	r2, #32
10008388:	4e74      	ldr	r6, [pc, #464]	@ (1000855c <main+0x3c8>)
1000838a:	fba0 0202 	umull	r0, r2, r0, r2
1000838e:	6bf4      	ldr	r4, [r6, #60]	@ 0x3c
10008390:	f886 3040 	strb.w	r3, [r6, #64]	@ 0x40
10008394:	66e3      	str	r3, [r4, #108]	@ 0x6c
10008396:	4872      	ldr	r0, [pc, #456]	@ (10008560 <main+0x3cc>)
10008398:	f8c4 c000 	str.w	ip, [r4]
1000839c:	0c12      	lsrs	r2, r2, #16
1000839e:	63e3      	str	r3, [r4, #60]	@ 0x3c
100083a0:	63a3      	str	r3, [r4, #56]	@ 0x38
100083a2:	f8c4 5088 	str.w	r5, [r4, #136]	@ 0x88
100083a6:	66e3      	str	r3, [r4, #108]	@ 0x6c
100083a8:	4b6e      	ldr	r3, [pc, #440]	@ (10008564 <main+0x3d0>)
100083aa:	eb02 0542 	add.w	r5, r2, r2, lsl #1
100083ae:	eb01 0141 	add.w	r1, r1, r1, lsl #1
100083b2:	fba3 1301 	umull	r1, r3, r3, r1
100083b6:	fba0 0105 	umull	r0, r1, r0, r5
100083ba:	6820      	ldr	r0, [r4, #0]
100083bc:	2d4f      	cmp	r5, #79	@ 0x4f
100083be:	f080 0004 	eor.w	r0, r0, #4
100083c2:	eba2 0291 	sub.w	r2, r2, r1, lsr #2
100083c6:	f504 5c80 	add.w	ip, r4, #4096	@ 0x1000
100083ca:	f000 0006 	and.w	r0, r0, #6
100083ce:	f8cc 0000 	str.w	r0, [ip]
100083d2:	61e2      	str	r2, [r4, #28]
100083d4:	bf8a      	itet	hi
100083d6:	2250      	movhi	r2, #80	@ 0x50
100083d8:	2201      	movls	r2, #1
100083da:	fbb5 f2f2 	udivhi	r2, r5, r2
100083de:	0889      	lsrs	r1, r1, #2
100083e0:	6221      	str	r1, [r4, #32]
100083e2:	f8c4 20a0 	str.w	r2, [r4, #160]	@ 0xa0
100083e6:	4622      	mov	r2, r4
100083e8:	2501      	movs	r5, #1
100083ea:	f852 cf7c 	ldr.w	ip, [r2, #124]!
100083ee:	0d9b      	lsrs	r3, r3, #22
100083f0:	3301      	adds	r3, #1
100083f2:	ea83 030c 	eor.w	r3, r3, ip
100083f6:	b29b      	uxth	r3, r3
100083f8:	f502 5280 	add.w	r2, r2, #4096	@ 0x1000
100083fc:	6013      	str	r3, [r2, #0]
100083fe:	2103      	movs	r1, #3
10008400:	2006      	movs	r0, #6
10008402:	66e5      	str	r5, [r4, #108]	@ 0x6c
10008404:	f7f9 f886 	bl	10001514 <gpio_set_function>
10008408:	2007      	movs	r0, #7
1000840a:	f7f9 f883 	bl	10001514 <gpio_set_function>
1000840e:	494d      	ldr	r1, [pc, #308]	@ (10008544 <main+0x3b0>)
10008410:	4a4d      	ldr	r2, [pc, #308]	@ (10008548 <main+0x3b4>)
10008412:	69cb      	ldr	r3, [r1, #28]
10008414:	f083 0308 	eor.w	r3, r3, #8
10008418:	f003 030c 	and.w	r3, r3, #12
1000841c:	61d3      	str	r3, [r2, #28]
1000841e:	6a0b      	ldr	r3, [r1, #32]
10008420:	f083 0308 	eor.w	r3, r3, #8
10008424:	f003 030c 	and.w	r3, r3, #12
10008428:	6213      	str	r3, [r2, #32]
1000842a:	f7fd fed7 	bl	100061dc <dma_claim_unused_channel.constprop.0>
1000842e:	2017      	movs	r0, #23
10008430:	f7f9 f88e 	bl	10001550 <gpio_init>
10008434:	2317      	movs	r3, #23
10008436:	ec45 3044 	gpioc_bit_oe_put r3, r5
1000843a:	ec45 3040 	gpioc_bit_out_put r3, r5
1000843e:	2100      	movs	r1, #0
10008440:	4c49      	ldr	r4, [pc, #292]	@ (10008568 <main+0x3d4>)
10008442:	4a4a      	ldr	r2, [pc, #296]	@ (1000856c <main+0x3d8>)
10008444:	4b4a      	ldr	r3, [pc, #296]	@ (10008570 <main+0x3dc>)
10008446:	f8c4 2990 	str.w	r2, [r4, #2448]	@ 0x990
1000844a:	4a4a      	ldr	r2, [pc, #296]	@ (10008574 <main+0x3e0>)
1000844c:	f06f 00f9 	mvn.w	r0, #249	@ 0xf9
10008450:	f8c4 3988 	str.w	r3, [r4, #2440]	@ 0x988
10008454:	6a53      	ldr	r3, [r2, #36]	@ 0x24
10008456:	f8c4 1994 	str.w	r1, [r4, #2452]	@ 0x994
1000845a:	f04f 31ff 	mov.w	r1, #4294967295
1000845e:	f504 6518 	add.w	r5, r4, #2432	@ 0x980
10008462:	e9c5 0100 	strd	r0, r1, [r5]
10008466:	4619      	mov	r1, r3
10008468:	6a90      	ldr	r0, [r2, #40]	@ 0x28
1000846a:	6a53      	ldr	r3, [r2, #36]	@ 0x24
1000846c:	428b      	cmp	r3, r1
1000846e:	d1fa      	bne.n	10008466 <main+0x2d2>
10008470:	f110 02fa 	adds.w	r2, r0, #250	@ 0xfa
10008474:	f04f 30ff 	mov.w	r0, #4294967295
10008478:	f06f 4100 	mvn.w	r1, #2147483648	@ 0x80000000
1000847c:	f143 0300 	adc.w	r3, r3, #0
10008480:	4290      	cmp	r0, r2
10008482:	eb71 0c03 	sbcs.w	ip, r1, r3
10008486:	bf38      	it	cc
10008488:	460b      	movcc	r3, r1
1000848a:	493b      	ldr	r1, [pc, #236]	@ (10008578 <main+0x3e4>)
1000848c:	bf38      	it	cc
1000848e:	4602      	movcc	r2, r0
10008490:	9501      	str	r5, [sp, #4]
10008492:	9100      	str	r1, [sp, #0]
10008494:	4836      	ldr	r0, [pc, #216]	@ (10008570 <main+0x3dc>)
10008496:	f7f9 fa63 	bl	10001960 <alarm_pool_add_alarm_at_force_in_context>
1000849a:	4b38      	ldr	r3, [pc, #224]	@ (1000857c <main+0x3e8>)
1000849c:	4a38      	ldr	r2, [pc, #224]	@ (10008580 <main+0x3ec>)
1000849e:	f04f 7a00 	mov.w	sl, #33554432	@ 0x2000000
100084a2:	4293      	cmp	r3, r2
100084a4:	bf88      	it	hi
100084a6:	f04f 32ff 	movhi.w	r2, #4294967295
100084aa:	f04f 0901 	mov.w	r9, #1
100084ae:	2100      	movs	r1, #0
100084b0:	4d34      	ldr	r5, [pc, #208]	@ (10008584 <main+0x3f0>)
100084b2:	f04f 4350 	mov.w	r3, #3489660928	@ 0xd0000000
100084b6:	f8d5 8008 	ldr.w	r8, [r5, #8]
100084ba:	4d33      	ldr	r5, [pc, #204]	@ (10008588 <main+0x3f4>)
100084bc:	f8c2 27f8 	str.w	r2, [r2, #2040]	@ 0x7f8
100084c0:	f8c2 57f4 	str.w	r5, [r2, #2036]	@ 0x7f4
100084c4:	4d31      	ldr	r5, [pc, #196]	@ (1000858c <main+0x3f8>)
100084c6:	f8c4 098c 	str.w	r0, [r4, #2444]	@ 0x98c
100084ca:	f8c2 57fc 	str.w	r5, [r2, #2044]	@ 0x7fc
100084ce:	4d30      	ldr	r5, [pc, #192]	@ (10008590 <main+0x3fc>)
100084d0:	4608      	mov	r0, r1
100084d2:	f8d5 c000 	ldr.w	ip, [r5]
100084d6:	f8c5 a080 	str.w	sl, [r5, #128]	@ 0x80
100084da:	e9cd 9806 	strd	r9, r8, [sp, #24]
100084de:	f04f 0800 	mov.w	r8, #0
100084e2:	f04f 0900 	mov.w	r9, #0
100084e6:	f8df e0ac 	ldr.w	lr, [pc, #172]	@ 10008594 <main+0x400>
100084ea:	f202 72f4 	addw	r2, r2, #2036	@ 0x7f4
100084ee:	e9cd 2e08 	strd	r2, lr, [sp, #32]
100084f2:	e9cd 8904 	strd	r8, r9, [sp, #16]
100084f6:	ea0c 050a 	and.w	r5, ip, sl
100084fa:	b1b1      	cbz	r1, 1000852a <main+0x396>
100084fc:	6d1a      	ldr	r2, [r3, #80]	@ 0x50
100084fe:	0792      	lsls	r2, r2, #30
10008500:	d5fc      	bpl.n	100084fc <main+0x368>
10008502:	6559      	str	r1, [r3, #84]	@ 0x54
10008504:	bf40      	sev
10008506:	6d1a      	ldr	r2, [r3, #80]	@ 0x50
10008508:	07d2      	lsls	r2, r2, #31
1000850a:	d403      	bmi.n	10008514 <main+0x380>
1000850c:	bf20      	wfe
1000850e:	6d1a      	ldr	r2, [r3, #80]	@ 0x50
10008510:	07d2      	lsls	r2, r2, #31
10008512:	d5fb      	bpl.n	1000850c <main+0x378>
10008514:	6d9a      	ldr	r2, [r3, #88]	@ 0x58
10008516:	4291      	cmp	r1, r2
10008518:	d03e      	beq.n	10008598 <main+0x404>
1000851a:	2000      	movs	r0, #0
1000851c:	aa0a      	add	r2, sp, #40	@ 0x28
1000851e:	eb02 0280 	add.w	r2, r2, r0, lsl #2
10008522:	f852 1c18 	ldr.w	r1, [r2, #-24]
10008526:	e7e8      	b.n	100084fa <main+0x366>
10008528:	6d9a      	ldr	r2, [r3, #88]	@ 0x58
1000852a:	6d1a      	ldr	r2, [r3, #80]	@ 0x50
1000852c:	07d2      	lsls	r2, r2, #31
1000852e:	d4fb      	bmi.n	10008528 <main+0x394>
10008530:	bf40      	sev
10008532:	e7e3      	b.n	100084fc <main+0x368>
10008534:	200047dc 	.word	0x200047dc
10008538:	200047f8 	.word	0x200047f8
1000853c:	200047b0 	.word	0x200047b0
10008540:	20004848 	.word	0x20004848
10008544:	40038000 	.word	0x40038000
10008548:	40039000 	.word	0x40039000
1000854c:	40022000 	.word	0x40022000
10008550:	40023000 	.word	0x40023000
10008554:	40020000 	.word	0x40020000
10008558:	a151c331 	.word	0xa151c331
1000855c:	20001110 	.word	0x20001110
10008560:	cccccccd 	.word	0xcccccccd
10008564:	6b5fca6b 	.word	0x6b5fca6b
10008568:	20007cc8 	.word	0x20007cc8
1000856c:	200008a5 	.word	0x200008a5
10008570:	20001114 	.word	0x20001114
10008574:	400b0000 	.word	0x400b0000
10008578:	1000164d 	.word	0x1000164d
1000857c:	20080000 	.word	0x20080000
10008580:	20080800 	.word	0x20080800
10008584:	e000ed00 	.word	0xe000ed00
10008588:	100061f1 	.word	0x100061f1
1000858c:	100037f5 	.word	0x100037f5
10008590:	e000e100 	.word	0xe000e100
10008594:	100003a1 	.word	0x100003a1
10008598:	3001      	adds	r0, #1
1000859a:	2806      	cmp	r0, #6
1000859c:	d1be      	bne.n	1000851c <main+0x388>
1000859e:	f04f 7200 	mov.w	r2, #33554432	@ 0x2000000
100085a2:	4bcc      	ldr	r3, [pc, #816]	@ (100088d4 <main+0x740>)
100085a4:	2d00      	cmp	r5, #0
100085a6:	f000 84cf 	beq.w	10008f48 <main+0xdb4>
100085aa:	f8c3 2180 	str.w	r2, [r3, #384]	@ 0x180
100085ae:	601a      	str	r2, [r3, #0]
100085b0:	f04f 597e 	mov.w	r9, #1065353216	@ 0x3f800000
100085b4:	f04f 0805 	mov.w	r8, #5
100085b8:	4dc7      	ldr	r5, [pc, #796]	@ (100088d8 <main+0x744>)
100085ba:	4bc8      	ldr	r3, [pc, #800]	@ (100088dc <main+0x748>)
100085bc:	4ac8      	ldr	r2, [pc, #800]	@ (100088e0 <main+0x74c>)
100085be:	602b      	str	r3, [r5, #0]
100085c0:	60ab      	str	r3, [r5, #8]
100085c2:	4bc8      	ldr	r3, [pc, #800]	@ (100088e4 <main+0x750>)
100085c4:	f8df a3d0 	ldr.w	sl, [pc, #976]	@ 10008998 <main+0x804>
100085c8:	60eb      	str	r3, [r5, #12]
100085ca:	4bc7      	ldr	r3, [pc, #796]	@ (100088e8 <main+0x754>)
100085cc:	606a      	str	r2, [r5, #4]
100085ce:	61ab      	str	r3, [r5, #24]
100085d0:	4bc6      	ldr	r3, [pc, #792]	@ (100088ec <main+0x758>)
100085d2:	4ac7      	ldr	r2, [pc, #796]	@ (100088f0 <main+0x75c>)
100085d4:	622b      	str	r3, [r5, #32]
100085d6:	4bc7      	ldr	r3, [pc, #796]	@ (100088f4 <main+0x760>)
100085d8:	612a      	str	r2, [r5, #16]
100085da:	626b      	str	r3, [r5, #36]	@ 0x24
100085dc:	4bc6      	ldr	r3, [pc, #792]	@ (100088f8 <main+0x764>)
100085de:	2250      	movs	r2, #80	@ 0x50
100085e0:	62eb      	str	r3, [r5, #44]	@ 0x2c
100085e2:	4bc6      	ldr	r3, [pc, #792]	@ (100088fc <main+0x768>)
100085e4:	2100      	movs	r1, #0
100085e6:	636b      	str	r3, [r5, #52]	@ 0x34
100085e8:	4bc5      	ldr	r3, [pc, #788]	@ (10008900 <main+0x76c>)
100085ea:	4650      	mov	r0, sl
100085ec:	63ab      	str	r3, [r5, #56]	@ 0x38
100085ee:	4bc5      	ldr	r3, [pc, #788]	@ (10008904 <main+0x770>)
100085f0:	f8c5 9050 	str.w	r9, [r5, #80]	@ 0x50
100085f4:	642b      	str	r3, [r5, #64]	@ 0x40
100085f6:	4bc4      	ldr	r3, [pc, #784]	@ (10008908 <main+0x774>)
100085f8:	f8c5 9058 	str.w	r9, [r5, #88]	@ 0x58
100085fc:	64ab      	str	r3, [r5, #72]	@ 0x48
100085fe:	4bc3      	ldr	r3, [pc, #780]	@ (1000890c <main+0x778>)
10008600:	f8c4 5a04 	str.w	r5, [r4, #2564]	@ 0xa04
10008604:	64eb      	str	r3, [r5, #76]	@ 0x4c
10008606:	4bc2      	ldr	r3, [pc, #776]	@ (10008910 <main+0x77c>)
10008608:	f8c5 9014 	str.w	r9, [r5, #20]
1000860c:	656b      	str	r3, [r5, #84]	@ 0x54
1000860e:	4bc1      	ldr	r3, [pc, #772]	@ (10008914 <main+0x780>)
10008610:	f8c5 901c 	str.w	r9, [r5, #28]
10008614:	65eb      	str	r3, [r5, #92]	@ 0x5c
10008616:	4bc0      	ldr	r3, [pc, #768]	@ (10008918 <main+0x784>)
10008618:	f8c5 9028 	str.w	r9, [r5, #40]	@ 0x28
1000861c:	662b      	str	r3, [r5, #96]	@ 0x60
1000861e:	f8c5 9030 	str.w	r9, [r5, #48]	@ 0x30
10008622:	f8c5 903c 	str.w	r9, [r5, #60]	@ 0x3c
10008626:	f8c5 9044 	str.w	r9, [r5, #68]	@ 0x44
1000862a:	f8c4 89fc 	str.w	r8, [r4, #2556]	@ 0x9fc
1000862e:	f002 f911 	bl	1000a854 <memset>
10008632:	f10a 0350 	add.w	r3, sl, #80	@ 0x50
10008636:	2250      	movs	r2, #80	@ 0x50
10008638:	2100      	movs	r1, #0
1000863a:	4618      	mov	r0, r3
1000863c:	f8c4 8a08 	str.w	r8, [r4, #2568]	@ 0xa08
10008640:	f8c4 5a10 	str.w	r5, [r4, #2576]	@ 0xa10
10008644:	f8c4 aa00 	str.w	sl, [r4, #2560]	@ 0xa00
10008648:	f002 f904 	bl	1000a854 <memset>
1000864c:	46a8      	mov	r8, r5
1000864e:	ed9f 5ab3 	vldr	s10, [pc, #716]	@ 1000891c <main+0x788>
10008652:	eddf 5ab3 	vldr	s11, [pc, #716]	@ 10008920 <main+0x78c>
10008656:	ed9f 6ab3 	vldr	s12, [pc, #716]	@ 10008924 <main+0x790>
1000865a:	eddf 6ab3 	vldr	s13, [pc, #716]	@ 10008928 <main+0x794>
1000865e:	ed9f 7ab3 	vldr	s14, [pc, #716]	@ 1000892c <main+0x798>
10008662:	eddf 7ab3 	vldr	s15, [pc, #716]	@ 10008930 <main+0x79c>
10008666:	f04f 0b03 	mov.w	fp, #3
1000866a:	49b2      	ldr	r1, [pc, #712]	@ (10008934 <main+0x7a0>)
1000866c:	f8c4 0a0c 	str.w	r0, [r4, #2572]	@ 0xa0c
10008670:	48b1      	ldr	r0, [pc, #708]	@ (10008938 <main+0x7a4>)
10008672:	f848 1f7c 	str.w	r1, [r8, #124]!
10008676:	f8df c324 	ldr.w	ip, [pc, #804]	@ 1000899c <main+0x808>
1000867a:	f8df e324 	ldr.w	lr, [pc, #804]	@ 100089a0 <main+0x80c>
1000867e:	f10a 03a0 	add.w	r3, sl, #160	@ 0xa0
10008682:	f8c8 1008 	str.w	r1, [r8, #8]
10008686:	f8c8 0038 	str.w	r0, [r8, #56]	@ 0x38
1000868a:	2230      	movs	r2, #48	@ 0x30
1000868c:	2100      	movs	r1, #0
1000868e:	4618      	mov	r0, r3
10008690:	f8c8 c034 	str.w	ip, [r8, #52]	@ 0x34
10008694:	ed88 5a01 	vstr	s10, [r8, #4]
10008698:	edc8 5a03 	vstr	s11, [r8, #12]
1000869c:	ed88 6a04 	vstr	s12, [r8, #16]
100086a0:	edc8 6a06 	vstr	s13, [r8, #24]
100086a4:	ed88 7a08 	vstr	s14, [r8, #32]
100086a8:	edc8 7a09 	vstr	s15, [r8, #36]	@ 0x24
100086ac:	f8c8 e02c 	str.w	lr, [r8, #44]	@ 0x2c
100086b0:	f8c8 9014 	str.w	r9, [r8, #20]
100086b4:	f8c8 901c 	str.w	r9, [r8, #28]
100086b8:	f8c8 9028 	str.w	r9, [r8, #40]	@ 0x28
100086bc:	f8c8 9030 	str.w	r9, [r8, #48]	@ 0x30
100086c0:	f8c4 8a58 	str.w	r8, [r4, #2648]	@ 0xa58
100086c4:	f8c4 ba50 	str.w	fp, [r4, #2640]	@ 0xa50
100086c8:	f002 f8c4 	bl	1000a854 <memset>
100086cc:	f10a 03d0 	add.w	r3, sl, #208	@ 0xd0
100086d0:	2230      	movs	r2, #48	@ 0x30
100086d2:	2100      	movs	r1, #0
100086d4:	f8c4 0a54 	str.w	r0, [r4, #2644]	@ 0xa54
100086d8:	4618      	mov	r0, r3
100086da:	f8c4 8a64 	str.w	r8, [r4, #2660]	@ 0xa64
100086de:	f8c4 ba5c 	str.w	fp, [r4, #2652]	@ 0xa5c
100086e2:	f002 f8b7 	bl	1000a854 <memset>
100086e6:	f8c4 0a60 	str.w	r0, [r4, #2656]	@ 0xa60
100086ea:	f7fb fae3 	bl	10003cb4 <clear_bq_filter_delay>
100086ee:	f24c 0220 	movw	r2, #49184	@ 0xc020
100086f2:	2100      	movs	r1, #0
100086f4:	4891      	ldr	r0, [pc, #580]	@ (1000893c <main+0x7a8>)
100086f6:	f002 f8ad 	bl	1000a854 <memset>
100086fa:	f24c 0220 	movw	r2, #49184	@ 0xc020
100086fe:	2100      	movs	r1, #0
10008700:	488f      	ldr	r0, [pc, #572]	@ (10008940 <main+0x7ac>)
10008702:	f002 f8a7 	bl	1000a854 <memset>
10008706:	f246 0210 	movw	r2, #24592	@ 0x6010
1000870a:	2100      	movs	r1, #0
1000870c:	488d      	ldr	r0, [pc, #564]	@ (10008944 <main+0x7b0>)
1000870e:	f002 f8a1 	bl	1000a854 <memset>
10008712:	f246 0210 	movw	r2, #24592	@ 0x6010
10008716:	2100      	movs	r1, #0
10008718:	488b      	ldr	r0, [pc, #556]	@ (10008948 <main+0x7b4>)
1000871a:	f002 f89b 	bl	1000a854 <memset>
1000871e:	2300      	movs	r3, #0
10008720:	f8df 8280 	ldr.w	r8, [pc, #640]	@ 100089a4 <main+0x810>
10008724:	461a      	mov	r2, r3
10008726:	f108 0109 	add.w	r1, r8, #9
1000872a:	f105 00d0 	add.w	r0, r5, #208	@ 0xd0
1000872e:	f7fb fb4b 	bl	10003dc8 <usb_interface_init.constprop.0.isra.0>
10008732:	4b86      	ldr	r3, [pc, #536]	@ (1000894c <main+0x7b8>)
10008734:	f108 02c0 	add.w	r2, r8, #192	@ 0xc0
10008738:	f8c4 3a74 	str.w	r3, [r4, #2676]	@ 0xa74
1000873c:	f108 0143 	add.w	r1, r8, #67	@ 0x43
10008740:	f105 00e8 	add.w	r0, r5, #232	@ 0xe8
10008744:	2302      	movs	r3, #2
10008746:	f7fb fb3f 	bl	10003dc8 <usb_interface_init.constprop.0.isra.0>
1000874a:	2302      	movs	r3, #2
1000874c:	f04f 0900 	mov.w	r9, #0
10008750:	f887 312c 	strb.w	r3, [r7, #300]	@ 0x12c
10008754:	4b7e      	ldr	r3, [pc, #504]	@ (10008950 <main+0x7bc>)
10008756:	f8cd 9000 	str.w	r9, [sp]
1000875a:	f8c4 3a90 	str.w	r3, [r4, #2704]	@ 0xa90
1000875e:	4b7d      	ldr	r3, [pc, #500]	@ (10008954 <main+0x7c0>)
10008760:	2201      	movs	r2, #1
10008762:	f8c4 3aac 	str.w	r3, [r4, #2732]	@ 0xaac
10008766:	4b7c      	ldr	r3, [pc, #496]	@ (10008958 <main+0x7c4>)
10008768:	4649      	mov	r1, r9
1000876a:	f8c7 3120 	str.w	r3, [r7, #288]	@ 0x120
1000876e:	f108 03c8 	add.w	r3, r8, #200	@ 0xc8
10008772:	f8c4 3acc 	str.w	r3, [r4, #2764]	@ 0xacc
10008776:	f505 739a 	add.w	r3, r5, #308	@ 0x134
1000877a:	f8c4 3a9c 	str.w	r3, [r4, #2716]	@ 0xa9c
1000877e:	f108 03d8 	add.w	r3, r8, #216	@ 0xd8
10008782:	f8c4 3ae0 	str.w	r3, [r4, #2784]	@ 0xae0
10008786:	f505 75a4 	add.w	r5, r5, #328	@ 0x148
1000878a:	f108 03e8 	add.w	r3, r8, #232	@ 0xe8
1000878e:	f8c4 5af8 	str.w	r5, [r4, #2808]	@ 0xaf8
10008792:	4872      	ldr	r0, [pc, #456]	@ (1000895c <main+0x7c8>)
10008794:	f8c7 3114 	str.w	r3, [r7, #276]	@ 0x114
10008798:	f108 05fc 	add.w	r5, r8, #252	@ 0xfc
1000879c:	2340      	movs	r3, #64	@ 0x40
1000879e:	f8c7 8124 	str.w	r8, [r7, #292]	@ 0x124
100087a2:	f8c7 5128 	str.w	r5, [r7, #296]	@ 0x128
100087a6:	f7fb fb45 	bl	10003e34 <_usb_endpoint_init_internal.isra.0>
100087aa:	2340      	movs	r3, #64	@ 0x40
100087ac:	464a      	mov	r2, r9
100087ae:	4649      	mov	r1, r9
100087b0:	486b      	ldr	r0, [pc, #428]	@ (10008960 <main+0x7cc>)
100087b2:	f8cd 9000 	str.w	r9, [sp]
100087b6:	f7fb fb3d 	bl	10003e34 <_usb_endpoint_init_internal.isra.0>
100087ba:	2240      	movs	r2, #64	@ 0x40
100087bc:	4649      	mov	r1, r9
100087be:	4869      	ldr	r0, [pc, #420]	@ (10008964 <main+0x7d0>)
100087c0:	f002 f848 	bl	1000a854 <memset>
100087c4:	f04f 0c04 	mov.w	ip, #4
100087c8:	4c67      	ldr	r4, [pc, #412]	@ (10008968 <main+0x7d4>)
100087ca:	f508 7882 	add.w	r8, r8, #260	@ 0x104
100087ce:	f855 3b04 	ldr.w	r3, [r5], #4
100087d2:	7a18      	ldrb	r0, [r3, #8]
100087d4:	b188      	cbz	r0, 100087fa <main+0x666>
100087d6:	685a      	ldr	r2, [r3, #4]
100087d8:	fb1c 2000 	smlabb	r0, ip, r0, r2
100087dc:	f852 1b04 	ldr.w	r1, [r2], #4
100087e0:	680b      	ldr	r3, [r1, #0]
100087e2:	2b00      	cmp	r3, #0
100087e4:	f000 81b1 	beq.w	10008b4a <main+0x9b6>
100087e8:	789b      	ldrb	r3, [r3, #2]
100087ea:	4290      	cmp	r0, r2
100087ec:	f003 030f 	and.w	r3, r3, #15
100087f0:	eb04 0383 	add.w	r3, r4, r3, lsl #2
100087f4:	f8c3 12d0 	str.w	r1, [r3, #720]	@ 0x2d0
100087f8:	d1f0      	bne.n	100087dc <main+0x648>
100087fa:	45a8      	cmp	r8, r5
100087fc:	d1e7      	bne.n	100087ce <main+0x63a>
100087fe:	f44f 7480 	mov.w	r4, #256	@ 0x100
10008802:	4856      	ldr	r0, [pc, #344]	@ (1000895c <main+0x7c8>)
10008804:	f8a7 4134 	strh.w	r4, [r7, #308]	@ 0x134
10008808:	f7fb f808 	bl	1000381c <_usb_endpoint_hw_init.constprop.0>
1000880c:	4854      	ldr	r0, [pc, #336]	@ (10008960 <main+0x7cc>)
1000880e:	f8a7 4134 	strh.w	r4, [r7, #308]	@ 0x134
10008812:	f7fb f803 	bl	1000381c <_usb_endpoint_hw_init.constprop.0>
10008816:	f44f 73c0 	mov.w	r3, #384	@ 0x180
1000881a:	4c52      	ldr	r4, [pc, #328]	@ (10008964 <main+0x7d0>)
1000881c:	f8a7 3134 	strh.w	r3, [r7, #308]	@ 0x134
10008820:	f104 053c 	add.w	r5, r4, #60	@ 0x3c
10008824:	f854 0f04 	ldr.w	r0, [r4, #4]!
10008828:	b108      	cbz	r0, 1000882e <main+0x69a>
1000882a:	f7fa fff7 	bl	1000381c <_usb_endpoint_hw_init.constprop.0>
1000882e:	42a5      	cmp	r5, r4
10008830:	d1f8      	bne.n	10008824 <main+0x690>
10008832:	2100      	movs	r1, #0
10008834:	eddf 7a4d 	vldr	s15, [pc, #308]	@ 1000896c <main+0x7d8>
10008838:	eeb7 7a00 	vmov.f32	s14, #112	@ 0x3f800000  1.0
1000883c:	7e3b      	ldrb	r3, [r7, #24]
1000883e:	484c      	ldr	r0, [pc, #304]	@ (10008970 <main+0x7dc>)
10008840:	428b      	cmp	r3, r1
10008842:	fe47 7a27 	vseleq.f32	s15, s14, s15
10008846:	edc7 7a03 	vstr	s15, [r7, #12]
1000884a:	4b4a      	ldr	r3, [pc, #296]	@ (10008974 <main+0x7e0>)
1000884c:	8179      	strh	r1, [r7, #10]
1000884e:	461a      	mov	r2, r3
10008850:	3304      	adds	r3, #4
10008852:	4283      	cmp	r3, r0
10008854:	6011      	str	r1, [r2, #0]
10008856:	d1fa      	bne.n	1000884e <main+0x6ba>
10008858:	2009      	movs	r0, #9
1000885a:	220c      	movs	r2, #12
1000885c:	2301      	movs	r3, #1
1000885e:	4c45      	ldr	r4, [pc, #276]	@ (10008974 <main+0x7e0>)
10008860:	f8c7 1110 	str.w	r1, [r7, #272]	@ 0x110
10008864:	6760      	str	r0, [r4, #116]	@ 0x74
10008866:	67a2      	str	r2, [r4, #120]	@ 0x78
10008868:	6423      	str	r3, [r4, #64]	@ 0x40
1000886a:	f7fb fd5b 	bl	10004324 <_usb_handle_bus_reset>
1000886e:	f44f 4280 	mov.w	r2, #16384	@ 0x4000
10008872:	4941      	ldr	r1, [pc, #260]	@ (10008978 <main+0x7e4>)
10008874:	4b17      	ldr	r3, [pc, #92]	@ (100088d4 <main+0x740>)
10008876:	64e1      	str	r1, [r4, #76]	@ 0x4c
10008878:	4940      	ldr	r1, [pc, #256]	@ (1000897c <main+0x7e8>)
1000887a:	4d41      	ldr	r5, [pc, #260]	@ (10008980 <main+0x7ec>)
1000887c:	f8c4 1090 	str.w	r1, [r4, #144]	@ 0x90
10008880:	4840      	ldr	r0, [pc, #256]	@ (10008984 <main+0x7f0>)
10008882:	f8c3 2180 	str.w	r2, [r3, #384]	@ 0x180
10008886:	2100      	movs	r1, #0
10008888:	601a      	str	r2, [r3, #0]
1000888a:	f7f9 f963 	bl	10001b54 <sleep_us>
1000888e:	f8d5 3f00 	ldr.w	r3, [r5, #3840]	@ 0xf00
10008892:	7f32      	ldrb	r2, [r6, #28]
10008894:	f8df 8110 	ldr.w	r8, [pc, #272]	@ 100089a8 <main+0x814>
10008898:	4c3b      	ldr	r4, [pc, #236]	@ (10008988 <main+0x7f4>)
1000889a:	6838      	ldr	r0, [r7, #0]
1000889c:	f605 69f4 	addw	r9, r5, #3828	@ 0xef4
100088a0:	2a00      	cmp	r2, #0
100088a2:	f040 80fe 	bne.w	10008aa2 <main+0x90e>
100088a6:	4a39      	ldr	r2, [pc, #228]	@ (1000898c <main+0x7f8>)
100088a8:	4290      	cmp	r0, r2
100088aa:	f000 815b 	beq.w	10008b64 <main+0x9d0>
100088ae:	4a37      	ldr	r2, [pc, #220]	@ (1000898c <main+0x7f8>)
100088b0:	2102      	movs	r1, #2
100088b2:	4290      	cmp	r0, r2
100088b4:	f04f 0e01 	mov.w	lr, #1
100088b8:	f04f 0c04 	mov.w	ip, #4
100088bc:	f200 80fd 	bhi.w	10008aba <main+0x926>
100088c0:	4a33      	ldr	r2, [pc, #204]	@ (10008990 <main+0x7fc>)
100088c2:	4290      	cmp	r0, r2
100088c4:	f000 813d 	beq.w	10008b42 <main+0x9ae>
100088c8:	4a32      	ldr	r2, [pc, #200]	@ (10008994 <main+0x800>)
100088ca:	4290      	cmp	r0, r2
100088cc:	f000 8139 	beq.w	10008b42 <main+0x9ae>
100088d0:	e06c      	b.n	100089ac <main+0x818>
100088d2:	bf00      	nop
100088d4:	e000e100 	.word	0xe000e100
100088d8:	20008660 	.word	0x20008660
100088dc:	304e375f 	.word	0x304e375f
100088e0:	30bc266f 	.word	0x30bc266f
100088e4:	3fd32bf4 	.word	0x3fd32bf4
100088e8:	3f62e86f 	.word	0x3f62e86f
100088ec:	3fd6a1c3 	.word	0x3fd6a1c3
100088f0:	bf2e5c05 	.word	0xbf2e5c05
100088f4:	bf35628d 	.word	0xbf35628d
100088f8:	3d876d38 	.word	0x3d876d38
100088fc:	3fdd717f 	.word	0x3fdd717f
10008900:	bf4338e6 	.word	0xbf4338e6
10008904:	bec83c9d 	.word	0xbec83c9d
10008908:	3fe762bc 	.word	0x3fe762bc
1000890c:	bf576fb2 	.word	0xbf576fb2
10008910:	bf15ac11 	.word	0xbf15ac11
10008914:	3ff4184e 	.word	0x3ff4184e
10008918:	bf714d40 	.word	0xbf714d40
1000891c:	350e2340 	.word	0x350e2340
10008920:	3fe68e08 	.word	0x3fe68e08
10008924:	bf4fcdd6 	.word	0xbf4fcdd6
10008928:	bf5f2ddb 	.word	0xbf5f2ddb
1000892c:	3feca2c1 	.word	0x3feca2c1
10008930:	bf5c04f0 	.word	0xbf5c04f0
10008934:	3510a061 	.word	0x3510a061
10008938:	bf724d04 	.word	0xbf724d04
1000893c:	20028aa8 	.word	0x20028aa8
10008940:	2001ca88 	.word	0x2001ca88
10008944:	20016a78 	.word	0x20016a78
10008948:	20010a68 	.word	0x20010a68
1000894c:	100046d1 	.word	0x100046d1
10008950:	10000355 	.word	0x10000355
10008954:	100045b1 	.word	0x100045b1
10008958:	10000385 	.word	0x10000385
1000895c:	20002b48 	.word	0x20002b48
10008960:	20002b00 	.word	0x20002b00
10008964:	20002ac0 	.word	0x20002ac0
10008968:	200027f0 	.word	0x200027f0
1000896c:	00000000 	.word	0x00000000
10008970:	50110084 	.word	0x50110084
10008974:	50110000 	.word	0x50110000
10008978:	20010000 	.word	0x20010000
1000897c:	000113f0 	.word	0x000113f0
10008980:	200038e8 	.word	0x200038e8
10008984:	000186a0 	.word	0x000186a0
10008988:	400b0000 	.word	0x400b0000
1000898c:	0002b110 	.word	0x0002b110
10008990:	00015888 	.word	0x00015888
10008994:	00017700 	.word	0x00017700
10008998:	20001840 	.word	0x20001840
1000899c:	3ff7b8a8 	.word	0x3ff7b8a8
100089a0:	bfa6f45f 	.word	0xbfa6f45f
100089a4:	1000edcc 	.word	0x1000edcc
100089a8:	200087f0 	.word	0x200087f0
100089ac:	f64a 4244 	movw	r2, #44100	@ 0xac44
100089b0:	4290      	cmp	r0, r2
100089b2:	f040 8085 	bne.w	10008ac0 <main+0x92c>
100089b6:	2b00      	cmp	r3, #0
100089b8:	dd57      	ble.n	10008a6a <main+0x8d6>
100089ba:	f1bc 0f08 	cmp.w	ip, #8
100089be:	f040 82ac 	bne.w	10008f1a <main+0xd86>
100089c2:	7f32      	ldrb	r2, [r6, #28]
100089c4:	2a00      	cmp	r2, #0
100089c6:	f000 80d0 	beq.w	10008b6a <main+0x9d6>
100089ca:	2108      	movs	r1, #8
100089cc:	7f32      	ldrb	r2, [r6, #28]
100089ce:	9303      	str	r3, [sp, #12]
100089d0:	f7f7 fc32 	bl	10000238 <fft_fir_core0_select_profile>
100089d4:	4682      	mov	sl, r0
100089d6:	2800      	cmp	r0, #0
100089d8:	d047      	beq.n	10008a6a <main+0x8d6>
100089da:	f8b0 b01c 	ldrh.w	fp, [r0, #28]
100089de:	9b03      	ldr	r3, [sp, #12]
100089e0:	8b02      	ldrh	r2, [r0, #24]
100089e2:	459b      	cmp	fp, r3
100089e4:	dc41      	bgt.n	10008a6a <main+0x8d6>
100089e6:	2100      	movs	r1, #0
100089e8:	fb0b f202 	mul.w	r2, fp, r2
100089ec:	f8d5 3ec8 	ldr.w	r3, [r5, #3784]	@ 0xec8
100089f0:	f8d5 0ed4 	ldr.w	r0, [r5, #3796]	@ 0xed4
100089f4:	1a1b      	subs	r3, r3, r0
100089f6:	4293      	cmp	r3, r2
100089f8:	ea4f 70e2 	mov.w	r0, r2, asr #31
100089fc:	4181      	sbcs	r1, r0
100089fe:	db34      	blt.n	10008a6a <main+0x8d6>
10008a00:	f3ef 8310 	mrs	r3, PRIMASK
10008a04:	b672      	cpsid	i
10008a06:	464a      	mov	r2, r9
10008a08:	4659      	mov	r1, fp
10008a0a:	4640      	mov	r0, r8
10008a0c:	9303      	str	r3, [sp, #12]
10008a0e:	f002 f9cb 	bl	1000ada8 <__ringbuf_read_array_no_spinlock.isra.0_veneer>
10008a12:	4659      	mov	r1, fp
10008a14:	4a98      	ldr	r2, [pc, #608]	@ (10008c78 <main+0xae4>)
10008a16:	4899      	ldr	r0, [pc, #612]	@ (10008c7c <main+0xae8>)
10008a18:	f002 f9c6 	bl	1000ada8 <__ringbuf_read_array_no_spinlock.isra.0_veneer>
10008a1c:	9b03      	ldr	r3, [sp, #12]
10008a1e:	f383 8810 	msr	PRIMASK, r3
10008a22:	4b97      	ldr	r3, [pc, #604]	@ (10008c80 <main+0xaec>)
10008a24:	4650      	mov	r0, sl
10008a26:	4641      	mov	r1, r8
10008a28:	4a96      	ldr	r2, [pc, #600]	@ (10008c84 <main+0xaf0>)
10008a2a:	f002 f9c1 	bl	1000adb0 <__fft_fir_process_channel_veneer>
10008a2e:	4650      	mov	r0, sl
10008a30:	4b95      	ldr	r3, [pc, #596]	@ (10008c88 <main+0xaf4>)
10008a32:	4a96      	ldr	r2, [pc, #600]	@ (10008c8c <main+0xaf8>)
10008a34:	4991      	ldr	r1, [pc, #580]	@ (10008c7c <main+0xae8>)
10008a36:	f002 f9bb 	bl	1000adb0 <__fft_fir_process_channel_veneer>
10008a3a:	f8ba 301c 	ldrh.w	r3, [sl, #28]
10008a3e:	f8ba 2018 	ldrh.w	r2, [sl, #24]
10008a42:	fb02 fa03 	mul.w	sl, r2, r3
10008a46:	f1ba 0f00 	cmp.w	sl, #0
10008a4a:	d00e      	beq.n	10008a6a <main+0x8d6>
10008a4c:	f3ef 8b10 	mrs	fp, PRIMASK
10008a50:	b672      	cpsid	i
10008a52:	4a8f      	ldr	r2, [pc, #572]	@ (10008c90 <main+0xafc>)
10008a54:	4651      	mov	r1, sl
10008a56:	488b      	ldr	r0, [pc, #556]	@ (10008c84 <main+0xaf0>)
10008a58:	f002 f9c2 	bl	1000ade0 <__ringbuf_write_array_spinlock.isra.0_veneer>
10008a5c:	4651      	mov	r1, sl
10008a5e:	4a8d      	ldr	r2, [pc, #564]	@ (10008c94 <main+0xb00>)
10008a60:	488a      	ldr	r0, [pc, #552]	@ (10008c8c <main+0xaf8>)
10008a62:	f002 f9bd 	bl	1000ade0 <__ringbuf_write_array_spinlock.isra.0_veneer>
10008a66:	f38b 8810 	msr	PRIMASK, fp
10008a6a:	6a61      	ldr	r1, [r4, #36]	@ 0x24
10008a6c:	460b      	mov	r3, r1
10008a6e:	6aa0      	ldr	r0, [r4, #40]	@ 0x28
10008a70:	6a61      	ldr	r1, [r4, #36]	@ 0x24
10008a72:	4299      	cmp	r1, r3
10008a74:	d1fa      	bne.n	10008a6c <main+0x8d8>
10008a76:	f04f 32ff 	mov.w	r2, #4294967295
10008a7a:	f06f 4300 	mvn.w	r3, #2147483648	@ 0x80000000
10008a7e:	3001      	adds	r0, #1
10008a80:	f141 0100 	adc.w	r1, r1, #0
10008a84:	4282      	cmp	r2, r0
10008a86:	eb73 0c01 	sbcs.w	ip, r3, r1
10008a8a:	bf3c      	itt	cc
10008a8c:	4610      	movcc	r0, r2
10008a8e:	4619      	movcc	r1, r3
10008a90:	f7f8 ffea 	bl	10001a68 <sleep_until>
10008a94:	f8d5 3f00 	ldr.w	r3, [r5, #3840]	@ 0xf00
10008a98:	7f32      	ldrb	r2, [r6, #28]
10008a9a:	6838      	ldr	r0, [r7, #0]
10008a9c:	2a00      	cmp	r2, #0
10008a9e:	f43f af02 	beq.w	100088a6 <main+0x712>
10008aa2:	4a7d      	ldr	r2, [pc, #500]	@ (10008c98 <main+0xb04>)
10008aa4:	4290      	cmp	r0, r2
10008aa6:	d059      	beq.n	10008b5c <main+0x9c8>
10008aa8:	4a7b      	ldr	r2, [pc, #492]	@ (10008c98 <main+0xb04>)
10008aaa:	2104      	movs	r1, #4
10008aac:	4290      	cmp	r0, r2
10008aae:	f04f 0e02 	mov.w	lr, #2
10008ab2:	f04f 0c08 	mov.w	ip, #8
10008ab6:	f67f af03 	bls.w	100088c0 <main+0x72c>
10008aba:	4a78      	ldr	r2, [pc, #480]	@ (10008c9c <main+0xb08>)
10008abc:	4290      	cmp	r0, r2
10008abe:	d00d      	beq.n	10008adc <main+0x948>
10008ac0:	2b00      	cmp	r3, #0
10008ac2:	ddd2      	ble.n	10008a6a <main+0x8d6>
10008ac4:	f1bc 0f08 	cmp.w	ip, #8
10008ac8:	f040 8227 	bne.w	10008f1a <main+0xd86>
10008acc:	7f32      	ldrb	r2, [r6, #28]
10008ace:	f002 0aff 	and.w	sl, r2, #255	@ 0xff
10008ad2:	2a00      	cmp	r2, #0
10008ad4:	f000 822e 	beq.w	10008f34 <main+0xda0>
10008ad8:	4661      	mov	r1, ip
10008ada:	e777      	b.n	100089cc <main+0x838>
10008adc:	2b00      	cmp	r3, #0
10008ade:	ddc4      	ble.n	10008a6a <main+0x8d6>
10008ae0:	f1be 0f01 	cmp.w	lr, #1
10008ae4:	d13c      	bne.n	10008b60 <main+0x9cc>
10008ae6:	2b80      	cmp	r3, #128	@ 0x80
10008ae8:	bfa8      	it	ge
10008aea:	2380      	movge	r3, #128	@ 0x80
10008aec:	469a      	mov	sl, r3
10008aee:	2200      	movs	r2, #0
10008af0:	f8d5 3ec8 	ldr.w	r3, [r5, #3784]	@ 0xec8
10008af4:	f8d5 1ed4 	ldr.w	r1, [r5, #3796]	@ 0xed4
10008af8:	1a5b      	subs	r3, r3, r1
10008afa:	4553      	cmp	r3, sl
10008afc:	ea4f 71ea 	mov.w	r1, sl, asr #31
10008b00:	418a      	sbcs	r2, r1
10008b02:	dbb2      	blt.n	10008a6a <main+0x8d6>
10008b04:	f3ef 8b10 	mrs	fp, PRIMASK
10008b08:	b672      	cpsid	i
10008b0a:	464a      	mov	r2, r9
10008b0c:	4651      	mov	r1, sl
10008b0e:	4640      	mov	r0, r8
10008b10:	f002 f94a 	bl	1000ada8 <__ringbuf_read_array_no_spinlock.isra.0_veneer>
10008b14:	4651      	mov	r1, sl
10008b16:	4a58      	ldr	r2, [pc, #352]	@ (10008c78 <main+0xae4>)
10008b18:	4858      	ldr	r0, [pc, #352]	@ (10008c7c <main+0xae8>)
10008b1a:	f002 f945 	bl	1000ada8 <__ringbuf_read_array_no_spinlock.isra.0_veneer>
10008b1e:	f38b 8810 	msr	PRIMASK, fp
10008b22:	f3ef 8b10 	mrs	fp, PRIMASK
10008b26:	b672      	cpsid	i
10008b28:	4a59      	ldr	r2, [pc, #356]	@ (10008c90 <main+0xafc>)
10008b2a:	4651      	mov	r1, sl
10008b2c:	4640      	mov	r0, r8
10008b2e:	f002 f957 	bl	1000ade0 <__ringbuf_write_array_spinlock.isra.0_veneer>
10008b32:	4651      	mov	r1, sl
10008b34:	4a57      	ldr	r2, [pc, #348]	@ (10008c94 <main+0xb00>)
10008b36:	4851      	ldr	r0, [pc, #324]	@ (10008c7c <main+0xae8>)
10008b38:	f002 f952 	bl	1000ade0 <__ringbuf_write_array_spinlock.isra.0_veneer>
10008b3c:	f38b 8810 	msr	PRIMASK, fp
10008b40:	e793      	b.n	10008a6a <main+0x8d6>
10008b42:	2b00      	cmp	r3, #0
10008b44:	f73f af42 	bgt.w	100089cc <main+0x838>
10008b48:	e78f      	b.n	10008a6a <main+0x8d6>
10008b4a:	4290      	cmp	r0, r2
10008b4c:	f8c4 12d0 	str.w	r1, [r4, #720]	@ 0x2d0
10008b50:	f47f ae44 	bne.w	100087dc <main+0x648>
10008b54:	45a8      	cmp	r8, r5
10008b56:	f47f ae3a 	bne.w	100087ce <main+0x63a>
10008b5a:	e650      	b.n	100087fe <main+0x66a>
10008b5c:	2b00      	cmp	r3, #0
10008b5e:	dd84      	ble.n	10008a6a <main+0x8d6>
10008b60:	2102      	movs	r1, #2
10008b62:	e733      	b.n	100089cc <main+0x838>
10008b64:	2b00      	cmp	r3, #0
10008b66:	dcbe      	bgt.n	10008ae6 <main+0x952>
10008b68:	e77f      	b.n	10008a6a <main+0x8d6>
10008b6a:	f04f 0a01 	mov.w	sl, #1
10008b6e:	7f32      	ldrb	r2, [r6, #28]
10008b70:	b2d2      	uxtb	r2, r2
10008b72:	494b      	ldr	r1, [pc, #300]	@ (10008ca0 <main+0xb0c>)
10008b74:	4288      	cmp	r0, r1
10008b76:	f200 81d2 	bhi.w	10008f1e <main+0xd8a>
10008b7a:	f64a 4144 	movw	r1, #44100	@ 0xac44
10008b7e:	4288      	cmp	r0, r1
10008b80:	f000 81db 	beq.w	10008f3a <main+0xda6>
10008b84:	f64b 3180 	movw	r1, #48000	@ 0xbb80
10008b88:	4288      	cmp	r0, r1
10008b8a:	f47f af1e 	bne.w	100089ca <main+0x836>
10008b8e:	4945      	ldr	r1, [pc, #276]	@ (10008ca4 <main+0xb10>)
10008b90:	f501 7bd8 	add.w	fp, r1, #432	@ 0x1b0
10008b94:	2a00      	cmp	r2, #0
10008b96:	bf08      	it	eq
10008b98:	468b      	moveq	fp, r1
10008b9a:	2b7f      	cmp	r3, #127	@ 0x7f
10008b9c:	f77f af65 	ble.w	10008a6a <main+0x8d6>
10008ba0:	f8d5 3ec8 	ldr.w	r3, [r5, #3784]	@ 0xec8
10008ba4:	f8d5 2ed4 	ldr.w	r2, [r5, #3796]	@ 0xed4
10008ba8:	1a9b      	subs	r3, r3, r2
10008baa:	f5b3 6f80 	cmp.w	r3, #1024	@ 0x400
10008bae:	f4ff af5c 	bcc.w	10008a6a <main+0x8d6>
10008bb2:	f3ef 8310 	mrs	r3, PRIMASK
10008bb6:	b672      	cpsid	i
10008bb8:	2180      	movs	r1, #128	@ 0x80
10008bba:	4a3b      	ldr	r2, [pc, #236]	@ (10008ca8 <main+0xb14>)
10008bbc:	483b      	ldr	r0, [pc, #236]	@ (10008cac <main+0xb18>)
10008bbe:	9303      	str	r3, [sp, #12]
10008bc0:	f002 f8f2 	bl	1000ada8 <__ringbuf_read_array_no_spinlock.isra.0_veneer>
10008bc4:	2180      	movs	r1, #128	@ 0x80
10008bc6:	4a2c      	ldr	r2, [pc, #176]	@ (10008c78 <main+0xae4>)
10008bc8:	482c      	ldr	r0, [pc, #176]	@ (10008c7c <main+0xae8>)
10008bca:	f002 f8ed 	bl	1000ada8 <__ringbuf_read_array_no_spinlock.isra.0_veneer>
10008bce:	9b03      	ldr	r3, [sp, #12]
10008bd0:	f383 8810 	msr	PRIMASK, r3
10008bd4:	4b2a      	ldr	r3, [pc, #168]	@ (10008c80 <main+0xaec>)
10008bd6:	4658      	mov	r0, fp
10008bd8:	4a35      	ldr	r2, [pc, #212]	@ (10008cb0 <main+0xb1c>)
10008bda:	4934      	ldr	r1, [pc, #208]	@ (10008cac <main+0xb18>)
10008bdc:	f002 f8e8 	bl	1000adb0 <__fft_fir_process_channel_veneer>
10008be0:	4b29      	ldr	r3, [pc, #164]	@ (10008c88 <main+0xaf4>)
10008be2:	4a34      	ldr	r2, [pc, #208]	@ (10008cb4 <main+0xb20>)
10008be4:	4658      	mov	r0, fp
10008be6:	4925      	ldr	r1, [pc, #148]	@ (10008c7c <main+0xae8>)
10008be8:	f002 f8e2 	bl	1000adb0 <__fft_fir_process_channel_veneer>
10008bec:	f8bb 301c 	ldrh.w	r3, [fp, #28]
10008bf0:	f8bb 2018 	ldrh.w	r2, [fp, #24]
10008bf4:	fb02 f303 	mul.w	r3, r2, r3
10008bf8:	2b00      	cmp	r3, #0
10008bfa:	f43f af36 	beq.w	10008a6a <main+0x8d6>
10008bfe:	f5b3 7f00 	cmp.w	r3, #512	@ 0x200
10008c02:	f47f af32 	bne.w	10008a6a <main+0x8d6>
10008c06:	f1ba 0f00 	cmp.w	sl, #0
10008c0a:	f000 81df 	beq.w	10008fcc <main+0xe38>
10008c0e:	4b2a      	ldr	r3, [pc, #168]	@ (10008cb8 <main+0xb24>)
10008c10:	f103 0240 	add.w	r2, r3, #64	@ 0x40
10008c14:	ed93 0a0e 	vldr	s0, [r3, #56]	@ 0x38
10008c18:	edd3 0a0d 	vldr	s1, [r3, #52]	@ 0x34
10008c1c:	ed93 1a0c 	vldr	s2, [r3, #48]	@ 0x30
10008c20:	edd3 1a0b 	vldr	s3, [r3, #44]	@ 0x2c
10008c24:	ed93 2a0a 	vldr	s4, [r3, #40]	@ 0x28
10008c28:	edd3 2a09 	vldr	s5, [r3, #36]	@ 0x24
10008c2c:	ed93 3a08 	vldr	s6, [r3, #32]
10008c30:	edd3 3a07 	vldr	s7, [r3, #28]
10008c34:	ed93 7a06 	vldr	s14, [r3, #24]
10008c38:	ed93 4a05 	vldr	s8, [r3, #20]
10008c3c:	edd3 4a04 	vldr	s9, [r3, #16]
10008c40:	ed93 5a03 	vldr	s10, [r3, #12]
10008c44:	edd3 5a02 	vldr	s11, [r3, #8]
10008c48:	ed93 6a01 	vldr	s12, [r3, #4]
10008c4c:	edd3 6a00 	vldr	s13, [r3]
10008c50:	ed9f ca1a 	vldr	s24, [pc, #104]	@ 10008cbc <main+0xb28>
10008c54:	eddf ba1a 	vldr	s23, [pc, #104]	@ 10008cc0 <main+0xb2c>
10008c58:	ed9f ba1a 	vldr	s22, [pc, #104]	@ 10008cc4 <main+0xb30>
10008c5c:	eddf aa1a 	vldr	s21, [pc, #104]	@ 10008cc8 <main+0xb34>
10008c60:	ed9f aa1a 	vldr	s20, [pc, #104]	@ 10008ccc <main+0xb38>
10008c64:	eddf 9a1a 	vldr	s19, [pc, #104]	@ 10008cd0 <main+0xb3c>
10008c68:	ed9f 9a1a 	vldr	s18, [pc, #104]	@ 10008cd4 <main+0xb40>
10008c6c:	eddf 8a1a 	vldr	s17, [pc, #104]	@ 10008cd8 <main+0xb44>
10008c70:	469c      	mov	ip, r3
10008c72:	480f      	ldr	r0, [pc, #60]	@ (10008cb0 <main+0xb1c>)
10008c74:	4903      	ldr	r1, [pc, #12]	@ (10008c84 <main+0xaf0>)
10008c76:	e04d      	b.n	10008d14 <main+0xb80>
10008c78:	200047f8 	.word	0x200047f8
10008c7c:	200089f0 	.word	0x200089f0
10008c80:	20028aa8 	.word	0x20028aa8
10008c84:	20034ac8 	.word	0x20034ac8
10008c88:	2001ca88 	.word	0x2001ca88
10008c8c:	20037ac8 	.word	0x20037ac8
10008c90:	200047b0 	.word	0x200047b0
10008c94:	20004848 	.word	0x20004848
10008c98:	0002b110 	.word	0x0002b110
10008c9c:	0002ee00 	.word	0x0002ee00
10008ca0:	00015888 	.word	0x00015888
10008ca4:	1000b4d0 	.word	0x1000b4d0
10008ca8:	200047dc 	.word	0x200047dc
10008cac:	200087f0 	.word	0x200087f0
10008cb0:	20036ac8 	.word	0x20036ac8
10008cb4:	20035ac8 	.word	0x20035ac8
10008cb8:	20001940 	.word	0x20001940
10008cbc:	ba16cc69 	.word	0xba16cc69
10008cc0:	381e0d94 	.word	0x381e0d94
10008cc4:	3b80ca16 	.word	0x3b80ca16
10008cc8:	bc8bcace 	.word	0xbc8bcace
10008ccc:	3d63a0bb 	.word	0x3d63a0bb
10008cd0:	be2218e1 	.word	0xbe2218e1
10008cd4:	3f1dcc2b 	.word	0x3f1dcc2b
10008cd8:	b40391f7 	.word	0xb40391f7
10008cdc:	eeb0 0a60 	vmov.f32	s0, s1
10008ce0:	eef0 0a41 	vmov.f32	s1, s2
10008ce4:	eeb0 1a61 	vmov.f32	s2, s3
10008ce8:	eef0 1a42 	vmov.f32	s3, s4
10008cec:	eeb0 2a62 	vmov.f32	s4, s5
10008cf0:	eef0 2a43 	vmov.f32	s5, s6
10008cf4:	eeb0 3a63 	vmov.f32	s6, s7
10008cf8:	eef0 3a47 	vmov.f32	s7, s14
10008cfc:	eeb0 7a44 	vmov.f32	s14, s8
10008d00:	eeb0 4a64 	vmov.f32	s8, s9
10008d04:	eef0 4a45 	vmov.f32	s9, s10
10008d08:	eeb0 5a65 	vmov.f32	s10, s11
10008d0c:	eef0 5a46 	vmov.f32	s11, s12
10008d10:	eeb0 6a48 	vmov.f32	s12, s16
10008d14:	ee71 7a06 	vadd.f32	s15, s2, s12
10008d18:	ee30 faa6 	vadd.f32	s30, s1, s13
10008d1c:	ee67 7a8c 	vmul.f32	s15, s15, s24
10008d20:	ee75 eaa1 	vadd.f32	s29, s11, s3
10008d24:	eeef 7a2b 	vfma.f32	s15, s30, s23
10008d28:	ee32 ea05 	vadd.f32	s28, s4, s10
10008d2c:	eeee 7a8b 	vfma.f32	s15, s29, s22
10008d30:	ee72 daa4 	vadd.f32	s27, s5, s9
10008d34:	eeee 7a2a 	vfma.f32	s15, s28, s21
10008d38:	ee33 da04 	vadd.f32	s26, s6, s8
10008d3c:	eeed 7a8a 	vfma.f32	s15, s27, s20
10008d40:	ee73 ca87 	vadd.f32	s25, s7, s14
10008d44:	eeb0 8a66 	vmov.f32	s16, s13
10008d48:	eeed 7a29 	vfma.f32	s15, s26, s19
10008d4c:	ecf0 6a01 	vldmia	r0!, {s13}
10008d50:	eeec 7a89 	vfma.f32	s15, s25, s18
10008d54:	ee76 ca80 	vadd.f32	s25, s13, s0
10008d58:	eeec 7aa8 	vfma.f32	s15, s25, s17
10008d5c:	4b9f      	ldr	r3, [pc, #636]	@ (10008fdc <main+0xe48>)
10008d5e:	ed81 7a01 	vstr	s14, [r1, #4]
10008d62:	4298      	cmp	r0, r3
10008d64:	f101 0108 	add.w	r1, r1, #8
10008d68:	ed41 7a02 	vstr	s15, [r1, #-8]
10008d6c:	d1b6      	bne.n	10008cdc <main+0xb48>
10008d6e:	4b9c      	ldr	r3, [pc, #624]	@ (10008fe0 <main+0xe4c>)
10008d70:	ed8c 0a0f 	vstr	s0, [ip, #60]	@ 0x3c
10008d74:	ed83 7a01 	vstr	s14, [r3, #4]
10008d78:	edcc 0a0e 	vstr	s1, [ip, #56]	@ 0x38
10008d7c:	ed8c 1a0d 	vstr	s2, [ip, #52]	@ 0x34
10008d80:	edcc 1a0c 	vstr	s3, [ip, #48]	@ 0x30
10008d84:	ed8c 2a0b 	vstr	s4, [ip, #44]	@ 0x2c
10008d88:	edcc 2a0a 	vstr	s5, [ip, #40]	@ 0x28
10008d8c:	ed8c 3a09 	vstr	s6, [ip, #36]	@ 0x24
10008d90:	edcc 3a08 	vstr	s7, [ip, #32]
10008d94:	ed8c 7a07 	vstr	s14, [ip, #28]
10008d98:	ed8c 4a06 	vstr	s8, [ip, #24]
10008d9c:	edcc 4a05 	vstr	s9, [ip, #20]
10008da0:	ed8c 5a04 	vstr	s10, [ip, #16]
10008da4:	edcc 5a03 	vstr	s11, [ip, #12]
10008da8:	ed8c 6a02 	vstr	s12, [ip, #8]
10008dac:	edc3 7a00 	vstr	s15, [r3]
10008db0:	ed8c 8a01 	vstr	s16, [ip, #4]
10008db4:	edcc 6a00 	vstr	s13, [ip]
10008db8:	ed92 0a0e 	vldr	s0, [r2, #56]	@ 0x38
10008dbc:	edd2 0a0d 	vldr	s1, [r2, #52]	@ 0x34
10008dc0:	ed92 1a0c 	vldr	s2, [r2, #48]	@ 0x30
10008dc4:	edd2 1a0b 	vldr	s3, [r2, #44]	@ 0x2c
10008dc8:	ed92 2a0a 	vldr	s4, [r2, #40]	@ 0x28
10008dcc:	edd2 2a09 	vldr	s5, [r2, #36]	@ 0x24
10008dd0:	ed92 3a08 	vldr	s6, [r2, #32]
10008dd4:	edd2 3a07 	vldr	s7, [r2, #28]
10008dd8:	ed92 7a06 	vldr	s14, [r2, #24]
10008ddc:	ed92 4a05 	vldr	s8, [r2, #20]
10008de0:	edd2 4a04 	vldr	s9, [r2, #16]
10008de4:	ed92 5a03 	vldr	s10, [r2, #12]
10008de8:	edd2 5a02 	vldr	s11, [r2, #8]
10008dec:	ed92 6a01 	vldr	s12, [r2, #4]
10008df0:	ed9f ca7c 	vldr	s24, [pc, #496]	@ 10008fe4 <main+0xe50>
10008df4:	edd2 6a00 	vldr	s13, [r2]
10008df8:	eddf ba7b 	vldr	s23, [pc, #492]	@ 10008fe8 <main+0xe54>
10008dfc:	ed9f ba7b 	vldr	s22, [pc, #492]	@ 10008fec <main+0xe58>
10008e00:	eddf aa7b 	vldr	s21, [pc, #492]	@ 10008ff0 <main+0xe5c>
10008e04:	ed9f aa7b 	vldr	s20, [pc, #492]	@ 10008ff4 <main+0xe60>
10008e08:	eddf 9a7b 	vldr	s19, [pc, #492]	@ 10008ff8 <main+0xe64>
10008e0c:	ed9f 9a7b 	vldr	s18, [pc, #492]	@ 10008ffc <main+0xe68>
10008e10:	eddf 8a7b 	vldr	s17, [pc, #492]	@ 10009000 <main+0xe6c>
10008e14:	497b      	ldr	r1, [pc, #492]	@ (10009004 <main+0xe70>)
10008e16:	4b7c      	ldr	r3, [pc, #496]	@ (10009008 <main+0xe74>)
10008e18:	e01b      	b.n	10008e52 <main+0xcbe>
10008e1a:	eeb0 0a60 	vmov.f32	s0, s1
10008e1e:	eef0 0a41 	vmov.f32	s1, s2
10008e22:	eeb0 1a61 	vmov.f32	s2, s3
10008e26:	eef0 1a42 	vmov.f32	s3, s4
10008e2a:	eeb0 2a62 	vmov.f32	s4, s5
10008e2e:	eef0 2a43 	vmov.f32	s5, s6
10008e32:	eeb0 3a63 	vmov.f32	s6, s7
10008e36:	eef0 3a47 	vmov.f32	s7, s14
10008e3a:	eeb0 7a44 	vmov.f32	s14, s8
10008e3e:	eeb0 4a64 	vmov.f32	s8, s9
10008e42:	eef0 4a45 	vmov.f32	s9, s10
10008e46:	eeb0 5a65 	vmov.f32	s10, s11
10008e4a:	eef0 5a46 	vmov.f32	s11, s12
10008e4e:	eeb0 6a48 	vmov.f32	s12, s16
10008e52:	ee71 7a06 	vadd.f32	s15, s2, s12
10008e56:	ee30 faa6 	vadd.f32	s30, s1, s13
10008e5a:	ee67 7a8c 	vmul.f32	s15, s15, s24
10008e5e:	ee71 eaa5 	vadd.f32	s29, s3, s11
10008e62:	eeef 7a2b 	vfma.f32	s15, s30, s23
10008e66:	ee32 ea05 	vadd.f32	s28, s4, s10
10008e6a:	eeee 7a8b 	vfma.f32	s15, s29, s22
10008e6e:	ee72 daa4 	vadd.f32	s27, s5, s9
10008e72:	eeee 7a2a 	vfma.f32	s15, s28, s21
10008e76:	ee33 da04 	vadd.f32	s26, s6, s8
10008e7a:	eeed 7a8a 	vfma.f32	s15, s27, s20
10008e7e:	ee73 ca87 	vadd.f32	s25, s7, s14
10008e82:	eeb0 8a66 	vmov.f32	s16, s13
10008e86:	eeed 7a29 	vfma.f32	s15, s26, s19
10008e8a:	ecf1 6a01 	vldmia	r1!, {s13}
10008e8e:	eeec 7a89 	vfma.f32	s15, s25, s18
10008e92:	ee70 ca26 	vadd.f32	s25, s0, s13
10008e96:	eeec 7aa8 	vfma.f32	s15, s25, s17
10008e9a:	485c      	ldr	r0, [pc, #368]	@ (1000900c <main+0xe78>)
10008e9c:	ed83 7a01 	vstr	s14, [r3, #4]
10008ea0:	4288      	cmp	r0, r1
10008ea2:	f103 0308 	add.w	r3, r3, #8
10008ea6:	ed43 7a02 	vstr	s15, [r3, #-8]
10008eaa:	d1b6      	bne.n	10008e1a <main+0xc86>
10008eac:	4b58      	ldr	r3, [pc, #352]	@ (10009010 <main+0xe7c>)
10008eae:	ed82 0a0f 	vstr	s0, [r2, #60]	@ 0x3c
10008eb2:	edc2 0a0e 	vstr	s1, [r2, #56]	@ 0x38
10008eb6:	ed82 1a0d 	vstr	s2, [r2, #52]	@ 0x34
10008eba:	edc2 1a0c 	vstr	s3, [r2, #48]	@ 0x30
10008ebe:	ed82 2a0b 	vstr	s4, [r2, #44]	@ 0x2c
10008ec2:	edc2 2a0a 	vstr	s5, [r2, #40]	@ 0x28
10008ec6:	ed82 3a09 	vstr	s6, [r2, #36]	@ 0x24
10008eca:	edc2 3a08 	vstr	s7, [r2, #32]
10008ece:	ed82 7a07 	vstr	s14, [r2, #28]
10008ed2:	ed82 4a06 	vstr	s8, [r2, #24]
10008ed6:	edc2 4a05 	vstr	s9, [r2, #20]
10008eda:	ed82 5a04 	vstr	s10, [r2, #16]
10008ede:	edc2 5a03 	vstr	s11, [r2, #12]
10008ee2:	ed82 6a02 	vstr	s12, [r2, #8]
10008ee6:	ed82 8a01 	vstr	s16, [r2, #4]
10008eea:	edc2 6a00 	vstr	s13, [r2]
10008eee:	edc3 7a00 	vstr	s15, [r3]
10008ef2:	ed83 7a01 	vstr	s14, [r3, #4]
10008ef6:	f3ef 8a10 	mrs	sl, PRIMASK
10008efa:	b672      	cpsid	i
10008efc:	f44f 6180 	mov.w	r1, #1024	@ 0x400
10008f00:	4a44      	ldr	r2, [pc, #272]	@ (10009014 <main+0xe80>)
10008f02:	4845      	ldr	r0, [pc, #276]	@ (10009018 <main+0xe84>)
10008f04:	f001 ff6c 	bl	1000ade0 <__ringbuf_write_array_spinlock.isra.0_veneer>
10008f08:	f44f 6180 	mov.w	r1, #1024	@ 0x400
10008f0c:	4a43      	ldr	r2, [pc, #268]	@ (1000901c <main+0xe88>)
10008f0e:	483e      	ldr	r0, [pc, #248]	@ (10009008 <main+0xe74>)
10008f10:	f001 ff66 	bl	1000ade0 <__ringbuf_write_array_spinlock.isra.0_veneer>
10008f14:	f38a 8810 	msr	PRIMASK, sl
10008f18:	e5a7      	b.n	10008a6a <main+0x8d6>
10008f1a:	2104      	movs	r1, #4
10008f1c:	e556      	b.n	100089cc <main+0x838>
10008f1e:	4940      	ldr	r1, [pc, #256]	@ (10009020 <main+0xe8c>)
10008f20:	4288      	cmp	r0, r1
10008f22:	f47f ad52 	bne.w	100089ca <main+0x836>
10008f26:	493f      	ldr	r1, [pc, #252]	@ (10009024 <main+0xe90>)
10008f28:	f501 7ba8 	add.w	fp, r1, #336	@ 0x150
10008f2c:	2a00      	cmp	r2, #0
10008f2e:	bf08      	it	eq
10008f30:	468b      	moveq	fp, r1
10008f32:	e632      	b.n	10008b9a <main+0xa06>
10008f34:	7f32      	ldrb	r2, [r6, #28]
10008f36:	b2d2      	uxtb	r2, r2
10008f38:	e61b      	b.n	10008b72 <main+0x9de>
10008f3a:	493b      	ldr	r1, [pc, #236]	@ (10009028 <main+0xe94>)
10008f3c:	f101 0bc0 	add.w	fp, r1, #192	@ 0xc0
10008f40:	2a00      	cmp	r2, #0
10008f42:	bf08      	it	eq
10008f44:	468b      	moveq	fp, r1
10008f46:	e628      	b.n	10008b9a <main+0xa06>
10008f48:	f8c3 2080 	str.w	r2, [r3, #128]	@ 0x80
10008f4c:	f7ff bb30 	b.w	100085b0 <main+0x41c>
10008f50:	f640 614e 	movw	r1, #3662	@ 0xe4e
10008f54:	fbb2 f1f1 	udiv	r1, r2, r1
10008f58:	f240 3201 	movw	r2, #769	@ 0x301
10008f5c:	4c33      	ldr	r4, [pc, #204]	@ (1000902c <main+0xe98>)
10008f5e:	6322      	str	r2, [r4, #48]	@ 0x30
10008f60:	6a5c      	ldr	r4, [r3, #36]	@ 0x24
10008f62:	6a9a      	ldr	r2, [r3, #40]	@ 0x28
10008f64:	eb02 1284 	add.w	r2, r2, r4, lsl #6
10008f68:	0292      	lsls	r2, r2, #10
10008f6a:	fbb2 f2f1 	udiv	r2, r2, r1
10008f6e:	4930      	ldr	r1, [pc, #192]	@ (10009030 <main+0xe9c>)
10008f70:	6a4b      	ldr	r3, [r1, #36]	@ 0x24
10008f72:	461d      	mov	r5, r3
10008f74:	6a8c      	ldr	r4, [r1, #40]	@ 0x28
10008f76:	6a4b      	ldr	r3, [r1, #36]	@ 0x24
10008f78:	42ab      	cmp	r3, r5
10008f7a:	d1fa      	bne.n	10008f72 <main+0xdde>
10008f7c:	1912      	adds	r2, r2, r4
10008f7e:	f153 0300 	adcs.w	r3, r3, #0
10008f82:	f04f 0100 	mov.w	r1, #0
10008f86:	bf28      	it	cs
10008f88:	2101      	movcs	r1, #1
10008f8a:	b9a9      	cbnz	r1, 10008fb8 <main+0xe24>
10008f8c:	4928      	ldr	r1, [pc, #160]	@ (10009030 <main+0xe9c>)
10008f8e:	6a49      	ldr	r1, [r1, #36]	@ 0x24
10008f90:	428b      	cmp	r3, r1
10008f92:	d903      	bls.n	10008f9c <main+0xe08>
10008f94:	4c26      	ldr	r4, [pc, #152]	@ (10009030 <main+0xe9c>)
10008f96:	6a61      	ldr	r1, [r4, #36]	@ 0x24
10008f98:	4299      	cmp	r1, r3
10008f9a:	d3fc      	bcc.n	10008f96 <main+0xe02>
10008f9c:	4299      	cmp	r1, r3
10008f9e:	f47f a964 	bne.w	1000826a <main+0xd6>
10008fa2:	4923      	ldr	r1, [pc, #140]	@ (10009030 <main+0xe9c>)
10008fa4:	e003      	b.n	10008fae <main+0xe1a>
10008fa6:	6a4c      	ldr	r4, [r1, #36]	@ 0x24
10008fa8:	429c      	cmp	r4, r3
10008faa:	f47f a95e 	bne.w	1000826a <main+0xd6>
10008fae:	6a8c      	ldr	r4, [r1, #40]	@ 0x28
10008fb0:	4294      	cmp	r4, r2
10008fb2:	d3f8      	bcc.n	10008fa6 <main+0xe12>
10008fb4:	f7ff b959 	b.w	1000826a <main+0xd6>
10008fb8:	4b1d      	ldr	r3, [pc, #116]	@ (10009030 <main+0xe9c>)
10008fba:	6a5b      	ldr	r3, [r3, #36]	@ 0x24
10008fbc:	1c5a      	adds	r2, r3, #1
10008fbe:	bf08      	it	eq
10008fc0:	461a      	moveq	r2, r3
10008fc2:	d0ee      	beq.n	10008fa2 <main+0xe0e>
10008fc4:	f04f 33ff 	mov.w	r3, #4294967295
10008fc8:	461a      	mov	r2, r3
10008fca:	e7e3      	b.n	10008f94 <main+0xe00>
10008fcc:	4b19      	ldr	r3, [pc, #100]	@ (10009034 <main+0xea0>)
10008fce:	f103 0240 	add.w	r2, r3, #64	@ 0x40
10008fd2:	e61f      	b.n	10008c14 <main+0xa80>
10008fd4:	4a18      	ldr	r2, [pc, #96]	@ (10009038 <main+0xea4>)
10008fd6:	4919      	ldr	r1, [pc, #100]	@ (1000903c <main+0xea8>)
10008fd8:	f7ff b98b 	b.w	100082f2 <main+0x15e>
10008fdc:	200372c8 	.word	0x200372c8
10008fe0:	20035ac0 	.word	0x20035ac0
10008fe4:	ba16cc69 	.word	0xba16cc69
10008fe8:	381e0d94 	.word	0x381e0d94
10008fec:	3b80ca16 	.word	0x3b80ca16
10008ff0:	bc8bcace 	.word	0xbc8bcace
10008ff4:	3d63a0bb 	.word	0x3d63a0bb
10008ff8:	be2218e1 	.word	0xbe2218e1
10008ffc:	3f1dcc2b 	.word	0x3f1dcc2b
10009000:	b40391f7 	.word	0xb40391f7
10009004:	20035ac8 	.word	0x20035ac8
10009008:	20037ac8 	.word	0x20037ac8
1000900c:	200362c8 	.word	0x200362c8
10009010:	20038ac0 	.word	0x20038ac0
10009014:	200047b0 	.word	0x200047b0
10009018:	20034ac8 	.word	0x20034ac8
1000901c:	20004848 	.word	0x20004848
10009020:	00017700 	.word	0x00017700
10009024:	1000b500 	.word	0x1000b500
10009028:	1000b350 	.word	0x1000b350
1000902c:	40073000 	.word	0x40073000
10009030:	400b0000 	.word	0x400b0000
10009034:	200019c0 	.word	0x200019c0
10009038:	200017f4 	.word	0x200017f4
1000903c:	20001134 	.word	0x20001134

10009040 <generic_save_state>:
10009040:	b086      	sub	sp, #24
10009042:	b403      	push	{r0, r1}
10009044:	fc51 0408 	dcp_pxmd r0, r1
10009048:	e9cd 0102 	strd	r0, r1, [sp, #8]
1000904c:	fc51 0409 	dcp_pymd r0, r1
10009050:	e9cd 0104 	strd	r0, r1, [sp, #16]
10009054:	ec51 040a 	dcp_refd r0, r1
10009058:	e9cd 0106 	strd	r0, r1, [sp, #24]
1000905c:	bc03      	pop	{r0, r1}
1000905e:	47f0      	blx	lr

10009060 <generic_restore_state>:
10009060:	e8bd 5000 	ldmia.w	sp!, {ip, lr}
10009064:	ec4e c400 	dcp_wxmd ip, lr
10009068:	e8bd 5000 	ldmia.w	sp!, {ip, lr}
1000906c:	ec4e c401 	dcp_wymd ip, lr
10009070:	e8bd 5000 	ldmia.w	sp!, {ip, lr}
10009074:	ec4e c402 	dcp_wefd ip, lr
10009078:	bd00      	pop	{pc}
1000907a:	0000      	movs	r0, r0
1000907c:	b500      	push	{lr}
1000907e:	f7ff ffdf 	bl	10009040 <generic_save_state>
10009082:	e002      	b.n	1000908a <__wrap___aeabi_dadd+0x6>

10009084 <__wrap___aeabi_dadd>:
10009084:	fe10 f430 	dcp_pcmp APSR_nzcv
10009088:	d4f8      	bmi.n	1000907c <generic_restore_state+0x1c>
1000908a:	ec41 0410 	dcp_wxup r0, r1
1000908e:	ec43 2411 	dcp_wyup r2, r3
10009092:	ee00 0401 	dcp_add0
10009096:	ee10 0401 	dcp_add1
1000909a:	ee80 0420 	dcp_nrdd
1000909e:	ec51 0410 	dcp_rdda r0, r1
100090a2:	4770      	bx	lr
100090a4:	b500      	push	{lr}
100090a6:	f7ff ffcb 	bl	10009040 <generic_save_state>
100090aa:	e002      	b.n	100090b2 <__wrap___aeabi_dsub+0x6>

100090ac <__wrap___aeabi_dsub>:
100090ac:	fe10 f430 	dcp_pcmp APSR_nzcv
100090b0:	d4f8      	bmi.n	100090a4 <__wrap___aeabi_dadd+0x20>
100090b2:	ec41 0410 	dcp_wxup r0, r1
100090b6:	ec43 2411 	dcp_wyup r2, r3
100090ba:	ee00 0401 	dcp_add0
100090be:	ee10 0421 	dcp_sub1
100090c2:	ee80 0420 	dcp_nrdd
100090c6:	ec51 0430 	dcp_rdds r0, r1
100090ca:	4770      	bx	lr
100090cc:	b500      	push	{lr}
100090ce:	f7ff ffb7 	bl	10009040 <generic_save_state>
100090d2:	e002      	b.n	100090da <__wrap___aeabi_dmul+0x6>

100090d4 <__wrap___aeabi_dmul>:
100090d4:	fe10 f430 	dcp_pcmp APSR_nzcv
100090d8:	d4f8      	bmi.n	100090cc <__wrap___aeabi_dsub+0x20>
100090da:	b510      	push	{r4, lr}
100090dc:	ec41 0410 	dcp_wxup r0, r1
100090e0:	ec43 2411 	dcp_wyup r2, r3
100090e4:	ec51 0404 	dcp_rxms r0, r1, #0x0
100090e8:	ec53 2405 	dcp_ryms r2, r3, #0x0
100090ec:	fba0 4c02 	umull	r4, ip, r0, r2
100090f0:	f05f 0e00 	movs.w	lr, #0
100090f4:	fbe0 ce03 	umlal	ip, lr, r0, r3
100090f8:	fbe1 ce02 	umlal	ip, lr, r1, r2
100090fc:	ec4c 4420 	dcp_wxms r4, ip
10009100:	2400      	movs	r4, #0
10009102:	fbe1 e403 	umlal	lr, r4, r1, r3
10009106:	ec44 e430 	dcp_wxmo lr, r4
1000910a:	ee80 0420 	dcp_nrdd
1000910e:	ec51 0450 	dcp_rddm r0, r1
10009112:	e8bd 4010 	ldmia.w	sp!, {r4, lr}
10009116:	4770      	bx	lr
10009118:	b500      	push	{lr}
1000911a:	f7ff ff91 	bl	10009040 <generic_save_state>
1000911e:	e002      	b.n	10009126 <__wrap___aeabi_ddiv+0x6>

10009120 <__wrap___aeabi_ddiv>:
10009120:	fe10 f430 	dcp_pcmp APSR_nzcv
10009124:	d4f8      	bmi.n	10009118 <__wrap___aeabi_dmul+0x44>
10009126:	ec41 0410 	dcp_wxup r0, r1
1000912a:	ec43 2411 	dcp_wyup r2, r3
1000912e:	ec51 0421 	dcp_rymr r0, r1
10009132:	fba0 1201 	umull	r1, r2, r0, r1
10009136:	ea6f 0282 	mvn.w	r2, r2, lsl #2
1000913a:	fb52 0010 	smmlar	r0, r2, r0, r0
1000913e:	fb52 f212 	smmulr	r2, r2, r2
10009142:	fb52 0010 	smmlar	r0, r2, r0, r0
10009146:	eba0 7cd0 	sub.w	ip, r0, r0, lsr #31
1000914a:	ec53 2404 	dcp_rxms r2, r3, #0x0
1000914e:	fb5c f113 	smmulr	r1, ip, r3
10009152:	ec53 2415 	dcp_ryms r2, r3, #0x1
10009156:	fba1 2002 	umull	r2, r0, r1, r2
1000915a:	fb01 0003 	mla	r0, r1, r3, r0
1000915e:	ec53 2444 	dcp_rxms r2, r3, #0x4
10009162:	eba2 0000 	sub.w	r0, r2, r0
10009166:	fb50 f21c 	smmulr	r2, r0, ip
1000916a:	ea4f 1311 	mov.w	r3, r1, lsr #4
1000916e:	eb12 7001 	adds.w	r0, r2, r1, lsl #28
10009172:	eb43 71e2 	adc.w	r1, r3, r2, asr #31
10009176:	ea40 5051 	orr.w	r0, r0, r1, lsr #21
1000917a:	ea20 5091 	bic.w	r0, r0, r1, lsr #22
1000917e:	f020 0007 	bic.w	r0, r0, #7
10009182:	ec53 2475 	dcp_ryms r2, r3, #0x7
10009186:	fba0 3c02 	umull	r3, ip, r0, r2
1000918a:	ec53 2475 	dcp_ryms r2, r3, #0x7
1000918e:	fb00 cc03 	mla	ip, r0, r3, ip
10009192:	fb01 cc02 	mla	ip, r1, r2, ip
10009196:	ec53 2404 	dcp_rxms r2, r3, #0x0
1000919a:	ebac 4c82 	sub.w	ip, ip, r2, lsl #18
1000919e:	ea40 705c 	orr.w	r0, r0, ip, lsr #29
100091a2:	f1a0 0001 	sub.w	r0, r0, #1
100091a6:	ec41 0440 	dcp_wxdd r0, r1
100091aa:	ee80 0420 	dcp_nrdd
100091ae:	ec51 0470 	dcp_rddd r0, r1
100091b2:	4770      	bx	lr
100091b4:	b500      	push	{lr}
100091b6:	f7ff ff43 	bl	10009040 <generic_save_state>
100091ba:	e002      	b.n	100091c2 <__wrap___aeabi_d2f+0x6>

100091bc <__wrap___aeabi_d2f>:
100091bc:	fe10 f430 	dcp_pcmp APSR_nzcv
100091c0:	d4f8      	bmi.n	100091b4 <__wrap___aeabi_ddiv+0x94>
100091c2:	ec41 0410 	dcp_wxup r0, r1
100091c6:	ee80 0422 	dcp_nrdf
100091ca:	ee10 04b2 	dcp_rdfg r0
100091ce:	4770      	bx	lr
100091d0:	b500      	push	{lr}
100091d2:	f7ff ff35 	bl	10009040 <generic_save_state>
100091d6:	e002      	b.n	100091de <__wrap___aeabi_i2d+0x6>

100091d8 <__wrap___aeabi_i2d>:
100091d8:	fe10 f430 	dcp_pcmp APSR_nzcv
100091dc:	d4f8      	bmi.n	100091d0 <__wrap___aeabi_d2f+0x14>
100091de:	ec40 0470 	dcp_wxic r0, r0
100091e2:	ee00 0401 	dcp_add0
100091e6:	ee10 0421 	dcp_sub1
100091ea:	ee80 0420 	dcp_nrdd
100091ee:	ec51 0430 	dcp_rdds r0, r1
100091f2:	4770      	bx	lr
100091f4:	b500      	push	{lr}
100091f6:	f7ff ff23 	bl	10009040 <generic_save_state>
100091fa:	e002      	b.n	10009202 <__wrap___aeabi_ui2d+0x6>

100091fc <__wrap___aeabi_ui2d>:
100091fc:	fe10 f430 	dcp_pcmp APSR_nzcv
10009200:	d4f8      	bmi.n	100091f4 <__wrap___aeabi_i2d+0x1c>
10009202:	ec40 0460 	dcp_wxuc r0, r0
10009206:	ee00 0401 	dcp_add0
1000920a:	ee10 0421 	dcp_sub1
1000920e:	ee80 0420 	dcp_nrdd
10009212:	ec51 0430 	dcp_rdds r0, r1
10009216:	4770      	bx	lr
10009218:	b500      	push	{lr}
1000921a:	f7ff ff11 	bl	10009040 <generic_save_state>
1000921e:	e002      	b.n	10009226 <double2int_z_entry>

10009220 <__wrap___aeabi_d2iz>:
10009220:	fe10 f430 	dcp_pcmp APSR_nzcv
10009224:	d4f8      	bmi.n	10009218 <__wrap___aeabi_ui2d+0x1c>

10009226 <double2int_z_entry>:
10009226:	ec41 0480 	dcp_wxdc r0, r1
1000922a:	ee00 0401 	dcp_add0
1000922e:	ee10 0401 	dcp_add1
10009232:	ee80 0440 	dcp_ntdc
10009236:	ee10 0413 	dcp_rdic r0
1000923a:	4770      	bx	lr
1000923c:	b500      	push	{lr}
1000923e:	f7ff feff 	bl	10009040 <generic_save_state>
10009242:	e002      	b.n	1000924a <double2uint_z_entry>

10009244 <__wrap___aeabi_d2uiz>:
10009244:	fe10 f430 	dcp_pcmp APSR_nzcv
10009248:	d4f8      	bmi.n	1000923c <double2int_z_entry+0x16>

1000924a <double2uint_z_entry>:
1000924a:	ec41 0480 	dcp_wxdc r0, r1
1000924e:	ee00 0401 	dcp_add0
10009252:	ee10 0401 	dcp_add1
10009256:	ee80 0440 	dcp_ntdc
1000925a:	ee10 0433 	dcp_rduc r0
1000925e:	4770      	bx	lr
10009260:	b500      	push	{lr}
10009262:	f7ff feed 	bl	10009040 <generic_save_state>
10009266:	e002      	b.n	1000926e <__wrap___aeabi_dcmpeq+0x6>

10009268 <__wrap___aeabi_dcmpeq>:
10009268:	fe10 f430 	dcp_pcmp APSR_nzcv
1000926c:	d4f8      	bmi.n	10009260 <double2uint_z_entry+0x16>
1000926e:	ec41 0410 	dcp_wxup r0, r1
10009272:	ec43 2411 	dcp_wyup r2, r3
10009276:	ee00 0401 	dcp_add0
1000927a:	ee10 0430 	dcp_rcmp r0
1000927e:	f3c0 7080 	ubfx	r0, r0, #30, #1
10009282:	4770      	bx	lr
10009284:	b500      	push	{lr}
10009286:	f7ff fedb 	bl	10009040 <generic_save_state>
1000928a:	e002      	b.n	10009292 <__wrap___aeabi_dcmplt+0x6>

1000928c <__wrap___aeabi_dcmplt>:
1000928c:	fe10 f430 	dcp_pcmp APSR_nzcv
10009290:	d4f8      	bmi.n	10009284 <__wrap___aeabi_dcmpeq+0x1c>
10009292:	ec43 2410 	dcp_wxup r2, r3
10009296:	ec41 0411 	dcp_wyup r0, r1
1000929a:	ee00 0401 	dcp_add0
1000929e:	ee10 f430 	dcp_rcmp APSR_nzcv
100092a2:	bf8c      	ite	hi
100092a4:	2001      	movhi	r0, #1
100092a6:	2000      	movls	r0, #0
100092a8:	4770      	bx	lr
100092aa:	bf00      	nop
100092ac:	b500      	push	{lr}
100092ae:	f7ff fec7 	bl	10009040 <generic_save_state>
100092b2:	e002      	b.n	100092ba <__wrap___aeabi_dcmpge+0x6>

100092b4 <__wrap___aeabi_dcmpge>:
100092b4:	fe10 f430 	dcp_pcmp APSR_nzcv
100092b8:	d4f8      	bmi.n	100092ac <__wrap___aeabi_dcmplt+0x20>
100092ba:	ec41 0410 	dcp_wxup r0, r1
100092be:	ec43 2411 	dcp_wyup r2, r3
100092c2:	ee00 0401 	dcp_add0
100092c6:	ee10 f430 	dcp_rcmp APSR_nzcv
100092ca:	bf2c      	ite	cs
100092cc:	2001      	movcs	r0, #1
100092ce:	2000      	movcc	r0, #0
100092d0:	4770      	bx	lr
100092d2:	bf00      	nop
100092d4:	b500      	push	{lr}
100092d6:	f7ff feb3 	bl	10009040 <generic_save_state>
100092da:	e002      	b.n	100092e2 <__wrap___aeabi_dcmpgt+0x6>

100092dc <__wrap___aeabi_dcmpgt>:
100092dc:	fe10 f430 	dcp_pcmp APSR_nzcv
100092e0:	d4f8      	bmi.n	100092d4 <__wrap___aeabi_dcmpge+0x20>
100092e2:	ec41 0410 	dcp_wxup r0, r1
100092e6:	ec43 2411 	dcp_wyup r2, r3
100092ea:	ee00 0401 	dcp_add0
100092ee:	ee10 f430 	dcp_rcmp APSR_nzcv
100092f2:	bf8c      	ite	hi
100092f4:	2001      	movhi	r0, #1
100092f6:	2000      	movls	r0, #0
100092f8:	4770      	bx	lr
100092fa:	bf00      	nop

100092fc <dnegpack_q63>:
100092fc:	4240      	negs	r0, r0
100092fe:	eb61 0141 	sbc.w	r1, r1, r1, lsl #1

10009302 <dpack_q63>:
10009302:	f240 34f3 	movw	r4, #1011	@ 0x3f3

10009306 <dpack_q>:
10009306:	fab1 f281 	clz	r2, r1
1000930a:	2a0c      	cmp	r2, #12
1000930c:	d20c      	bcs.n	10009328 <dpack_q+0x22>
1000930e:	3215      	adds	r2, #21
10009310:	fa11 f302 	lsls.w	r3, r1, r2
10009314:	f1c2 0220 	rsb	r2, r2, #32
10009318:	40d0      	lsrs	r0, r2
1000931a:	fa21 f102 	lsr.w	r1, r1, r2
1000931e:	4422      	add	r2, r4
10009320:	4158      	adcs	r0, r3
10009322:	eb41 5102 	adc.w	r1, r1, r2, lsl #20
10009326:	4770      	bx	lr
10009328:	b169      	cbz	r1, 10009346 <dpack_q+0x40>
1000932a:	f1c2 022b 	rsb	r2, r2, #43	@ 0x2b
1000932e:	fa30 f302 	lsrs.w	r3, r0, r2
10009332:	f1c2 0220 	rsb	r2, r2, #32
10009336:	4091      	lsls	r1, r2
10009338:	4090      	lsls	r0, r2
1000933a:	4319      	orrs	r1, r3
1000933c:	eba4 0202 	sub.w	r2, r4, r2
10009340:	eb01 5102 	add.w	r1, r1, r2, lsl #20
10009344:	4770      	bx	lr
10009346:	0001      	movs	r1, r0
10009348:	f04f 0000 	mov.w	r0, #0
1000934c:	f1a4 0420 	sub.w	r4, r4, #32
10009350:	d1d9      	bne.n	10009306 <dpack_q>
10009352:	4770      	bx	lr

10009354 <dreduce>:
10009354:	2701      	movs	r7, #1
10009356:	f367 511f 	bfi	r1, r7, #20, #12
1000935a:	fa17 f803 	lsls.w	r8, r7, r3
1000935e:	d017      	beq.n	10009390 <dreduce+0x3c>
10009360:	fba0 0708 	umull	r0, r7, r0, r8
10009364:	fb01 7108 	mla	r1, r1, r8, r7
10009368:	fba1 7806 	umull	r7, r8, r1, r6
1000936c:	ea5f 46d8 	movs.w	r6, r8, lsr #19
10009370:	1992      	adds	r2, r2, r6
10009372:	fba6 7804 	umull	r7, r8, r6, r4
10009376:	fb06 8805 	mla	r8, r6, r5, r8
1000937a:	0309      	lsls	r1, r1, #12
1000937c:	ea51 5110 	orrs.w	r1, r1, r0, lsr #20
10009380:	ebd7 3000 	rsbs	r0, r7, r0, lsl #12
10009384:	eb61 0108 	sbc.w	r1, r1, r8
10009388:	42a9      	cmp	r1, r5
1000938a:	bf38      	it	cc
1000938c:	4770      	bxcc	lr
1000938e:	e00b      	b.n	100093a8 <dreduce+0x54>
10009390:	330c      	adds	r3, #12
10009392:	2701      	movs	r7, #1
10009394:	fa17 f803 	lsls.w	r8, r7, r3
10009398:	d00f      	beq.n	100093ba <dreduce+0x66>
1000939a:	fba0 0708 	umull	r0, r7, r0, r8
1000939e:	fb01 7108 	mla	r1, r1, r8, r7
100093a2:	42a9      	cmp	r1, r5
100093a4:	bf38      	it	cc
100093a6:	4770      	bxcc	lr
100093a8:	bf08      	it	eq
100093aa:	42a0      	cmpeq	r0, r4
100093ac:	bf38      	it	cc
100093ae:	4770      	bxcc	lr
100093b0:	1b00      	subs	r0, r0, r4
100093b2:	eb61 0105 	sbc.w	r1, r1, r5
100093b6:	3201      	adds	r2, #1
100093b8:	4770      	bx	lr
100093ba:	f103 0320 	add.w	r3, r3, #32
100093be:	fa11 f603 	lsls.w	r6, r1, r3
100093c2:	f1d3 0320 	rsbs	r3, r3, #32
100093c6:	40d8      	lsrs	r0, r3
100093c8:	40d9      	lsrs	r1, r3
100093ca:	4330      	orrs	r0, r6
100093cc:	4770      	bx	lr
	...

100093d0 <exptab0>:
	...
100093d8:	08b15304 	.word	0x08b15304
100093dc:	0f851860 	.word	0x0f851860
100093e0:	2af2e5c8 	.word	0x2af2e5c8
100093e4:	1e27076e 	.word	0x1e27076e
100093e8:	21b2120d 	.word	0x21b2120d
100093ec:	2f571204 	.word	0x2f571204
100093f0:	bc7c5512 	.word	0xbc7c5512
100093f4:	3f7230da 	.word	0x3f7230da
100093f8:	a517a717 	.word	0xa517a717
100093fc:	4e993155 	.word	0x4e993155
10009400:	0abf0d9d 	.word	0x0abf0d9d
10009404:	5fabe0ee 	.word	0x5fabe0ee
10009408:	9c6defe3 	.word	0x9c6defe3
1000940c:	6fad3676 	.word	0x6fad3676
10009410:	e3cc7b69 	.word	0xe3cc7b69
10009414:	7ebd623d 	.word	0x7ebd623d
10009418:	820681f0 	.word	0x820681f0
1000941c:	8f42faf3 	.word	0x8f42faf3
10009420:	8ab7d537 	.word	0x8ab7d537
10009424:	9ec81353 	.word	0x9ec81353
10009428:	20b3ab7f 	.word	0x20b3ab7f
1000942c:	af701549 	.word	0xaf701549

10009430 <exptab1>:
	...
10009438:	15885e02 	.word	0x15885e02
1000943c:	00ff8055 	.word	0x00ff8055
10009440:	b1067890 	.word	0xb1067890
10009444:	01fe02a6 	.word	0x01fe02a6
10009448:	f0214edc 	.word	0xf0214edc
1000944c:	02fb88eb 	.word	0x02fb88eb
10009450:	1f807c7a 	.word	0x1f807c7a
10009454:	03f81516 	.word	0x03f81516
10009458:	d1a95d3c 	.word	0xd1a95d3c
1000945c:	04f3a910 	.word	0x04f3a910
10009460:	f56c46aa 	.word	0xf56c46aa
10009464:	05ee46c1 	.word	0x05ee46c1
10009468:	ebe465ff 	.word	0xebe465ff
1000946c:	06e7f009 	.word	0x06e7f009
10009470:	9e0cc013 	.word	0x9e0cc013
10009474:	07e0a6c3 	.word	0x07e0a6c3
10009478:	91ecbfe1 	.word	0x91ecbfe1
1000947c:	08d86cc4 	.word	0x08d86cc4
10009480:	ff5eafd5 	.word	0xff5eafd5
10009484:	09cf43dc 	.word	0x09cf43dc
10009488:	e4726a46 	.word	0xe4726a46
1000948c:	0ac52dd7 	.word	0x0ac52dd7
10009490:	196e7e23 	.word	0x196e7e23
10009494:	0bba2c7b 	.word	0x0bba2c7b
10009498:	6471f5bf 	.word	0x6471f5bf
1000949c:	0cae4187 	.word	0x0cae4187
100094a0:	8cb8df61 	.word	0x8cb8df61
100094a4:	0da16eb8 	.word	0x0da16eb8
100094a8:	6d85a909 	.word	0x6d85a909
100094ac:	0e93b5c5 	.word	0x0e93b5c5
100094b0:	08b15331 	.word	0x08b15331
100094b4:	0f851860 	.word	0x0f851860
100094b8:	98e47130 	.word	0x98e47130
100094bc:	10759835 	.word	0x10759835

100094c0 <exptab2>:
100094c0:	05551559 	.word	0x05551559
100094c4:	000fff80 	.word	0x000fff80
100094c8:	8febc309 	.word	0x8febc309
100094cc:	002ffb80 	.word	0x002ffb80
100094d0:	9a0e91b1 	.word	0x9a0e91b1
100094d4:	004ff382 	.word	0x004ff382
100094d8:	22fde71f 	.word	0x22fde71f
100094dc:	006fe787 	.word	0x006fe787
100094e0:	299aa0c3 	.word	0x299aa0c3
100094e4:	008fd78f 	.word	0x008fd78f
100094e8:	ac66434f 	.word	0xac66434f
100094ec:	00afc39b 	.word	0x00afc39b
100094f0:	a9832a41 	.word	0xa9832a41
100094f4:	00cfabad 	.word	0x00cfabad
100094f8:	1eb4b74f 	.word	0x1eb4b74f
100094fc:	00ef8fc6 	.word	0x00ef8fc6
10009500:	095f81b6 	.word	0x095f81b6
10009504:	010f6fe6 	.word	0x010f6fe6
10009508:	66898567 	.word	0x66898567
1000950c:	012f4c0e 	.word	0x012f4c0e
10009510:	32da521a 	.word	0x32da521a
10009514:	014f2440 	.word	0x014f2440
10009518:	6a9b3a48 	.word	0x6a9b3a48
1000951c:	016ef87c 	.word	0x016ef87c
10009520:	09b781ff 	.word	0x09b781ff
10009524:	018ec8c4 	.word	0x018ec8c4
10009528:	0bbc8d9c 	.word	0x0bbc8d9c
1000952c:	01ae9518 	.word	0x01ae9518
10009530:	6bda1070 	.word	0x6bda1070
10009534:	01ce5d79 	.word	0x01ce5d79
10009538:	24e23b3a 	.word	0x24e23b3a
1000953c:	01ee21e9 	.word	0x01ee21e9

10009540 <logtab0>:
10009540:	33957338 	.word	0x33957338
10009544:	a0ec7f42 	.word	0xa0ec7f42
10009548:	f5fa1431 	.word	0xf5fa1431
1000954c:	918986bd 	.word	0x918986bd
10009550:	e6fa026b 	.word	0xe6fa026b
10009554:	8391f2e0 	.word	0x8391f2e0
10009558:	071282e6 	.word	0x071282e6
1000955c:	7751a813 	.word	0x7751a813
10009560:	68212621 	.word	0x68212621
10009564:	6a73b26a 	.word	0x6a73b26a
10009568:	0abf0d9d 	.word	0x0abf0d9d
1000956c:	5fabe0ee 	.word	0x5fabe0ee
10009570:	b7e0b419 	.word	0xb7e0b419
10009574:	546ab61c 	.word	0x546ab61c
10009578:	3de59695 	.word	0x3de59695
1000957c:	48a507ef 	.word	0x48a507ef
10009580:	55e5cbd1 	.word	0x55e5cbd1
10009584:	3c4e0edc 	.word	0x3c4e0edc
10009588:	e8ad68ce 	.word	0xe8ad68ce
1000958c:	32a4b539 	.word	0x32a4b539
10009590:	96fa3ccb 	.word	0x96fa3ccb
10009594:	289a56d9 	.word	0x289a56d9
10009598:	a11cb2c9 	.word	0xa11cb2c9
1000959c:	21aefcf9 	.word	0x21aefcf9
100095a0:	e56b4b86 	.word	0xe56b4b86
100095a4:	16f0d28a 	.word	0x16f0d28a
100095a8:	08b15304 	.word	0x08b15304
100095ac:	0f851860 	.word	0x0f851860
100095b0:	9e0cc002 	.word	0x9e0cc002
100095b4:	07e0a6c3 	.word	0x07e0a6c3
	...

100095c0 <exprrdata>:
100095c0:	d1cf79ac 	.word	0xd1cf79ac
100095c4:	b17217f7 	.word	0xb17217f7
100095c8:	b8aa3b29 	.word	0xb8aa3b29
100095cc:	ea4f 20c1 	mov.w	r0, r1, lsl #11
100095d0:	f040 4000 	orr.w	r0, r0, #2147483648	@ 0x80000000
100095d4:	0049      	lsls	r1, r1, #1
100095d6:	f143 0320 	adc.w	r3, r3, #32
100095da:	f240 0100 	movw	r1, #0
100095de:	f6c3 71f0 	movt	r1, #16368	@ 0x3ff0
100095e2:	f1c3 030b 	rsb	r3, r3, #11
100095e6:	fa20 f003 	lsr.w	r0, r0, r3
100095ea:	bf38      	it	cc
100095ec:	4770      	bxcc	lr
100095ee:	4240      	negs	r0, r0
100095f0:	f161 0100 	sbc.w	r1, r1, #0
100095f4:	4770      	bx	lr

100095f6 <__wrap_exp>:
100095f6:	ea5f 7cd1 	movs.w	ip, r1, lsr #31
100095fa:	f3c1 530a 	ubfx	r3, r1, #20, #11
100095fe:	f2a3 33ff 	subw	r3, r3, #1023	@ 0x3ff
10009602:	2b0c      	cmp	r3, #12
10009604:	da62      	bge.n	100096cc <__wrap_exp+0xd6>
10009606:	f113 0f20 	cmn.w	r3, #32
1000960a:	dddf      	ble.n	100095cc <exprrdata+0xc>
1000960c:	e92d 41f0 	stmdb	sp!, {r4, r5, r6, r7, r8, lr}
10009610:	4c3c      	ldr	r4, [pc, #240]	@ (10009704 <__wrap_exp+0x10e>)
10009612:	cc70      	ldmia	r4, {r4, r5, r6}
10009614:	f04f 0200 	mov.w	r2, #0
10009618:	f7ff fe9c 	bl	10009354 <dreduce>
1000961c:	f01c 0f01 	tst.w	ip, #1
10009620:	d004      	beq.n	1000962c <__wrap_exp+0x36>
10009622:	ea6f 0202 	mvn.w	r2, r2
10009626:	1a20      	subs	r0, r4, r0
10009628:	eb65 0101 	sbc.w	r1, r5, r1
1000962c:	f202 3cfe 	addw	ip, r2, #1022	@ 0x3fe
10009630:	f240 73fe 	movw	r3, #2046	@ 0x7fe
10009634:	459c      	cmp	ip, r3
10009636:	d25c      	bcs.n	100096f2 <__wrap_exp+0xfc>
10009638:	0f0a      	lsrs	r2, r1, #28
1000963a:	4b33      	ldr	r3, [pc, #204]	@ (10009708 <__wrap_exp+0x112>)
1000963c:	eb03 03c2 	add.w	r3, r3, r2, lsl #3
10009640:	cb0c      	ldmia	r3, {r2, r3}
10009642:	f002 053f 	and.w	r5, r2, #63	@ 0x3f
10009646:	f045 0540 	orr.w	r5, r5, #64	@ 0x40
1000964a:	1a80      	subs	r0, r0, r2
1000964c:	4199      	sbcs	r1, r3
1000964e:	0e0a      	lsrs	r2, r1, #24
10009650:	4b2e      	ldr	r3, [pc, #184]	@ (1000970c <__wrap_exp+0x116>)
10009652:	eb03 03c2 	add.w	r3, r3, r2, lsl #3
10009656:	cb18      	ldmia	r3, {r3, r4}
10009658:	f502 7280 	add.w	r2, r2, #256	@ 0x100
1000965c:	4355      	muls	r5, r2
1000965e:	1ac0      	subs	r0, r0, r3
10009660:	41a1      	sbcs	r1, r4
10009662:	0d4a      	lsrs	r2, r1, #21
10009664:	4b2a      	ldr	r3, [pc, #168]	@ (10009710 <__wrap_exp+0x11a>)
10009666:	eb03 03c2 	add.w	r3, r3, r2, lsl #3
1000966a:	cb18      	ldmia	r3, {r3, r4}
1000966c:	4412      	add	r2, r2
1000966e:	f502 5280 	add.w	r2, r2, #4096	@ 0x1000
10009672:	fb05 5502 	mla	r5, r5, r2, r5
10009676:	1ac0      	subs	r0, r0, r3
10009678:	41a1      	sbcs	r1, r4
1000967a:	028a      	lsls	r2, r1, #10
1000967c:	ea52 5290 	orrs.w	r2, r2, r0, lsr #22
10009680:	f142 0200 	adc.w	r2, r2, #0
10009684:	fb82 3402 	smull	r3, r4, r2, r2
10009688:	0d5b      	lsrs	r3, r3, #21
1000968a:	ea53 23c4 	orrs.w	r3, r3, r4, lsl #11
1000968e:	18c0      	adds	r0, r0, r3
10009690:	eb41 5154 	adc.w	r1, r1, r4, lsr #21
10009694:	fb84 3402 	smull	r3, r4, r4, r2
10009698:	f04f 3355 	mov.w	r3, #1431655765	@ 0x55555555
1000969c:	fb83 3404 	smull	r3, r4, r3, r4
100096a0:	fb54 f311 	smmulr	r3, r4, r1
100096a4:	eb04 0493 	add.w	r4, r4, r3, lsr #2
100096a8:	eb10 0244 	adds.w	r2, r0, r4, lsl #1
100096ac:	eb41 73e4 	adc.w	r3, r1, r4, asr #31
100096b0:	00e9      	lsls	r1, r5, #3
100096b2:	fba1 4002 	umull	r4, r0, r1, r2
100096b6:	fbc1 0103 	smlal	r0, r1, r1, r3
100096ba:	0a40      	lsrs	r0, r0, #9
100096bc:	eb50 50c1 	adcs.w	r0, r0, r1, lsl #23
100096c0:	ea4f 2151 	mov.w	r1, r1, lsr #9
100096c4:	eb51 510c 	adcs.w	r1, r1, ip, lsl #20
100096c8:	e8bd 81f0 	ldmia.w	sp!, {r4, r5, r6, r7, r8, pc}
100096cc:	f5b3 6f80 	cmp.w	r3, #1024	@ 0x400
100096d0:	d107      	bne.n	100096e2 <__wrap_exp+0xec>
100096d2:	ea50 3201 	orrs.w	r2, r0, r1, lsl #12
100096d6:	bf0c      	ite	eq
100096d8:	ea21 71e1 	biceq.w	r1, r1, r1, asr #31
100096dc:	f441 2100 	orrne.w	r1, r1, #524288	@ 0x80000
100096e0:	4770      	bx	lr
100096e2:	2000      	movs	r0, #0
100096e4:	2100      	movs	r1, #0
100096e6:	f01c 0f01 	tst.w	ip, #1
100096ea:	bf08      	it	eq
100096ec:	f6c7 71f0 	movteq	r1, #32752	@ 0x7ff0
100096f0:	4770      	bx	lr
100096f2:	f04f 0000 	mov.w	r0, #0
100096f6:	f04f 0100 	mov.w	r1, #0
100096fa:	bfa8      	it	ge
100096fc:	f6c7 71f0 	movtge	r1, #32752	@ 0x7ff0
10009700:	e8bd 81f0 	ldmia.w	sp!, {r4, r5, r6, r7, r8, pc}
10009704:	100095c0 	.word	0x100095c0
10009708:	100093d0 	.word	0x100093d0
1000970c:	10009430 	.word	0x10009430
10009710:	100094c0 	.word	0x100094c0
10009714:	f240 0100 	movw	r1, #0
10009718:	f6cf 71f0 	movt	r1, #65520	@ 0xfff0
1000971c:	2000      	movs	r0, #0
1000971e:	4770      	bx	lr
10009720:	ea50 3201 	orrs.w	r2, r0, r1, lsl #12
10009724:	bf18      	it	ne
10009726:	f441 2100 	orrne.w	r1, r1, #524288	@ 0x80000
1000972a:	4770      	bx	lr
1000972c:	ea7f 55a6 	mvns.w	r5, r6, asr #22
10009730:	f040 8119 	bne.w	10009966 <__wrap_log+0x74>
10009734:	f44f 5480 	mov.w	r4, #4096	@ 0x1000
10009738:	e120      	b.n	1000997c <__wrap_log+0x8a>
1000973a:	ea8c 3311 	eor.w	r3, ip, r1, lsr #12
1000973e:	061b      	lsls	r3, r3, #24
10009740:	f040 80ee 	bne.w	10009920 <__wrap_log+0x2e>
10009744:	f1bc 0f00 	cmp.w	ip, #0
10009748:	d167      	bne.n	1000981a <__wrap_exp+0x224>
1000974a:	04c9      	lsls	r1, r1, #19
1000974c:	ea51 3150 	orrs.w	r1, r1, r0, lsr #13
10009750:	04c0      	lsls	r0, r0, #19
10009752:	fab1 f481 	clz	r4, r1
10009756:	2c20      	cmp	r4, #32
10009758:	d24b      	bcs.n	100097f2 <__wrap_exp+0x1fc>
1000975a:	2501      	movs	r5, #1
1000975c:	40a5      	lsls	r5, r4
1000975e:	fba0 2305 	umull	r2, r3, r0, r5
10009762:	fb01 3305 	mla	r3, r1, r5, r3
10009766:	fba0 c503 	umull	ip, r5, r0, r3
1000976a:	fba1 c602 	umull	ip, r6, r1, r2
1000976e:	fbe1 5663 	umaal	r5, r6, r1, r3
10009772:	ebb2 2215 	subs.w	r2, r2, r5, lsr #8
10009776:	f163 0300 	sbc.w	r3, r3, #0
1000977a:	ebb2 6206 	subs.w	r2, r2, r6, lsl #24
1000977e:	eb73 2316 	sbcs.w	r3, r3, r6, lsr #8
10009782:	fba0 c706 	umull	ip, r7, r0, r6
10009786:	fba1 c805 	umull	ip, r8, r1, r5
1000978a:	fbe1 7866 	umaal	r7, r8, r1, r6
1000978e:	f04f 3555 	mov.w	r5, #1431655765	@ 0x55555555
10009792:	fba7 c605 	umull	ip, r6, r7, r5
10009796:	f05f 0c00 	movs.w	ip, #0
1000979a:	fbe8 6c05 	umlal	r6, ip, r8, r5
1000979e:	eb16 060c 	adds.w	r6, r6, ip
100097a2:	f14c 0c00 	adc.w	ip, ip, #0
100097a6:	eb12 3296 	adds.w	r2, r2, r6, lsr #14
100097aa:	f143 0300 	adc.w	r3, r3, #0
100097ae:	eb12 428c 	adds.w	r2, r2, ip, lsl #18
100097b2:	eb43 339c 	adc.w	r3, r3, ip, lsr #14
100097b6:	fb58 f511 	smmulr	r5, r8, r1
100097ba:	f05f 3733 	movs.w	r7, #858993459	@ 0x33333333
100097be:	fb55 f611 	smmulr	r6, r5, r1
100097c2:	fb56 f817 	smmulr	r8, r6, r7
100097c6:	eba5 1758 	sub.w	r7, r5, r8, lsr #5
100097ca:	fb56 f511 	smmulr	r5, r6, r1
100097ce:	f6c2 2680 	movt	r6, #10880	@ 0x2a80
100097d2:	fb56 f515 	smmulr	r5, r6, r5
100097d6:	eb07 3715 	add.w	r7, r7, r5, lsr #12
100097da:	ebb2 2047 	subs.w	r0, r2, r7, lsl #9
100097de:	eb63 51d7 	sbc.w	r1, r3, r7, lsr #23
100097e2:	f5c4 6480 	rsb	r4, r4, #1024	@ 0x400
100097e6:	f1a4 0415 	sub.w	r4, r4, #21
100097ea:	f7ff fd8c 	bl	10009306 <dpack_q>
100097ee:	e8bd 81f0 	ldmia.w	sp!, {r4, r5, r6, r7, r8, pc}
100097f2:	fab0 f480 	clz	r4, r0
100097f6:	fa10 f104 	lsls.w	r1, r0, r4
100097fa:	fba0 2301 	umull	r2, r3, r0, r1
100097fe:	f04f 0000 	mov.w	r0, #0
10009802:	ebb0 2013 	subs.w	r0, r0, r3, lsr #8
10009806:	f161 0100 	sbc.w	r1, r1, #0
1000980a:	f5c4 6480 	rsb	r4, r4, #1024	@ 0x400
1000980e:	f1a4 0435 	sub.w	r4, r4, #53	@ 0x35
10009812:	f7ff fd78 	bl	10009306 <dpack_q>
10009816:	e8bd 81f0 	ldmia.w	sp!, {r4, r5, r6, r7, r8, pc}
1000981a:	0489      	lsls	r1, r1, #18
1000981c:	ea51 3190 	orrs.w	r1, r1, r0, lsr #14
10009820:	0480      	lsls	r0, r0, #18
10009822:	4240      	negs	r0, r0
10009824:	eb61 0141 	sbc.w	r1, r1, r1, lsl #1
10009828:	fab1 f481 	clz	r4, r1
1000982c:	2c20      	cmp	r4, #32
1000982e:	d24e      	bcs.n	100098ce <__wrap_exp+0x2d8>
10009830:	3c01      	subs	r4, #1
10009832:	2501      	movs	r5, #1
10009834:	40a5      	lsls	r5, r4
10009836:	fba0 2305 	umull	r2, r3, r0, r5
1000983a:	fb01 3305 	mla	r3, r1, r5, r3
1000983e:	fba0 c503 	umull	ip, r5, r0, r3
10009842:	fba1 c602 	umull	ip, r6, r1, r2
10009846:	fbe1 5663 	umaal	r5, r6, r1, r3
1000984a:	eb12 2215 	adds.w	r2, r2, r5, lsr #8
1000984e:	f143 0300 	adc.w	r3, r3, #0
10009852:	eb12 6206 	adds.w	r2, r2, r6, lsl #24
10009856:	eb53 2316 	adcs.w	r3, r3, r6, lsr #8
1000985a:	fba0 c706 	umull	ip, r7, r0, r6
1000985e:	fba1 c805 	umull	ip, r8, r1, r5
10009862:	fbe1 7866 	umaal	r7, r8, r1, r6
10009866:	f04f 3555 	mov.w	r5, #1431655765	@ 0x55555555
1000986a:	fba7 c605 	umull	ip, r6, r7, r5
1000986e:	f05f 0c00 	movs.w	ip, #0
10009872:	fbe8 6c05 	umlal	r6, ip, r8, r5
10009876:	eb16 060c 	adds.w	r6, r6, ip
1000987a:	f14c 0c00 	adc.w	ip, ip, #0
1000987e:	eb12 3296 	adds.w	r2, r2, r6, lsr #14
10009882:	f143 0300 	adc.w	r3, r3, #0
10009886:	eb12 428c 	adds.w	r2, r2, ip, lsl #18
1000988a:	eb43 339c 	adc.w	r3, r3, ip, lsr #14
1000988e:	fb58 f511 	smmulr	r5, r8, r1
10009892:	f05f 3733 	movs.w	r7, #858993459	@ 0x33333333
10009896:	fb55 f611 	smmulr	r6, r5, r1
1000989a:	fb56 f817 	smmulr	r8, r6, r7
1000989e:	eb05 1758 	add.w	r7, r5, r8, lsr #5
100098a2:	fb56 f511 	smmulr	r5, r6, r1
100098a6:	f6c2 2680 	movt	r6, #10880	@ 0x2a80
100098aa:	fb56 f515 	smmulr	r5, r6, r5
100098ae:	eb07 3715 	add.w	r7, r7, r5, lsr #12
100098b2:	eb12 2047 	adds.w	r0, r2, r7, lsl #9
100098b6:	eb43 51d7 	adc.w	r1, r3, r7, lsr #23
100098ba:	f5c4 6480 	rsb	r4, r4, #1024	@ 0x400
100098be:	f1a4 0415 	sub.w	r4, r4, #21
100098c2:	f7ff fd20 	bl	10009306 <dpack_q>
100098c6:	f041 4100 	orr.w	r1, r1, #2147483648	@ 0x80000000
100098ca:	e8bd 81f0 	ldmia.w	sp!, {r4, r5, r6, r7, r8, pc}
100098ce:	fab0 f480 	clz	r4, r0
100098d2:	fa10 f104 	lsls.w	r1, r0, r4
100098d6:	fba0 2301 	umull	r2, r3, r0, r1
100098da:	ea4f 2013 	mov.w	r0, r3, lsr #8
100098de:	f5c4 6480 	rsb	r4, r4, #1024	@ 0x400
100098e2:	f1a4 0435 	sub.w	r4, r4, #53	@ 0x35
100098e6:	f7ff fd0e 	bl	10009306 <dpack_q>
100098ea:	f091 4100 	eors.w	r1, r1, #2147483648	@ 0x80000000
100098ee:	e8bd 81f0 	ldmia.w	sp!, {r4, r5, r6, r7, r8, pc}

100098f2 <__wrap_log>:
100098f2:	ea5f 0c41 	movs.w	ip, r1, lsl #1
100098f6:	f4bf af0d 	bcs.w	10009714 <__wrap_exp+0x11e>
100098fa:	ea5f 5c5c 	movs.w	ip, ip, lsr #21
100098fe:	f43f af09 	beq.w	10009714 <__wrap_exp+0x11e>
10009902:	f2ac 3cff 	subw	ip, ip, #1023	@ 0x3ff
10009906:	f5bc 6f80 	cmp.w	ip, #1024	@ 0x400
1000990a:	f43f af09 	beq.w	10009720 <__wrap_exp+0x12a>
1000990e:	2201      	movs	r2, #1
10009910:	f362 511f 	bfi	r1, r2, #20, #12
10009914:	e92d 41f0 	stmdb	sp!, {r4, r5, r6, r7, r8, lr}
10009918:	ebbc 7fec 	cmp.w	ip, ip, asr #31
1000991c:	f43f af0d 	beq.w	1000973a <__wrap_exp+0x144>
10009920:	0c0c      	lsrs	r4, r1, #16
10009922:	4d4e      	ldr	r5, [pc, #312]	@ (10009a5c <__wrap_log+0x16a>)
10009924:	eb05 05c4 	add.w	r5, r5, r4, lsl #3
10009928:	e895 000c 	ldmia.w	r5, {r2, r3}
1000992c:	f002 053f 	and.w	r5, r2, #63	@ 0x3f
10009930:	f105 0540 	add.w	r5, r5, #64	@ 0x40
10009934:	fba5 0600 	umull	r0, r6, r5, r0
10009938:	fb05 6101 	mla	r1, r5, r1, r6
1000993c:	ea6f 44e1 	mvn.w	r4, r1, asr #19
10009940:	f004 041f 	and.w	r4, r4, #31
10009944:	4d46      	ldr	r5, [pc, #280]	@ (10009a60 <__wrap_log+0x16e>)
10009946:	eb05 05c4 	add.w	r5, r5, r4, lsl #3
1000994a:	cd60      	ldmia	r5, {r5, r6}
1000994c:	1952      	adds	r2, r2, r5
1000994e:	eb43 0306 	adc.w	r3, r3, r6
10009952:	f504 7480 	add.w	r4, r4, #256	@ 0x100
10009956:	fba4 0600 	umull	r0, r6, r4, r0
1000995a:	fb04 6601 	mla	r6, r4, r1, r6
1000995e:	ea7f 6426 	mvns.w	r4, r6, asr #24
10009962:	f43f aee3 	beq.w	1000972c <__wrap_exp+0x136>
10009966:	4d3f      	ldr	r5, [pc, #252]	@ (10009a64 <__wrap_log+0x172>)
10009968:	eb05 05c4 	add.w	r5, r5, r4, lsl #3
1000996c:	cd22      	ldmia	r5, {r1, r5}
1000996e:	1852      	adds	r2, r2, r1
10009970:	eb43 0305 	adc.w	r3, r3, r5
10009974:	f241 0501 	movw	r5, #4097	@ 0x1001
10009978:	eb05 0444 	add.w	r4, r5, r4, lsl #1
1000997c:	0464      	lsls	r4, r4, #17
1000997e:	fba4 5000 	umull	r5, r0, r4, r0
10009982:	ebc4 01c4 	rsb	r1, r4, r4, lsl #3
10009986:	fbe4 0106 	umlal	r0, r1, r4, r6
1000998a:	ea80 74e1 	eor.w	r4, r0, r1, asr #31
1000998e:	ea81 75e1 	eor.w	r5, r1, r1, asr #31
10009992:	fba5 6705 	umull	r6, r7, r5, r5
10009996:	fba4 4805 	umull	r4, r8, r4, r5
1000999a:	087f      	lsrs	r7, r7, #1
1000999c:	ea4f 0636 	mov.w	r6, r6, rrx
100099a0:	eb16 0608 	adds.w	r6, r6, r8
100099a4:	f147 0700 	adc.w	r7, r7, #0
100099a8:	028c      	lsls	r4, r1, #10
100099aa:	ea54 5490 	orrs.w	r4, r4, r0, lsr #22
100099ae:	f144 0400 	adc.w	r4, r4, #0
100099b2:	1b80      	subs	r0, r0, r6
100099b4:	eb61 0107 	sbc.w	r1, r1, r7
100099b8:	fb54 f514 	smmulr	r5, r4, r4
100099bc:	fb55 f614 	smmulr	r6, r5, r4
100099c0:	fb55 f715 	smmulr	r7, r5, r5
100099c4:	f04f 3455 	mov.w	r4, #1431655765	@ 0x55555555
100099c8:	fb56 f614 	smmulr	r6, r6, r4
100099cc:	ebb6 3617 	subs.w	r6, r6, r7, lsr #12
100099d0:	eb10 0086 	adds.w	r0, r0, r6, lsl #2
100099d4:	eb41 71a6 	adc.w	r1, r1, r6, asr #30
100099d8:	1a10      	subs	r0, r2, r0
100099da:	eb63 0101 	sbc.w	r1, r3, r1
100099de:	4a22      	ldr	r2, [pc, #136]	@ (10009a68 <__wrap_log+0x176>)
100099e0:	ca24      	ldmia	r2, {r2, r5}
100099e2:	f11c 0c01 	adds.w	ip, ip, #1
100099e6:	dd0b      	ble.n	10009a00 <__wrap_log+0x10e>
100099e8:	fba2 230c 	umull	r2, r3, r2, ip
100099ec:	2400      	movs	r4, #0
100099ee:	fbe5 340c 	umlal	r3, r4, r5, ip
100099f2:	1a12      	subs	r2, r2, r0
100099f4:	418b      	sbcs	r3, r1
100099f6:	f164 0400 	sbc.w	r4, r4, #0
100099fa:	f05f 4180 	movs.w	r1, #1073741824	@ 0x40000000
100099fe:	e00c      	b.n	10009a1a <__wrap_log+0x128>
10009a00:	f1dc 0c00 	rsbs	ip, ip, #0
10009a04:	fba2 230c 	umull	r2, r3, r2, ip
10009a08:	2400      	movs	r4, #0
10009a0a:	fbe5 340c 	umlal	r3, r4, r5, ip
10009a0e:	1882      	adds	r2, r0, r2
10009a10:	414b      	adcs	r3, r1
10009a12:	f144 0400 	adc.w	r4, r4, #0
10009a16:	f05f 4140 	movs.w	r1, #3221225472	@ 0xc0000000
10009a1a:	b94c      	cbnz	r4, 10009a30 <__wrap_log+0x13e>
10009a1c:	001c      	movs	r4, r3
10009a1e:	0013      	movs	r3, r2
10009a20:	2200      	movs	r2, #0
10009a22:	f1b1 7100 	subs.w	r1, r1, #33554432	@ 0x2000000
10009a26:	b91c      	cbnz	r4, 10009a30 <__wrap_log+0x13e>
10009a28:	001c      	movs	r4, r3
10009a2a:	2300      	movs	r3, #0
10009a2c:	f1b1 7100 	subs.w	r1, r1, #33554432	@ 0x2000000
10009a30:	fab4 f584 	clz	r5, r4
10009a34:	f1a5 061d 	sub.w	r6, r5, #29
10009a38:	eba1 5106 	sub.w	r1, r1, r6, lsl #20
10009a3c:	40ac      	lsls	r4, r5
10009a3e:	fa13 f005 	lsls.w	r0, r3, r5
10009a42:	f1c5 0520 	rsb	r5, r5, #32
10009a46:	40eb      	lsrs	r3, r5
10009a48:	431c      	orrs	r4, r3
10009a4a:	40ea      	lsrs	r2, r5
10009a4c:	4310      	orrs	r0, r2
10009a4e:	0ac0      	lsrs	r0, r0, #11
10009a50:	eb50 5044 	adcs.w	r0, r0, r4, lsl #21
10009a54:	eb41 21d4 	adc.w	r1, r1, r4, lsr #11
10009a58:	e8bd 81f0 	ldmia.w	sp!, {r4, r5, r6, r7, r8, pc}
10009a5c:	100094c0 	.word	0x100094c0
10009a60:	10009430 	.word	0x10009430
10009a64:	100094c0 	.word	0x100094c0
10009a68:	100095c0 	.word	0x100095c0

10009a6c <__wrap___aeabi_l2f>:
10009a6c:	2200      	movs	r2, #0

10009a6e <fix642float>:
10009a6e:	2900      	cmp	r1, #0
10009a70:	f280 80a9 	bge.w	10009bc6 <ufix642float>
10009a74:	4240      	negs	r0, r0
10009a76:	eb61 0141 	sbc.w	r1, r1, r1, lsl #1
10009a7a:	b3b1      	cbz	r1, 10009aea <fix642float+0x7c>
10009a7c:	fab1 f381 	clz	r3, r1
10009a80:	3b08      	subs	r3, #8
10009a82:	d416      	bmi.n	10009ab2 <fix642float+0x44>
10009a84:	4099      	lsls	r1, r3
10009a86:	fa10 fc03 	lsls.w	ip, r0, r3
10009a8a:	f1c3 0320 	rsb	r3, r3, #32
10009a8e:	fa20 f003 	lsr.w	r0, r0, r3
10009a92:	ea40 0001 	orr.w	r0, r0, r1
10009a96:	eba2 0203 	sub.w	r2, r2, r3
10009a9a:	f1c2 0295 	rsb	r2, r2, #149	@ 0x95
10009a9e:	eb1c 0c0c 	adds.w	ip, ip, ip
10009aa2:	eb40 50c2 	adc.w	r0, r0, r2, lsl #23
10009aa6:	f040 4000 	orr.w	r0, r0, #2147483648	@ 0x80000000
10009aaa:	d020      	beq.n	10009aee <fix642float+0x80>
10009aac:	2afe      	cmp	r2, #254	@ 0xfe
10009aae:	d216      	bcs.n	10009ade <fix642float+0x70>
10009ab0:	4770      	bx	lr
10009ab2:	f103 0321 	add.w	r3, r3, #33	@ 0x21
10009ab6:	fa11 fc03 	lsls.w	ip, r1, r3
10009aba:	ea5c 0c00 	orrs.w	ip, ip, r0
10009abe:	f1c3 0321 	rsb	r3, r3, #33	@ 0x21
10009ac2:	fa21 f003 	lsr.w	r0, r1, r3
10009ac6:	eba3 0202 	sub.w	r2, r3, r2
10009aca:	f102 02b5 	add.w	r2, r2, #181	@ 0xb5
10009ace:	eb40 50c2 	adc.w	r0, r0, r2, lsl #23
10009ad2:	f040 4000 	orr.w	r0, r0, #2147483648	@ 0x80000000
10009ad6:	d00a      	beq.n	10009aee <fix642float+0x80>
10009ad8:	2afe      	cmp	r2, #254	@ 0xfe
10009ada:	bf38      	it	cc
10009adc:	4770      	bxcc	lr
10009ade:	f04f 4000 	mov.w	r0, #2147483648	@ 0x80000000
10009ae2:	bfa8      	it	ge
10009ae4:	f6cf 7080 	movtge	r0, #65408	@ 0xff80
10009ae8:	4770      	bx	lr
10009aea:	4611      	mov	r1, r2
10009aec:	e00a      	b.n	10009b04 <fix2float_neg>
10009aee:	bf28      	it	cs
10009af0:	f020 0001 	biccs.w	r0, r0, #1
10009af4:	2afe      	cmp	r2, #254	@ 0xfe
10009af6:	bf38      	it	cc
10009af8:	4770      	bxcc	lr
10009afa:	e7f0      	b.n	10009ade <fix642float+0x70>

10009afc <fix2float>:
10009afc:	2800      	cmp	r0, #0
10009afe:	f280 8033 	bge.w	10009b68 <ufix2float>
10009b02:	4240      	negs	r0, r0

10009b04 <fix2float_neg>:
10009b04:	fab0 f380 	clz	r3, r0
10009b08:	3b08      	subs	r3, #8
10009b0a:	d40c      	bmi.n	10009b26 <fix2float_neg+0x22>
10009b0c:	4098      	lsls	r0, r3
10009b0e:	eb01 0203 	add.w	r2, r1, r3
10009b12:	f1c2 0295 	rsb	r2, r2, #149	@ 0x95
10009b16:	eb00 50c2 	add.w	r0, r0, r2, lsl #23
10009b1a:	f040 4000 	orr.w	r0, r0, #2147483648	@ 0x80000000
10009b1e:	2afe      	cmp	r2, #254	@ 0xfe
10009b20:	bf38      	it	cc
10009b22:	4770      	bxcc	lr
10009b24:	e013      	b.n	10009b4e <fix2float_neg+0x4a>
10009b26:	f103 0321 	add.w	r3, r3, #33	@ 0x21
10009b2a:	fa10 fc03 	lsls.w	ip, r0, r3
10009b2e:	f1c3 0321 	rsb	r3, r3, #33	@ 0x21
10009b32:	fa20 f003 	lsr.w	r0, r0, r3
10009b36:	eba3 0201 	sub.w	r2, r3, r1
10009b3a:	f102 0295 	add.w	r2, r2, #149	@ 0x95
10009b3e:	eb40 50c2 	adc.w	r0, r0, r2, lsl #23
10009b42:	f040 4000 	orr.w	r0, r0, #2147483648	@ 0x80000000
10009b46:	d008      	beq.n	10009b5a <fix2float_neg+0x56>
10009b48:	2afe      	cmp	r2, #254	@ 0xfe
10009b4a:	bf38      	it	cc
10009b4c:	4770      	bxcc	lr
10009b4e:	f04f 4000 	mov.w	r0, #2147483648	@ 0x80000000
10009b52:	bfa8      	it	ge
10009b54:	f040 40ff 	orrge.w	r0, r0, #2139095040	@ 0x7f800000
10009b58:	4770      	bx	lr
10009b5a:	bf28      	it	cs
10009b5c:	f020 0001 	biccs.w	r0, r0, #1
10009b60:	2afe      	cmp	r2, #254	@ 0xfe
10009b62:	bf38      	it	cc
10009b64:	4770      	bxcc	lr
10009b66:	e7f2      	b.n	10009b4e <fix2float_neg+0x4a>

10009b68 <ufix2float>:
10009b68:	b320      	cbz	r0, 10009bb4 <ufix2float+0x4c>
10009b6a:	fab0 f380 	clz	r3, r0
10009b6e:	3b08      	subs	r3, #8
10009b70:	d40a      	bmi.n	10009b88 <ufix2float+0x20>
10009b72:	4098      	lsls	r0, r3
10009b74:	eb01 0203 	add.w	r2, r1, r3
10009b78:	f1c2 0295 	rsb	r2, r2, #149	@ 0x95
10009b7c:	eb00 50c2 	add.w	r0, r0, r2, lsl #23
10009b80:	2afe      	cmp	r2, #254	@ 0xfe
10009b82:	bf38      	it	cc
10009b84:	4770      	bxcc	lr
10009b86:	e011      	b.n	10009bac <ufix2float+0x44>
10009b88:	f103 0321 	add.w	r3, r3, #33	@ 0x21
10009b8c:	fa10 fc03 	lsls.w	ip, r0, r3
10009b90:	f1c3 0321 	rsb	r3, r3, #33	@ 0x21
10009b94:	fa20 f003 	lsr.w	r0, r0, r3
10009b98:	eba3 0201 	sub.w	r2, r3, r1
10009b9c:	f102 0295 	add.w	r2, r2, #149	@ 0x95
10009ba0:	eb40 50c2 	adc.w	r0, r0, r2, lsl #23
10009ba4:	d007      	beq.n	10009bb6 <ufix2float+0x4e>
10009ba6:	2afe      	cmp	r2, #254	@ 0xfe
10009ba8:	bf38      	it	cc
10009baa:	4770      	bxcc	lr
10009bac:	bfac      	ite	ge
10009bae:	f04f 40ff 	movge.w	r0, #2139095040	@ 0x7f800000
10009bb2:	2000      	movlt	r0, #0
10009bb4:	4770      	bx	lr
10009bb6:	bf28      	it	cs
10009bb8:	f020 0001 	biccs.w	r0, r0, #1
10009bbc:	2afe      	cmp	r2, #254	@ 0xfe
10009bbe:	bf38      	it	cc
10009bc0:	4770      	bxcc	lr
10009bc2:	e7f3      	b.n	10009bac <ufix2float+0x44>

10009bc4 <__wrap___aeabi_ul2f>:
10009bc4:	2200      	movs	r2, #0

10009bc6 <ufix642float>:
10009bc6:	b389      	cbz	r1, 10009c2c <ufix642float+0x66>
10009bc8:	fab1 f381 	clz	r3, r1
10009bcc:	3b08      	subs	r3, #8
10009bce:	d414      	bmi.n	10009bfa <ufix642float+0x34>
10009bd0:	4099      	lsls	r1, r3
10009bd2:	fa10 fc03 	lsls.w	ip, r0, r3
10009bd6:	f1c3 0320 	rsb	r3, r3, #32
10009bda:	fa20 f003 	lsr.w	r0, r0, r3
10009bde:	ea40 0001 	orr.w	r0, r0, r1
10009be2:	eba2 0203 	sub.w	r2, r2, r3
10009be6:	f1c2 0295 	rsb	r2, r2, #149	@ 0x95
10009bea:	eb1c 0c0c 	adds.w	ip, ip, ip
10009bee:	eb40 50c2 	adc.w	r0, r0, r2, lsl #23
10009bf2:	d01e      	beq.n	10009c32 <ufix642float+0x6c>
10009bf4:	2afe      	cmp	r2, #254	@ 0xfe
10009bf6:	d214      	bcs.n	10009c22 <ufix642float+0x5c>
10009bf8:	4770      	bx	lr
10009bfa:	f103 0321 	add.w	r3, r3, #33	@ 0x21
10009bfe:	fa11 fc03 	lsls.w	ip, r1, r3
10009c02:	ea5c 0c00 	orrs.w	ip, ip, r0
10009c06:	f1c3 0321 	rsb	r3, r3, #33	@ 0x21
10009c0a:	fa21 f003 	lsr.w	r0, r1, r3
10009c0e:	eba3 0202 	sub.w	r2, r3, r2
10009c12:	f102 02b5 	add.w	r2, r2, #181	@ 0xb5
10009c16:	eb40 50c2 	adc.w	r0, r0, r2, lsl #23
10009c1a:	d00a      	beq.n	10009c32 <ufix642float+0x6c>
10009c1c:	2afe      	cmp	r2, #254	@ 0xfe
10009c1e:	bf38      	it	cc
10009c20:	4770      	bxcc	lr
10009c22:	bfac      	ite	ge
10009c24:	f04f 40ff 	movge.w	r0, #2139095040	@ 0x7f800000
10009c28:	2000      	movlt	r0, #0
10009c2a:	4770      	bx	lr
10009c2c:	4611      	mov	r1, r2
10009c2e:	f7ff bf9b 	b.w	10009b68 <ufix2float>
10009c32:	bf28      	it	cs
10009c34:	f020 0001 	biccs.w	r0, r0, #1
10009c38:	2afe      	cmp	r2, #254	@ 0xfe
10009c3a:	bf38      	it	cc
10009c3c:	4770      	bxcc	lr
10009c3e:	e7f0      	b.n	10009c22 <ufix642float+0x5c>

10009c40 <__wrap_logf>:
10009c40:	f1b0 4fff 	cmp.w	r0, #2139095040	@ 0x7f800000
10009c44:	d23e      	bcs.n	10009cc4 <__wrap_logf+0x84>
10009c46:	15c1      	asrs	r1, r0, #23
10009c48:	d03e      	beq.n	10009cc8 <__wrap_logf+0x88>
10009c4a:	f04f 0201 	mov.w	r2, #1
10009c4e:	f362 50df 	bfi	r0, r2, #23, #9
10009c52:	bf38      	it	cc
10009c54:	0040      	lslcc	r0, r0, #1
10009c56:	a326      	add	r3, pc, #152	@ (adr r3, 10009cf0 <k_log3>)
10009c58:	ec93 4a03 	vldmia	r3, {s8-s10}
10009c5c:	f2af 031c 	subw	r3, pc, #28
10009c60:	eb03 4310 	add.w	r3, r3, r0, lsr #16
10009c64:	f023 0307 	bic.w	r3, r3, #7
10009c68:	e9d3 2300 	ldrd	r2, r3, [r3]
10009c6c:	fb00 f002 	mul.w	r0, r0, r2
10009c70:	ec40 3a10 	vmov	s0, s1, r3, r0
10009c74:	eefa 0ac0 	vcvt.f32.s32	s1, s1, #32
10009c78:	ee20 1aa0 	vmul.f32	s2, s1, s1
10009c7c:	f161 017e 	sbc.w	r1, r1, #126	@ 0x7e
10009c80:	ee60 1a81 	vmul.f32	s3, s1, s2
10009c84:	05c9      	lsls	r1, r1, #23
10009c86:	ee21 2a01 	vmul.f32	s4, s2, s2
10009c8a:	f640 32fc 	movw	r2, #3068	@ 0xbfc
10009c8e:	ee21 1a04 	vmul.f32	s2, s2, s8
10009c92:	f6c5 02b9 	movt	r2, #22713	@ 0x58b9
10009c96:	ee61 1aa4 	vmul.f32	s3, s3, s9
10009c9a:	fb51 f112 	smmulr	r1, r1, r2
10009c9e:	ee22 2a05 	vmul.f32	s4, s4, s10
10009ca2:	ee03 1a90 	vmov	s7, r1
10009ca6:	ee71 1ac2 	vsub.f32	s3, s3, s4
10009caa:	eefa 3ac5 	vcvt.f32.s32	s7, s7, #22
10009cae:	ee31 1a61 	vsub.f32	s2, s2, s3
10009cb2:	ee70 0ac1 	vsub.f32	s1, s1, s2
10009cb6:	ee30 0a20 	vadd.f32	s0, s0, s1
10009cba:	ee30 0a23 	vadd.f32	s0, s0, s7
10009cbe:	ee10 0a10 	vmov	r0, s0
10009cc2:	4770      	bx	lr
10009cc4:	dc05      	bgt.n	10009cd2 <__wrap_logf+0x92>
10009cc6:	d00b      	beq.n	10009ce0 <__wrap_logf+0xa0>
10009cc8:	f110 4fff 	cmn.w	r0, #2139095040	@ 0x7f800000
10009ccc:	d309      	bcc.n	10009ce2 <__wrap_logf+0xa2>
10009cce:	f510 0f00 	cmn.w	r0, #8388608	@ 0x800000
10009cd2:	f440 0080 	orr.w	r0, r0, #4194304	@ 0x400000
10009cd6:	d803      	bhi.n	10009ce0 <__wrap_logf+0xa0>
10009cd8:	f240 0000 	movw	r0, #0
10009cdc:	f6cf 70c0 	movt	r0, #65472	@ 0xffc0
10009ce0:	4770      	bx	lr
10009ce2:	f240 0000 	movw	r0, #0
10009ce6:	f6cf 7080 	movt	r0, #65408	@ 0xff80
10009cea:	4770      	bx	lr
10009cec:	f3af 8000 	nop.w

10009cf0 <k_log3>:
10009cf0:	3f000000 	.word	0x3f000000
10009cf4:	3eaaaaab 	.word	0x3eaaaaab
10009cf8:	3e800000 	.word	0x3e800000
10009cfc:	00000000 	.word	0x00000000

10009d00 <logtab3>:
10009d00:	00000155 	.word	0x00000155
10009d04:	be92cb01 	.word	0xbe92cb01
10009d08:	00000148 	.word	0x00000148
10009d0c:	be7dc8c3 	.word	0xbe7dc8c3
10009d10:	0000013b 	.word	0x0000013b
10009d14:	be545f68 	.word	0xbe545f68
10009d18:	0000012f 	.word	0x0000012f
10009d1c:	be2c99c7 	.word	0xbe2c99c7
10009d20:	00000125 	.word	0x00000125
10009d24:	be0a3c2c 	.word	0xbe0a3c2c
10009d28:	0000011a 	.word	0x0000011a
10009d2c:	bdc61a2f 	.word	0xbdc61a2f
10009d30:	00000111 	.word	0x00000111
10009d34:	bd83acc2 	.word	0xbd83acc2
10009d38:	00000108 	.word	0x00000108
10009d3c:	bcfc14d8 	.word	0xbcfc14d8
10009d40:	00000100 	.word	0x00000100
10009d44:	00000000 	.word	0x00000000
10009d48:	000000f8 	.word	0x000000f8
10009d4c:	3d020aec 	.word	0x3d020aec
10009d50:	000000f1 	.word	0x000000f1
10009d54:	3d77518e 	.word	0x3d77518e
10009d58:	000000ea 	.word	0x000000ea
10009d5c:	3db80698 	.word	0x3db80698
10009d60:	000000e4 	.word	0x000000e4
10009d64:	3ded393b 	.word	0x3ded393b
10009d68:	000000dd 	.word	0x000000dd
10009d6c:	3e168b08 	.word	0x3e168b08
10009d70:	000000d8 	.word	0x000000d8
10009d74:	3e2dfa03 	.word	0x3e2dfa03
10009d78:	000000d2 	.word	0x000000d2
10009d7c:	3e4ad2d7 	.word	0x3e4ad2d7
10009d80:	000000cd 	.word	0x000000cd
10009d84:	3e637fde 	.word	0x3e637fde
10009d88:	000000c8 	.word	0x000000c8
10009d8c:	3e7cc8e3 	.word	0x3e7cc8e3
10009d90:	000000c3 	.word	0x000000c3
10009d94:	3e8b5ae6 	.word	0x3e8b5ae6
10009d98:	000000bf 	.word	0x000000bf
10009d9c:	3e95f784 	.word	0x3e95f784
10009da0:	000000ba 	.word	0x000000ba
10009da4:	3ea38c6e 	.word	0x3ea38c6e
10009da8:	000000b6 	.word	0x000000b6
10009dac:	3eaeadef 	.word	0x3eaeadef
10009db0:	000000b2 	.word	0x000000b2
10009db4:	3eba0ec4 	.word	0x3eba0ec4
10009db8:	000000ae 	.word	0x000000ae
10009dbc:	3ec5b1cd 	.word	0x3ec5b1cd
10009dc0:	000000ab 	.word	0x000000ab
10009dc4:	3ece995f 	.word	0x3ece995f

10009dc8 <calloc>:
10009dc8:	4b02      	ldr	r3, [pc, #8]	@ (10009dd4 <calloc+0xc>)
10009dca:	460a      	mov	r2, r1
10009dcc:	4601      	mov	r1, r0
10009dce:	6818      	ldr	r0, [r3, #0]
10009dd0:	f000 b802 	b.w	10009dd8 <_calloc_r>
10009dd4:	200015c0 	.word	0x200015c0

10009dd8 <_calloc_r>:
10009dd8:	b538      	push	{r3, r4, r5, lr}
10009dda:	fba1 1402 	umull	r1, r4, r1, r2
10009dde:	bb34      	cbnz	r4, 10009e2e <_calloc_r+0x56>
10009de0:	f000 f842 	bl	10009e68 <_malloc_r>
10009de4:	4605      	mov	r5, r0
10009de6:	b330      	cbz	r0, 10009e36 <_calloc_r+0x5e>
10009de8:	f850 2c04 	ldr.w	r2, [r0, #-4]
10009dec:	f022 0203 	bic.w	r2, r2, #3
10009df0:	3a04      	subs	r2, #4
10009df2:	2a24      	cmp	r2, #36	@ 0x24
10009df4:	d80c      	bhi.n	10009e10 <_calloc_r+0x38>
10009df6:	2a13      	cmp	r2, #19
10009df8:	d90f      	bls.n	10009e1a <_calloc_r+0x42>
10009dfa:	2a1b      	cmp	r2, #27
10009dfc:	e9c0 4400 	strd	r4, r4, [r0]
10009e00:	d912      	bls.n	10009e28 <_calloc_r+0x50>
10009e02:	2a24      	cmp	r2, #36	@ 0x24
10009e04:	e9c0 4402 	strd	r4, r4, [r0, #8]
10009e08:	d018      	beq.n	10009e3c <_calloc_r+0x64>
10009e0a:	f100 0210 	add.w	r2, r0, #16
10009e0e:	e005      	b.n	10009e1c <_calloc_r+0x44>
10009e10:	4621      	mov	r1, r4
10009e12:	f000 fd1f 	bl	1000a854 <memset>
10009e16:	4628      	mov	r0, r5
10009e18:	bd38      	pop	{r3, r4, r5, pc}
10009e1a:	4602      	mov	r2, r0
10009e1c:	2300      	movs	r3, #0
10009e1e:	4628      	mov	r0, r5
10009e20:	e9c2 3300 	strd	r3, r3, [r2]
10009e24:	6093      	str	r3, [r2, #8]
10009e26:	bd38      	pop	{r3, r4, r5, pc}
10009e28:	f100 0208 	add.w	r2, r0, #8
10009e2c:	e7f6      	b.n	10009e1c <_calloc_r+0x44>
10009e2e:	f000 fd75 	bl	1000a91c <__errno>
10009e32:	230c      	movs	r3, #12
10009e34:	6003      	str	r3, [r0, #0]
10009e36:	2500      	movs	r5, #0
10009e38:	4628      	mov	r0, r5
10009e3a:	bd38      	pop	{r3, r4, r5, pc}
10009e3c:	f100 0218 	add.w	r2, r0, #24
10009e40:	e9c0 4404 	strd	r4, r4, [r0, #16]
10009e44:	e7ea      	b.n	10009e1c <_calloc_r+0x44>
10009e46:	bf00      	nop

10009e48 <malloc>:
10009e48:	4b02      	ldr	r3, [pc, #8]	@ (10009e54 <malloc+0xc>)
10009e4a:	4601      	mov	r1, r0
10009e4c:	6818      	ldr	r0, [r3, #0]
10009e4e:	f000 b80b 	b.w	10009e68 <_malloc_r>
10009e52:	bf00      	nop
10009e54:	200015c0 	.word	0x200015c0

10009e58 <free>:
10009e58:	4b02      	ldr	r3, [pc, #8]	@ (10009e64 <free+0xc>)
10009e5a:	4601      	mov	r1, r0
10009e5c:	6818      	ldr	r0, [r3, #0]
10009e5e:	f000 bdff 	b.w	1000aa60 <_free_r>
10009e62:	bf00      	nop
10009e64:	200015c0 	.word	0x200015c0

10009e68 <_malloc_r>:
10009e68:	f101 030b 	add.w	r3, r1, #11
10009e6c:	2b16      	cmp	r3, #22
10009e6e:	e92d 4ff0 	stmdb	sp!, {r4, r5, r6, r7, r8, r9, sl, fp, lr}
10009e72:	4607      	mov	r7, r0
10009e74:	b083      	sub	sp, #12
10009e76:	d823      	bhi.n	10009ec0 <_malloc_r+0x58>
10009e78:	2910      	cmp	r1, #16
10009e7a:	f200 80af 	bhi.w	10009fdc <_malloc_r+0x174>
10009e7e:	f000 fa9d 	bl	1000a3bc <__malloc_lock>
10009e82:	2510      	movs	r5, #16
10009e84:	2318      	movs	r3, #24
10009e86:	2002      	movs	r0, #2
10009e88:	4ebc      	ldr	r6, [pc, #752]	@ (1000a17c <_malloc_r+0x314>)
10009e8a:	4433      	add	r3, r6
10009e8c:	685c      	ldr	r4, [r3, #4]
10009e8e:	f1a3 0208 	sub.w	r2, r3, #8
10009e92:	4294      	cmp	r4, r2
10009e94:	f000 8180 	beq.w	1000a198 <_malloc_r+0x330>
10009e98:	6863      	ldr	r3, [r4, #4]
10009e9a:	4638      	mov	r0, r7
10009e9c:	f023 0303 	bic.w	r3, r3, #3
10009ea0:	e9d4 1202 	ldrd	r1, r2, [r4, #8]
10009ea4:	4423      	add	r3, r4
10009ea6:	60ca      	str	r2, [r1, #12]
10009ea8:	6091      	str	r1, [r2, #8]
10009eaa:	685a      	ldr	r2, [r3, #4]
10009eac:	3408      	adds	r4, #8
10009eae:	f042 0201 	orr.w	r2, r2, #1
10009eb2:	605a      	str	r2, [r3, #4]
10009eb4:	f000 fa88 	bl	1000a3c8 <__malloc_unlock>
10009eb8:	4620      	mov	r0, r4
10009eba:	b003      	add	sp, #12
10009ebc:	e8bd 8ff0 	ldmia.w	sp!, {r4, r5, r6, r7, r8, r9, sl, fp, pc}
10009ec0:	2b00      	cmp	r3, #0
10009ec2:	f023 0507 	bic.w	r5, r3, #7
10009ec6:	f2c0 8089 	blt.w	10009fdc <_malloc_r+0x174>
10009eca:	42a9      	cmp	r1, r5
10009ecc:	f200 8086 	bhi.w	10009fdc <_malloc_r+0x174>
10009ed0:	f000 fa74 	bl	1000a3bc <__malloc_lock>
10009ed4:	f5b5 7ffc 	cmp.w	r5, #504	@ 0x1f8
10009ed8:	f0c0 81b4 	bcc.w	1000a244 <_malloc_r+0x3dc>
10009edc:	0a6b      	lsrs	r3, r5, #9
10009ede:	f000 8081 	beq.w	10009fe4 <_malloc_r+0x17c>
10009ee2:	2b04      	cmp	r3, #4
10009ee4:	f200 817e 	bhi.w	1000a1e4 <_malloc_r+0x37c>
10009ee8:	09ab      	lsrs	r3, r5, #6
10009eea:	f103 0039 	add.w	r0, r3, #57	@ 0x39
10009eee:	f103 0e38 	add.w	lr, r3, #56	@ 0x38
10009ef2:	00c3      	lsls	r3, r0, #3
10009ef4:	4ea1      	ldr	r6, [pc, #644]	@ (1000a17c <_malloc_r+0x314>)
10009ef6:	4433      	add	r3, r6
10009ef8:	f1a3 0c08 	sub.w	ip, r3, #8
10009efc:	685c      	ldr	r4, [r3, #4]
10009efe:	45a4      	cmp	ip, r4
10009f00:	d107      	bne.n	10009f12 <_malloc_r+0xaa>
10009f02:	e00d      	b.n	10009f20 <_malloc_r+0xb8>
10009f04:	2a00      	cmp	r2, #0
10009f06:	68e1      	ldr	r1, [r4, #12]
10009f08:	f280 8132 	bge.w	1000a170 <_malloc_r+0x308>
10009f0c:	458c      	cmp	ip, r1
10009f0e:	460c      	mov	r4, r1
10009f10:	d006      	beq.n	10009f20 <_malloc_r+0xb8>
10009f12:	6863      	ldr	r3, [r4, #4]
10009f14:	f023 0303 	bic.w	r3, r3, #3
10009f18:	1b5a      	subs	r2, r3, r5
10009f1a:	2a0f      	cmp	r2, #15
10009f1c:	ddf2      	ble.n	10009f04 <_malloc_r+0x9c>
10009f1e:	4670      	mov	r0, lr
10009f20:	f8df 8270 	ldr.w	r8, [pc, #624]	@ 1000a194 <_malloc_r+0x32c>
10009f24:	6934      	ldr	r4, [r6, #16]
10009f26:	4544      	cmp	r4, r8
10009f28:	f000 80e7 	beq.w	1000a0fa <_malloc_r+0x292>
10009f2c:	6863      	ldr	r3, [r4, #4]
10009f2e:	f023 0c03 	bic.w	ip, r3, #3
10009f32:	ebac 0305 	sub.w	r3, ip, r5
10009f36:	2b0f      	cmp	r3, #15
10009f38:	f300 8194 	bgt.w	1000a264 <_malloc_r+0x3fc>
10009f3c:	2b00      	cmp	r3, #0
10009f3e:	e9c6 8804 	strd	r8, r8, [r6, #16]
10009f42:	f280 8183 	bge.w	1000a24c <_malloc_r+0x3e4>
10009f46:	f5bc 7f00 	cmp.w	ip, #512	@ 0x200
10009f4a:	f8d6 e004 	ldr.w	lr, [r6, #4]
10009f4e:	f080 8129 	bcs.w	1000a1a4 <_malloc_r+0x33c>
10009f52:	ea4f 03dc 	mov.w	r3, ip, lsr #3
10009f56:	2201      	movs	r2, #1
10009f58:	ea4f 1c5c 	mov.w	ip, ip, lsr #5
10009f5c:	3301      	adds	r3, #1
10009f5e:	fa02 f20c 	lsl.w	r2, r2, ip
10009f62:	f856 1033 	ldr.w	r1, [r6, r3, lsl #3]
10009f66:	ea4e 0e02 	orr.w	lr, lr, r2
10009f6a:	eb06 02c3 	add.w	r2, r6, r3, lsl #3
10009f6e:	3a08      	subs	r2, #8
10009f70:	f8c6 e004 	str.w	lr, [r6, #4]
10009f74:	e9c4 1202 	strd	r1, r2, [r4, #8]
10009f78:	f846 4033 	str.w	r4, [r6, r3, lsl #3]
10009f7c:	60cc      	str	r4, [r1, #12]
10009f7e:	1083      	asrs	r3, r0, #2
10009f80:	f04f 0c01 	mov.w	ip, #1
10009f84:	fa0c fc03 	lsl.w	ip, ip, r3
10009f88:	45f4      	cmp	ip, lr
10009f8a:	d831      	bhi.n	10009ff0 <_malloc_r+0x188>
10009f8c:	ea1c 0f0e 	tst.w	ip, lr
10009f90:	d107      	bne.n	10009fa2 <_malloc_r+0x13a>
10009f92:	f020 0003 	bic.w	r0, r0, #3
10009f96:	ea4f 0c4c 	mov.w	ip, ip, lsl #1
10009f9a:	3004      	adds	r0, #4
10009f9c:	ea1c 0f0e 	tst.w	ip, lr
10009fa0:	d0f9      	beq.n	10009f96 <_malloc_r+0x12e>
10009fa2:	eb06 0ac0 	add.w	sl, r6, r0, lsl #3
10009fa6:	4681      	mov	r9, r0
10009fa8:	46d6      	mov	lr, sl
10009faa:	f8de 300c 	ldr.w	r3, [lr, #12]
10009fae:	e00b      	b.n	10009fc8 <_malloc_r+0x160>
10009fb0:	685a      	ldr	r2, [r3, #4]
10009fb2:	461c      	mov	r4, r3
10009fb4:	68db      	ldr	r3, [r3, #12]
10009fb6:	f022 0203 	bic.w	r2, r2, #3
10009fba:	1b51      	subs	r1, r2, r5
10009fbc:	290f      	cmp	r1, #15
10009fbe:	f300 811d 	bgt.w	1000a1fc <_malloc_r+0x394>
10009fc2:	2900      	cmp	r1, #0
10009fc4:	f280 8131 	bge.w	1000a22a <_malloc_r+0x3c2>
10009fc8:	459e      	cmp	lr, r3
10009fca:	d1f1      	bne.n	10009fb0 <_malloc_r+0x148>
10009fcc:	f109 0901 	add.w	r9, r9, #1
10009fd0:	f10e 0e08 	add.w	lr, lr, #8
10009fd4:	f019 0f03 	tst.w	r9, #3
10009fd8:	d1e7      	bne.n	10009faa <_malloc_r+0x142>
10009fda:	e167      	b.n	1000a2ac <_malloc_r+0x444>
10009fdc:	230c      	movs	r3, #12
10009fde:	603b      	str	r3, [r7, #0]
10009fe0:	2400      	movs	r4, #0
10009fe2:	e769      	b.n	10009eb8 <_malloc_r+0x50>
10009fe4:	f44f 7300 	mov.w	r3, #512	@ 0x200
10009fe8:	2040      	movs	r0, #64	@ 0x40
10009fea:	f04f 0e3f 	mov.w	lr, #63	@ 0x3f
10009fee:	e781      	b.n	10009ef4 <_malloc_r+0x8c>
10009ff0:	68b4      	ldr	r4, [r6, #8]
10009ff2:	6863      	ldr	r3, [r4, #4]
10009ff4:	f023 0903 	bic.w	r9, r3, #3
10009ff8:	eba9 0305 	sub.w	r3, r9, r5
10009ffc:	2b0f      	cmp	r3, #15
10009ffe:	dd02      	ble.n	1000a006 <_malloc_r+0x19e>
1000a000:	45a9      	cmp	r9, r5
1000a002:	f080 80a4 	bcs.w	1000a14e <_malloc_r+0x2e6>
1000a006:	4b5e      	ldr	r3, [pc, #376]	@ (1000a180 <_malloc_r+0x318>)
1000a008:	2008      	movs	r0, #8
1000a00a:	681b      	ldr	r3, [r3, #0]
1000a00c:	f103 0810 	add.w	r8, r3, #16
1000a010:	eb04 0309 	add.w	r3, r4, r9
1000a014:	9300      	str	r3, [sp, #0]
1000a016:	f000 fc8b 	bl	1000a930 <sysconf>
1000a01a:	4a5a      	ldr	r2, [pc, #360]	@ (1000a184 <_malloc_r+0x31c>)
1000a01c:	44a8      	add	r8, r5
1000a01e:	4683      	mov	fp, r0
1000a020:	6813      	ldr	r3, [r2, #0]
1000a022:	3301      	adds	r3, #1
1000a024:	d005      	beq.n	1000a032 <_malloc_r+0x1ca>
1000a026:	f108 38ff 	add.w	r8, r8, #4294967295
1000a02a:	4243      	negs	r3, r0
1000a02c:	4480      	add	r8, r0
1000a02e:	ea03 0808 	and.w	r8, r3, r8
1000a032:	4641      	mov	r1, r8
1000a034:	4638      	mov	r0, r7
1000a036:	f000 fc5f 	bl	1000a8f8 <_sbrk_r>
1000a03a:	f1b0 3fff 	cmp.w	r0, #4294967295
1000a03e:	4682      	mov	sl, r0
1000a040:	4a50      	ldr	r2, [pc, #320]	@ (1000a184 <_malloc_r+0x31c>)
1000a042:	d079      	beq.n	1000a138 <_malloc_r+0x2d0>
1000a044:	9b00      	ldr	r3, [sp, #0]
1000a046:	4283      	cmp	r3, r0
1000a048:	d95a      	bls.n	1000a100 <_malloc_r+0x298>
1000a04a:	42b4      	cmp	r4, r6
1000a04c:	d174      	bne.n	1000a138 <_malloc_r+0x2d0>
1000a04e:	4b4e      	ldr	r3, [pc, #312]	@ (1000a188 <_malloc_r+0x320>)
1000a050:	f10b 3cff 	add.w	ip, fp, #4294967295
1000a054:	6818      	ldr	r0, [r3, #0]
1000a056:	eb00 0e08 	add.w	lr, r0, r8
1000a05a:	f8c3 e000 	str.w	lr, [r3]
1000a05e:	6811      	ldr	r1, [r2, #0]
1000a060:	3101      	adds	r1, #1
1000a062:	f000 8173 	beq.w	1000a34c <_malloc_r+0x4e4>
1000a066:	9a00      	ldr	r2, [sp, #0]
1000a068:	ebaa 0202 	sub.w	r2, sl, r2
1000a06c:	4472      	add	r2, lr
1000a06e:	601a      	str	r2, [r3, #0]
1000a070:	f01a 0207 	ands.w	r2, sl, #7
1000a074:	e9cd 2300 	strd	r2, r3, [sp]
1000a078:	f000 8142 	beq.w	1000a300 <_malloc_r+0x498>
1000a07c:	f1c2 0208 	rsb	r2, r2, #8
1000a080:	4638      	mov	r0, r7
1000a082:	4492      	add	sl, r2
1000a084:	445a      	add	r2, fp
1000a086:	44d0      	add	r8, sl
1000a088:	ea08 010c 	and.w	r1, r8, ip
1000a08c:	1a52      	subs	r2, r2, r1
1000a08e:	ea02 0b0c 	and.w	fp, r2, ip
1000a092:	4659      	mov	r1, fp
1000a094:	f000 fc30 	bl	1000a8f8 <_sbrk_r>
1000a098:	1c42      	adds	r2, r0, #1
1000a09a:	9b01      	ldr	r3, [sp, #4]
1000a09c:	f000 816e 	beq.w	1000a37c <_malloc_r+0x514>
1000a0a0:	eba0 000a 	sub.w	r0, r0, sl
1000a0a4:	eb00 080b 	add.w	r8, r0, fp
1000a0a8:	6819      	ldr	r1, [r3, #0]
1000a0aa:	f048 0201 	orr.w	r2, r8, #1
1000a0ae:	42b4      	cmp	r4, r6
1000a0b0:	f8c6 a008 	str.w	sl, [r6, #8]
1000a0b4:	4459      	add	r1, fp
1000a0b6:	f8ca 2004 	str.w	r2, [sl, #4]
1000a0ba:	6019      	str	r1, [r3, #0]
1000a0bc:	d032      	beq.n	1000a124 <_malloc_r+0x2bc>
1000a0be:	f1b9 0f0f 	cmp.w	r9, #15
1000a0c2:	f240 810c 	bls.w	1000a2de <_malloc_r+0x476>
1000a0c6:	6860      	ldr	r0, [r4, #4]
1000a0c8:	f1a9 020c 	sub.w	r2, r9, #12
1000a0cc:	f04f 0c05 	mov.w	ip, #5
1000a0d0:	f022 0207 	bic.w	r2, r2, #7
1000a0d4:	f000 0001 	and.w	r0, r0, #1
1000a0d8:	4310      	orrs	r0, r2
1000a0da:	2a0f      	cmp	r2, #15
1000a0dc:	6060      	str	r0, [r4, #4]
1000a0de:	eb04 0002 	add.w	r0, r4, r2
1000a0e2:	e9c0 cc01 	strd	ip, ip, [r0, #4]
1000a0e6:	d91d      	bls.n	1000a124 <_malloc_r+0x2bc>
1000a0e8:	f104 0108 	add.w	r1, r4, #8
1000a0ec:	4638      	mov	r0, r7
1000a0ee:	9300      	str	r3, [sp, #0]
1000a0f0:	f000 fcb6 	bl	1000aa60 <_free_r>
1000a0f4:	9b00      	ldr	r3, [sp, #0]
1000a0f6:	6819      	ldr	r1, [r3, #0]
1000a0f8:	e014      	b.n	1000a124 <_malloc_r+0x2bc>
1000a0fa:	f8d6 e004 	ldr.w	lr, [r6, #4]
1000a0fe:	e73e      	b.n	10009f7e <_malloc_r+0x116>
1000a100:	4b21      	ldr	r3, [pc, #132]	@ (1000a188 <_malloc_r+0x320>)
1000a102:	f10b 3cff 	add.w	ip, fp, #4294967295
1000a106:	6819      	ldr	r1, [r3, #0]
1000a108:	4441      	add	r1, r8
1000a10a:	468e      	mov	lr, r1
1000a10c:	6019      	str	r1, [r3, #0]
1000a10e:	d1a6      	bne.n	1000a05e <_malloc_r+0x1f6>
1000a110:	9800      	ldr	r0, [sp, #0]
1000a112:	ea10 0f0c 	tst.w	r0, ip
1000a116:	d1a2      	bne.n	1000a05e <_malloc_r+0x1f6>
1000a118:	eb09 0308 	add.w	r3, r9, r8
1000a11c:	68b2      	ldr	r2, [r6, #8]
1000a11e:	f043 0301 	orr.w	r3, r3, #1
1000a122:	6053      	str	r3, [r2, #4]
1000a124:	4b19      	ldr	r3, [pc, #100]	@ (1000a18c <_malloc_r+0x324>)
1000a126:	681a      	ldr	r2, [r3, #0]
1000a128:	428a      	cmp	r2, r1
1000a12a:	bf38      	it	cc
1000a12c:	6019      	strcc	r1, [r3, #0]
1000a12e:	4b18      	ldr	r3, [pc, #96]	@ (1000a190 <_malloc_r+0x328>)
1000a130:	681a      	ldr	r2, [r3, #0]
1000a132:	428a      	cmp	r2, r1
1000a134:	bf38      	it	cc
1000a136:	6019      	strcc	r1, [r3, #0]
1000a138:	68b4      	ldr	r4, [r6, #8]
1000a13a:	6862      	ldr	r2, [r4, #4]
1000a13c:	f022 0203 	bic.w	r2, r2, #3
1000a140:	1b53      	subs	r3, r2, r5
1000a142:	2b0f      	cmp	r3, #15
1000a144:	f340 80ce 	ble.w	1000a2e4 <_malloc_r+0x47c>
1000a148:	4295      	cmp	r5, r2
1000a14a:	f200 80cb 	bhi.w	1000a2e4 <_malloc_r+0x47c>
1000a14e:	1962      	adds	r2, r4, r5
1000a150:	f045 0501 	orr.w	r5, r5, #1
1000a154:	f043 0301 	orr.w	r3, r3, #1
1000a158:	3408      	adds	r4, #8
1000a15a:	f844 5c04 	str.w	r5, [r4, #-4]
1000a15e:	4638      	mov	r0, r7
1000a160:	60b2      	str	r2, [r6, #8]
1000a162:	6053      	str	r3, [r2, #4]
1000a164:	f000 f930 	bl	1000a3c8 <__malloc_unlock>
1000a168:	4620      	mov	r0, r4
1000a16a:	b003      	add	sp, #12
1000a16c:	e8bd 8ff0 	ldmia.w	sp!, {r4, r5, r6, r7, r8, r9, sl, fp, pc}
1000a170:	68a2      	ldr	r2, [r4, #8]
1000a172:	4423      	add	r3, r4
1000a174:	4638      	mov	r0, r7
1000a176:	60d1      	str	r1, [r2, #12]
1000a178:	608a      	str	r2, [r1, #8]
1000a17a:	e696      	b.n	10009eaa <_malloc_r+0x42>
1000a17c:	200011b8 	.word	0x200011b8
1000a180:	20038afc 	.word	0x20038afc
1000a184:	200011ac 	.word	0x200011ac
1000a188:	20038acc 	.word	0x20038acc
1000a18c:	20038af4 	.word	0x20038af4
1000a190:	20038af8 	.word	0x20038af8
1000a194:	200011c0 	.word	0x200011c0
1000a198:	68dc      	ldr	r4, [r3, #12]
1000a19a:	42a3      	cmp	r3, r4
1000a19c:	f47f ae7c 	bne.w	10009e98 <_malloc_r+0x30>
1000a1a0:	3002      	adds	r0, #2
1000a1a2:	e6bd      	b.n	10009f20 <_malloc_r+0xb8>
1000a1a4:	f5bc 6f20 	cmp.w	ip, #2560	@ 0xa00
1000a1a8:	ea4f 225c 	mov.w	r2, ip, lsr #9
1000a1ac:	d36c      	bcc.n	1000a288 <_malloc_r+0x420>
1000a1ae:	2a14      	cmp	r2, #20
1000a1b0:	f200 80b9 	bhi.w	1000a326 <_malloc_r+0x4be>
1000a1b4:	f102 035c 	add.w	r3, r2, #92	@ 0x5c
1000a1b8:	325b      	adds	r2, #91	@ 0x5b
1000a1ba:	00db      	lsls	r3, r3, #3
1000a1bc:	18f1      	adds	r1, r6, r3
1000a1be:	58f3      	ldr	r3, [r6, r3]
1000a1c0:	3908      	subs	r1, #8
1000a1c2:	4299      	cmp	r1, r3
1000a1c4:	d103      	bne.n	1000a1ce <_malloc_r+0x366>
1000a1c6:	e091      	b.n	1000a2ec <_malloc_r+0x484>
1000a1c8:	689b      	ldr	r3, [r3, #8]
1000a1ca:	4299      	cmp	r1, r3
1000a1cc:	d004      	beq.n	1000a1d8 <_malloc_r+0x370>
1000a1ce:	685a      	ldr	r2, [r3, #4]
1000a1d0:	f022 0203 	bic.w	r2, r2, #3
1000a1d4:	4562      	cmp	r2, ip
1000a1d6:	d8f7      	bhi.n	1000a1c8 <_malloc_r+0x360>
1000a1d8:	68d9      	ldr	r1, [r3, #12]
1000a1da:	e9c4 3102 	strd	r3, r1, [r4, #8]
1000a1de:	608c      	str	r4, [r1, #8]
1000a1e0:	60dc      	str	r4, [r3, #12]
1000a1e2:	e6cc      	b.n	10009f7e <_malloc_r+0x116>
1000a1e4:	2b14      	cmp	r3, #20
1000a1e6:	d956      	bls.n	1000a296 <_malloc_r+0x42e>
1000a1e8:	2b54      	cmp	r3, #84	@ 0x54
1000a1ea:	f200 80a5 	bhi.w	1000a338 <_malloc_r+0x4d0>
1000a1ee:	0b2b      	lsrs	r3, r5, #12
1000a1f0:	f103 006f 	add.w	r0, r3, #111	@ 0x6f
1000a1f4:	f103 0e6e 	add.w	lr, r3, #110	@ 0x6e
1000a1f8:	00c3      	lsls	r3, r0, #3
1000a1fa:	e67b      	b.n	10009ef4 <_malloc_r+0x8c>
1000a1fc:	f8d4 c008 	ldr.w	ip, [r4, #8]
1000a200:	4638      	mov	r0, r7
1000a202:	1967      	adds	r7, r4, r5
1000a204:	f045 0501 	orr.w	r5, r5, #1
1000a208:	6065      	str	r5, [r4, #4]
1000a20a:	f8cc 300c 	str.w	r3, [ip, #12]
1000a20e:	f8c3 c008 	str.w	ip, [r3, #8]
1000a212:	f041 0301 	orr.w	r3, r1, #1
1000a216:	e9c6 7704 	strd	r7, r7, [r6, #16]
1000a21a:	e9c7 8802 	strd	r8, r8, [r7, #8]
1000a21e:	607b      	str	r3, [r7, #4]
1000a220:	50a1      	str	r1, [r4, r2]
1000a222:	3408      	adds	r4, #8
1000a224:	f000 f8d0 	bl	1000a3c8 <__malloc_unlock>
1000a228:	e646      	b.n	10009eb8 <_malloc_r+0x50>
1000a22a:	4422      	add	r2, r4
1000a22c:	4638      	mov	r0, r7
1000a22e:	6851      	ldr	r1, [r2, #4]
1000a230:	f041 0101 	orr.w	r1, r1, #1
1000a234:	6051      	str	r1, [r2, #4]
1000a236:	f854 2f08 	ldr.w	r2, [r4, #8]!
1000a23a:	60d3      	str	r3, [r2, #12]
1000a23c:	609a      	str	r2, [r3, #8]
1000a23e:	f000 f8c3 	bl	1000a3c8 <__malloc_unlock>
1000a242:	e639      	b.n	10009eb8 <_malloc_r+0x50>
1000a244:	08e8      	lsrs	r0, r5, #3
1000a246:	f105 0308 	add.w	r3, r5, #8
1000a24a:	e61d      	b.n	10009e88 <_malloc_r+0x20>
1000a24c:	44a4      	add	ip, r4
1000a24e:	4638      	mov	r0, r7
1000a250:	3408      	adds	r4, #8
1000a252:	f8dc 3004 	ldr.w	r3, [ip, #4]
1000a256:	f043 0301 	orr.w	r3, r3, #1
1000a25a:	f8cc 3004 	str.w	r3, [ip, #4]
1000a25e:	f000 f8b3 	bl	1000a3c8 <__malloc_unlock>
1000a262:	e629      	b.n	10009eb8 <_malloc_r+0x50>
1000a264:	1962      	adds	r2, r4, r5
1000a266:	f043 0101 	orr.w	r1, r3, #1
1000a26a:	f045 0501 	orr.w	r5, r5, #1
1000a26e:	4638      	mov	r0, r7
1000a270:	6065      	str	r5, [r4, #4]
1000a272:	e9c6 2204 	strd	r2, r2, [r6, #16]
1000a276:	e9c2 8802 	strd	r8, r8, [r2, #8]
1000a27a:	6051      	str	r1, [r2, #4]
1000a27c:	f844 300c 	str.w	r3, [r4, ip]
1000a280:	3408      	adds	r4, #8
1000a282:	f000 f8a1 	bl	1000a3c8 <__malloc_unlock>
1000a286:	e617      	b.n	10009eb8 <_malloc_r+0x50>
1000a288:	ea4f 129c 	mov.w	r2, ip, lsr #6
1000a28c:	f102 0339 	add.w	r3, r2, #57	@ 0x39
1000a290:	3238      	adds	r2, #56	@ 0x38
1000a292:	00db      	lsls	r3, r3, #3
1000a294:	e792      	b.n	1000a1bc <_malloc_r+0x354>
1000a296:	f103 005c 	add.w	r0, r3, #92	@ 0x5c
1000a29a:	f103 0e5b 	add.w	lr, r3, #91	@ 0x5b
1000a29e:	00c3      	lsls	r3, r0, #3
1000a2a0:	e628      	b.n	10009ef4 <_malloc_r+0x8c>
1000a2a2:	f85a 3908 	ldr.w	r3, [sl], #-8
1000a2a6:	4553      	cmp	r3, sl
1000a2a8:	f040 8085 	bne.w	1000a3b6 <_malloc_r+0x54e>
1000a2ac:	f010 0f03 	tst.w	r0, #3
1000a2b0:	f100 30ff 	add.w	r0, r0, #4294967295
1000a2b4:	d1f5      	bne.n	1000a2a2 <_malloc_r+0x43a>
1000a2b6:	6873      	ldr	r3, [r6, #4]
1000a2b8:	ea23 030c 	bic.w	r3, r3, ip
1000a2bc:	6073      	str	r3, [r6, #4]
1000a2be:	ea4f 0c4c 	mov.w	ip, ip, lsl #1
1000a2c2:	f10c 32ff 	add.w	r2, ip, #4294967295
1000a2c6:	429a      	cmp	r2, r3
1000a2c8:	d304      	bcc.n	1000a2d4 <_malloc_r+0x46c>
1000a2ca:	e691      	b.n	10009ff0 <_malloc_r+0x188>
1000a2cc:	ea4f 0c4c 	mov.w	ip, ip, lsl #1
1000a2d0:	f109 0904 	add.w	r9, r9, #4
1000a2d4:	ea1c 0f03 	tst.w	ip, r3
1000a2d8:	d0f8      	beq.n	1000a2cc <_malloc_r+0x464>
1000a2da:	4648      	mov	r0, r9
1000a2dc:	e661      	b.n	10009fa2 <_malloc_r+0x13a>
1000a2de:	2301      	movs	r3, #1
1000a2e0:	f8ca 3004 	str.w	r3, [sl, #4]
1000a2e4:	4638      	mov	r0, r7
1000a2e6:	f000 f86f 	bl	1000a3c8 <__malloc_unlock>
1000a2ea:	e679      	b.n	10009fe0 <_malloc_r+0x178>
1000a2ec:	1092      	asrs	r2, r2, #2
1000a2ee:	f04f 0c01 	mov.w	ip, #1
1000a2f2:	fa0c f202 	lsl.w	r2, ip, r2
1000a2f6:	ea4e 0e02 	orr.w	lr, lr, r2
1000a2fa:	f8c6 e004 	str.w	lr, [r6, #4]
1000a2fe:	e76c      	b.n	1000a1da <_malloc_r+0x372>
1000a300:	eb0a 0208 	add.w	r2, sl, r8
1000a304:	4638      	mov	r0, r7
1000a306:	ea02 020c 	and.w	r2, r2, ip
1000a30a:	ebab 0b02 	sub.w	fp, fp, r2
1000a30e:	ea0b 0b0c 	and.w	fp, fp, ip
1000a312:	4659      	mov	r1, fp
1000a314:	f000 faf0 	bl	1000a8f8 <_sbrk_r>
1000a318:	1c43      	adds	r3, r0, #1
1000a31a:	9b01      	ldr	r3, [sp, #4]
1000a31c:	f47f aec0 	bne.w	1000a0a0 <_malloc_r+0x238>
1000a320:	f8dd b000 	ldr.w	fp, [sp]
1000a324:	e6c0      	b.n	1000a0a8 <_malloc_r+0x240>
1000a326:	2a54      	cmp	r2, #84	@ 0x54
1000a328:	d813      	bhi.n	1000a352 <_malloc_r+0x4ea>
1000a32a:	ea4f 321c 	mov.w	r2, ip, lsr #12
1000a32e:	f102 036f 	add.w	r3, r2, #111	@ 0x6f
1000a332:	326e      	adds	r2, #110	@ 0x6e
1000a334:	00db      	lsls	r3, r3, #3
1000a336:	e741      	b.n	1000a1bc <_malloc_r+0x354>
1000a338:	f5b3 7faa 	cmp.w	r3, #340	@ 0x154
1000a33c:	d813      	bhi.n	1000a366 <_malloc_r+0x4fe>
1000a33e:	0beb      	lsrs	r3, r5, #15
1000a340:	f103 0078 	add.w	r0, r3, #120	@ 0x78
1000a344:	f103 0e77 	add.w	lr, r3, #119	@ 0x77
1000a348:	00c3      	lsls	r3, r0, #3
1000a34a:	e5d3      	b.n	10009ef4 <_malloc_r+0x8c>
1000a34c:	f8c2 a000 	str.w	sl, [r2]
1000a350:	e68e      	b.n	1000a070 <_malloc_r+0x208>
1000a352:	f5b2 7faa 	cmp.w	r2, #340	@ 0x154
1000a356:	d819      	bhi.n	1000a38c <_malloc_r+0x524>
1000a358:	ea4f 32dc 	mov.w	r2, ip, lsr #15
1000a35c:	f102 0378 	add.w	r3, r2, #120	@ 0x78
1000a360:	3277      	adds	r2, #119	@ 0x77
1000a362:	00db      	lsls	r3, r3, #3
1000a364:	e72a      	b.n	1000a1bc <_malloc_r+0x354>
1000a366:	f240 5254 	movw	r2, #1364	@ 0x554
1000a36a:	4293      	cmp	r3, r2
1000a36c:	d819      	bhi.n	1000a3a2 <_malloc_r+0x53a>
1000a36e:	0cab      	lsrs	r3, r5, #18
1000a370:	f103 007d 	add.w	r0, r3, #125	@ 0x7d
1000a374:	f103 0e7c 	add.w	lr, r3, #124	@ 0x7c
1000a378:	00c3      	lsls	r3, r0, #3
1000a37a:	e5bb      	b.n	10009ef4 <_malloc_r+0x8c>
1000a37c:	9a00      	ldr	r2, [sp, #0]
1000a37e:	f04f 0b00 	mov.w	fp, #0
1000a382:	3a08      	subs	r2, #8
1000a384:	4490      	add	r8, r2
1000a386:	eba8 080a 	sub.w	r8, r8, sl
1000a38a:	e68d      	b.n	1000a0a8 <_malloc_r+0x240>
1000a38c:	f240 5354 	movw	r3, #1364	@ 0x554
1000a390:	429a      	cmp	r2, r3
1000a392:	d80c      	bhi.n	1000a3ae <_malloc_r+0x546>
1000a394:	ea4f 429c 	mov.w	r2, ip, lsr #18
1000a398:	f102 037d 	add.w	r3, r2, #125	@ 0x7d
1000a39c:	327c      	adds	r2, #124	@ 0x7c
1000a39e:	00db      	lsls	r3, r3, #3
1000a3a0:	e70c      	b.n	1000a1bc <_malloc_r+0x354>
1000a3a2:	f44f 737e 	mov.w	r3, #1016	@ 0x3f8
1000a3a6:	207f      	movs	r0, #127	@ 0x7f
1000a3a8:	f04f 0e7e 	mov.w	lr, #126	@ 0x7e
1000a3ac:	e5a2      	b.n	10009ef4 <_malloc_r+0x8c>
1000a3ae:	f44f 737e 	mov.w	r3, #1016	@ 0x3f8
1000a3b2:	227e      	movs	r2, #126	@ 0x7e
1000a3b4:	e702      	b.n	1000a1bc <_malloc_r+0x354>
1000a3b6:	6873      	ldr	r3, [r6, #4]
1000a3b8:	e781      	b.n	1000a2be <_malloc_r+0x456>
1000a3ba:	bf00      	nop

1000a3bc <__malloc_lock>:
1000a3bc:	4801      	ldr	r0, [pc, #4]	@ (1000a3c4 <__malloc_lock+0x8>)
1000a3be:	f000 bab3 	b.w	1000a928 <__retarget_lock_acquire_recursive>
1000a3c2:	bf00      	nop
1000a3c4:	20038ac8 	.word	0x20038ac8

1000a3c8 <__malloc_unlock>:
1000a3c8:	4801      	ldr	r0, [pc, #4]	@ (1000a3d0 <__malloc_unlock+0x8>)
1000a3ca:	f000 baaf 	b.w	1000a92c <__retarget_lock_release_recursive>
1000a3ce:	bf00      	nop
1000a3d0:	20038ac8 	.word	0x20038ac8

1000a3d4 <realloc>:
1000a3d4:	4b02      	ldr	r3, [pc, #8]	@ (1000a3e0 <realloc+0xc>)
1000a3d6:	460a      	mov	r2, r1
1000a3d8:	4601      	mov	r1, r0
1000a3da:	6818      	ldr	r0, [r3, #0]
1000a3dc:	f000 b802 	b.w	1000a3e4 <_realloc_r>
1000a3e0:	200015c0 	.word	0x200015c0

1000a3e4 <_realloc_r>:
1000a3e4:	e92d 4ff0 	stmdb	sp!, {r4, r5, r6, r7, r8, r9, sl, fp, lr}
1000a3e8:	4616      	mov	r6, r2
1000a3ea:	b083      	sub	sp, #12
1000a3ec:	2900      	cmp	r1, #0
1000a3ee:	f000 809e 	beq.w	1000a52e <_realloc_r+0x14a>
1000a3f2:	460c      	mov	r4, r1
1000a3f4:	f106 050b 	add.w	r5, r6, #11
1000a3f8:	4680      	mov	r8, r0
1000a3fa:	f7ff ffdf 	bl	1000a3bc <__malloc_lock>
1000a3fe:	f854 0c04 	ldr.w	r0, [r4, #-4]
1000a402:	2d16      	cmp	r5, #22
1000a404:	f1a4 0908 	sub.w	r9, r4, #8
1000a408:	f020 0703 	bic.w	r7, r0, #3
1000a40c:	d862      	bhi.n	1000a4d4 <_realloc_r+0xf0>
1000a40e:	2210      	movs	r2, #16
1000a410:	2300      	movs	r3, #0
1000a412:	4615      	mov	r5, r2
1000a414:	42b5      	cmp	r5, r6
1000a416:	f0c0 80a2 	bcc.w	1000a55e <_realloc_r+0x17a>
1000a41a:	2b00      	cmp	r3, #0
1000a41c:	f040 809f 	bne.w	1000a55e <_realloc_r+0x17a>
1000a420:	4297      	cmp	r7, r2
1000a422:	da61      	bge.n	1000a4e8 <_realloc_r+0x104>
1000a424:	f8df b328 	ldr.w	fp, [pc, #808]	@ 1000a750 <_realloc_r+0x36c>
1000a428:	eb09 0107 	add.w	r1, r9, r7
1000a42c:	f8db 3008 	ldr.w	r3, [fp, #8]
1000a430:	f8d1 c004 	ldr.w	ip, [r1, #4]
1000a434:	428b      	cmp	r3, r1
1000a436:	f000 8097 	beq.w	1000a568 <_realloc_r+0x184>
1000a43a:	f02c 0301 	bic.w	r3, ip, #1
1000a43e:	440b      	add	r3, r1
1000a440:	685b      	ldr	r3, [r3, #4]
1000a442:	07db      	lsls	r3, r3, #31
1000a444:	d468      	bmi.n	1000a518 <_realloc_r+0x134>
1000a446:	f02c 0c03 	bic.w	ip, ip, #3
1000a44a:	eb07 030c 	add.w	r3, r7, ip
1000a44e:	4293      	cmp	r3, r2
1000a450:	da45      	bge.n	1000a4de <_realloc_r+0xfa>
1000a452:	07c3      	lsls	r3, r0, #31
1000a454:	d412      	bmi.n	1000a47c <_realloc_r+0x98>
1000a456:	f854 3c08 	ldr.w	r3, [r4, #-8]
1000a45a:	eba9 0a03 	sub.w	sl, r9, r3
1000a45e:	f8da 3004 	ldr.w	r3, [sl, #4]
1000a462:	f023 0003 	bic.w	r0, r3, #3
1000a466:	4484      	add	ip, r0
1000a468:	eb0c 0b07 	add.w	fp, ip, r7
1000a46c:	455a      	cmp	r2, fp
1000a46e:	f340 80fe 	ble.w	1000a66e <_realloc_r+0x28a>
1000a472:	eb07 0b00 	add.w	fp, r7, r0
1000a476:	455a      	cmp	r2, fp
1000a478:	f340 80d4 	ble.w	1000a624 <_realloc_r+0x240>
1000a47c:	4631      	mov	r1, r6
1000a47e:	4640      	mov	r0, r8
1000a480:	f7ff fcf2 	bl	10009e68 <_malloc_r>
1000a484:	4606      	mov	r6, r0
1000a486:	2800      	cmp	r0, #0
1000a488:	f000 8129 	beq.w	1000a6de <_realloc_r+0x2fa>
1000a48c:	f854 3c04 	ldr.w	r3, [r4, #-4]
1000a490:	f1a0 0208 	sub.w	r2, r0, #8
1000a494:	f023 0301 	bic.w	r3, r3, #1
1000a498:	444b      	add	r3, r9
1000a49a:	4293      	cmp	r3, r2
1000a49c:	f000 80b1 	beq.w	1000a602 <_realloc_r+0x21e>
1000a4a0:	1f3a      	subs	r2, r7, #4
1000a4a2:	2a24      	cmp	r2, #36	@ 0x24
1000a4a4:	f200 80df 	bhi.w	1000a666 <_realloc_r+0x282>
1000a4a8:	2a13      	cmp	r2, #19
1000a4aa:	f200 80b0 	bhi.w	1000a60e <_realloc_r+0x22a>
1000a4ae:	4603      	mov	r3, r0
1000a4b0:	4622      	mov	r2, r4
1000a4b2:	6811      	ldr	r1, [r2, #0]
1000a4b4:	6019      	str	r1, [r3, #0]
1000a4b6:	6851      	ldr	r1, [r2, #4]
1000a4b8:	6059      	str	r1, [r3, #4]
1000a4ba:	6892      	ldr	r2, [r2, #8]
1000a4bc:	609a      	str	r2, [r3, #8]
1000a4be:	4621      	mov	r1, r4
1000a4c0:	4640      	mov	r0, r8
1000a4c2:	f000 facd 	bl	1000aa60 <_free_r>
1000a4c6:	4640      	mov	r0, r8
1000a4c8:	f7ff ff7e 	bl	1000a3c8 <__malloc_unlock>
1000a4cc:	4630      	mov	r0, r6
1000a4ce:	b003      	add	sp, #12
1000a4d0:	e8bd 8ff0 	ldmia.w	sp!, {r4, r5, r6, r7, r8, r9, sl, fp, pc}
1000a4d4:	f025 0507 	bic.w	r5, r5, #7
1000a4d8:	462a      	mov	r2, r5
1000a4da:	0feb      	lsrs	r3, r5, #31
1000a4dc:	e79a      	b.n	1000a414 <_realloc_r+0x30>
1000a4de:	461f      	mov	r7, r3
1000a4e0:	e9d1 2302 	ldrd	r2, r3, [r1, #8]
1000a4e4:	60d3      	str	r3, [r2, #12]
1000a4e6:	609a      	str	r2, [r3, #8]
1000a4e8:	1b78      	subs	r0, r7, r5
1000a4ea:	f8d9 3004 	ldr.w	r3, [r9, #4]
1000a4ee:	eb09 0207 	add.w	r2, r9, r7
1000a4f2:	280f      	cmp	r0, #15
1000a4f4:	f003 0301 	and.w	r3, r3, #1
1000a4f8:	d81f      	bhi.n	1000a53a <_realloc_r+0x156>
1000a4fa:	433b      	orrs	r3, r7
1000a4fc:	f8c9 3004 	str.w	r3, [r9, #4]
1000a500:	6853      	ldr	r3, [r2, #4]
1000a502:	f043 0301 	orr.w	r3, r3, #1
1000a506:	6053      	str	r3, [r2, #4]
1000a508:	4626      	mov	r6, r4
1000a50a:	4640      	mov	r0, r8
1000a50c:	f7ff ff5c 	bl	1000a3c8 <__malloc_unlock>
1000a510:	4630      	mov	r0, r6
1000a512:	b003      	add	sp, #12
1000a514:	e8bd 8ff0 	ldmia.w	sp!, {r4, r5, r6, r7, r8, r9, sl, fp, pc}
1000a518:	07c3      	lsls	r3, r0, #31
1000a51a:	d4af      	bmi.n	1000a47c <_realloc_r+0x98>
1000a51c:	f854 3c08 	ldr.w	r3, [r4, #-8]
1000a520:	eba9 0a03 	sub.w	sl, r9, r3
1000a524:	f8da 3004 	ldr.w	r3, [sl, #4]
1000a528:	f023 0003 	bic.w	r0, r3, #3
1000a52c:	e7a1      	b.n	1000a472 <_realloc_r+0x8e>
1000a52e:	4611      	mov	r1, r2
1000a530:	b003      	add	sp, #12
1000a532:	e8bd 4ff0 	ldmia.w	sp!, {r4, r5, r6, r7, r8, r9, sl, fp, lr}
1000a536:	f7ff bc97 	b.w	10009e68 <_malloc_r>
1000a53a:	432b      	orrs	r3, r5
1000a53c:	eb09 0105 	add.w	r1, r9, r5
1000a540:	f040 0001 	orr.w	r0, r0, #1
1000a544:	f8c9 3004 	str.w	r3, [r9, #4]
1000a548:	3108      	adds	r1, #8
1000a54a:	f841 0c04 	str.w	r0, [r1, #-4]
1000a54e:	4640      	mov	r0, r8
1000a550:	6853      	ldr	r3, [r2, #4]
1000a552:	f043 0301 	orr.w	r3, r3, #1
1000a556:	6053      	str	r3, [r2, #4]
1000a558:	f000 fa82 	bl	1000aa60 <_free_r>
1000a55c:	e7d4      	b.n	1000a508 <_realloc_r+0x124>
1000a55e:	230c      	movs	r3, #12
1000a560:	f8c8 3000 	str.w	r3, [r8]
1000a564:	2600      	movs	r6, #0
1000a566:	e7d3      	b.n	1000a510 <_realloc_r+0x12c>
1000a568:	f02c 0c03 	bic.w	ip, ip, #3
1000a56c:	f105 0110 	add.w	r1, r5, #16
1000a570:	eb0c 0307 	add.w	r3, ip, r7
1000a574:	428b      	cmp	r3, r1
1000a576:	f280 8092 	bge.w	1000a69e <_realloc_r+0x2ba>
1000a57a:	07c0      	lsls	r0, r0, #31
1000a57c:	f53f af7e 	bmi.w	1000a47c <_realloc_r+0x98>
1000a580:	f854 3c08 	ldr.w	r3, [r4, #-8]
1000a584:	eba9 0a03 	sub.w	sl, r9, r3
1000a588:	f8da 3004 	ldr.w	r3, [sl, #4]
1000a58c:	f023 0003 	bic.w	r0, r3, #3
1000a590:	4484      	add	ip, r0
1000a592:	eb0c 0307 	add.w	r3, ip, r7
1000a596:	4299      	cmp	r1, r3
1000a598:	f73f af6b 	bgt.w	1000a472 <_realloc_r+0x8e>
1000a59c:	1f3a      	subs	r2, r7, #4
1000a59e:	4656      	mov	r6, sl
1000a5a0:	f8da 100c 	ldr.w	r1, [sl, #12]
1000a5a4:	f856 0f08 	ldr.w	r0, [r6, #8]!
1000a5a8:	2a24      	cmp	r2, #36	@ 0x24
1000a5aa:	60c1      	str	r1, [r0, #12]
1000a5ac:	6088      	str	r0, [r1, #8]
1000a5ae:	f200 80b0 	bhi.w	1000a712 <_realloc_r+0x32e>
1000a5b2:	2a13      	cmp	r2, #19
1000a5b4:	f240 80ab 	bls.w	1000a70e <_realloc_r+0x32a>
1000a5b8:	6821      	ldr	r1, [r4, #0]
1000a5ba:	2a1b      	cmp	r2, #27
1000a5bc:	f8ca 1008 	str.w	r1, [sl, #8]
1000a5c0:	6861      	ldr	r1, [r4, #4]
1000a5c2:	f8ca 100c 	str.w	r1, [sl, #12]
1000a5c6:	f200 80ab 	bhi.w	1000a720 <_realloc_r+0x33c>
1000a5ca:	3408      	adds	r4, #8
1000a5cc:	f10a 0210 	add.w	r2, sl, #16
1000a5d0:	6821      	ldr	r1, [r4, #0]
1000a5d2:	6011      	str	r1, [r2, #0]
1000a5d4:	6861      	ldr	r1, [r4, #4]
1000a5d6:	6051      	str	r1, [r2, #4]
1000a5d8:	68a1      	ldr	r1, [r4, #8]
1000a5da:	6091      	str	r1, [r2, #8]
1000a5dc:	1b5b      	subs	r3, r3, r5
1000a5de:	eb0a 0205 	add.w	r2, sl, r5
1000a5e2:	4640      	mov	r0, r8
1000a5e4:	f043 0301 	orr.w	r3, r3, #1
1000a5e8:	f8cb 2008 	str.w	r2, [fp, #8]
1000a5ec:	6053      	str	r3, [r2, #4]
1000a5ee:	f8da 3004 	ldr.w	r3, [sl, #4]
1000a5f2:	f003 0301 	and.w	r3, r3, #1
1000a5f6:	432b      	orrs	r3, r5
1000a5f8:	f8ca 3004 	str.w	r3, [sl, #4]
1000a5fc:	f7ff fee4 	bl	1000a3c8 <__malloc_unlock>
1000a600:	e786      	b.n	1000a510 <_realloc_r+0x12c>
1000a602:	f850 3c04 	ldr.w	r3, [r0, #-4]
1000a606:	f023 0303 	bic.w	r3, r3, #3
1000a60a:	441f      	add	r7, r3
1000a60c:	e76c      	b.n	1000a4e8 <_realloc_r+0x104>
1000a60e:	6823      	ldr	r3, [r4, #0]
1000a610:	2a1b      	cmp	r2, #27
1000a612:	6003      	str	r3, [r0, #0]
1000a614:	6863      	ldr	r3, [r4, #4]
1000a616:	6043      	str	r3, [r0, #4]
1000a618:	d836      	bhi.n	1000a688 <_realloc_r+0x2a4>
1000a61a:	f104 0208 	add.w	r2, r4, #8
1000a61e:	f100 0308 	add.w	r3, r0, #8
1000a622:	e746      	b.n	1000a4b2 <_realloc_r+0xce>
1000a624:	1f3a      	subs	r2, r7, #4
1000a626:	4656      	mov	r6, sl
1000a628:	f8da 300c 	ldr.w	r3, [sl, #12]
1000a62c:	2a24      	cmp	r2, #36	@ 0x24
1000a62e:	f856 1f08 	ldr.w	r1, [r6, #8]!
1000a632:	60cb      	str	r3, [r1, #12]
1000a634:	6099      	str	r1, [r3, #8]
1000a636:	d822      	bhi.n	1000a67e <_realloc_r+0x29a>
1000a638:	2a13      	cmp	r2, #19
1000a63a:	d91e      	bls.n	1000a67a <_realloc_r+0x296>
1000a63c:	6823      	ldr	r3, [r4, #0]
1000a63e:	2a1b      	cmp	r2, #27
1000a640:	f8ca 3008 	str.w	r3, [sl, #8]
1000a644:	6863      	ldr	r3, [r4, #4]
1000a646:	f8ca 300c 	str.w	r3, [sl, #12]
1000a64a:	d83c      	bhi.n	1000a6c6 <_realloc_r+0x2e2>
1000a64c:	3408      	adds	r4, #8
1000a64e:	f10a 0310 	add.w	r3, sl, #16
1000a652:	6822      	ldr	r2, [r4, #0]
1000a654:	601a      	str	r2, [r3, #0]
1000a656:	6862      	ldr	r2, [r4, #4]
1000a658:	605a      	str	r2, [r3, #4]
1000a65a:	68a2      	ldr	r2, [r4, #8]
1000a65c:	609a      	str	r2, [r3, #8]
1000a65e:	4634      	mov	r4, r6
1000a660:	465f      	mov	r7, fp
1000a662:	46d1      	mov	r9, sl
1000a664:	e740      	b.n	1000a4e8 <_realloc_r+0x104>
1000a666:	4621      	mov	r1, r4
1000a668:	f000 f874 	bl	1000a754 <memmove>
1000a66c:	e727      	b.n	1000a4be <_realloc_r+0xda>
1000a66e:	e9d1 1302 	ldrd	r1, r3, [r1, #8]
1000a672:	1f3a      	subs	r2, r7, #4
1000a674:	60cb      	str	r3, [r1, #12]
1000a676:	6099      	str	r1, [r3, #8]
1000a678:	e7d5      	b.n	1000a626 <_realloc_r+0x242>
1000a67a:	4633      	mov	r3, r6
1000a67c:	e7e9      	b.n	1000a652 <_realloc_r+0x26e>
1000a67e:	4621      	mov	r1, r4
1000a680:	4630      	mov	r0, r6
1000a682:	f000 f867 	bl	1000a754 <memmove>
1000a686:	e7ea      	b.n	1000a65e <_realloc_r+0x27a>
1000a688:	68a3      	ldr	r3, [r4, #8]
1000a68a:	2a24      	cmp	r2, #36	@ 0x24
1000a68c:	6083      	str	r3, [r0, #8]
1000a68e:	68e3      	ldr	r3, [r4, #12]
1000a690:	60c3      	str	r3, [r0, #12]
1000a692:	d028      	beq.n	1000a6e6 <_realloc_r+0x302>
1000a694:	f104 0210 	add.w	r2, r4, #16
1000a698:	f100 0310 	add.w	r3, r0, #16
1000a69c:	e709      	b.n	1000a4b2 <_realloc_r+0xce>
1000a69e:	1b5b      	subs	r3, r3, r5
1000a6a0:	eb09 0205 	add.w	r2, r9, r5
1000a6a4:	4640      	mov	r0, r8
1000a6a6:	4626      	mov	r6, r4
1000a6a8:	f043 0301 	orr.w	r3, r3, #1
1000a6ac:	f8cb 2008 	str.w	r2, [fp, #8]
1000a6b0:	6053      	str	r3, [r2, #4]
1000a6b2:	f854 3c04 	ldr.w	r3, [r4, #-4]
1000a6b6:	f003 0301 	and.w	r3, r3, #1
1000a6ba:	432b      	orrs	r3, r5
1000a6bc:	f844 3c04 	str.w	r3, [r4, #-4]
1000a6c0:	f7ff fe82 	bl	1000a3c8 <__malloc_unlock>
1000a6c4:	e724      	b.n	1000a510 <_realloc_r+0x12c>
1000a6c6:	68a3      	ldr	r3, [r4, #8]
1000a6c8:	2a24      	cmp	r2, #36	@ 0x24
1000a6ca:	f8ca 3010 	str.w	r3, [sl, #16]
1000a6ce:	68e3      	ldr	r3, [r4, #12]
1000a6d0:	f8ca 3014 	str.w	r3, [sl, #20]
1000a6d4:	d010      	beq.n	1000a6f8 <_realloc_r+0x314>
1000a6d6:	3410      	adds	r4, #16
1000a6d8:	f10a 0318 	add.w	r3, sl, #24
1000a6dc:	e7b9      	b.n	1000a652 <_realloc_r+0x26e>
1000a6de:	4640      	mov	r0, r8
1000a6e0:	f7ff fe72 	bl	1000a3c8 <__malloc_unlock>
1000a6e4:	e73e      	b.n	1000a564 <_realloc_r+0x180>
1000a6e6:	6923      	ldr	r3, [r4, #16]
1000a6e8:	f104 0218 	add.w	r2, r4, #24
1000a6ec:	6103      	str	r3, [r0, #16]
1000a6ee:	6963      	ldr	r3, [r4, #20]
1000a6f0:	6143      	str	r3, [r0, #20]
1000a6f2:	f100 0318 	add.w	r3, r0, #24
1000a6f6:	e6dc      	b.n	1000a4b2 <_realloc_r+0xce>
1000a6f8:	6923      	ldr	r3, [r4, #16]
1000a6fa:	3418      	adds	r4, #24
1000a6fc:	f8ca 3018 	str.w	r3, [sl, #24]
1000a700:	f854 3c04 	ldr.w	r3, [r4, #-4]
1000a704:	f8ca 301c 	str.w	r3, [sl, #28]
1000a708:	f10a 0320 	add.w	r3, sl, #32
1000a70c:	e7a1      	b.n	1000a652 <_realloc_r+0x26e>
1000a70e:	4632      	mov	r2, r6
1000a710:	e75e      	b.n	1000a5d0 <_realloc_r+0x1ec>
1000a712:	4621      	mov	r1, r4
1000a714:	4630      	mov	r0, r6
1000a716:	9301      	str	r3, [sp, #4]
1000a718:	f000 f81c 	bl	1000a754 <memmove>
1000a71c:	9b01      	ldr	r3, [sp, #4]
1000a71e:	e75d      	b.n	1000a5dc <_realloc_r+0x1f8>
1000a720:	68a1      	ldr	r1, [r4, #8]
1000a722:	2a24      	cmp	r2, #36	@ 0x24
1000a724:	f8ca 1010 	str.w	r1, [sl, #16]
1000a728:	68e1      	ldr	r1, [r4, #12]
1000a72a:	f8ca 1014 	str.w	r1, [sl, #20]
1000a72e:	d003      	beq.n	1000a738 <_realloc_r+0x354>
1000a730:	3410      	adds	r4, #16
1000a732:	f10a 0218 	add.w	r2, sl, #24
1000a736:	e74b      	b.n	1000a5d0 <_realloc_r+0x1ec>
1000a738:	6922      	ldr	r2, [r4, #16]
1000a73a:	3418      	adds	r4, #24
1000a73c:	f8ca 2018 	str.w	r2, [sl, #24]
1000a740:	f854 2c04 	ldr.w	r2, [r4, #-4]
1000a744:	f8ca 201c 	str.w	r2, [sl, #28]
1000a748:	f10a 0220 	add.w	r2, sl, #32
1000a74c:	e740      	b.n	1000a5d0 <_realloc_r+0x1ec>
1000a74e:	bf00      	nop
1000a750:	200011b8 	.word	0x200011b8

1000a754 <memmove>:
1000a754:	4288      	cmp	r0, r1
1000a756:	d90e      	bls.n	1000a776 <memmove+0x22>
1000a758:	188b      	adds	r3, r1, r2
1000a75a:	4283      	cmp	r3, r0
1000a75c:	d90b      	bls.n	1000a776 <memmove+0x22>
1000a75e:	eb00 0c02 	add.w	ip, r0, r2
1000a762:	2a00      	cmp	r2, #0
1000a764:	d06e      	beq.n	1000a844 <memmove+0xf0>
1000a766:	4662      	mov	r2, ip
1000a768:	f813 cd01 	ldrb.w	ip, [r3, #-1]!
1000a76c:	4299      	cmp	r1, r3
1000a76e:	f802 cd01 	strb.w	ip, [r2, #-1]!
1000a772:	d1f9      	bne.n	1000a768 <memmove+0x14>
1000a774:	4770      	bx	lr
1000a776:	2a0f      	cmp	r2, #15
1000a778:	d80f      	bhi.n	1000a79a <memmove+0x46>
1000a77a:	4603      	mov	r3, r0
1000a77c:	f102 3cff 	add.w	ip, r2, #4294967295
1000a780:	2a00      	cmp	r2, #0
1000a782:	d05f      	beq.n	1000a844 <memmove+0xf0>
1000a784:	f10c 0c01 	add.w	ip, ip, #1
1000a788:	3b01      	subs	r3, #1
1000a78a:	448c      	add	ip, r1
1000a78c:	f811 2b01 	ldrb.w	r2, [r1], #1
1000a790:	4561      	cmp	r1, ip
1000a792:	f803 2f01 	strb.w	r2, [r3, #1]!
1000a796:	d1f9      	bne.n	1000a78c <memmove+0x38>
1000a798:	4770      	bx	lr
1000a79a:	ea40 0301 	orr.w	r3, r0, r1
1000a79e:	079b      	lsls	r3, r3, #30
1000a7a0:	d151      	bne.n	1000a846 <memmove+0xf2>
1000a7a2:	f1a2 0310 	sub.w	r3, r2, #16
1000a7a6:	f101 0c20 	add.w	ip, r1, #32
1000a7aa:	b570      	push	{r4, r5, r6, lr}
1000a7ac:	f023 050f 	bic.w	r5, r3, #15
1000a7b0:	f101 0e10 	add.w	lr, r1, #16
1000a7b4:	f100 0410 	add.w	r4, r0, #16
1000a7b8:	091b      	lsrs	r3, r3, #4
1000a7ba:	44ac      	add	ip, r5
1000a7bc:	f85e 5c10 	ldr.w	r5, [lr, #-16]
1000a7c0:	f10e 0e10 	add.w	lr, lr, #16
1000a7c4:	3410      	adds	r4, #16
1000a7c6:	f844 5c20 	str.w	r5, [r4, #-32]
1000a7ca:	f85e 5c1c 	ldr.w	r5, [lr, #-28]
1000a7ce:	f844 5c1c 	str.w	r5, [r4, #-28]
1000a7d2:	f85e 5c18 	ldr.w	r5, [lr, #-24]
1000a7d6:	f844 5c18 	str.w	r5, [r4, #-24]
1000a7da:	f85e 5c14 	ldr.w	r5, [lr, #-20]
1000a7de:	45e6      	cmp	lr, ip
1000a7e0:	f844 5c14 	str.w	r5, [r4, #-20]
1000a7e4:	d1ea      	bne.n	1000a7bc <memmove+0x68>
1000a7e6:	3301      	adds	r3, #1
1000a7e8:	f012 0f0c 	tst.w	r2, #12
1000a7ec:	f002 0c0f 	and.w	ip, r2, #15
1000a7f0:	eb01 1103 	add.w	r1, r1, r3, lsl #4
1000a7f4:	eb00 1303 	add.w	r3, r0, r3, lsl #4
1000a7f8:	d029      	beq.n	1000a84e <memmove+0xfa>
1000a7fa:	f1ac 0c04 	sub.w	ip, ip, #4
1000a7fe:	1f1c      	subs	r4, r3, #4
1000a800:	468e      	mov	lr, r1
1000a802:	f02c 0603 	bic.w	r6, ip, #3
1000a806:	ea4f 0c9c 	mov.w	ip, ip, lsr #2
1000a80a:	441e      	add	r6, r3
1000a80c:	f85e 5b04 	ldr.w	r5, [lr], #4
1000a810:	f844 5f04 	str.w	r5, [r4, #4]!
1000a814:	42b4      	cmp	r4, r6
1000a816:	d1f9      	bne.n	1000a80c <memmove+0xb8>
1000a818:	f10c 0401 	add.w	r4, ip, #1
1000a81c:	f002 0203 	and.w	r2, r2, #3
1000a820:	eb03 0384 	add.w	r3, r3, r4, lsl #2
1000a824:	eb01 0184 	add.w	r1, r1, r4, lsl #2
1000a828:	f102 3cff 	add.w	ip, r2, #4294967295
1000a82c:	b14a      	cbz	r2, 1000a842 <memmove+0xee>
1000a82e:	f10c 0c01 	add.w	ip, ip, #1
1000a832:	3b01      	subs	r3, #1
1000a834:	448c      	add	ip, r1
1000a836:	f811 2b01 	ldrb.w	r2, [r1], #1
1000a83a:	4561      	cmp	r1, ip
1000a83c:	f803 2f01 	strb.w	r2, [r3, #1]!
1000a840:	d1f9      	bne.n	1000a836 <memmove+0xe2>
1000a842:	bd70      	pop	{r4, r5, r6, pc}
1000a844:	4770      	bx	lr
1000a846:	f102 3cff 	add.w	ip, r2, #4294967295
1000a84a:	4603      	mov	r3, r0
1000a84c:	e79a      	b.n	1000a784 <memmove+0x30>
1000a84e:	4662      	mov	r2, ip
1000a850:	e7ea      	b.n	1000a828 <memmove+0xd4>
1000a852:	bf00      	nop

1000a854 <memset>:
1000a854:	b570      	push	{r4, r5, r6, lr}
1000a856:	0786      	lsls	r6, r0, #30
1000a858:	d047      	beq.n	1000a8ea <memset+0x96>
1000a85a:	1e54      	subs	r4, r2, #1
1000a85c:	2a00      	cmp	r2, #0
1000a85e:	d03e      	beq.n	1000a8de <memset+0x8a>
1000a860:	b2ca      	uxtb	r2, r1
1000a862:	4603      	mov	r3, r0
1000a864:	e001      	b.n	1000a86a <memset+0x16>
1000a866:	3c01      	subs	r4, #1
1000a868:	d339      	bcc.n	1000a8de <memset+0x8a>
1000a86a:	f803 2b01 	strb.w	r2, [r3], #1
1000a86e:	079d      	lsls	r5, r3, #30
1000a870:	d1f9      	bne.n	1000a866 <memset+0x12>
1000a872:	2c03      	cmp	r4, #3
1000a874:	d92c      	bls.n	1000a8d0 <memset+0x7c>
1000a876:	b2cd      	uxtb	r5, r1
1000a878:	2c0f      	cmp	r4, #15
1000a87a:	eb05 2505 	add.w	r5, r5, r5, lsl #8
1000a87e:	eb05 4505 	add.w	r5, r5, r5, lsl #16
1000a882:	d935      	bls.n	1000a8f0 <memset+0x9c>
1000a884:	f1a4 0c10 	sub.w	ip, r4, #16
1000a888:	f103 0e10 	add.w	lr, r3, #16
1000a88c:	461a      	mov	r2, r3
1000a88e:	f02c 060f 	bic.w	r6, ip, #15
1000a892:	ea4f 1c1c 	mov.w	ip, ip, lsr #4
1000a896:	44b6      	add	lr, r6
1000a898:	e9c2 5500 	strd	r5, r5, [r2]
1000a89c:	e9c2 5502 	strd	r5, r5, [r2, #8]
1000a8a0:	3210      	adds	r2, #16
1000a8a2:	4572      	cmp	r2, lr
1000a8a4:	d1f8      	bne.n	1000a898 <memset+0x44>
1000a8a6:	f10c 0201 	add.w	r2, ip, #1
1000a8aa:	f014 0f0c 	tst.w	r4, #12
1000a8ae:	f004 0c0f 	and.w	ip, r4, #15
1000a8b2:	eb03 1202 	add.w	r2, r3, r2, lsl #4
1000a8b6:	d013      	beq.n	1000a8e0 <memset+0x8c>
1000a8b8:	f1ac 0304 	sub.w	r3, ip, #4
1000a8bc:	f023 0303 	bic.w	r3, r3, #3
1000a8c0:	3304      	adds	r3, #4
1000a8c2:	4413      	add	r3, r2
1000a8c4:	f842 5b04 	str.w	r5, [r2], #4
1000a8c8:	4293      	cmp	r3, r2
1000a8ca:	d1fb      	bne.n	1000a8c4 <memset+0x70>
1000a8cc:	f00c 0403 	and.w	r4, ip, #3
1000a8d0:	b12c      	cbz	r4, 1000a8de <memset+0x8a>
1000a8d2:	b2c9      	uxtb	r1, r1
1000a8d4:	441c      	add	r4, r3
1000a8d6:	f803 1b01 	strb.w	r1, [r3], #1
1000a8da:	42a3      	cmp	r3, r4
1000a8dc:	d1fb      	bne.n	1000a8d6 <memset+0x82>
1000a8de:	bd70      	pop	{r4, r5, r6, pc}
1000a8e0:	4664      	mov	r4, ip
1000a8e2:	4613      	mov	r3, r2
1000a8e4:	2c00      	cmp	r4, #0
1000a8e6:	d1f4      	bne.n	1000a8d2 <memset+0x7e>
1000a8e8:	e7f9      	b.n	1000a8de <memset+0x8a>
1000a8ea:	4603      	mov	r3, r0
1000a8ec:	4614      	mov	r4, r2
1000a8ee:	e7c0      	b.n	1000a872 <memset+0x1e>
1000a8f0:	461a      	mov	r2, r3
1000a8f2:	46a4      	mov	ip, r4
1000a8f4:	e7e0      	b.n	1000a8b8 <memset+0x64>
1000a8f6:	bf00      	nop

1000a8f8 <_sbrk_r>:
1000a8f8:	b538      	push	{r3, r4, r5, lr}
1000a8fa:	2200      	movs	r2, #0
1000a8fc:	4d06      	ldr	r5, [pc, #24]	@ (1000a918 <_sbrk_r+0x20>)
1000a8fe:	4604      	mov	r4, r0
1000a900:	4608      	mov	r0, r1
1000a902:	602a      	str	r2, [r5, #0]
1000a904:	f7fc fd72 	bl	100073ec <_sbrk>
1000a908:	1c43      	adds	r3, r0, #1
1000a90a:	d000      	beq.n	1000a90e <_sbrk_r+0x16>
1000a90c:	bd38      	pop	{r3, r4, r5, pc}
1000a90e:	682b      	ldr	r3, [r5, #0]
1000a910:	2b00      	cmp	r3, #0
1000a912:	d0fb      	beq.n	1000a90c <_sbrk_r+0x14>
1000a914:	6023      	str	r3, [r4, #0]
1000a916:	bd38      	pop	{r3, r4, r5, pc}
1000a918:	20038c38 	.word	0x20038c38

1000a91c <__errno>:
1000a91c:	4b01      	ldr	r3, [pc, #4]	@ (1000a924 <__errno+0x8>)
1000a91e:	6818      	ldr	r0, [r3, #0]
1000a920:	4770      	bx	lr
1000a922:	bf00      	nop
1000a924:	200015c0 	.word	0x200015c0

1000a928 <__retarget_lock_acquire_recursive>:
1000a928:	4770      	bx	lr
1000a92a:	bf00      	nop

1000a92c <__retarget_lock_release_recursive>:
1000a92c:	4770      	bx	lr
1000a92e:	bf00      	nop

1000a930 <sysconf>:
1000a930:	2808      	cmp	r0, #8
1000a932:	d102      	bne.n	1000a93a <sysconf+0xa>
1000a934:	f44f 5080 	mov.w	r0, #4096	@ 0x1000
1000a938:	4770      	bx	lr
1000a93a:	b508      	push	{r3, lr}
1000a93c:	f7ff ffee 	bl	1000a91c <__errno>
1000a940:	2216      	movs	r2, #22
1000a942:	4603      	mov	r3, r0
1000a944:	f04f 30ff 	mov.w	r0, #4294967295
1000a948:	601a      	str	r2, [r3, #0]
1000a94a:	bd08      	pop	{r3, pc}

1000a94c <strlen>:
1000a94c:	f020 0103 	bic.w	r1, r0, #3
1000a950:	f010 0003 	ands.w	r0, r0, #3
1000a954:	f1c0 0000 	rsb	r0, r0, #0
1000a958:	f851 3b04 	ldr.w	r3, [r1], #4
1000a95c:	f100 0c04 	add.w	ip, r0, #4
1000a960:	ea4f 0ccc 	mov.w	ip, ip, lsl #3
1000a964:	f06f 0200 	mvn.w	r2, #0
1000a968:	bf1c      	itt	ne
1000a96a:	fa22 f20c 	lsrne.w	r2, r2, ip
1000a96e:	4313      	orrne	r3, r2
1000a970:	f04f 0c01 	mov.w	ip, #1
1000a974:	ea4c 2c0c 	orr.w	ip, ip, ip, lsl #8
1000a978:	ea4c 4c0c 	orr.w	ip, ip, ip, lsl #16
1000a97c:	eba3 020c 	sub.w	r2, r3, ip
1000a980:	ea22 0203 	bic.w	r2, r2, r3
1000a984:	ea12 12cc 	ands.w	r2, r2, ip, lsl #7
1000a988:	bf04      	itt	eq
1000a98a:	f851 3b04 	ldreq.w	r3, [r1], #4
1000a98e:	3004      	addeq	r0, #4
1000a990:	d0f4      	beq.n	1000a97c <strlen+0x30>
1000a992:	f1c2 0100 	rsb	r1, r2, #0
1000a996:	ea02 0201 	and.w	r2, r2, r1
1000a99a:	fab2 f282 	clz	r2, r2
1000a99e:	f1c2 021f 	rsb	r2, r2, #31
1000a9a2:	eb00 00d2 	add.w	r0, r0, r2, lsr #3
1000a9a6:	4770      	bx	lr

1000a9a8 <_malloc_trim_r>:
1000a9a8:	e92d 43f8 	stmdb	sp!, {r3, r4, r5, r6, r7, r8, r9, lr}
1000a9ac:	4606      	mov	r6, r0
1000a9ae:	f8df 80ac 	ldr.w	r8, [pc, #172]	@ 1000aa5c <_malloc_trim_r+0xb4>
1000a9b2:	2008      	movs	r0, #8
1000a9b4:	4689      	mov	r9, r1
1000a9b6:	f7ff ffbb 	bl	1000a930 <sysconf>
1000a9ba:	4605      	mov	r5, r0
1000a9bc:	4630      	mov	r0, r6
1000a9be:	f7ff fcfd 	bl	1000a3bc <__malloc_lock>
1000a9c2:	f8d8 3008 	ldr.w	r3, [r8, #8]
1000a9c6:	685f      	ldr	r7, [r3, #4]
1000a9c8:	f027 0703 	bic.w	r7, r7, #3
1000a9cc:	f1a7 0411 	sub.w	r4, r7, #17
1000a9d0:	eba4 0409 	sub.w	r4, r4, r9
1000a9d4:	442c      	add	r4, r5
1000a9d6:	fbb4 f4f5 	udiv	r4, r4, r5
1000a9da:	3c01      	subs	r4, #1
1000a9dc:	fb05 f404 	mul.w	r4, r5, r4
1000a9e0:	42a5      	cmp	r5, r4
1000a9e2:	dc08      	bgt.n	1000a9f6 <_malloc_trim_r+0x4e>
1000a9e4:	2100      	movs	r1, #0
1000a9e6:	4630      	mov	r0, r6
1000a9e8:	f7ff ff86 	bl	1000a8f8 <_sbrk_r>
1000a9ec:	f8d8 3008 	ldr.w	r3, [r8, #8]
1000a9f0:	443b      	add	r3, r7
1000a9f2:	4298      	cmp	r0, r3
1000a9f4:	d005      	beq.n	1000aa02 <_malloc_trim_r+0x5a>
1000a9f6:	4630      	mov	r0, r6
1000a9f8:	f7ff fce6 	bl	1000a3c8 <__malloc_unlock>
1000a9fc:	2000      	movs	r0, #0
1000a9fe:	e8bd 83f8 	ldmia.w	sp!, {r3, r4, r5, r6, r7, r8, r9, pc}
1000aa02:	4261      	negs	r1, r4
1000aa04:	4630      	mov	r0, r6
1000aa06:	f7ff ff77 	bl	1000a8f8 <_sbrk_r>
1000aa0a:	3001      	adds	r0, #1
1000aa0c:	d00f      	beq.n	1000aa2e <_malloc_trim_r+0x86>
1000aa0e:	1b3f      	subs	r7, r7, r4
1000aa10:	4a10      	ldr	r2, [pc, #64]	@ (1000aa54 <_malloc_trim_r+0xac>)
1000aa12:	f8d8 3008 	ldr.w	r3, [r8, #8]
1000aa16:	4630      	mov	r0, r6
1000aa18:	f047 0701 	orr.w	r7, r7, #1
1000aa1c:	605f      	str	r7, [r3, #4]
1000aa1e:	6813      	ldr	r3, [r2, #0]
1000aa20:	1b1b      	subs	r3, r3, r4
1000aa22:	6013      	str	r3, [r2, #0]
1000aa24:	f7ff fcd0 	bl	1000a3c8 <__malloc_unlock>
1000aa28:	2001      	movs	r0, #1
1000aa2a:	e8bd 83f8 	ldmia.w	sp!, {r3, r4, r5, r6, r7, r8, r9, pc}
1000aa2e:	2100      	movs	r1, #0
1000aa30:	4630      	mov	r0, r6
1000aa32:	f7ff ff61 	bl	1000a8f8 <_sbrk_r>
1000aa36:	f8d8 2008 	ldr.w	r2, [r8, #8]
1000aa3a:	1a83      	subs	r3, r0, r2
1000aa3c:	2b0f      	cmp	r3, #15
1000aa3e:	ddda      	ble.n	1000a9f6 <_malloc_trim_r+0x4e>
1000aa40:	f043 0301 	orr.w	r3, r3, #1
1000aa44:	4903      	ldr	r1, [pc, #12]	@ (1000aa54 <_malloc_trim_r+0xac>)
1000aa46:	6053      	str	r3, [r2, #4]
1000aa48:	4b03      	ldr	r3, [pc, #12]	@ (1000aa58 <_malloc_trim_r+0xb0>)
1000aa4a:	681b      	ldr	r3, [r3, #0]
1000aa4c:	1ac0      	subs	r0, r0, r3
1000aa4e:	6008      	str	r0, [r1, #0]
1000aa50:	e7d1      	b.n	1000a9f6 <_malloc_trim_r+0x4e>
1000aa52:	bf00      	nop
1000aa54:	20038acc 	.word	0x20038acc
1000aa58:	200011ac 	.word	0x200011ac
1000aa5c:	200011b8 	.word	0x200011b8

1000aa60 <_free_r>:
1000aa60:	2900      	cmp	r1, #0
1000aa62:	d07c      	beq.n	1000ab5e <_free_r+0xfe>
1000aa64:	e92d 41f0 	stmdb	sp!, {r4, r5, r6, r7, r8, lr}
1000aa68:	460c      	mov	r4, r1
1000aa6a:	4680      	mov	r8, r0
1000aa6c:	f7ff fca6 	bl	1000a3bc <__malloc_lock>
1000aa70:	4f76      	ldr	r7, [pc, #472]	@ (1000ac4c <_free_r+0x1ec>)
1000aa72:	f854 3c04 	ldr.w	r3, [r4, #-4]
1000aa76:	f1a4 0508 	sub.w	r5, r4, #8
1000aa7a:	68be      	ldr	r6, [r7, #8]
1000aa7c:	f023 0101 	bic.w	r1, r3, #1
1000aa80:	1868      	adds	r0, r5, r1
1000aa82:	6842      	ldr	r2, [r0, #4]
1000aa84:	4286      	cmp	r6, r0
1000aa86:	f022 0203 	bic.w	r2, r2, #3
1000aa8a:	f000 8083 	beq.w	1000ab94 <_free_r+0x134>
1000aa8e:	07de      	lsls	r6, r3, #31
1000aa90:	eb00 0c02 	add.w	ip, r0, r2
1000aa94:	6042      	str	r2, [r0, #4]
1000aa96:	d433      	bmi.n	1000ab00 <_free_r+0xa0>
1000aa98:	f854 4c08 	ldr.w	r4, [r4, #-8]
1000aa9c:	f8dc 3004 	ldr.w	r3, [ip, #4]
1000aaa0:	f107 0c08 	add.w	ip, r7, #8
1000aaa4:	1b2d      	subs	r5, r5, r4
1000aaa6:	4421      	add	r1, r4
1000aaa8:	f003 0301 	and.w	r3, r3, #1
1000aaac:	68ac      	ldr	r4, [r5, #8]
1000aaae:	4564      	cmp	r4, ip
1000aab0:	d064      	beq.n	1000ab7c <_free_r+0x11c>
1000aab2:	f8d5 e00c 	ldr.w	lr, [r5, #12]
1000aab6:	f8c4 e00c 	str.w	lr, [r4, #12]
1000aaba:	f8ce 4008 	str.w	r4, [lr, #8]
1000aabe:	2b00      	cmp	r3, #0
1000aac0:	f000 8081 	beq.w	1000abc6 <_free_r+0x166>
1000aac4:	f041 0301 	orr.w	r3, r1, #1
1000aac8:	606b      	str	r3, [r5, #4]
1000aaca:	6001      	str	r1, [r0, #0]
1000aacc:	f5b1 7f00 	cmp.w	r1, #512	@ 0x200
1000aad0:	d222      	bcs.n	1000ab18 <_free_r+0xb8>
1000aad2:	08cb      	lsrs	r3, r1, #3
1000aad4:	2201      	movs	r2, #1
1000aad6:	0949      	lsrs	r1, r1, #5
1000aad8:	3301      	adds	r3, #1
1000aada:	408a      	lsls	r2, r1
1000aadc:	6879      	ldr	r1, [r7, #4]
1000aade:	430a      	orrs	r2, r1
1000aae0:	f857 1033 	ldr.w	r1, [r7, r3, lsl #3]
1000aae4:	607a      	str	r2, [r7, #4]
1000aae6:	eb07 02c3 	add.w	r2, r7, r3, lsl #3
1000aaea:	3a08      	subs	r2, #8
1000aaec:	e9c5 1202 	strd	r1, r2, [r5, #8]
1000aaf0:	f847 5033 	str.w	r5, [r7, r3, lsl #3]
1000aaf4:	60cd      	str	r5, [r1, #12]
1000aaf6:	4640      	mov	r0, r8
1000aaf8:	e8bd 41f0 	ldmia.w	sp!, {r4, r5, r6, r7, r8, lr}
1000aafc:	f7ff bc64 	b.w	1000a3c8 <__malloc_unlock>
1000ab00:	f8dc 3004 	ldr.w	r3, [ip, #4]
1000ab04:	07db      	lsls	r3, r3, #31
1000ab06:	d52b      	bpl.n	1000ab60 <_free_r+0x100>
1000ab08:	f041 0301 	orr.w	r3, r1, #1
1000ab0c:	f5b1 7f00 	cmp.w	r1, #512	@ 0x200
1000ab10:	f844 3c04 	str.w	r3, [r4, #-4]
1000ab14:	6001      	str	r1, [r0, #0]
1000ab16:	d3dc      	bcc.n	1000aad2 <_free_r+0x72>
1000ab18:	f5b1 6f20 	cmp.w	r1, #2560	@ 0xa00
1000ab1c:	ea4f 2351 	mov.w	r3, r1, lsr #9
1000ab20:	d253      	bcs.n	1000abca <_free_r+0x16a>
1000ab22:	098b      	lsrs	r3, r1, #6
1000ab24:	f103 0039 	add.w	r0, r3, #57	@ 0x39
1000ab28:	f103 0238 	add.w	r2, r3, #56	@ 0x38
1000ab2c:	00c3      	lsls	r3, r0, #3
1000ab2e:	18f8      	adds	r0, r7, r3
1000ab30:	58fb      	ldr	r3, [r7, r3]
1000ab32:	3808      	subs	r0, #8
1000ab34:	4298      	cmp	r0, r3
1000ab36:	d103      	bne.n	1000ab40 <_free_r+0xe0>
1000ab38:	e061      	b.n	1000abfe <_free_r+0x19e>
1000ab3a:	689b      	ldr	r3, [r3, #8]
1000ab3c:	4298      	cmp	r0, r3
1000ab3e:	d004      	beq.n	1000ab4a <_free_r+0xea>
1000ab40:	685a      	ldr	r2, [r3, #4]
1000ab42:	f022 0203 	bic.w	r2, r2, #3
1000ab46:	428a      	cmp	r2, r1
1000ab48:	d8f7      	bhi.n	1000ab3a <_free_r+0xda>
1000ab4a:	68d8      	ldr	r0, [r3, #12]
1000ab4c:	e9c5 3002 	strd	r3, r0, [r5, #8]
1000ab50:	6085      	str	r5, [r0, #8]
1000ab52:	4640      	mov	r0, r8
1000ab54:	60dd      	str	r5, [r3, #12]
1000ab56:	e8bd 41f0 	ldmia.w	sp!, {r4, r5, r6, r7, r8, lr}
1000ab5a:	f7ff bc35 	b.w	1000a3c8 <__malloc_unlock>
1000ab5e:	4770      	bx	lr
1000ab60:	4411      	add	r1, r2
1000ab62:	f107 0c08 	add.w	ip, r7, #8
1000ab66:	6883      	ldr	r3, [r0, #8]
1000ab68:	4563      	cmp	r3, ip
1000ab6a:	d03f      	beq.n	1000abec <_free_r+0x18c>
1000ab6c:	68c2      	ldr	r2, [r0, #12]
1000ab6e:	60da      	str	r2, [r3, #12]
1000ab70:	6093      	str	r3, [r2, #8]
1000ab72:	f041 0301 	orr.w	r3, r1, #1
1000ab76:	606b      	str	r3, [r5, #4]
1000ab78:	5069      	str	r1, [r5, r1]
1000ab7a:	e7a7      	b.n	1000aacc <_free_r+0x6c>
1000ab7c:	2b00      	cmp	r3, #0
1000ab7e:	d15f      	bne.n	1000ac40 <_free_r+0x1e0>
1000ab80:	440a      	add	r2, r1
1000ab82:	e9d0 1302 	ldrd	r1, r3, [r0, #8]
1000ab86:	60cb      	str	r3, [r1, #12]
1000ab88:	6099      	str	r1, [r3, #8]
1000ab8a:	f042 0301 	orr.w	r3, r2, #1
1000ab8e:	606b      	str	r3, [r5, #4]
1000ab90:	50aa      	str	r2, [r5, r2]
1000ab92:	e7b0      	b.n	1000aaf6 <_free_r+0x96>
1000ab94:	07db      	lsls	r3, r3, #31
1000ab96:	440a      	add	r2, r1
1000ab98:	d407      	bmi.n	1000abaa <_free_r+0x14a>
1000ab9a:	f854 3c08 	ldr.w	r3, [r4, #-8]
1000ab9e:	1aed      	subs	r5, r5, r3
1000aba0:	441a      	add	r2, r3
1000aba2:	e9d5 1302 	ldrd	r1, r3, [r5, #8]
1000aba6:	60cb      	str	r3, [r1, #12]
1000aba8:	6099      	str	r1, [r3, #8]
1000abaa:	f042 0301 	orr.w	r3, r2, #1
1000abae:	606b      	str	r3, [r5, #4]
1000abb0:	4b27      	ldr	r3, [pc, #156]	@ (1000ac50 <_free_r+0x1f0>)
1000abb2:	60bd      	str	r5, [r7, #8]
1000abb4:	681b      	ldr	r3, [r3, #0]
1000abb6:	4293      	cmp	r3, r2
1000abb8:	d89d      	bhi.n	1000aaf6 <_free_r+0x96>
1000abba:	4b26      	ldr	r3, [pc, #152]	@ (1000ac54 <_free_r+0x1f4>)
1000abbc:	4640      	mov	r0, r8
1000abbe:	6819      	ldr	r1, [r3, #0]
1000abc0:	f7ff fef2 	bl	1000a9a8 <_malloc_trim_r>
1000abc4:	e797      	b.n	1000aaf6 <_free_r+0x96>
1000abc6:	4411      	add	r1, r2
1000abc8:	e7cd      	b.n	1000ab66 <_free_r+0x106>
1000abca:	2b14      	cmp	r3, #20
1000abcc:	d908      	bls.n	1000abe0 <_free_r+0x180>
1000abce:	2b54      	cmp	r3, #84	@ 0x54
1000abd0:	d81d      	bhi.n	1000ac0e <_free_r+0x1ae>
1000abd2:	0b0b      	lsrs	r3, r1, #12
1000abd4:	f103 006f 	add.w	r0, r3, #111	@ 0x6f
1000abd8:	f103 026e 	add.w	r2, r3, #110	@ 0x6e
1000abdc:	00c3      	lsls	r3, r0, #3
1000abde:	e7a6      	b.n	1000ab2e <_free_r+0xce>
1000abe0:	f103 005c 	add.w	r0, r3, #92	@ 0x5c
1000abe4:	f103 025b 	add.w	r2, r3, #91	@ 0x5b
1000abe8:	00c3      	lsls	r3, r0, #3
1000abea:	e7a0      	b.n	1000ab2e <_free_r+0xce>
1000abec:	f041 0301 	orr.w	r3, r1, #1
1000abf0:	e9c7 5504 	strd	r5, r5, [r7, #16]
1000abf4:	e9c5 cc02 	strd	ip, ip, [r5, #8]
1000abf8:	606b      	str	r3, [r5, #4]
1000abfa:	5069      	str	r1, [r5, r1]
1000abfc:	e77b      	b.n	1000aaf6 <_free_r+0x96>
1000abfe:	2101      	movs	r1, #1
1000ac00:	1092      	asrs	r2, r2, #2
1000ac02:	fa01 f202 	lsl.w	r2, r1, r2
1000ac06:	6879      	ldr	r1, [r7, #4]
1000ac08:	430a      	orrs	r2, r1
1000ac0a:	607a      	str	r2, [r7, #4]
1000ac0c:	e79e      	b.n	1000ab4c <_free_r+0xec>
1000ac0e:	f5b3 7faa 	cmp.w	r3, #340	@ 0x154
1000ac12:	d806      	bhi.n	1000ac22 <_free_r+0x1c2>
1000ac14:	0bcb      	lsrs	r3, r1, #15
1000ac16:	f103 0078 	add.w	r0, r3, #120	@ 0x78
1000ac1a:	f103 0277 	add.w	r2, r3, #119	@ 0x77
1000ac1e:	00c3      	lsls	r3, r0, #3
1000ac20:	e785      	b.n	1000ab2e <_free_r+0xce>
1000ac22:	f240 5254 	movw	r2, #1364	@ 0x554
1000ac26:	4293      	cmp	r3, r2
1000ac28:	d806      	bhi.n	1000ac38 <_free_r+0x1d8>
1000ac2a:	0c8b      	lsrs	r3, r1, #18
1000ac2c:	f103 007d 	add.w	r0, r3, #125	@ 0x7d
1000ac30:	f103 027c 	add.w	r2, r3, #124	@ 0x7c
1000ac34:	00c3      	lsls	r3, r0, #3
1000ac36:	e77a      	b.n	1000ab2e <_free_r+0xce>
1000ac38:	f44f 737e 	mov.w	r3, #1016	@ 0x3f8
1000ac3c:	227e      	movs	r2, #126	@ 0x7e
1000ac3e:	e776      	b.n	1000ab2e <_free_r+0xce>
1000ac40:	f041 0301 	orr.w	r3, r1, #1
1000ac44:	606b      	str	r3, [r5, #4]
1000ac46:	6001      	str	r1, [r0, #0]
1000ac48:	e755      	b.n	1000aaf6 <_free_r+0x96>
1000ac4a:	bf00      	nop
1000ac4c:	200011b8 	.word	0x200011b8
1000ac50:	200011b0 	.word	0x200011b0
1000ac54:	20038afc 	.word	0x20038afc

1000ac58 <memcpy>:
1000ac58:	4684      	mov	ip, r0
1000ac5a:	ea41 0300 	orr.w	r3, r1, r0
1000ac5e:	f013 0303 	ands.w	r3, r3, #3
1000ac62:	d149      	bne.n	1000acf8 <memcpy+0xa0>
1000ac64:	3a40      	subs	r2, #64	@ 0x40
1000ac66:	d323      	bcc.n	1000acb0 <memcpy+0x58>
1000ac68:	680b      	ldr	r3, [r1, #0]
1000ac6a:	6003      	str	r3, [r0, #0]
1000ac6c:	684b      	ldr	r3, [r1, #4]
1000ac6e:	6043      	str	r3, [r0, #4]
1000ac70:	688b      	ldr	r3, [r1, #8]
1000ac72:	6083      	str	r3, [r0, #8]
1000ac74:	68cb      	ldr	r3, [r1, #12]
1000ac76:	60c3      	str	r3, [r0, #12]
1000ac78:	690b      	ldr	r3, [r1, #16]
1000ac7a:	6103      	str	r3, [r0, #16]
1000ac7c:	694b      	ldr	r3, [r1, #20]
1000ac7e:	6143      	str	r3, [r0, #20]
1000ac80:	698b      	ldr	r3, [r1, #24]
1000ac82:	6183      	str	r3, [r0, #24]
1000ac84:	69cb      	ldr	r3, [r1, #28]
1000ac86:	61c3      	str	r3, [r0, #28]
1000ac88:	6a0b      	ldr	r3, [r1, #32]
1000ac8a:	6203      	str	r3, [r0, #32]
1000ac8c:	6a4b      	ldr	r3, [r1, #36]	@ 0x24
1000ac8e:	6243      	str	r3, [r0, #36]	@ 0x24
1000ac90:	6a8b      	ldr	r3, [r1, #40]	@ 0x28
1000ac92:	6283      	str	r3, [r0, #40]	@ 0x28
1000ac94:	6acb      	ldr	r3, [r1, #44]	@ 0x2c
1000ac96:	62c3      	str	r3, [r0, #44]	@ 0x2c
1000ac98:	6b0b      	ldr	r3, [r1, #48]	@ 0x30
1000ac9a:	6303      	str	r3, [r0, #48]	@ 0x30
1000ac9c:	6b4b      	ldr	r3, [r1, #52]	@ 0x34
1000ac9e:	6343      	str	r3, [r0, #52]	@ 0x34
1000aca0:	6b8b      	ldr	r3, [r1, #56]	@ 0x38
1000aca2:	6383      	str	r3, [r0, #56]	@ 0x38
1000aca4:	6bcb      	ldr	r3, [r1, #60]	@ 0x3c
1000aca6:	63c3      	str	r3, [r0, #60]	@ 0x3c
1000aca8:	3040      	adds	r0, #64	@ 0x40
1000acaa:	3140      	adds	r1, #64	@ 0x40
1000acac:	3a40      	subs	r2, #64	@ 0x40
1000acae:	d2db      	bcs.n	1000ac68 <memcpy+0x10>
1000acb0:	3230      	adds	r2, #48	@ 0x30
1000acb2:	d30b      	bcc.n	1000accc <memcpy+0x74>
1000acb4:	680b      	ldr	r3, [r1, #0]
1000acb6:	6003      	str	r3, [r0, #0]
1000acb8:	684b      	ldr	r3, [r1, #4]
1000acba:	6043      	str	r3, [r0, #4]
1000acbc:	688b      	ldr	r3, [r1, #8]
1000acbe:	6083      	str	r3, [r0, #8]
1000acc0:	68cb      	ldr	r3, [r1, #12]
1000acc2:	60c3      	str	r3, [r0, #12]
1000acc4:	3010      	adds	r0, #16
1000acc6:	3110      	adds	r1, #16
1000acc8:	3a10      	subs	r2, #16
1000acca:	d2f3      	bcs.n	1000acb4 <memcpy+0x5c>
1000accc:	320c      	adds	r2, #12
1000acce:	d305      	bcc.n	1000acdc <memcpy+0x84>
1000acd0:	f851 3b04 	ldr.w	r3, [r1], #4
1000acd4:	f840 3b04 	str.w	r3, [r0], #4
1000acd8:	3a04      	subs	r2, #4
1000acda:	d2f9      	bcs.n	1000acd0 <memcpy+0x78>
1000acdc:	3204      	adds	r2, #4
1000acde:	d008      	beq.n	1000acf2 <memcpy+0x9a>
1000ace0:	07d2      	lsls	r2, r2, #31
1000ace2:	bf1c      	itt	ne
1000ace4:	f811 3b01 	ldrbne.w	r3, [r1], #1
1000ace8:	f800 3b01 	strbne.w	r3, [r0], #1
1000acec:	d301      	bcc.n	1000acf2 <memcpy+0x9a>
1000acee:	880b      	ldrh	r3, [r1, #0]
1000acf0:	8003      	strh	r3, [r0, #0]
1000acf2:	4660      	mov	r0, ip
1000acf4:	4770      	bx	lr
1000acf6:	bf00      	nop
1000acf8:	2a08      	cmp	r2, #8
1000acfa:	d313      	bcc.n	1000ad24 <memcpy+0xcc>
1000acfc:	078b      	lsls	r3, r1, #30
1000acfe:	d0b1      	beq.n	1000ac64 <memcpy+0xc>
1000ad00:	f010 0303 	ands.w	r3, r0, #3
1000ad04:	d0ae      	beq.n	1000ac64 <memcpy+0xc>
1000ad06:	f1c3 0304 	rsb	r3, r3, #4
1000ad0a:	1ad2      	subs	r2, r2, r3
1000ad0c:	07db      	lsls	r3, r3, #31
1000ad0e:	bf1c      	itt	ne
1000ad10:	f811 3b01 	ldrbne.w	r3, [r1], #1
1000ad14:	f800 3b01 	strbne.w	r3, [r0], #1
1000ad18:	d3a4      	bcc.n	1000ac64 <memcpy+0xc>
1000ad1a:	f831 3b02 	ldrh.w	r3, [r1], #2
1000ad1e:	f820 3b02 	strh.w	r3, [r0], #2
1000ad22:	e79f      	b.n	1000ac64 <memcpy+0xc>
1000ad24:	3a04      	subs	r2, #4
1000ad26:	d3d9      	bcc.n	1000acdc <memcpy+0x84>
1000ad28:	3a01      	subs	r2, #1
1000ad2a:	f811 3b01 	ldrb.w	r3, [r1], #1
1000ad2e:	f800 3b01 	strb.w	r3, [r0], #1
1000ad32:	d2f9      	bcs.n	1000ad28 <memcpy+0xd0>
1000ad34:	780b      	ldrb	r3, [r1, #0]
1000ad36:	7003      	strb	r3, [r0, #0]
1000ad38:	784b      	ldrb	r3, [r1, #1]
1000ad3a:	7043      	strb	r3, [r0, #1]
1000ad3c:	788b      	ldrb	r3, [r1, #2]
1000ad3e:	7083      	strb	r3, [r0, #2]
1000ad40:	4660      	mov	r0, ip
1000ad42:	4770      	bx	lr

1000ad44 <memcmp>:
1000ad44:	2a03      	cmp	r2, #3
1000ad46:	b430      	push	{r4, r5}
1000ad48:	d915      	bls.n	1000ad76 <memcmp+0x32>
1000ad4a:	ea41 0400 	orr.w	r4, r1, r0
1000ad4e:	4684      	mov	ip, r0
1000ad50:	460b      	mov	r3, r1
1000ad52:	07a4      	lsls	r4, r4, #30
1000ad54:	d004      	beq.n	1000ad60 <memcmp+0x1c>
1000ad56:	1e54      	subs	r4, r2, #1
1000ad58:	e00f      	b.n	1000ad7a <memcmp+0x36>
1000ad5a:	3a04      	subs	r2, #4
1000ad5c:	2a03      	cmp	r2, #3
1000ad5e:	d908      	bls.n	1000ad72 <memcmp+0x2e>
1000ad60:	4619      	mov	r1, r3
1000ad62:	4660      	mov	r0, ip
1000ad64:	f853 4b04 	ldr.w	r4, [r3], #4
1000ad68:	f85c 5b04 	ldr.w	r5, [ip], #4
1000ad6c:	42a5      	cmp	r5, r4
1000ad6e:	d0f4      	beq.n	1000ad5a <memcmp+0x16>
1000ad70:	e7f1      	b.n	1000ad56 <memcmp+0x12>
1000ad72:	4660      	mov	r0, ip
1000ad74:	4619      	mov	r1, r3
1000ad76:	1e54      	subs	r4, r2, #1
1000ad78:	b17a      	cbz	r2, 1000ad9a <memcmp+0x56>
1000ad7a:	1e43      	subs	r3, r0, #1
1000ad7c:	3901      	subs	r1, #1
1000ad7e:	1902      	adds	r2, r0, r4
1000ad80:	e001      	b.n	1000ad86 <memcmp+0x42>
1000ad82:	429a      	cmp	r2, r3
1000ad84:	d009      	beq.n	1000ad9a <memcmp+0x56>
1000ad86:	f813 0f01 	ldrb.w	r0, [r3, #1]!
1000ad8a:	f811 cf01 	ldrb.w	ip, [r1, #1]!
1000ad8e:	4560      	cmp	r0, ip
1000ad90:	d0f7      	beq.n	1000ad82 <memcmp+0x3e>
1000ad92:	eba0 000c 	sub.w	r0, r0, ip
1000ad96:	bc30      	pop	{r4, r5}
1000ad98:	4770      	bx	lr
1000ad9a:	2000      	movs	r0, #0
1000ad9c:	bc30      	pop	{r4, r5}
1000ad9e:	4770      	bx	lr

1000ada0 <_fini>:
1000ada0:	b5f8      	push	{r3, r4, r5, r6, r7, lr}
1000ada2:	bf00      	nop
1000ada4:	0000      	movs	r0, r0
	...

1000ada8 <__ringbuf_read_array_no_spinlock.isra.0_veneer>:
1000ada8:	f85f f000 	ldr.w	pc, [pc]	@ 1000adac <__ringbuf_read_array_no_spinlock.isra.0_veneer+0x4>
1000adac:	20000761 	.word	0x20000761

1000adb0 <__fft_fir_process_channel_veneer>:
1000adb0:	f85f f000 	ldr.w	pc, [pc]	@ 1000adb4 <__fft_fir_process_channel_veneer+0x4>
1000adb4:	20000195 	.word	0x20000195

1000adb8 <__mutex_enter_blocking.constprop.0_veneer>:
1000adb8:	f85f f000 	ldr.w	pc, [pc]	@ 1000adbc <__mutex_enter_blocking.constprop.0_veneer+0x4>
1000adbc:	20000111 	.word	0x20000111

1000adc0 <____aeabi_f2d_veneer>:
1000adc0:	f85f f000 	ldr.w	pc, [pc]	@ 1000adc4 <____aeabi_f2d_veneer+0x4>
1000adc4:	20001031 	.word	0x20001031

1000adc8 <__ringbuf_write_array_no_spinlock.isra.0_veneer>:
1000adc8:	f85f f000 	ldr.w	pc, [pc]	@ 1000adcc <__ringbuf_write_array_no_spinlock.isra.0_veneer+0x4>
1000adcc:	200006cd 	.word	0x200006cd

1000add0 <____aeabi_uldivmod_veneer>:
1000add0:	f85f f000 	ldr.w	pc, [pc]	@ 1000add4 <____aeabi_uldivmod_veneer+0x4>
1000add4:	20000a35 	.word	0x20000a35

1000add8 <____aeabi_ldivmod_veneer>:
1000add8:	f85f f000 	ldr.w	pc, [pc]	@ 1000addc <____aeabi_ldivmod_veneer+0x4>
1000addc:	20000995 	.word	0x20000995

1000ade0 <__ringbuf_write_array_spinlock.isra.0_veneer>:
1000ade0:	f85f f000 	ldr.w	pc, [pc]	@ 1000ade4 <__ringbuf_write_array_spinlock.isra.0_veneer+0x4>
1000ade4:	200007dd 	.word	0x200007dd

1000ade8 <__ringbuf_read_array_spinlock_veneer>:
1000ade8:	f85f f000 	ldr.w	pc, [pc]	@ 1000adec <__ringbuf_read_array_spinlock_veneer+0x4>
1000adec:	2000060d 	.word	0x2000060d

1000adf0 <__pre_init_runtime_init_bootrom_reset>:
1000adf0:	10001ba9                                ....

1000adf4 <__pre_init_runtime_init_early_resets>:
1000adf4:	10001bf1                                ....

1000adf8 <__pre_init_runtime_init_usb_power_down>:
1000adf8:	10001c25                                %...

1000adfc <__pre_init_runtime_init_clocks>:
1000adfc:	10001c95                                ....

1000ae00 <__pre_init_runtime_init_post_clock_resets>:
1000ae00:	10001c5d                                ]...

1000ae04 <__pre_init_runtime_init_spin_locks_reset>:
1000ae04:	10001c7d                                }...

1000ae08 <__pre_init_runtime_init_boot_locks_reset>:
1000ae08:	10001b89                                ....

1000ae0c <__pre_init_runtime_init_bootrom_locking_enable>:
1000ae0c:	10003ee5                                .>..

1000ae10 <__pre_init_runtime_init_mutex>:
1000ae10:	100015e9                                ....

1000ae14 <__pre_init_runtime_init_install_ram_vector_table>:
1000ae14:	10003e75                                u>..

1000ae18 <__pre_init_runtime_init_default_alarm_pool>:
1000ae18:	10005ec1                                .^..

1000ae1c <__pre_init_first_per_core_initializer>:
1000ae1c:	10001ba5                                ....

1000ae20 <__pre_init_runtime_init_per_core_bootrom_reset>:
1000ae20:	10001bcd                                ....

1000ae24 <__pre_init_runtime_init_per_core_enable_coprocessors>:
1000ae24:	10001c41                                A...

1000ae28 <__pre_init_spinlock_set_extexclall>:
1000ae28:	10001599                                ....

1000ae2c <__pre_init_runtime_init_per_core_irq_priorities>:
1000ae2c:	100015a9                                ....

1000ae30 <__frame_dummy_init_array_entry>:
1000ae30:	10000211                                ....

Disassembly of section .data:

20000110 <mutex_enter_blocking.constprop.0>:
20000110:	f04f 4350 	mov.w	r3, #3489660928	@ 0xd0000000
20000114:	491e      	ldr	r1, [pc, #120]	@ (20000190 <mutex_enter_blocking.constprop.0+0x80>)
20000116:	b510      	push	{r4, lr}
20000118:	680a      	ldr	r2, [r1, #0]
2000011a:	f993 4000 	ldrsb.w	r4, [r3]
2000011e:	f3ef 8310 	mrs	r3, PRIMASK
20000122:	b672      	cpsid	i
20000124:	e8d2 cfcf 	ldaexb	ip, [r2]
20000128:	2001      	movs	r0, #1
2000012a:	f1bc 0f00 	cmp.w	ip, #0
2000012e:	d1f9      	bne.n	20000124 <mutex_enter_blocking.constprop.0+0x14>
20000130:	e8c2 0f4c 	strexb	ip, r0, [r2]
20000134:	f1bc 0f00 	cmp.w	ip, #0
20000138:	d1f4      	bne.n	20000124 <mutex_enter_blocking.constprop.0+0x14>
2000013a:	f3bf 8f5f 	dmb	sy
2000013e:	f991 2004 	ldrsb.w	r2, [r1, #4]
20000142:	2a00      	cmp	r2, #0
20000144:	db1c      	blt.n	20000180 <mutex_enter_blocking.constprop.0+0x70>
20000146:	2000      	movs	r0, #0
20000148:	680a      	ldr	r2, [r1, #0]
2000014a:	e8c2 0f8f 	stlb	r0, [r2]
2000014e:	f383 8810 	msr	PRIMASK, r3
20000152:	bf20      	wfe
20000154:	680a      	ldr	r2, [r1, #0]
20000156:	f3ef 8310 	mrs	r3, PRIMASK
2000015a:	b672      	cpsid	i
2000015c:	e8d2 efcf 	ldaexb	lr, [r2]
20000160:	f05f 0c01 	movs.w	ip, #1
20000164:	f1be 0f00 	cmp.w	lr, #0
20000168:	d1f8      	bne.n	2000015c <mutex_enter_blocking.constprop.0+0x4c>
2000016a:	e8c2 cf4e 	strexb	lr, ip, [r2]
2000016e:	f1be 0f00 	cmp.w	lr, #0
20000172:	d1f3      	bne.n	2000015c <mutex_enter_blocking.constprop.0+0x4c>
20000174:	f3bf 8f5f 	dmb	sy
20000178:	f991 2004 	ldrsb.w	r2, [r1, #4]
2000017c:	2a00      	cmp	r2, #0
2000017e:	dae3      	bge.n	20000148 <mutex_enter_blocking.constprop.0+0x38>
20000180:	2200      	movs	r2, #0
20000182:	6808      	ldr	r0, [r1, #0]
20000184:	710c      	strb	r4, [r1, #4]
20000186:	e8c0 2f8f 	stlb	r2, [r0]
2000018a:	f383 8810 	msr	PRIMASK, r3
2000018e:	bd10      	pop	{r4, pc}
20000190:	200016e8 	.word	0x200016e8

20000194 <fft_fir_process_channel>:
20000194:	e92d 4ff0 	stmdb	sp!, {r4, r5, r6, r7, r8, r9, sl, fp, lr}
20000198:	4604      	mov	r4, r0
2000019a:	b093      	sub	sp, #76	@ 0x4c
2000019c:	9303      	str	r3, [sp, #12]
2000019e:	8b03      	ldrh	r3, [r0, #24]
200001a0:	f8b0 800c 	ldrh.w	r8, [r0, #12]
200001a4:	9302      	str	r3, [sp, #8]
200001a6:	8a23      	ldrh	r3, [r4, #16]
200001a8:	8b86      	ldrh	r6, [r0, #28]
200001aa:	9301      	str	r3, [sp, #4]
200001ac:	6aa3      	ldr	r3, [r4, #40]	@ 0x28
200001ae:	4640      	mov	r0, r8
200001b0:	9305      	str	r3, [sp, #20]
200001b2:	6ae3      	ldr	r3, [r4, #44]	@ 0x2c
200001b4:	f8b4 900e 	ldrh.w	r9, [r4, #14]
200001b8:	f8b4 a012 	ldrh.w	sl, [r4, #18]
200001bc:	f8b4 b014 	ldrh.w	fp, [r4, #20]
200001c0:	8ae7      	ldrh	r7, [r4, #22]
200001c2:	9104      	str	r1, [sp, #16]
200001c4:	9206      	str	r2, [sp, #24]
200001c6:	9307      	str	r3, [sp, #28]
200001c8:	f000 ff9e 	bl	20001108 <__fft_fir_get_rfft_veneer>
200001cc:	4604      	mov	r4, r0
200001ce:	2f00      	cmp	r7, #0
200001d0:	f040 8109 	bne.w	200003e6 <fft_fir_process_channel+0x252>
200001d4:	2800      	cmp	r0, #0
200001d6:	f000 8103 	beq.w	200003e0 <fft_fir_process_channel+0x24c>
200001da:	463d      	mov	r5, r7
200001dc:	2e00      	cmp	r6, #0
200001de:	f000 80ff 	beq.w	200003e0 <fft_fir_process_channel+0x24c>
200001e2:	454e      	cmp	r6, r9
200001e4:	f040 80fc 	bne.w	200003e0 <fft_fir_process_channel+0x24c>
200001e8:	ebb8 0f46 	cmp.w	r8, r6, lsl #1
200001ec:	f040 80f8 	bne.w	200003e0 <fft_fir_process_channel+0x24c>
200001f0:	455e      	cmp	r6, fp
200001f2:	f200 80f5 	bhi.w	200003e0 <fft_fir_process_channel+0x24c>
200001f6:	fbbb f3f6 	udiv	r3, fp, r6
200001fa:	fb06 b313 	mls	r3, r6, r3, fp
200001fe:	2b00      	cmp	r3, #0
20000200:	f040 80ee 	bne.w	200003e0 <fft_fir_process_channel+0x24c>
20000204:	2f00      	cmp	r7, #0
20000206:	f040 80fa 	bne.w	200003fe <fft_fir_process_channel+0x26a>
2000020a:	9b01      	ldr	r3, [sp, #4]
2000020c:	2b01      	cmp	r3, #1
2000020e:	f040 80e7 	bne.w	200003e0 <fft_fir_process_channel+0x24c>
20000212:	9b02      	ldr	r3, [sp, #8]
20000214:	3b01      	subs	r3, #1
20000216:	2b07      	cmp	r3, #7
20000218:	f200 80e2 	bhi.w	200003e0 <fft_fir_process_channel+0x24c>
2000021c:	f5b8 7f00 	cmp.w	r8, #512	@ 0x200
20000220:	f200 80de 	bhi.w	200003e0 <fft_fir_process_channel+0x24c>
20000224:	f5ba 7f00 	cmp.w	sl, #512	@ 0x200
20000228:	f200 80da 	bhi.w	200003e0 <fft_fir_process_channel+0x24c>
2000022c:	00b2      	lsls	r2, r6, #2
2000022e:	4691      	mov	r9, r2
20000230:	9904      	ldr	r1, [sp, #16]
20000232:	4893      	ldr	r0, [pc, #588]	@ (20000480 <fft_fir_process_channel+0x2ec>)
20000234:	f000 ff58 	bl	200010e8 <__memcpy_veneer>
20000238:	4891      	ldr	r0, [pc, #580]	@ (20000480 <fft_fir_process_channel+0x2ec>)
2000023a:	eba8 0206 	sub.w	r2, r8, r6
2000023e:	4448      	add	r0, r9
20000240:	2100      	movs	r1, #0
20000242:	0092      	lsls	r2, r2, #2
20000244:	f8cd 902c 	str.w	r9, [sp, #44]	@ 0x2c
20000248:	9008      	str	r0, [sp, #32]
2000024a:	f000 ff51 	bl	200010f0 <__memset_veneer>
2000024e:	498c      	ldr	r1, [pc, #560]	@ (20000480 <fft_fir_process_channel+0x2ec>)
20000250:	4620      	mov	r0, r4
20000252:	f501 6200 	add.w	r2, r1, #2048	@ 0x800
20000256:	2300      	movs	r3, #0
20000258:	f000 ff42 	bl	200010e0 <__arm_rfft_fast_f32_veneer>
2000025c:	9a03      	ldr	r2, [sp, #12]
2000025e:	ea4f 0188 	mov.w	r1, r8, lsl #2
20000262:	6813      	ldr	r3, [r2, #0]
20000264:	9101      	str	r1, [sp, #4]
20000266:	eb02 2383 	add.w	r3, r2, r3, lsl #10
2000026a:	460a      	mov	r2, r1
2000026c:	4984      	ldr	r1, [pc, #528]	@ (20000480 <fft_fir_process_channel+0x2ec>)
2000026e:	f103 0010 	add.w	r0, r3, #16
20000272:	f501 6100 	add.w	r1, r1, #2048	@ 0x800
20000276:	f000 ff37 	bl	200010e8 <__memcpy_veneer>
2000027a:	9906      	ldr	r1, [sp, #24]
2000027c:	ea4f 0358 	mov.w	r3, r8, lsr #1
20000280:	00d8      	lsls	r0, r3, #3
20000282:	9b02      	ldr	r3, [sp, #8]
20000284:	910a      	str	r1, [sp, #40]	@ 0x28
20000286:	9905      	ldr	r1, [sp, #20]
20000288:	9a03      	ldr	r2, [sp, #12]
2000028a:	9009      	str	r0, [sp, #36]	@ 0x24
2000028c:	0098      	lsls	r0, r3, #2
2000028e:	3108      	adds	r1, #8
20000290:	900c      	str	r0, [sp, #48]	@ 0x30
20000292:	980b      	ldr	r0, [sp, #44]	@ 0x2c
20000294:	910d      	str	r1, [sp, #52]	@ 0x34
20000296:	f502 6141 	add.w	r1, r2, #3088	@ 0xc10
2000029a:	eb00 0901 	add.w	r9, r0, r1
2000029e:	eb01 2043 	add.w	r0, r1, r3, lsl #9
200002a2:	9b0a      	ldr	r3, [sp, #40]	@ 0x28
200002a4:	e9cd ab0e 	strd	sl, fp, [sp, #56]	@ 0x38
200002a8:	9710      	str	r7, [sp, #64]	@ 0x40
200002aa:	9406      	str	r4, [sp, #24]
200002ac:	461f      	mov	r7, r3
200002ae:	460c      	mov	r4, r1
200002b0:	4692      	mov	sl, r2
200002b2:	9511      	str	r5, [sp, #68]	@ 0x44
200002b4:	f8dd b030 	ldr.w	fp, [sp, #48]	@ 0x30
200002b8:	9d0d      	ldr	r5, [sp, #52]	@ 0x34
200002ba:	9005      	str	r0, [sp, #20]
200002bc:	f8da 3000 	ldr.w	r3, [sl]
200002c0:	ed15 6a02 	vldr	s12, [r5, #-8]
200002c4:	eb0a 2383 	add.w	r3, sl, r3, lsl #10
200002c8:	ed93 7a04 	vldr	s14, [r3, #16]
200002cc:	edd3 7a05 	vldr	s15, [r3, #20]
200002d0:	ed55 6a01 	vldr	s13, [r5, #-4]
200002d4:	ee27 7a06 	vmul.f32	s14, s14, s12
200002d8:	ee67 7aa6 	vmul.f32	s15, s15, s13
200002dc:	4a69      	ldr	r2, [pc, #420]	@ (20000484 <fft_fir_process_channel+0x2f0>)
200002de:	f1b8 0f03 	cmp.w	r8, #3
200002e2:	ed82 7a00 	vstr	s14, [r2]
200002e6:	edc2 7a01 	vstr	s15, [r2, #4]
200002ea:	f103 0310 	add.w	r3, r3, #16
200002ee:	f200 808f 	bhi.w	20000410 <fft_fir_process_channel+0x27c>
200002f2:	4a63      	ldr	r2, [pc, #396]	@ (20000480 <fft_fir_process_channel+0x2ec>)
200002f4:	2301      	movs	r3, #1
200002f6:	f502 6100 	add.w	r1, r2, #2048	@ 0x800
200002fa:	9806      	ldr	r0, [sp, #24]
200002fc:	f000 fef0 	bl	200010e0 <__arm_rfft_fast_f32_veneer>
20000300:	9b02      	ldr	r3, [sp, #8]
20000302:	463a      	mov	r2, r7
20000304:	2b01      	cmp	r3, #1
20000306:	f040 80a7 	bne.w	20000458 <fft_fir_process_channel+0x2c4>
2000030a:	4620      	mov	r0, r4
2000030c:	2300      	movs	r3, #0
2000030e:	495c      	ldr	r1, [pc, #368]	@ (20000480 <fft_fir_process_channel+0x2ec>)
20000310:	ecb1 7a01 	vldmia	r1!, {s14}
20000314:	ecf0 7a01 	vldmia	r0!, {s15}
20000318:	ee77 7a87 	vadd.f32	s15, s15, s14
2000031c:	3301      	adds	r3, #1
2000031e:	429e      	cmp	r6, r3
20000320:	ece2 7a01 	vstmia	r2!, {s15}
20000324:	d8f4      	bhi.n	20000310 <fft_fir_process_channel+0x17c>
20000326:	4623      	mov	r3, r4
20000328:	9a08      	ldr	r2, [sp, #32]
2000032a:	f852 1b04 	ldr.w	r1, [r2], #4
2000032e:	f843 1b04 	str.w	r1, [r3], #4
20000332:	454b      	cmp	r3, r9
20000334:	d1f9      	bne.n	2000032a <fft_fir_process_channel+0x196>
20000336:	f503 7900 	add.w	r9, r3, #512	@ 0x200
2000033a:	9b01      	ldr	r3, [sp, #4]
2000033c:	f504 7400 	add.w	r4, r4, #512	@ 0x200
20000340:	441d      	add	r5, r3
20000342:	9b05      	ldr	r3, [sp, #20]
20000344:	3704      	adds	r7, #4
20000346:	429c      	cmp	r4, r3
20000348:	d1b8      	bne.n	200002bc <fft_fir_process_channel+0x128>
2000034a:	e9dd ab0e 	ldrd	sl, fp, [sp, #56]	@ 0x38
2000034e:	e9dd 7510 	ldrd	r7, r5, [sp, #64]	@ 0x40
20000352:	2400      	movs	r4, #0
20000354:	9b03      	ldr	r3, [sp, #12]
20000356:	601c      	str	r4, [r3, #0]
20000358:	2f00      	cmp	r7, #0
2000035a:	d041      	beq.n	200003e0 <fft_fir_process_channel+0x24c>
2000035c:	68d8      	ldr	r0, [r3, #12]
2000035e:	f503 47b8 	add.w	r7, r3, #23552	@ 0x5c00
20000362:	3710      	adds	r7, #16
20000364:	9a0b      	ldr	r2, [sp, #44]	@ 0x2c
20000366:	9904      	ldr	r1, [sp, #16]
20000368:	eb07 0080 	add.w	r0, r7, r0, lsl #2
2000036c:	f000 febc 	bl	200010e8 <__memcpy_veneer>
20000370:	9a03      	ldr	r2, [sp, #12]
20000372:	68d3      	ldr	r3, [r2, #12]
20000374:	4433      	add	r3, r6
20000376:	455b      	cmp	r3, fp
20000378:	60d3      	str	r3, [r2, #12]
2000037a:	f080 8085 	bcs.w	20000488 <fft_fir_process_channel+0x2f4>
2000037e:	9803      	ldr	r0, [sp, #12]
20000380:	6882      	ldr	r2, [r0, #8]
20000382:	18b1      	adds	r1, r6, r2
20000384:	4559      	cmp	r1, fp
20000386:	4613      	mov	r3, r2
20000388:	d903      	bls.n	20000392 <fft_fir_process_channel+0x1fe>
2000038a:	6084      	str	r4, [r0, #8]
2000038c:	2300      	movs	r3, #0
2000038e:	9a03      	ldr	r2, [sp, #12]
20000390:	6892      	ldr	r2, [r2, #8]
20000392:	9902      	ldr	r1, [sp, #8]
20000394:	009c      	lsls	r4, r3, #2
20000396:	2901      	cmp	r1, #1
20000398:	9b03      	ldr	r3, [sp, #12]
2000039a:	f040 8114 	bne.w	200005c6 <fft_fir_process_channel+0x432>
2000039e:	f503 5070 	add.w	r0, r3, #15360	@ 0x3c00
200003a2:	f503 4580 	add.w	r5, r3, #16384	@ 0x4000
200003a6:	f8dd c028 	ldr.w	ip, [sp, #40]	@ 0x28
200003aa:	3010      	adds	r0, #16
200003ac:	3510      	adds	r5, #16
200003ae:	4661      	mov	r1, ip
200003b0:	2300      	movs	r3, #0
200003b2:	1907      	adds	r7, r0, r4
200003b4:	ecb7 7a01 	vldmia	r7!, {s14}
200003b8:	edd1 7a00 	vldr	s15, [r1]
200003bc:	ee77 7a87 	vadd.f32	s15, s15, s14
200003c0:	3301      	adds	r3, #1
200003c2:	429e      	cmp	r6, r3
200003c4:	ece1 7a01 	vstmia	r1!, {s15}
200003c8:	d8f4      	bhi.n	200003b4 <fft_fir_process_channel+0x220>
200003ca:	f500 6080 	add.w	r0, r0, #1024	@ 0x400
200003ce:	4285      	cmp	r5, r0
200003d0:	f10c 0c04 	add.w	ip, ip, #4
200003d4:	d1eb      	bne.n	200003ae <fft_fir_process_channel+0x21a>
200003d6:	4416      	add	r6, r2
200003d8:	455e      	cmp	r6, fp
200003da:	d24d      	bcs.n	20000478 <fft_fir_process_channel+0x2e4>
200003dc:	9b03      	ldr	r3, [sp, #12]
200003de:	609e      	str	r6, [r3, #8]
200003e0:	b013      	add	sp, #76	@ 0x4c
200003e2:	e8bd 8ff0 	ldmia.w	sp!, {r4, r5, r6, r7, r8, r9, sl, fp, pc}
200003e6:	4650      	mov	r0, sl
200003e8:	f000 fe8e 	bl	20001108 <__fft_fir_get_rfft_veneer>
200003ec:	4605      	mov	r5, r0
200003ee:	2c00      	cmp	r4, #0
200003f0:	d0f6      	beq.n	200003e0 <fft_fir_process_channel+0x24c>
200003f2:	2800      	cmp	r0, #0
200003f4:	d0f4      	beq.n	200003e0 <fft_fir_process_channel+0x24c>
200003f6:	2e00      	cmp	r6, #0
200003f8:	f47f aef3 	bne.w	200001e2 <fft_fir_process_channel+0x4e>
200003fc:	e7f0      	b.n	200003e0 <fft_fir_process_channel+0x24c>
200003fe:	ebba 0f4b 	cmp.w	sl, fp, lsl #1
20000402:	d1ed      	bne.n	200003e0 <fft_fir_process_channel+0x24c>
20000404:	9b01      	ldr	r3, [sp, #4]
20000406:	2b01      	cmp	r3, #1
20000408:	d1ea      	bne.n	200003e0 <fft_fir_process_channel+0x24c>
2000040a:	2f01      	cmp	r7, #1
2000040c:	d1e8      	bne.n	200003e0 <fft_fir_process_channel+0x24c>
2000040e:	e700      	b.n	20000212 <fft_fir_process_channel+0x7e>
20000410:	9a09      	ldr	r2, [sp, #36]	@ 0x24
20000412:	f103 0008 	add.w	r0, r3, #8
20000416:	491b      	ldr	r1, [pc, #108]	@ (20000484 <fft_fir_process_channel+0x2f0>)
20000418:	4410      	add	r0, r2
2000041a:	3310      	adds	r3, #16
2000041c:	f105 0208 	add.w	r2, r5, #8
20000420:	ed53 7a01 	vldr	s15, [r3, #-4]
20000424:	ed52 6a02 	vldr	s13, [r2, #-8]
20000428:	ed52 5a01 	vldr	s11, [r2, #-4]
2000042c:	ed13 6a02 	vldr	s12, [r3, #-8]
20000430:	ee27 7aa6 	vmul.f32	s14, s15, s13
20000434:	ee65 7ae7 	vnmul.f32	s15, s11, s15
20000438:	eea6 7a25 	vfma.f32	s14, s12, s11
2000043c:	eee6 7a26 	vfma.f32	s15, s12, s13
20000440:	3308      	adds	r3, #8
20000442:	4283      	cmp	r3, r0
20000444:	f101 0108 	add.w	r1, r1, #8
20000448:	f102 0208 	add.w	r2, r2, #8
2000044c:	ed81 7a01 	vstr	s14, [r1, #4]
20000450:	edc1 7a00 	vstr	s15, [r1]
20000454:	d1e4      	bne.n	20000420 <fft_fir_process_channel+0x28c>
20000456:	e74c      	b.n	200002f2 <fft_fir_process_channel+0x15e>
20000458:	4620      	mov	r0, r4
2000045a:	2300      	movs	r3, #0
2000045c:	4908      	ldr	r1, [pc, #32]	@ (20000480 <fft_fir_process_channel+0x2ec>)
2000045e:	ecf1 7a01 	vldmia	r1!, {s15}
20000462:	ecb0 7a01 	vldmia	r0!, {s14}
20000466:	ee77 7a87 	vadd.f32	s15, s15, s14
2000046a:	3301      	adds	r3, #1
2000046c:	429e      	cmp	r6, r3
2000046e:	edc2 7a00 	vstr	s15, [r2]
20000472:	445a      	add	r2, fp
20000474:	d8f3      	bhi.n	2000045e <fft_fir_process_channel+0x2ca>
20000476:	e756      	b.n	20000326 <fft_fir_process_channel+0x192>
20000478:	2300      	movs	r3, #0
2000047a:	9a03      	ldr	r2, [sp, #12]
2000047c:	6093      	str	r3, [r2, #8]
2000047e:	e7af      	b.n	200003e0 <fft_fir_process_channel+0x24c>
20000480:	20001ac0 	.word	0x20001ac0
20000484:	200022c0 	.word	0x200022c0
20000488:	4639      	mov	r1, r7
2000048a:	ea4f 078b 	mov.w	r7, fp, lsl #2
2000048e:	463a      	mov	r2, r7
20000490:	485c      	ldr	r0, [pc, #368]	@ (20000604 <fft_fir_process_channel+0x470>)
20000492:	f000 fe29 	bl	200010e8 <__memcpy_veneer>
20000496:	4b5b      	ldr	r3, [pc, #364]	@ (20000604 <fft_fir_process_channel+0x470>)
20000498:	ebaa 020b 	sub.w	r2, sl, fp
2000049c:	eb03 0907 	add.w	r9, r3, r7
200004a0:	4621      	mov	r1, r4
200004a2:	4648      	mov	r0, r9
200004a4:	0092      	lsls	r2, r2, #2
200004a6:	f000 fe23 	bl	200010f0 <__memset_veneer>
200004aa:	4a57      	ldr	r2, [pc, #348]	@ (20000608 <fft_fir_process_channel+0x474>)
200004ac:	4623      	mov	r3, r4
200004ae:	4628      	mov	r0, r5
200004b0:	f5a2 6100 	sub.w	r1, r2, #2048	@ 0x800
200004b4:	f000 fe14 	bl	200010e0 <__arm_rfft_fast_f32_veneer>
200004b8:	9c03      	ldr	r4, [sp, #12]
200004ba:	ea4f 078a 	mov.w	r7, sl, lsl #2
200004be:	6863      	ldr	r3, [r4, #4]
200004c0:	463a      	mov	r2, r7
200004c2:	eb04 23c3 	add.w	r3, r4, r3, lsl #11
200004c6:	4950      	ldr	r1, [pc, #320]	@ (20000608 <fft_fir_process_channel+0x474>)
200004c8:	f503 6082 	add.w	r0, r3, #1040	@ 0x410
200004cc:	f000 fe0c 	bl	200010e8 <__memcpy_veneer>
200004d0:	4622      	mov	r2, r4
200004d2:	9907      	ldr	r1, [sp, #28]
200004d4:	e9cd 6904 	strd	r6, r9, [sp, #16]
200004d8:	3108      	adds	r1, #8
200004da:	462e      	mov	r6, r5
200004dc:	4691      	mov	r9, r2
200004de:	460d      	mov	r5, r1
200004e0:	ea4f 035a 	mov.w	r3, sl, lsr #1
200004e4:	3b01      	subs	r3, #1
200004e6:	f504 54e0 	add.w	r4, r4, #7168	@ 0x1c00
200004ea:	9301      	str	r3, [sp, #4]
200004ec:	9b02      	ldr	r3, [sp, #8]
200004ee:	3410      	adds	r4, #16
200004f0:	eb04 2883 	add.w	r8, r4, r3, lsl #10
200004f4:	f8d9 3004 	ldr.w	r3, [r9, #4]
200004f8:	ed15 6a02 	vldr	s12, [r5, #-8]
200004fc:	eb09 23c3 	add.w	r3, r9, r3, lsl #11
20000500:	f503 6382 	add.w	r3, r3, #1040	@ 0x410
20000504:	ed55 6a01 	vldr	s13, [r5, #-4]
20000508:	ed93 7a00 	vldr	s14, [r3]
2000050c:	edd3 7a01 	vldr	s15, [r3, #4]
20000510:	ee27 7a06 	vmul.f32	s14, s14, s12
20000514:	ee67 7aa6 	vmul.f32	s15, s15, s13
20000518:	4a3b      	ldr	r2, [pc, #236]	@ (20000608 <fft_fir_process_channel+0x474>)
2000051a:	f1ba 0f03 	cmp.w	sl, #3
2000051e:	ed82 7a00 	vstr	s14, [r2]
20000522:	edc2 7a01 	vstr	s15, [r2, #4]
20000526:	d82a      	bhi.n	2000057e <fft_fir_process_channel+0x3ea>
20000528:	4a36      	ldr	r2, [pc, #216]	@ (20000604 <fft_fir_process_channel+0x470>)
2000052a:	2301      	movs	r3, #1
2000052c:	f502 6100 	add.w	r1, r2, #2048	@ 0x800
20000530:	4630      	mov	r0, r6
20000532:	f000 fdd5 	bl	200010e0 <__arm_rfft_fast_f32_veneer>
20000536:	4621      	mov	r1, r4
20000538:	465b      	mov	r3, fp
2000053a:	4832      	ldr	r0, [pc, #200]	@ (20000604 <fft_fir_process_channel+0x470>)
2000053c:	f504 5200 	add.w	r2, r4, #8192	@ 0x2000
20000540:	ecf0 7a01 	vldmia	r0!, {s15}
20000544:	ecb1 7a01 	vldmia	r1!, {s14}
20000548:	ee77 7a87 	vadd.f32	s15, s15, s14
2000054c:	3b01      	subs	r3, #1
2000054e:	ece2 7a01 	vstmia	r2!, {s15}
20000552:	d1f5      	bne.n	20000540 <fft_fir_process_channel+0x3ac>
20000554:	4621      	mov	r1, r4
20000556:	9a05      	ldr	r2, [sp, #20]
20000558:	f852 0b04 	ldr.w	r0, [r2], #4
2000055c:	3301      	adds	r3, #1
2000055e:	459b      	cmp	fp, r3
20000560:	f841 0b04 	str.w	r0, [r1], #4
20000564:	d8f8      	bhi.n	20000558 <fft_fir_process_channel+0x3c4>
20000566:	f504 6480 	add.w	r4, r4, #1024	@ 0x400
2000056a:	45a0      	cmp	r8, r4
2000056c:	443d      	add	r5, r7
2000056e:	d1c1      	bne.n	200004f4 <fft_fir_process_channel+0x360>
20000570:	2300      	movs	r3, #0
20000572:	9a03      	ldr	r2, [sp, #12]
20000574:	9e04      	ldr	r6, [sp, #16]
20000576:	e9c2 3301 	strd	r3, r3, [r2, #4]
2000057a:	60d3      	str	r3, [r2, #12]
2000057c:	e706      	b.n	2000038c <fft_fir_process_channel+0x1f8>
2000057e:	f8dd c004 	ldr.w	ip, [sp, #4]
20000582:	4921      	ldr	r1, [pc, #132]	@ (20000608 <fft_fir_process_channel+0x474>)
20000584:	3310      	adds	r3, #16
20000586:	f105 0208 	add.w	r2, r5, #8
2000058a:	ed53 7a01 	vldr	s15, [r3, #-4]
2000058e:	ed52 6a02 	vldr	s13, [r2, #-8]
20000592:	ed52 5a01 	vldr	s11, [r2, #-4]
20000596:	ed13 6a02 	vldr	s12, [r3, #-8]
2000059a:	ee27 7aa6 	vmul.f32	s14, s15, s13
2000059e:	ee65 7ae7 	vnmul.f32	s15, s11, s15
200005a2:	eea6 7a25 	vfma.f32	s14, s12, s11
200005a6:	eee6 7a26 	vfma.f32	s15, s12, s13
200005aa:	f1bc 0c01 	subs.w	ip, ip, #1
200005ae:	f101 0108 	add.w	r1, r1, #8
200005b2:	f102 0208 	add.w	r2, r2, #8
200005b6:	f103 0308 	add.w	r3, r3, #8
200005ba:	ed81 7a01 	vstr	s14, [r1, #4]
200005be:	edc1 7a00 	vstr	s15, [r1]
200005c2:	d1e2      	bne.n	2000058a <fft_fir_process_channel+0x3f6>
200005c4:	e7b0      	b.n	20000528 <fft_fir_process_channel+0x394>
200005c6:	f503 5570 	add.w	r5, r3, #15360	@ 0x3c00
200005ca:	3510      	adds	r5, #16
200005cc:	f8dd c030 	ldr.w	ip, [sp, #48]	@ 0x30
200005d0:	f8dd e028 	ldr.w	lr, [sp, #40]	@ 0x28
200005d4:	eb05 2381 	add.w	r3, r5, r1, lsl #10
200005d8:	4671      	mov	r1, lr
200005da:	2000      	movs	r0, #0
200005dc:	192f      	adds	r7, r5, r4
200005de:	edd1 7a00 	vldr	s15, [r1]
200005e2:	ecb7 7a01 	vldmia	r7!, {s14}
200005e6:	ee77 7a87 	vadd.f32	s15, s15, s14
200005ea:	3001      	adds	r0, #1
200005ec:	4286      	cmp	r6, r0
200005ee:	edc1 7a00 	vstr	s15, [r1]
200005f2:	4461      	add	r1, ip
200005f4:	d8f3      	bhi.n	200005de <fft_fir_process_channel+0x44a>
200005f6:	f505 6580 	add.w	r5, r5, #1024	@ 0x400
200005fa:	42ab      	cmp	r3, r5
200005fc:	f10e 0e04 	add.w	lr, lr, #4
20000600:	d1ea      	bne.n	200005d8 <fft_fir_process_channel+0x444>
20000602:	e6e8      	b.n	200003d6 <fft_fir_process_channel+0x242>
20000604:	20001ac0 	.word	0x20001ac0
20000608:	200022c0 	.word	0x200022c0

2000060c <ringbuf_read_array_spinlock>:
2000060c:	68d3      	ldr	r3, [r2, #12]
2000060e:	2b00      	cmp	r3, #0
20000610:	d054      	beq.n	200006bc <ringbuf_read_array_spinlock+0xb0>
20000612:	e92d 41f0 	stmdb	sp!, {r4, r5, r6, r7, r8, lr}
20000616:	68d3      	ldr	r3, [r2, #12]
20000618:	4614      	mov	r4, r2
2000061a:	428b      	cmp	r3, r1
2000061c:	460d      	mov	r5, r1
2000061e:	b082      	sub	sp, #8
20000620:	d350      	bcc.n	200006c4 <ringbuf_read_array_spinlock+0xb8>
20000622:	6953      	ldr	r3, [r2, #20]
20000624:	f3ef 8210 	mrs	r2, PRIMASK
20000628:	b672      	cpsid	i
2000062a:	e8d3 6fcf 	ldaexb	r6, [r3]
2000062e:	2101      	movs	r1, #1
20000630:	2e00      	cmp	r6, #0
20000632:	d1fa      	bne.n	2000062a <ringbuf_read_array_spinlock+0x1e>
20000634:	e8c3 1f46 	strexb	r6, r1, [r3]
20000638:	2e00      	cmp	r6, #0
2000063a:	d1f6      	bne.n	2000062a <ringbuf_read_array_spinlock+0x1e>
2000063c:	f3bf 8f5f 	dmb	sy
20000640:	9201      	str	r2, [sp, #4]
20000642:	68a3      	ldr	r3, [r4, #8]
20000644:	6822      	ldr	r2, [r4, #0]
20000646:	442b      	add	r3, r5
20000648:	4293      	cmp	r3, r2
2000064a:	d81e      	bhi.n	2000068a <ringbuf_read_array_spinlock+0x7e>
2000064c:	68a1      	ldr	r1, [r4, #8]
2000064e:	6923      	ldr	r3, [r4, #16]
20000650:	00aa      	lsls	r2, r5, #2
20000652:	eb03 0181 	add.w	r1, r3, r1, lsl #2
20000656:	f000 fd47 	bl	200010e8 <__memcpy_veneer>
2000065a:	68a3      	ldr	r3, [r4, #8]
2000065c:	6822      	ldr	r2, [r4, #0]
2000065e:	442b      	add	r3, r5
20000660:	4293      	cmp	r3, r2
20000662:	bf88      	it	hi
20000664:	6822      	ldrhi	r2, [r4, #0]
20000666:	f04f 0100 	mov.w	r1, #0
2000066a:	bf88      	it	hi
2000066c:	1a9b      	subhi	r3, r3, r2
2000066e:	60a3      	str	r3, [r4, #8]
20000670:	68e3      	ldr	r3, [r4, #12]
20000672:	6962      	ldr	r2, [r4, #20]
20000674:	1b5b      	subs	r3, r3, r5
20000676:	60e3      	str	r3, [r4, #12]
20000678:	9b01      	ldr	r3, [sp, #4]
2000067a:	e8c2 1f8f 	stlb	r1, [r2]
2000067e:	f383 8810 	msr	PRIMASK, r3
20000682:	4628      	mov	r0, r5
20000684:	b002      	add	sp, #8
20000686:	e8bd 81f0 	ldmia.w	sp!, {r4, r5, r6, r7, r8, pc}
2000068a:	6822      	ldr	r2, [r4, #0]
2000068c:	68a3      	ldr	r3, [r4, #8]
2000068e:	6921      	ldr	r1, [r4, #16]
20000690:	68a6      	ldr	r6, [r4, #8]
20000692:	eba2 0803 	sub.w	r8, r2, r3
20000696:	ea4f 0888 	mov.w	r8, r8, lsl #2
2000069a:	1a9b      	subs	r3, r3, r2
2000069c:	eb01 0186 	add.w	r1, r1, r6, lsl #2
200006a0:	4642      	mov	r2, r8
200006a2:	195e      	adds	r6, r3, r5
200006a4:	4607      	mov	r7, r0
200006a6:	f000 fd1f 	bl	200010e8 <__memcpy_veneer>
200006aa:	2e00      	cmp	r6, #0
200006ac:	ddd5      	ble.n	2000065a <ringbuf_read_array_spinlock+0x4e>
200006ae:	6921      	ldr	r1, [r4, #16]
200006b0:	eb07 0008 	add.w	r0, r7, r8
200006b4:	00b2      	lsls	r2, r6, #2
200006b6:	f000 fd17 	bl	200010e8 <__memcpy_veneer>
200006ba:	e7ce      	b.n	2000065a <ringbuf_read_array_spinlock+0x4e>
200006bc:	f04f 30ff 	mov.w	r0, #4294967295
200006c0:	4601      	mov	r1, r0
200006c2:	4770      	bx	lr
200006c4:	f04f 30ff 	mov.w	r0, #4294967295
200006c8:	4601      	mov	r1, r0
200006ca:	e7db      	b.n	20000684 <ringbuf_read_array_spinlock+0x78>

200006cc <ringbuf_write_array_no_spinlock.isra.0>:
200006cc:	2300      	movs	r3, #0
200006ce:	e92d 41f0 	stmdb	sp!, {r4, r5, r6, r7, r8, lr}
200006d2:	4614      	mov	r4, r2
200006d4:	4606      	mov	r6, r0
200006d6:	460d      	mov	r5, r1
200006d8:	6810      	ldr	r0, [r2, #0]
200006da:	68d1      	ldr	r1, [r2, #12]
200006dc:	b082      	sub	sp, #8
200006de:	1a42      	subs	r2, r0, r1
200006e0:	e9cd 2300 	strd	r2, r3, [sp]
200006e4:	68e2      	ldr	r2, [r4, #12]
200006e6:	6823      	ldr	r3, [r4, #0]
200006e8:	429a      	cmp	r2, r3
200006ea:	d036      	beq.n	2000075a <ringbuf_write_array_no_spinlock.isra.0+0x8e>
200006ec:	e9dd 2300 	ldrd	r2, r3, [sp]
200006f0:	42aa      	cmp	r2, r5
200006f2:	f173 0300 	sbcs.w	r3, r3, #0
200006f6:	db30      	blt.n	2000075a <ringbuf_write_array_no_spinlock.isra.0+0x8e>
200006f8:	6863      	ldr	r3, [r4, #4]
200006fa:	6822      	ldr	r2, [r4, #0]
200006fc:	442b      	add	r3, r5
200006fe:	4293      	cmp	r3, r2
20000700:	d918      	bls.n	20000734 <ringbuf_write_array_no_spinlock.isra.0+0x68>
20000702:	6822      	ldr	r2, [r4, #0]
20000704:	6863      	ldr	r3, [r4, #4]
20000706:	6921      	ldr	r1, [r4, #16]
20000708:	eba2 0803 	sub.w	r8, r2, r3
2000070c:	6860      	ldr	r0, [r4, #4]
2000070e:	1a9b      	subs	r3, r3, r2
20000710:	ea4f 0888 	mov.w	r8, r8, lsl #2
20000714:	eb01 0080 	add.w	r0, r1, r0, lsl #2
20000718:	195f      	adds	r7, r3, r5
2000071a:	4642      	mov	r2, r8
2000071c:	4631      	mov	r1, r6
2000071e:	f000 fce3 	bl	200010e8 <__memcpy_veneer>
20000722:	2f00      	cmp	r7, #0
20000724:	dd0e      	ble.n	20000744 <ringbuf_write_array_no_spinlock.isra.0+0x78>
20000726:	6920      	ldr	r0, [r4, #16]
20000728:	00ba      	lsls	r2, r7, #2
2000072a:	eb06 0108 	add.w	r1, r6, r8
2000072e:	f000 fcdb 	bl	200010e8 <__memcpy_veneer>
20000732:	e007      	b.n	20000744 <ringbuf_write_array_no_spinlock.isra.0+0x78>
20000734:	6860      	ldr	r0, [r4, #4]
20000736:	6923      	ldr	r3, [r4, #16]
20000738:	4631      	mov	r1, r6
2000073a:	eb03 0080 	add.w	r0, r3, r0, lsl #2
2000073e:	00aa      	lsls	r2, r5, #2
20000740:	f000 fcd2 	bl	200010e8 <__memcpy_veneer>
20000744:	6863      	ldr	r3, [r4, #4]
20000746:	6822      	ldr	r2, [r4, #0]
20000748:	442b      	add	r3, r5
2000074a:	4293      	cmp	r3, r2
2000074c:	bf84      	itt	hi
2000074e:	6822      	ldrhi	r2, [r4, #0]
20000750:	1a9b      	subhi	r3, r3, r2
20000752:	6063      	str	r3, [r4, #4]
20000754:	68e3      	ldr	r3, [r4, #12]
20000756:	442b      	add	r3, r5
20000758:	60e3      	str	r3, [r4, #12]
2000075a:	b002      	add	sp, #8
2000075c:	e8bd 81f0 	ldmia.w	sp!, {r4, r5, r6, r7, r8, pc}

20000760 <ringbuf_read_array_no_spinlock.isra.0>:
20000760:	68d3      	ldr	r3, [r2, #12]
20000762:	2b00      	cmp	r3, #0
20000764:	d038      	beq.n	200007d8 <ringbuf_read_array_no_spinlock.isra.0+0x78>
20000766:	68d3      	ldr	r3, [r2, #12]
20000768:	e92d 41f0 	stmdb	sp!, {r4, r5, r6, r7, r8, lr}
2000076c:	428b      	cmp	r3, r1
2000076e:	4614      	mov	r4, r2
20000770:	460d      	mov	r5, r1
20000772:	d32f      	bcc.n	200007d4 <ringbuf_read_array_no_spinlock.isra.0+0x74>
20000774:	6893      	ldr	r3, [r2, #8]
20000776:	6812      	ldr	r2, [r2, #0]
20000778:	440b      	add	r3, r1
2000077a:	4293      	cmp	r3, r2
2000077c:	d918      	bls.n	200007b0 <ringbuf_read_array_no_spinlock.isra.0+0x50>
2000077e:	6822      	ldr	r2, [r4, #0]
20000780:	68a3      	ldr	r3, [r4, #8]
20000782:	6921      	ldr	r1, [r4, #16]
20000784:	68a6      	ldr	r6, [r4, #8]
20000786:	eba2 0803 	sub.w	r8, r2, r3
2000078a:	ea4f 0888 	mov.w	r8, r8, lsl #2
2000078e:	1a9b      	subs	r3, r3, r2
20000790:	eb01 0186 	add.w	r1, r1, r6, lsl #2
20000794:	4642      	mov	r2, r8
20000796:	195e      	adds	r6, r3, r5
20000798:	4607      	mov	r7, r0
2000079a:	f000 fca5 	bl	200010e8 <__memcpy_veneer>
2000079e:	2e00      	cmp	r6, #0
200007a0:	dd0d      	ble.n	200007be <ringbuf_read_array_no_spinlock.isra.0+0x5e>
200007a2:	6921      	ldr	r1, [r4, #16]
200007a4:	eb07 0008 	add.w	r0, r7, r8
200007a8:	00b2      	lsls	r2, r6, #2
200007aa:	f000 fc9d 	bl	200010e8 <__memcpy_veneer>
200007ae:	e006      	b.n	200007be <ringbuf_read_array_no_spinlock.isra.0+0x5e>
200007b0:	68a1      	ldr	r1, [r4, #8]
200007b2:	6923      	ldr	r3, [r4, #16]
200007b4:	00aa      	lsls	r2, r5, #2
200007b6:	eb03 0181 	add.w	r1, r3, r1, lsl #2
200007ba:	f000 fc95 	bl	200010e8 <__memcpy_veneer>
200007be:	68a3      	ldr	r3, [r4, #8]
200007c0:	6822      	ldr	r2, [r4, #0]
200007c2:	442b      	add	r3, r5
200007c4:	4293      	cmp	r3, r2
200007c6:	bf84      	itt	hi
200007c8:	6822      	ldrhi	r2, [r4, #0]
200007ca:	1a9b      	subhi	r3, r3, r2
200007cc:	60a3      	str	r3, [r4, #8]
200007ce:	68e3      	ldr	r3, [r4, #12]
200007d0:	1b5b      	subs	r3, r3, r5
200007d2:	60e3      	str	r3, [r4, #12]
200007d4:	e8bd 81f0 	ldmia.w	sp!, {r4, r5, r6, r7, r8, pc}
200007d8:	4770      	bx	lr
200007da:	bf00      	nop

200007dc <ringbuf_write_array_spinlock.isra.0>:
200007dc:	2300      	movs	r3, #0
200007de:	e92d 41f0 	stmdb	sp!, {r4, r5, r6, r7, r8, lr}
200007e2:	4614      	mov	r4, r2
200007e4:	4606      	mov	r6, r0
200007e6:	460d      	mov	r5, r1
200007e8:	6810      	ldr	r0, [r2, #0]
200007ea:	68d1      	ldr	r1, [r2, #12]
200007ec:	b084      	sub	sp, #16
200007ee:	1a42      	subs	r2, r0, r1
200007f0:	e9cd 2302 	strd	r2, r3, [sp, #8]
200007f4:	68e2      	ldr	r2, [r4, #12]
200007f6:	6823      	ldr	r3, [r4, #0]
200007f8:	429a      	cmp	r2, r3
200007fa:	d050      	beq.n	2000089e <ringbuf_write_array_spinlock.isra.0+0xc2>
200007fc:	e9dd 2302 	ldrd	r2, r3, [sp, #8]
20000800:	42aa      	cmp	r2, r5
20000802:	f173 0300 	sbcs.w	r3, r3, #0
20000806:	db4a      	blt.n	2000089e <ringbuf_write_array_spinlock.isra.0+0xc2>
20000808:	2d00      	cmp	r5, #0
2000080a:	d048      	beq.n	2000089e <ringbuf_write_array_spinlock.isra.0+0xc2>
2000080c:	6963      	ldr	r3, [r4, #20]
2000080e:	f3ef 8210 	mrs	r2, PRIMASK
20000812:	b672      	cpsid	i
20000814:	e8d3 0fcf 	ldaexb	r0, [r3]
20000818:	2101      	movs	r1, #1
2000081a:	2800      	cmp	r0, #0
2000081c:	d1fa      	bne.n	20000814 <ringbuf_write_array_spinlock.isra.0+0x38>
2000081e:	e8c3 1f40 	strexb	r0, r1, [r3]
20000822:	2800      	cmp	r0, #0
20000824:	d1f6      	bne.n	20000814 <ringbuf_write_array_spinlock.isra.0+0x38>
20000826:	f3bf 8f5f 	dmb	sy
2000082a:	9201      	str	r2, [sp, #4]
2000082c:	6863      	ldr	r3, [r4, #4]
2000082e:	6822      	ldr	r2, [r4, #0]
20000830:	442b      	add	r3, r5
20000832:	4293      	cmp	r3, r2
20000834:	d918      	bls.n	20000868 <ringbuf_write_array_spinlock.isra.0+0x8c>
20000836:	6822      	ldr	r2, [r4, #0]
20000838:	6863      	ldr	r3, [r4, #4]
2000083a:	6921      	ldr	r1, [r4, #16]
2000083c:	eba2 0803 	sub.w	r8, r2, r3
20000840:	6860      	ldr	r0, [r4, #4]
20000842:	1a9b      	subs	r3, r3, r2
20000844:	ea4f 0888 	mov.w	r8, r8, lsl #2
20000848:	eb01 0080 	add.w	r0, r1, r0, lsl #2
2000084c:	195f      	adds	r7, r3, r5
2000084e:	4642      	mov	r2, r8
20000850:	4631      	mov	r1, r6
20000852:	f000 fc49 	bl	200010e8 <__memcpy_veneer>
20000856:	2f00      	cmp	r7, #0
20000858:	dd0e      	ble.n	20000878 <ringbuf_write_array_spinlock.isra.0+0x9c>
2000085a:	6920      	ldr	r0, [r4, #16]
2000085c:	00ba      	lsls	r2, r7, #2
2000085e:	eb06 0108 	add.w	r1, r6, r8
20000862:	f000 fc41 	bl	200010e8 <__memcpy_veneer>
20000866:	e007      	b.n	20000878 <ringbuf_write_array_spinlock.isra.0+0x9c>
20000868:	6860      	ldr	r0, [r4, #4]
2000086a:	6923      	ldr	r3, [r4, #16]
2000086c:	4631      	mov	r1, r6
2000086e:	eb03 0080 	add.w	r0, r3, r0, lsl #2
20000872:	00aa      	lsls	r2, r5, #2
20000874:	f000 fc38 	bl	200010e8 <__memcpy_veneer>
20000878:	6863      	ldr	r3, [r4, #4]
2000087a:	6822      	ldr	r2, [r4, #0]
2000087c:	442b      	add	r3, r5
2000087e:	4293      	cmp	r3, r2
20000880:	bf88      	it	hi
20000882:	6822      	ldrhi	r2, [r4, #0]
20000884:	6961      	ldr	r1, [r4, #20]
20000886:	bf88      	it	hi
20000888:	1a9b      	subhi	r3, r3, r2
2000088a:	6063      	str	r3, [r4, #4]
2000088c:	68e3      	ldr	r3, [r4, #12]
2000088e:	2200      	movs	r2, #0
20000890:	442b      	add	r3, r5
20000892:	60e3      	str	r3, [r4, #12]
20000894:	9b01      	ldr	r3, [sp, #4]
20000896:	e8c1 2f8f 	stlb	r2, [r1]
2000089a:	f383 8810 	msr	PRIMASK, r3
2000089e:	b004      	add	sp, #16
200008a0:	e8bd 81f0 	ldmia.w	sp!, {r4, r5, r6, r7, r8, pc}

200008a4 <core0_timer_callback>:
200008a4:	b5f8      	push	{r3, r4, r5, r6, r7, lr}
200008a6:	4c38      	ldr	r4, [pc, #224]	@ (20000988 <core0_timer_callback+0xe4>)
200008a8:	f8d4 3f28 	ldr.w	r3, [r4, #3880]	@ 0xf28
200008ac:	3301      	adds	r3, #1
200008ae:	f8c4 3f28 	str.w	r3, [r4, #3880]	@ 0xf28
200008b2:	f8d4 3f28 	ldr.w	r3, [r4, #3880]	@ 0xf28
200008b6:	f5b3 6ffa 	cmp.w	r3, #2000	@ 0x7d0
200008ba:	db1a      	blt.n	200008f2 <core0_timer_callback+0x4e>
200008bc:	f04f 4350 	mov.w	r3, #3489660928	@ 0xd0000000
200008c0:	4e32      	ldr	r6, [pc, #200]	@ (2000098c <core0_timer_callback+0xe8>)
200008c2:	685b      	ldr	r3, [r3, #4]
200008c4:	7f32      	ldrb	r2, [r6, #28]
200008c6:	f002 03ff 	and.w	r3, r2, #255	@ 0xff
200008ca:	b1a2      	cbz	r2, 200008f6 <core0_timer_callback+0x52>
200008cc:	4d30      	ldr	r5, [pc, #192]	@ (20000990 <core0_timer_callback+0xec>)
200008ce:	2319      	movs	r3, #25
200008d0:	7f32      	ldrb	r2, [r6, #28]
200008d2:	ec42 3040 	gpioc_bit_out_put r3, r2
200008d6:	f8d5 3ee4 	ldr.w	r3, [r5, #3812]	@ 0xee4
200008da:	f8d4 2f2c 	ldr.w	r2, [r4, #3884]	@ 0xf2c
200008de:	4293      	cmp	r3, r2
200008e0:	d02a      	beq.n	20000938 <core0_timer_callback+0x94>
200008e2:	2200      	movs	r2, #0
200008e4:	f884 2f30 	strb.w	r2, [r4, #3888]	@ 0xf30
200008e8:	2200      	movs	r2, #0
200008ea:	f8c4 3f2c 	str.w	r3, [r4, #3884]	@ 0xf2c
200008ee:	f8c4 2f28 	str.w	r2, [r4, #3880]	@ 0xf28
200008f2:	2001      	movs	r0, #1
200008f4:	bdf8      	pop	{r3, r4, r5, r6, r7, pc}
200008f6:	2201      	movs	r2, #1
200008f8:	4d25      	ldr	r5, [pc, #148]	@ (20000990 <core0_timer_callback+0xec>)
200008fa:	7732      	strb	r2, [r6, #28]
200008fc:	f8c5 3ef8 	str.w	r3, [r5, #3832]	@ 0xef8
20000900:	f8c5 3efc 	str.w	r3, [r5, #3836]	@ 0xefc
20000904:	f8c5 3f00 	str.w	r3, [r5, #3840]	@ 0xf00
20000908:	f8c5 3f14 	str.w	r3, [r5, #3860]	@ 0xf14
2000090c:	f8c5 3f18 	str.w	r3, [r5, #3864]	@ 0xf18
20000910:	f8c5 3f1c 	str.w	r3, [r5, #3868]	@ 0xf1c
20000914:	f8c5 3ecc 	str.w	r3, [r5, #3788]	@ 0xecc
20000918:	f8c5 3ed0 	str.w	r3, [r5, #3792]	@ 0xed0
2000091c:	f8c5 3ed4 	str.w	r3, [r5, #3796]	@ 0xed4
20000920:	f8c5 3f64 	str.w	r3, [r5, #3940]	@ 0xf64
20000924:	f8c5 3f68 	str.w	r3, [r5, #3944]	@ 0xf68
20000928:	f8c5 3f6c 	str.w	r3, [r5, #3948]	@ 0xf6c
2000092c:	f000 fbe8 	bl	20001100 <__clear_bq_filter_delay_veneer>
20000930:	7f30      	ldrb	r0, [r6, #28]
20000932:	f000 fbe1 	bl	200010f8 <__renew_clock_veneer>
20000936:	e7ca      	b.n	200008ce <core0_timer_callback+0x2a>
20000938:	f894 7f30 	ldrb.w	r7, [r4, #3888]	@ 0xf30
2000093c:	2f00      	cmp	r7, #0
2000093e:	d1d3      	bne.n	200008e8 <core0_timer_callback+0x44>
20000940:	f8c5 7ef8 	str.w	r7, [r5, #3832]	@ 0xef8
20000944:	f8c5 7efc 	str.w	r7, [r5, #3836]	@ 0xefc
20000948:	f8c5 7f00 	str.w	r7, [r5, #3840]	@ 0xf00
2000094c:	f8c5 7f14 	str.w	r7, [r5, #3860]	@ 0xf14
20000950:	f8c5 7f18 	str.w	r7, [r5, #3864]	@ 0xf18
20000954:	f8c5 7f1c 	str.w	r7, [r5, #3868]	@ 0xf1c
20000958:	f8c5 7ecc 	str.w	r7, [r5, #3788]	@ 0xecc
2000095c:	f8c5 7ed0 	str.w	r7, [r5, #3792]	@ 0xed0
20000960:	f8c5 7ed4 	str.w	r7, [r5, #3796]	@ 0xed4
20000964:	f8c5 7f64 	str.w	r7, [r5, #3940]	@ 0xf64
20000968:	f8c5 7f68 	str.w	r7, [r5, #3944]	@ 0xf68
2000096c:	f8c5 7f6c 	str.w	r7, [r5, #3948]	@ 0xf6c
20000970:	f000 fbc6 	bl	20001100 <__clear_bq_filter_delay_veneer>
20000974:	7f30      	ldrb	r0, [r6, #28]
20000976:	f000 fbbf 	bl	200010f8 <__renew_clock_veneer>
2000097a:	2201      	movs	r2, #1
2000097c:	463b      	mov	r3, r7
2000097e:	f8c5 7ee4 	str.w	r7, [r5, #3812]	@ 0xee4
20000982:	f884 2f30 	strb.w	r2, [r4, #3888]	@ 0xf30
20000986:	e7af      	b.n	200008e8 <core0_timer_callback+0x44>
20000988:	20007cc8 	.word	0x20007cc8
2000098c:	20001110 	.word	0x20001110
20000990:	200038e8 	.word	0x200038e8

20000994 <__aeabi_ldivmod>:
20000994:	b97b      	cbnz	r3, 200009b6 <__aeabi_ldivmod+0x22>
20000996:	b972      	cbnz	r2, 200009b6 <__aeabi_ldivmod+0x22>
20000998:	2900      	cmp	r1, #0
2000099a:	bfbe      	ittt	lt
2000099c:	2000      	movlt	r0, #0
2000099e:	f04f 4100 	movlt.w	r1, #2147483648	@ 0x80000000
200009a2:	e006      	blt.n	200009b2 <__aeabi_ldivmod+0x1e>
200009a4:	bf08      	it	eq
200009a6:	2800      	cmpeq	r0, #0
200009a8:	bf1c      	itt	ne
200009aa:	f06f 4100 	mvnne.w	r1, #2147483648	@ 0x80000000
200009ae:	f04f 30ff 	movne.w	r0, #4294967295
200009b2:	f000 b9d7 	b.w	20000d64 <__aeabi_idiv0>
200009b6:	f1ad 0c08 	sub.w	ip, sp, #8
200009ba:	e96d ce04 	strd	ip, lr, [sp, #-16]!
200009be:	2900      	cmp	r1, #0
200009c0:	db09      	blt.n	200009d6 <__aeabi_ldivmod+0x42>
200009c2:	2b00      	cmp	r3, #0
200009c4:	db1a      	blt.n	200009fc <__aeabi_ldivmod+0x68>
200009c6:	f000 f84d 	bl	20000a64 <__udivmoddi4>
200009ca:	f8dd e004 	ldr.w	lr, [sp, #4]
200009ce:	e9dd 2302 	ldrd	r2, r3, [sp, #8]
200009d2:	b004      	add	sp, #16
200009d4:	4770      	bx	lr
200009d6:	4240      	negs	r0, r0
200009d8:	eb61 0141 	sbc.w	r1, r1, r1, lsl #1
200009dc:	2b00      	cmp	r3, #0
200009de:	db1b      	blt.n	20000a18 <__aeabi_ldivmod+0x84>
200009e0:	f000 f840 	bl	20000a64 <__udivmoddi4>
200009e4:	f8dd e004 	ldr.w	lr, [sp, #4]
200009e8:	e9dd 2302 	ldrd	r2, r3, [sp, #8]
200009ec:	b004      	add	sp, #16
200009ee:	4240      	negs	r0, r0
200009f0:	eb61 0141 	sbc.w	r1, r1, r1, lsl #1
200009f4:	4252      	negs	r2, r2
200009f6:	eb63 0343 	sbc.w	r3, r3, r3, lsl #1
200009fa:	4770      	bx	lr
200009fc:	4252      	negs	r2, r2
200009fe:	eb63 0343 	sbc.w	r3, r3, r3, lsl #1
20000a02:	f000 f82f 	bl	20000a64 <__udivmoddi4>
20000a06:	f8dd e004 	ldr.w	lr, [sp, #4]
20000a0a:	e9dd 2302 	ldrd	r2, r3, [sp, #8]
20000a0e:	b004      	add	sp, #16
20000a10:	4240      	negs	r0, r0
20000a12:	eb61 0141 	sbc.w	r1, r1, r1, lsl #1
20000a16:	4770      	bx	lr
20000a18:	4252      	negs	r2, r2
20000a1a:	eb63 0343 	sbc.w	r3, r3, r3, lsl #1
20000a1e:	f000 f821 	bl	20000a64 <__udivmoddi4>
20000a22:	f8dd e004 	ldr.w	lr, [sp, #4]
20000a26:	e9dd 2302 	ldrd	r2, r3, [sp, #8]
20000a2a:	b004      	add	sp, #16
20000a2c:	4252      	negs	r2, r2
20000a2e:	eb63 0343 	sbc.w	r3, r3, r3, lsl #1
20000a32:	4770      	bx	lr

20000a34 <__aeabi_uldivmod>:
20000a34:	b953      	cbnz	r3, 20000a4c <__aeabi_uldivmod+0x18>
20000a36:	b94a      	cbnz	r2, 20000a4c <__aeabi_uldivmod+0x18>
20000a38:	2900      	cmp	r1, #0
20000a3a:	bf08      	it	eq
20000a3c:	2800      	cmpeq	r0, #0
20000a3e:	bf1c      	itt	ne
20000a40:	f04f 31ff 	movne.w	r1, #4294967295
20000a44:	f04f 30ff 	movne.w	r0, #4294967295
20000a48:	f000 b98c 	b.w	20000d64 <__aeabi_idiv0>
20000a4c:	f1ad 0c08 	sub.w	ip, sp, #8
20000a50:	e96d ce04 	strd	ip, lr, [sp, #-16]!
20000a54:	f000 f806 	bl	20000a64 <__udivmoddi4>
20000a58:	f8dd e004 	ldr.w	lr, [sp, #4]
20000a5c:	e9dd 2302 	ldrd	r2, r3, [sp, #8]
20000a60:	b004      	add	sp, #16
20000a62:	4770      	bx	lr

20000a64 <__udivmoddi4>:
20000a64:	e92d 4ff0 	stmdb	sp!, {r4, r5, r6, r7, r8, r9, sl, fp, lr}
20000a68:	9d09      	ldr	r5, [sp, #36]	@ 0x24
20000a6a:	460e      	mov	r6, r1
20000a6c:	4604      	mov	r4, r0
20000a6e:	460f      	mov	r7, r1
20000a70:	2b00      	cmp	r3, #0
20000a72:	d147      	bne.n	20000b04 <__udivmoddi4+0xa0>
20000a74:	428a      	cmp	r2, r1
20000a76:	4694      	mov	ip, r2
20000a78:	fab2 f382 	clz	r3, r2
20000a7c:	d95a      	bls.n	20000b34 <__udivmoddi4+0xd0>
20000a7e:	b143      	cbz	r3, 20000a92 <__udivmoddi4+0x2e>
20000a80:	fa02 fc03 	lsl.w	ip, r2, r3
20000a84:	f1c3 0220 	rsb	r2, r3, #32
20000a88:	409f      	lsls	r7, r3
20000a8a:	409c      	lsls	r4, r3
20000a8c:	fa20 f202 	lsr.w	r2, r0, r2
20000a90:	4317      	orrs	r7, r2
20000a92:	ea4f 461c 	mov.w	r6, ip, lsr #16
20000a96:	fa1f fe8c 	uxth.w	lr, ip
20000a9a:	0c22      	lsrs	r2, r4, #16
20000a9c:	fbb7 f1f6 	udiv	r1, r7, r6
20000aa0:	fb06 7711 	mls	r7, r6, r1, r7
20000aa4:	fb01 f00e 	mul.w	r0, r1, lr
20000aa8:	ea42 4207 	orr.w	r2, r2, r7, lsl #16
20000aac:	4290      	cmp	r0, r2
20000aae:	d908      	bls.n	20000ac2 <__udivmoddi4+0x5e>
20000ab0:	eb1c 0202 	adds.w	r2, ip, r2
20000ab4:	f101 37ff 	add.w	r7, r1, #4294967295
20000ab8:	d202      	bcs.n	20000ac0 <__udivmoddi4+0x5c>
20000aba:	4290      	cmp	r0, r2
20000abc:	f200 813c 	bhi.w	20000d38 <__udivmoddi4+0x2d4>
20000ac0:	4639      	mov	r1, r7
20000ac2:	1a12      	subs	r2, r2, r0
20000ac4:	b2a4      	uxth	r4, r4
20000ac6:	fbb2 f0f6 	udiv	r0, r2, r6
20000aca:	fb06 2210 	mls	r2, r6, r0, r2
20000ace:	fb00 fe0e 	mul.w	lr, r0, lr
20000ad2:	ea44 4402 	orr.w	r4, r4, r2, lsl #16
20000ad6:	45a6      	cmp	lr, r4
20000ad8:	d908      	bls.n	20000aec <__udivmoddi4+0x88>
20000ada:	eb1c 0404 	adds.w	r4, ip, r4
20000ade:	f100 32ff 	add.w	r2, r0, #4294967295
20000ae2:	d202      	bcs.n	20000aea <__udivmoddi4+0x86>
20000ae4:	45a6      	cmp	lr, r4
20000ae6:	f200 812a 	bhi.w	20000d3e <__udivmoddi4+0x2da>
20000aea:	4610      	mov	r0, r2
20000aec:	ea40 4001 	orr.w	r0, r0, r1, lsl #16
20000af0:	eba4 040e 	sub.w	r4, r4, lr
20000af4:	2100      	movs	r1, #0
20000af6:	b11d      	cbz	r5, 20000b00 <__udivmoddi4+0x9c>
20000af8:	40dc      	lsrs	r4, r3
20000afa:	2300      	movs	r3, #0
20000afc:	e9c5 4300 	strd	r4, r3, [r5]
20000b00:	e8bd 8ff0 	ldmia.w	sp!, {r4, r5, r6, r7, r8, r9, sl, fp, pc}
20000b04:	428b      	cmp	r3, r1
20000b06:	d905      	bls.n	20000b14 <__udivmoddi4+0xb0>
20000b08:	b10d      	cbz	r5, 20000b0e <__udivmoddi4+0xaa>
20000b0a:	e9c5 0100 	strd	r0, r1, [r5]
20000b0e:	2100      	movs	r1, #0
20000b10:	4608      	mov	r0, r1
20000b12:	e7f5      	b.n	20000b00 <__udivmoddi4+0x9c>
20000b14:	fab3 f183 	clz	r1, r3
20000b18:	2900      	cmp	r1, #0
20000b1a:	d14f      	bne.n	20000bbc <__udivmoddi4+0x158>
20000b1c:	42b3      	cmp	r3, r6
20000b1e:	f0c0 8102 	bcc.w	20000d26 <__udivmoddi4+0x2c2>
20000b22:	4282      	cmp	r2, r0
20000b24:	f240 80ff 	bls.w	20000d26 <__udivmoddi4+0x2c2>
20000b28:	4608      	mov	r0, r1
20000b2a:	2d00      	cmp	r5, #0
20000b2c:	d0e8      	beq.n	20000b00 <__udivmoddi4+0x9c>
20000b2e:	e9c5 4700 	strd	r4, r7, [r5]
20000b32:	e7e5      	b.n	20000b00 <__udivmoddi4+0x9c>
20000b34:	2b00      	cmp	r3, #0
20000b36:	f040 80af 	bne.w	20000c98 <__udivmoddi4+0x234>
20000b3a:	1a8a      	subs	r2, r1, r2
20000b3c:	ea4f 4e1c 	mov.w	lr, ip, lsr #16
20000b40:	fa1f f78c 	uxth.w	r7, ip
20000b44:	2101      	movs	r1, #1
20000b46:	fbb2 f6fe 	udiv	r6, r2, lr
20000b4a:	fb0e 2016 	mls	r0, lr, r6, r2
20000b4e:	0c22      	lsrs	r2, r4, #16
20000b50:	ea42 4200 	orr.w	r2, r2, r0, lsl #16
20000b54:	fb07 f006 	mul.w	r0, r7, r6
20000b58:	4290      	cmp	r0, r2
20000b5a:	d90f      	bls.n	20000b7c <__udivmoddi4+0x118>
20000b5c:	eb1c 0202 	adds.w	r2, ip, r2
20000b60:	f106 38ff 	add.w	r8, r6, #4294967295
20000b64:	bf2c      	ite	cs
20000b66:	f04f 0901 	movcs.w	r9, #1
20000b6a:	f04f 0900 	movcc.w	r9, #0
20000b6e:	4290      	cmp	r0, r2
20000b70:	d903      	bls.n	20000b7a <__udivmoddi4+0x116>
20000b72:	f1b9 0f00 	cmp.w	r9, #0
20000b76:	f000 80dc 	beq.w	20000d32 <__udivmoddi4+0x2ce>
20000b7a:	4646      	mov	r6, r8
20000b7c:	1a12      	subs	r2, r2, r0
20000b7e:	b2a4      	uxth	r4, r4
20000b80:	fbb2 f0fe 	udiv	r0, r2, lr
20000b84:	fb0e 2210 	mls	r2, lr, r0, r2
20000b88:	fb00 f707 	mul.w	r7, r0, r7
20000b8c:	ea44 4402 	orr.w	r4, r4, r2, lsl #16
20000b90:	42a7      	cmp	r7, r4
20000b92:	d90f      	bls.n	20000bb4 <__udivmoddi4+0x150>
20000b94:	eb1c 0404 	adds.w	r4, ip, r4
20000b98:	f100 32ff 	add.w	r2, r0, #4294967295
20000b9c:	bf2c      	ite	cs
20000b9e:	f04f 0e01 	movcs.w	lr, #1
20000ba2:	f04f 0e00 	movcc.w	lr, #0
20000ba6:	42a7      	cmp	r7, r4
20000ba8:	d903      	bls.n	20000bb2 <__udivmoddi4+0x14e>
20000baa:	f1be 0f00 	cmp.w	lr, #0
20000bae:	f000 80c9 	beq.w	20000d44 <__udivmoddi4+0x2e0>
20000bb2:	4610      	mov	r0, r2
20000bb4:	1be4      	subs	r4, r4, r7
20000bb6:	ea40 4006 	orr.w	r0, r0, r6, lsl #16
20000bba:	e79c      	b.n	20000af6 <__udivmoddi4+0x92>
20000bbc:	f1c1 0420 	rsb	r4, r1, #32
20000bc0:	408b      	lsls	r3, r1
20000bc2:	fa06 fc01 	lsl.w	ip, r6, r1
20000bc6:	fa00 fe01 	lsl.w	lr, r0, r1
20000bca:	fa22 f704 	lsr.w	r7, r2, r4
20000bce:	40e6      	lsrs	r6, r4
20000bd0:	408a      	lsls	r2, r1
20000bd2:	431f      	orrs	r7, r3
20000bd4:	fa20 f304 	lsr.w	r3, r0, r4
20000bd8:	ea4f 4817 	mov.w	r8, r7, lsr #16
20000bdc:	ea43 030c 	orr.w	r3, r3, ip
20000be0:	fa1f fc87 	uxth.w	ip, r7
20000be4:	ea4f 4913 	mov.w	r9, r3, lsr #16
20000be8:	fbb6 f0f8 	udiv	r0, r6, r8
20000bec:	fb08 6610 	mls	r6, r8, r0, r6
20000bf0:	ea49 4606 	orr.w	r6, r9, r6, lsl #16
20000bf4:	fb00 f90c 	mul.w	r9, r0, ip
20000bf8:	45b1      	cmp	r9, r6
20000bfa:	d90e      	bls.n	20000c1a <__udivmoddi4+0x1b6>
20000bfc:	19be      	adds	r6, r7, r6
20000bfe:	f100 3aff 	add.w	sl, r0, #4294967295
20000c02:	bf2c      	ite	cs
20000c04:	f04f 0b01 	movcs.w	fp, #1
20000c08:	f04f 0b00 	movcc.w	fp, #0
20000c0c:	45b1      	cmp	r9, r6
20000c0e:	d903      	bls.n	20000c18 <__udivmoddi4+0x1b4>
20000c10:	f1bb 0f00 	cmp.w	fp, #0
20000c14:	f000 80a2 	beq.w	20000d5c <__udivmoddi4+0x2f8>
20000c18:	4650      	mov	r0, sl
20000c1a:	eba6 0609 	sub.w	r6, r6, r9
20000c1e:	fa1f f983 	uxth.w	r9, r3
20000c22:	fbb6 f3f8 	udiv	r3, r6, r8
20000c26:	fb08 6613 	mls	r6, r8, r3, r6
20000c2a:	fb03 fc0c 	mul.w	ip, r3, ip
20000c2e:	ea49 4606 	orr.w	r6, r9, r6, lsl #16
20000c32:	45b4      	cmp	ip, r6
20000c34:	d90e      	bls.n	20000c54 <__udivmoddi4+0x1f0>
20000c36:	19be      	adds	r6, r7, r6
20000c38:	f103 38ff 	add.w	r8, r3, #4294967295
20000c3c:	bf2c      	ite	cs
20000c3e:	f04f 0901 	movcs.w	r9, #1
20000c42:	f04f 0900 	movcc.w	r9, #0
20000c46:	45b4      	cmp	ip, r6
20000c48:	d903      	bls.n	20000c52 <__udivmoddi4+0x1ee>
20000c4a:	f1b9 0f00 	cmp.w	r9, #0
20000c4e:	f000 8082 	beq.w	20000d56 <__udivmoddi4+0x2f2>
20000c52:	4643      	mov	r3, r8
20000c54:	ea43 4000 	orr.w	r0, r3, r0, lsl #16
20000c58:	eba6 060c 	sub.w	r6, r6, ip
20000c5c:	fba0 8c02 	umull	r8, ip, r0, r2
20000c60:	4566      	cmp	r6, ip
20000c62:	4643      	mov	r3, r8
20000c64:	46e1      	mov	r9, ip
20000c66:	d302      	bcc.n	20000c6e <__udivmoddi4+0x20a>
20000c68:	d107      	bne.n	20000c7a <__udivmoddi4+0x216>
20000c6a:	45c6      	cmp	lr, r8
20000c6c:	d205      	bcs.n	20000c7a <__udivmoddi4+0x216>
20000c6e:	ebb8 0302 	subs.w	r3, r8, r2
20000c72:	eb6c 0c07 	sbc.w	ip, ip, r7
20000c76:	3801      	subs	r0, #1
20000c78:	46e1      	mov	r9, ip
20000c7a:	b15d      	cbz	r5, 20000c94 <__udivmoddi4+0x230>
20000c7c:	ebbe 0203 	subs.w	r2, lr, r3
20000c80:	eb66 0609 	sbc.w	r6, r6, r9
20000c84:	fa06 f404 	lsl.w	r4, r6, r4
20000c88:	fa22 f301 	lsr.w	r3, r2, r1
20000c8c:	40ce      	lsrs	r6, r1
20000c8e:	431c      	orrs	r4, r3
20000c90:	e9c5 4600 	strd	r4, r6, [r5]
20000c94:	2100      	movs	r1, #0
20000c96:	e733      	b.n	20000b00 <__udivmoddi4+0x9c>
20000c98:	fa02 fc03 	lsl.w	ip, r2, r3
20000c9c:	f1c3 0220 	rsb	r2, r3, #32
20000ca0:	4099      	lsls	r1, r3
20000ca2:	409c      	lsls	r4, r3
20000ca4:	40d6      	lsrs	r6, r2
20000ca6:	ea4f 4e1c 	mov.w	lr, ip, lsr #16
20000caa:	fa20 f202 	lsr.w	r2, r0, r2
20000cae:	fa1f f78c 	uxth.w	r7, ip
20000cb2:	fbb6 f0fe 	udiv	r0, r6, lr
20000cb6:	430a      	orrs	r2, r1
20000cb8:	fb0e 6610 	mls	r6, lr, r0, r6
20000cbc:	0c11      	lsrs	r1, r2, #16
20000cbe:	ea41 4106 	orr.w	r1, r1, r6, lsl #16
20000cc2:	fb00 f607 	mul.w	r6, r0, r7
20000cc6:	428e      	cmp	r6, r1
20000cc8:	d90e      	bls.n	20000ce8 <__udivmoddi4+0x284>
20000cca:	eb1c 0101 	adds.w	r1, ip, r1
20000cce:	f100 38ff 	add.w	r8, r0, #4294967295
20000cd2:	bf2c      	ite	cs
20000cd4:	f04f 0901 	movcs.w	r9, #1
20000cd8:	f04f 0900 	movcc.w	r9, #0
20000cdc:	428e      	cmp	r6, r1
20000cde:	d902      	bls.n	20000ce6 <__udivmoddi4+0x282>
20000ce0:	f1b9 0f00 	cmp.w	r9, #0
20000ce4:	d034      	beq.n	20000d50 <__udivmoddi4+0x2ec>
20000ce6:	4640      	mov	r0, r8
20000ce8:	1b89      	subs	r1, r1, r6
20000cea:	b292      	uxth	r2, r2
20000cec:	fbb1 f6fe 	udiv	r6, r1, lr
20000cf0:	fb0e 1116 	mls	r1, lr, r6, r1
20000cf4:	ea42 4201 	orr.w	r2, r2, r1, lsl #16
20000cf8:	fb06 f107 	mul.w	r1, r6, r7
20000cfc:	4291      	cmp	r1, r2
20000cfe:	d90e      	bls.n	20000d1e <__udivmoddi4+0x2ba>
20000d00:	eb1c 0202 	adds.w	r2, ip, r2
20000d04:	f106 38ff 	add.w	r8, r6, #4294967295
20000d08:	bf2c      	ite	cs
20000d0a:	f04f 0901 	movcs.w	r9, #1
20000d0e:	f04f 0900 	movcc.w	r9, #0
20000d12:	4291      	cmp	r1, r2
20000d14:	d902      	bls.n	20000d1c <__udivmoddi4+0x2b8>
20000d16:	f1b9 0f00 	cmp.w	r9, #0
20000d1a:	d016      	beq.n	20000d4a <__udivmoddi4+0x2e6>
20000d1c:	4646      	mov	r6, r8
20000d1e:	1a52      	subs	r2, r2, r1
20000d20:	ea46 4100 	orr.w	r1, r6, r0, lsl #16
20000d24:	e70f      	b.n	20000b46 <__udivmoddi4+0xe2>
20000d26:	1a84      	subs	r4, r0, r2
20000d28:	eb66 0203 	sbc.w	r2, r6, r3
20000d2c:	2001      	movs	r0, #1
20000d2e:	4617      	mov	r7, r2
20000d30:	e6fb      	b.n	20000b2a <__udivmoddi4+0xc6>
20000d32:	3e02      	subs	r6, #2
20000d34:	4462      	add	r2, ip
20000d36:	e721      	b.n	20000b7c <__udivmoddi4+0x118>
20000d38:	3902      	subs	r1, #2
20000d3a:	4462      	add	r2, ip
20000d3c:	e6c1      	b.n	20000ac2 <__udivmoddi4+0x5e>
20000d3e:	4464      	add	r4, ip
20000d40:	3802      	subs	r0, #2
20000d42:	e6d3      	b.n	20000aec <__udivmoddi4+0x88>
20000d44:	4464      	add	r4, ip
20000d46:	3802      	subs	r0, #2
20000d48:	e734      	b.n	20000bb4 <__udivmoddi4+0x150>
20000d4a:	3e02      	subs	r6, #2
20000d4c:	4462      	add	r2, ip
20000d4e:	e7e6      	b.n	20000d1e <__udivmoddi4+0x2ba>
20000d50:	3802      	subs	r0, #2
20000d52:	4461      	add	r1, ip
20000d54:	e7c8      	b.n	20000ce8 <__udivmoddi4+0x284>
20000d56:	3b02      	subs	r3, #2
20000d58:	443e      	add	r6, r7
20000d5a:	e77b      	b.n	20000c54 <__udivmoddi4+0x1f0>
20000d5c:	3802      	subs	r0, #2
20000d5e:	443e      	add	r6, r7
20000d60:	e75b      	b.n	20000c1a <__udivmoddi4+0x1b6>
20000d62:	bf00      	nop

20000d64 <__aeabi_idiv0>:
20000d64:	4770      	bx	lr
20000d66:	bf00      	nop

20000d68 <__aeabi_drsub>:
20000d68:	f081 4100 	eor.w	r1, r1, #2147483648	@ 0x80000000
20000d6c:	e002      	b.n	20000d74 <__adddf3>
20000d6e:	bf00      	nop

20000d70 <__aeabi_dsub>:
20000d70:	f083 4300 	eor.w	r3, r3, #2147483648	@ 0x80000000

20000d74 <__adddf3>:
20000d74:	b530      	push	{r4, r5, lr}
20000d76:	ea4f 0441 	mov.w	r4, r1, lsl #1
20000d7a:	ea4f 0543 	mov.w	r5, r3, lsl #1
20000d7e:	ea94 0f05 	teq	r4, r5
20000d82:	bf08      	it	eq
20000d84:	ea90 0f02 	teqeq	r0, r2
20000d88:	bf1f      	itttt	ne
20000d8a:	ea54 0c00 	orrsne.w	ip, r4, r0
20000d8e:	ea55 0c02 	orrsne.w	ip, r5, r2
20000d92:	ea7f 5c64 	mvnsne.w	ip, r4, asr #21
20000d96:	ea7f 5c65 	mvnsne.w	ip, r5, asr #21
20000d9a:	f000 80e2 	beq.w	20000f62 <__adddf3+0x1ee>
20000d9e:	ea4f 5454 	mov.w	r4, r4, lsr #21
20000da2:	ebd4 5555 	rsbs	r5, r4, r5, lsr #21
20000da6:	bfb8      	it	lt
20000da8:	426d      	neglt	r5, r5
20000daa:	dd0c      	ble.n	20000dc6 <__adddf3+0x52>
20000dac:	442c      	add	r4, r5
20000dae:	ea80 0202 	eor.w	r2, r0, r2
20000db2:	ea81 0303 	eor.w	r3, r1, r3
20000db6:	ea82 0000 	eor.w	r0, r2, r0
20000dba:	ea83 0101 	eor.w	r1, r3, r1
20000dbe:	ea80 0202 	eor.w	r2, r0, r2
20000dc2:	ea81 0303 	eor.w	r3, r1, r3
20000dc6:	2d36      	cmp	r5, #54	@ 0x36
20000dc8:	bf88      	it	hi
20000dca:	bd30      	pophi	{r4, r5, pc}
20000dcc:	f011 4f00 	tst.w	r1, #2147483648	@ 0x80000000
20000dd0:	ea4f 3101 	mov.w	r1, r1, lsl #12
20000dd4:	f44f 1c80 	mov.w	ip, #1048576	@ 0x100000
20000dd8:	ea4c 3111 	orr.w	r1, ip, r1, lsr #12
20000ddc:	d002      	beq.n	20000de4 <__adddf3+0x70>
20000dde:	4240      	negs	r0, r0
20000de0:	eb61 0141 	sbc.w	r1, r1, r1, lsl #1
20000de4:	f013 4f00 	tst.w	r3, #2147483648	@ 0x80000000
20000de8:	ea4f 3303 	mov.w	r3, r3, lsl #12
20000dec:	ea4c 3313 	orr.w	r3, ip, r3, lsr #12
20000df0:	d002      	beq.n	20000df8 <__adddf3+0x84>
20000df2:	4252      	negs	r2, r2
20000df4:	eb63 0343 	sbc.w	r3, r3, r3, lsl #1
20000df8:	ea94 0f05 	teq	r4, r5
20000dfc:	f000 80a7 	beq.w	20000f4e <__adddf3+0x1da>
20000e00:	f1a4 0401 	sub.w	r4, r4, #1
20000e04:	f1d5 0e20 	rsbs	lr, r5, #32
20000e08:	db0d      	blt.n	20000e26 <__adddf3+0xb2>
20000e0a:	fa02 fc0e 	lsl.w	ip, r2, lr
20000e0e:	fa22 f205 	lsr.w	r2, r2, r5
20000e12:	1880      	adds	r0, r0, r2
20000e14:	f141 0100 	adc.w	r1, r1, #0
20000e18:	fa03 f20e 	lsl.w	r2, r3, lr
20000e1c:	1880      	adds	r0, r0, r2
20000e1e:	fa43 f305 	asr.w	r3, r3, r5
20000e22:	4159      	adcs	r1, r3
20000e24:	e00e      	b.n	20000e44 <__adddf3+0xd0>
20000e26:	f1a5 0520 	sub.w	r5, r5, #32
20000e2a:	f10e 0e20 	add.w	lr, lr, #32
20000e2e:	2a01      	cmp	r2, #1
20000e30:	fa03 fc0e 	lsl.w	ip, r3, lr
20000e34:	bf28      	it	cs
20000e36:	f04c 0c02 	orrcs.w	ip, ip, #2
20000e3a:	fa43 f305 	asr.w	r3, r3, r5
20000e3e:	18c0      	adds	r0, r0, r3
20000e40:	eb51 71e3 	adcs.w	r1, r1, r3, asr #31
20000e44:	f001 4500 	and.w	r5, r1, #2147483648	@ 0x80000000
20000e48:	d507      	bpl.n	20000e5a <__adddf3+0xe6>
20000e4a:	f04f 0e00 	mov.w	lr, #0
20000e4e:	f1dc 0c00 	rsbs	ip, ip, #0
20000e52:	eb7e 0000 	sbcs.w	r0, lr, r0
20000e56:	eb6e 0101 	sbc.w	r1, lr, r1
20000e5a:	f5b1 1f80 	cmp.w	r1, #1048576	@ 0x100000
20000e5e:	d31b      	bcc.n	20000e98 <__adddf3+0x124>
20000e60:	f5b1 1f00 	cmp.w	r1, #2097152	@ 0x200000
20000e64:	d30c      	bcc.n	20000e80 <__adddf3+0x10c>
20000e66:	0849      	lsrs	r1, r1, #1
20000e68:	ea5f 0030 	movs.w	r0, r0, rrx
20000e6c:	ea4f 0c3c 	mov.w	ip, ip, rrx
20000e70:	f104 0401 	add.w	r4, r4, #1
20000e74:	ea4f 5244 	mov.w	r2, r4, lsl #21
20000e78:	f512 0f80 	cmn.w	r2, #4194304	@ 0x400000
20000e7c:	f080 809a 	bcs.w	20000fb4 <__adddf3+0x240>
20000e80:	f1bc 4f00 	cmp.w	ip, #2147483648	@ 0x80000000
20000e84:	bf08      	it	eq
20000e86:	ea5f 0c50 	movseq.w	ip, r0, lsr #1
20000e8a:	f150 0000 	adcs.w	r0, r0, #0
20000e8e:	eb41 5104 	adc.w	r1, r1, r4, lsl #20
20000e92:	ea41 0105 	orr.w	r1, r1, r5
20000e96:	bd30      	pop	{r4, r5, pc}
20000e98:	ea5f 0c4c 	movs.w	ip, ip, lsl #1
20000e9c:	4140      	adcs	r0, r0
20000e9e:	eb41 0101 	adc.w	r1, r1, r1
20000ea2:	3c01      	subs	r4, #1
20000ea4:	bf28      	it	cs
20000ea6:	f5b1 1f80 	cmpcs.w	r1, #1048576	@ 0x100000
20000eaa:	d2e9      	bcs.n	20000e80 <__adddf3+0x10c>
20000eac:	f091 0f00 	teq	r1, #0
20000eb0:	bf04      	itt	eq
20000eb2:	4601      	moveq	r1, r0
20000eb4:	2000      	moveq	r0, #0
20000eb6:	fab1 f381 	clz	r3, r1
20000eba:	bf08      	it	eq
20000ebc:	3320      	addeq	r3, #32
20000ebe:	f1a3 030b 	sub.w	r3, r3, #11
20000ec2:	f1b3 0220 	subs.w	r2, r3, #32
20000ec6:	da0c      	bge.n	20000ee2 <__adddf3+0x16e>
20000ec8:	320c      	adds	r2, #12
20000eca:	dd08      	ble.n	20000ede <__adddf3+0x16a>
20000ecc:	f102 0c14 	add.w	ip, r2, #20
20000ed0:	f1c2 020c 	rsb	r2, r2, #12
20000ed4:	fa01 f00c 	lsl.w	r0, r1, ip
20000ed8:	fa21 f102 	lsr.w	r1, r1, r2
20000edc:	e00c      	b.n	20000ef8 <__adddf3+0x184>
20000ede:	f102 0214 	add.w	r2, r2, #20
20000ee2:	bfd8      	it	le
20000ee4:	f1c2 0c20 	rsble	ip, r2, #32
20000ee8:	fa01 f102 	lsl.w	r1, r1, r2
20000eec:	fa20 fc0c 	lsr.w	ip, r0, ip
20000ef0:	bfdc      	itt	le
20000ef2:	ea41 010c 	orrle.w	r1, r1, ip
20000ef6:	4090      	lslle	r0, r2
20000ef8:	1ae4      	subs	r4, r4, r3
20000efa:	bfa2      	ittt	ge
20000efc:	eb01 5104 	addge.w	r1, r1, r4, lsl #20
20000f00:	4329      	orrge	r1, r5
20000f02:	bd30      	popge	{r4, r5, pc}
20000f04:	ea6f 0404 	mvn.w	r4, r4
20000f08:	3c1f      	subs	r4, #31
20000f0a:	da1c      	bge.n	20000f46 <__adddf3+0x1d2>
20000f0c:	340c      	adds	r4, #12
20000f0e:	dc0e      	bgt.n	20000f2e <__adddf3+0x1ba>
20000f10:	f104 0414 	add.w	r4, r4, #20
20000f14:	f1c4 0220 	rsb	r2, r4, #32
20000f18:	fa20 f004 	lsr.w	r0, r0, r4
20000f1c:	fa01 f302 	lsl.w	r3, r1, r2
20000f20:	ea40 0003 	orr.w	r0, r0, r3
20000f24:	fa21 f304 	lsr.w	r3, r1, r4
20000f28:	ea45 0103 	orr.w	r1, r5, r3
20000f2c:	bd30      	pop	{r4, r5, pc}
20000f2e:	f1c4 040c 	rsb	r4, r4, #12
20000f32:	f1c4 0220 	rsb	r2, r4, #32
20000f36:	fa20 f002 	lsr.w	r0, r0, r2
20000f3a:	fa01 f304 	lsl.w	r3, r1, r4
20000f3e:	ea40 0003 	orr.w	r0, r0, r3
20000f42:	4629      	mov	r1, r5
20000f44:	bd30      	pop	{r4, r5, pc}
20000f46:	fa21 f004 	lsr.w	r0, r1, r4
20000f4a:	4629      	mov	r1, r5
20000f4c:	bd30      	pop	{r4, r5, pc}
20000f4e:	f094 0f00 	teq	r4, #0
20000f52:	f483 1380 	eor.w	r3, r3, #1048576	@ 0x100000
20000f56:	bf06      	itte	eq
20000f58:	f481 1180 	eoreq.w	r1, r1, #1048576	@ 0x100000
20000f5c:	3401      	addeq	r4, #1
20000f5e:	3d01      	subne	r5, #1
20000f60:	e74e      	b.n	20000e00 <__adddf3+0x8c>
20000f62:	ea7f 5c64 	mvns.w	ip, r4, asr #21
20000f66:	bf18      	it	ne
20000f68:	ea7f 5c65 	mvnsne.w	ip, r5, asr #21
20000f6c:	d029      	beq.n	20000fc2 <__adddf3+0x24e>
20000f6e:	ea94 0f05 	teq	r4, r5
20000f72:	bf08      	it	eq
20000f74:	ea90 0f02 	teqeq	r0, r2
20000f78:	d005      	beq.n	20000f86 <__adddf3+0x212>
20000f7a:	ea54 0c00 	orrs.w	ip, r4, r0
20000f7e:	bf04      	itt	eq
20000f80:	4619      	moveq	r1, r3
20000f82:	4610      	moveq	r0, r2
20000f84:	bd30      	pop	{r4, r5, pc}
20000f86:	ea91 0f03 	teq	r1, r3
20000f8a:	bf1e      	ittt	ne
20000f8c:	2100      	movne	r1, #0
20000f8e:	2000      	movne	r0, #0
20000f90:	bd30      	popne	{r4, r5, pc}
20000f92:	ea5f 5c54 	movs.w	ip, r4, lsr #21
20000f96:	d105      	bne.n	20000fa4 <__adddf3+0x230>
20000f98:	0040      	lsls	r0, r0, #1
20000f9a:	4149      	adcs	r1, r1
20000f9c:	bf28      	it	cs
20000f9e:	f041 4100 	orrcs.w	r1, r1, #2147483648	@ 0x80000000
20000fa2:	bd30      	pop	{r4, r5, pc}
20000fa4:	f514 0480 	adds.w	r4, r4, #4194304	@ 0x400000
20000fa8:	bf3c      	itt	cc
20000faa:	f501 1180 	addcc.w	r1, r1, #1048576	@ 0x100000
20000fae:	bd30      	popcc	{r4, r5, pc}
20000fb0:	f001 4500 	and.w	r5, r1, #2147483648	@ 0x80000000
20000fb4:	f045 41fe 	orr.w	r1, r5, #2130706432	@ 0x7f000000
20000fb8:	f441 0170 	orr.w	r1, r1, #15728640	@ 0xf00000
20000fbc:	f04f 0000 	mov.w	r0, #0
20000fc0:	bd30      	pop	{r4, r5, pc}
20000fc2:	ea7f 5c64 	mvns.w	ip, r4, asr #21
20000fc6:	bf1a      	itte	ne
20000fc8:	4619      	movne	r1, r3
20000fca:	4610      	movne	r0, r2
20000fcc:	ea7f 5c65 	mvnseq.w	ip, r5, asr #21
20000fd0:	bf1c      	itt	ne
20000fd2:	460b      	movne	r3, r1
20000fd4:	4602      	movne	r2, r0
20000fd6:	ea50 3401 	orrs.w	r4, r0, r1, lsl #12
20000fda:	bf06      	itte	eq
20000fdc:	ea52 3503 	orrseq.w	r5, r2, r3, lsl #12
20000fe0:	ea91 0f03 	teqeq	r1, r3
20000fe4:	f441 2100 	orrne.w	r1, r1, #524288	@ 0x80000
20000fe8:	bd30      	pop	{r4, r5, pc}
20000fea:	bf00      	nop

20000fec <__aeabi_ui2d>:
20000fec:	f090 0f00 	teq	r0, #0
20000ff0:	bf04      	itt	eq
20000ff2:	2100      	moveq	r1, #0
20000ff4:	4770      	bxeq	lr
20000ff6:	b530      	push	{r4, r5, lr}
20000ff8:	f44f 6480 	mov.w	r4, #1024	@ 0x400
20000ffc:	f104 0432 	add.w	r4, r4, #50	@ 0x32
20001000:	f04f 0500 	mov.w	r5, #0
20001004:	f04f 0100 	mov.w	r1, #0
20001008:	e750      	b.n	20000eac <__adddf3+0x138>
2000100a:	bf00      	nop

2000100c <__aeabi_i2d>:
2000100c:	f090 0f00 	teq	r0, #0
20001010:	bf04      	itt	eq
20001012:	2100      	moveq	r1, #0
20001014:	4770      	bxeq	lr
20001016:	b530      	push	{r4, r5, lr}
20001018:	f44f 6480 	mov.w	r4, #1024	@ 0x400
2000101c:	f104 0432 	add.w	r4, r4, #50	@ 0x32
20001020:	f010 4500 	ands.w	r5, r0, #2147483648	@ 0x80000000
20001024:	bf48      	it	mi
20001026:	4240      	negmi	r0, r0
20001028:	f04f 0100 	mov.w	r1, #0
2000102c:	e73e      	b.n	20000eac <__adddf3+0x138>
2000102e:	bf00      	nop

20001030 <__aeabi_f2d>:
20001030:	0042      	lsls	r2, r0, #1
20001032:	ea4f 01e2 	mov.w	r1, r2, asr #3
20001036:	ea4f 0131 	mov.w	r1, r1, rrx
2000103a:	ea4f 7002 	mov.w	r0, r2, lsl #28
2000103e:	bf1f      	itttt	ne
20001040:	f012 437f 	andsne.w	r3, r2, #4278190080	@ 0xff000000
20001044:	f093 4f7f 	teqne	r3, #4278190080	@ 0xff000000
20001048:	f081 5160 	eorne.w	r1, r1, #939524096	@ 0x38000000
2000104c:	4770      	bxne	lr
2000104e:	f032 427f 	bics.w	r2, r2, #4278190080	@ 0xff000000
20001052:	bf08      	it	eq
20001054:	4770      	bxeq	lr
20001056:	f093 4f7f 	teq	r3, #4278190080	@ 0xff000000
2000105a:	bf04      	itt	eq
2000105c:	f441 2100 	orreq.w	r1, r1, #524288	@ 0x80000
20001060:	4770      	bxeq	lr
20001062:	b530      	push	{r4, r5, lr}
20001064:	f44f 7460 	mov.w	r4, #896	@ 0x380
20001068:	f001 4500 	and.w	r5, r1, #2147483648	@ 0x80000000
2000106c:	f021 4100 	bic.w	r1, r1, #2147483648	@ 0x80000000
20001070:	e71c      	b.n	20000eac <__adddf3+0x138>
20001072:	bf00      	nop

20001074 <__aeabi_ul2d>:
20001074:	ea50 0201 	orrs.w	r2, r0, r1
20001078:	bf08      	it	eq
2000107a:	4770      	bxeq	lr
2000107c:	b530      	push	{r4, r5, lr}
2000107e:	f04f 0500 	mov.w	r5, #0
20001082:	e00a      	b.n	2000109a <__aeabi_l2d+0x16>

20001084 <__aeabi_l2d>:
20001084:	ea50 0201 	orrs.w	r2, r0, r1
20001088:	bf08      	it	eq
2000108a:	4770      	bxeq	lr
2000108c:	b530      	push	{r4, r5, lr}
2000108e:	f011 4500 	ands.w	r5, r1, #2147483648	@ 0x80000000
20001092:	d502      	bpl.n	2000109a <__aeabi_l2d+0x16>
20001094:	4240      	negs	r0, r0
20001096:	eb61 0141 	sbc.w	r1, r1, r1, lsl #1
2000109a:	f44f 6480 	mov.w	r4, #1024	@ 0x400
2000109e:	f104 0432 	add.w	r4, r4, #50	@ 0x32
200010a2:	ea5f 5c91 	movs.w	ip, r1, lsr #22
200010a6:	f43f aed8 	beq.w	20000e5a <__adddf3+0xe6>
200010aa:	f04f 0203 	mov.w	r2, #3
200010ae:	ea5f 0cdc 	movs.w	ip, ip, lsr #3
200010b2:	bf18      	it	ne
200010b4:	3203      	addne	r2, #3
200010b6:	ea5f 0cdc 	movs.w	ip, ip, lsr #3
200010ba:	bf18      	it	ne
200010bc:	3203      	addne	r2, #3
200010be:	eb02 02dc 	add.w	r2, r2, ip, lsr #3
200010c2:	f1c2 0320 	rsb	r3, r2, #32
200010c6:	fa00 fc03 	lsl.w	ip, r0, r3
200010ca:	fa20 f002 	lsr.w	r0, r0, r2
200010ce:	fa01 fe03 	lsl.w	lr, r1, r3
200010d2:	ea40 000e 	orr.w	r0, r0, lr
200010d6:	fa21 f102 	lsr.w	r1, r1, r2
200010da:	4414      	add	r4, r2
200010dc:	e6bd      	b.n	20000e5a <__adddf3+0xe6>
200010de:	bf00      	nop

200010e0 <__arm_rfft_fast_f32_veneer>:
200010e0:	f85f f000 	ldr.w	pc, [pc]	@ 200010e4 <__arm_rfft_fast_f32_veneer+0x4>
200010e4:	100011d5 	.word	0x100011d5

200010e8 <__memcpy_veneer>:
200010e8:	f85f f000 	ldr.w	pc, [pc]	@ 200010ec <__memcpy_veneer+0x4>
200010ec:	1000ac59 	.word	0x1000ac59

200010f0 <__memset_veneer>:
200010f0:	f85f f000 	ldr.w	pc, [pc]	@ 200010f4 <__memset_veneer+0x4>
200010f4:	1000a855 	.word	0x1000a855

200010f8 <__renew_clock_veneer>:
200010f8:	f85f f000 	ldr.w	pc, [pc]	@ 200010fc <__renew_clock_veneer+0x4>
200010fc:	10006cc9 	.word	0x10006cc9

20001100 <__clear_bq_filter_delay_veneer>:
20001100:	f85f f000 	ldr.w	pc, [pc]	@ 20001104 <__clear_bq_filter_delay_veneer+0x4>
20001104:	10003cb5 	.word	0x10003cb5

20001108 <__fft_fir_get_rfft_veneer>:
20001108:	f85f f000 	ldr.w	pc, [pc]	@ 2000110c <__fft_fir_get_rfft_veneer+0x4>
2000110c:	100003a5 	.word	0x100003a5

20001110 <striped_spin_lock_num>:
20001110:	00000010                                ....

20001114 <default_alarm_pool>:
	...
20001128:	20008d08                                ... 

2000112c <is_high_power_mode>:
2000112c:	00000001                                ....

20001130 <fft_gain_ratio.0>:
20001130:	3f800000                                ...?

20001134 <stdio_uart>:
20001134:	100035f9 100036fd 10003649 10005c61     .5...6..I6..a\..
20001144:	00000000 00000100                       ........

2000114c <i2c1_inst>:
2000114c:	40098000 00000000                       ...@....

20001154 <control_stream_funcs.1>:
20001154:	100037ed 100037f1                       .7...7..

2000115c <offtime>:
2000115c:	0000000a                                ....

20001160 <lockout_request_id>:
20001160:	73a8831e                                ...s

20001164 <irq_handler_chain_slots>:
20001164:	00000000 	.word	0x00000000
20001168:	00010000 	.word	0x00010000
	...
20001174:	00020000 	.word	0x00020000
	...
20001180:	00030000 	.word	0x00030000
	...
2000118c:	00ff0000 	.word	0x00ff0000
20001190:	00000000 	.word	0x00000000

20001194 <irq_handler_chain_first_slot>:
20001194:	b501      	push	{r0, lr}
20001196:	6848      	ldr	r0, [r1, #4]
20001198:	3101      	adds	r1, #1
2000119a:	468e      	mov	lr, r1
2000119c:	4700      	bx	r0

2000119e <irq_handler_chain_remove_tail>:
2000119e:	4670      	mov	r0, lr
200011a0:	3809      	subs	r0, #9
200011a2:	4901      	ldr	r1, [pc, #4]	@ (200011a8 <irq_handler_chain_remove_tail+0xa>)
200011a4:	4788      	blx	r1
200011a6:	bd01      	pop	{r0, pc}
200011a8:	10005501 	.word	0x10005501

200011ac <__malloc_sbrk_base>:
200011ac:	ffffffff                                ....

200011b0 <__malloc_trim_threshold>:
200011b0:	00020000 00000000                       ........

200011b8 <__malloc_av_>:
	...
200011c0:	200011b8 200011b8 200011c0 200011c0     ... ... ... ... 
200011d0:	200011c8 200011c8 200011d0 200011d0     ... ... ... ... 
200011e0:	200011d8 200011d8 200011e0 200011e0     ... ... ... ... 
200011f0:	200011e8 200011e8 200011f0 200011f0     ... ... ... ... 
20001200:	200011f8 200011f8 20001200 20001200     ... ... ... ... 
20001210:	20001208 20001208 20001210 20001210     ... ... ... ... 
20001220:	20001218 20001218 20001220 20001220     ... ...  ..  .. 
20001230:	20001228 20001228 20001230 20001230     (.. (.. 0.. 0.. 
20001240:	20001238 20001238 20001240 20001240     8.. 8.. @.. @.. 
20001250:	20001248 20001248 20001250 20001250     H.. H.. P.. P.. 
20001260:	20001258 20001258 20001260 20001260     X.. X.. `.. `.. 
20001270:	20001268 20001268 20001270 20001270     h.. h.. p.. p.. 
20001280:	20001278 20001278 20001280 20001280     x.. x.. ... ... 
20001290:	20001288 20001288 20001290 20001290     ... ... ... ... 
200012a0:	20001298 20001298 200012a0 200012a0     ... ... ... ... 
200012b0:	200012a8 200012a8 200012b0 200012b0     ... ... ... ... 
200012c0:	200012b8 200012b8 200012c0 200012c0     ... ... ... ... 
200012d0:	200012c8 200012c8 200012d0 200012d0     ... ... ... ... 
200012e0:	200012d8 200012d8 200012e0 200012e0     ... ... ... ... 
200012f0:	200012e8 200012e8 200012f0 200012f0     ... ... ... ... 
20001300:	200012f8 200012f8 20001300 20001300     ... ... ... ... 
20001310:	20001308 20001308 20001310 20001310     ... ... ... ... 
20001320:	20001318 20001318 20001320 20001320     ... ...  ..  .. 
20001330:	20001328 20001328 20001330 20001330     (.. (.. 0.. 0.. 
20001340:	20001338 20001338 20001340 20001340     8.. 8.. @.. @.. 
20001350:	20001348 20001348 20001350 20001350     H.. H.. P.. P.. 
20001360:	20001358 20001358 20001360 20001360     X.. X.. `.. `.. 
20001370:	20001368 20001368 20001370 20001370     h.. h.. p.. p.. 
20001380:	20001378 20001378 20001380 20001380     x.. x.. ... ... 
20001390:	20001388 20001388 20001390 20001390     ... ... ... ... 
200013a0:	20001398 20001398 200013a0 200013a0     ... ... ... ... 
200013b0:	200013a8 200013a8 200013b0 200013b0     ... ... ... ... 
200013c0:	200013b8 200013b8 200013c0 200013c0     ... ... ... ... 
200013d0:	200013c8 200013c8 200013d0 200013d0     ... ... ... ... 
200013e0:	200013d8 200013d8 200013e0 200013e0     ... ... ... ... 
200013f0:	200013e8 200013e8 200013f0 200013f0     ... ... ... ... 
20001400:	200013f8 200013f8 20001400 20001400     ... ... ... ... 
20001410:	20001408 20001408 20001410 20001410     ... ... ... ... 
20001420:	20001418 20001418 20001420 20001420     ... ...  ..  .. 
20001430:	20001428 20001428 20001430 20001430     (.. (.. 0.. 0.. 
20001440:	20001438 20001438 20001440 20001440     8.. 8.. @.. @.. 
20001450:	20001448 20001448 20001450 20001450     H.. H.. P.. P.. 
20001460:	20001458 20001458 20001460 20001460     X.. X.. `.. `.. 
20001470:	20001468 20001468 20001470 20001470     h.. h.. p.. p.. 
20001480:	20001478 20001478 20001480 20001480     x.. x.. ... ... 
20001490:	20001488 20001488 20001490 20001490     ... ... ... ... 
200014a0:	20001498 20001498 200014a0 200014a0     ... ... ... ... 
200014b0:	200014a8 200014a8 200014b0 200014b0     ... ... ... ... 
200014c0:	200014b8 200014b8 200014c0 200014c0     ... ... ... ... 
200014d0:	200014c8 200014c8 200014d0 200014d0     ... ... ... ... 
200014e0:	200014d8 200014d8 200014e0 200014e0     ... ... ... ... 
200014f0:	200014e8 200014e8 200014f0 200014f0     ... ... ... ... 
20001500:	200014f8 200014f8 20001500 20001500     ... ... ... ... 
20001510:	20001508 20001508 20001510 20001510     ... ... ... ... 
20001520:	20001518 20001518 20001520 20001520     ... ...  ..  .. 
20001530:	20001528 20001528 20001530 20001530     (.. (.. 0.. 0.. 
20001540:	20001538 20001538 20001540 20001540     8.. 8.. @.. @.. 
20001550:	20001548 20001548 20001550 20001550     H.. H.. P.. P.. 
20001560:	20001558 20001558 20001560 20001560     X.. X.. `.. `.. 
20001570:	20001568 20001568 20001570 20001570     h.. h.. p.. p.. 
20001580:	20001578 20001578 20001580 20001580     x.. x.. ... ... 
20001590:	20001588 20001588 20001590 20001590     ... ... ... ... 
200015a0:	20001598 20001598 200015a0 200015a0     ... ... ... ... 
200015b0:	200015a8 200015a8 200015b0 200015b0     ... ... ... ... 

200015c0 <_impure_ptr>:
200015c0:	200015c8 00000000                       ... ....

200015c8 <_impure_data>:
200015c8:	00000000 20038b00 20038b68 20038bd0     ....... h.. ... 
	...
20001660:	00000001 00000000 abcd330e e66d1234     .........3..4.m.
20001670:	0005deec 0000000b 00000000 00000000     ................
	...

200016e8 <malloc_mutex>:
	...

200016f0 <print_mutex>:
	...
