:020000041000EA
:10000000002008205D0100101B0100101D010010E0
:100010001101001011010010110100101101001058
:100020001901001019010010190100101F01001022
:10003000110100101901001021010010230100100E
:100040001101001011010010110100101101001028
:100050001101001011010010110100101101001018
:100060001101001011010010110100101101001008
:100070001101001011010010697900101101001028
:1000800011010010110100101101001011010010E8
:1000900011010010110100101101001011010010D8
:1000A00011010010110100101101001011010010C8
:1000B00011010010110100101101001011010010B8
:1000C00011010010110100101101001011010010A8
:1000D0001101001011010010110100101101001098
:1000E0001101001011010010110100101101001088
:1000F0001101001011010010110100101101001078
:100100001101001011010010110100101101001067
:10011000EFF30580103800BE00BE00BE00BE00BE7A
:1001200000BE00BEF2EB8871202D0510482D051091
:10013000A001001090A31AE7D3DEFFFF42012110B7
:10014000FF010000F8410500793512AB4FF00000C7
:100150001E49086006C881F3088810474FF05040D8
:10016000006810B14FF00000F2E70DA40ECC00299A
:1001700002D000F012F8F9E71549164A002000E015
:1001800001C19142FCD11449884714498847144958
:10019000884700BEFDE701C901C29A42FBD3704700
:1001A000482D051010010020F816002030430510DE
:1001B000000008200000082030430510001008202F
:1001C00000100820000000007047000008ED00E06B
:1001D000F8160020548C0320F5750010958100104E
:1001E000ED750010F8B500BF064B0749C91A891014
:1001F00048BF0131491003D0044B0BB101481847E7
:10020000704700BFF8160020F8160020000000001C
:1002100008B5054B1BB105490548AFF30080BDE8A3
:100220000840FFF7E1BF00BF000000003C8C032046
:1002300034AE001000000000384B98423FD010D878
:100240004BF6803398422FD0354B984221D04AF656
:100250004443984203D108294AD004293AD00020C7
:100260007047304B98420BD02F4B9842F7D1022960
:10027000F5D12E4B03F13000002A08BF1846704715
:100280000229ECD12A4B03F5A870002A08BF1846B2
:100290007047042925D00229E1D1264B03F5A87027
:1002A000002A08BF1846704708292FD00429D6D144
:1002B000214B03F5D870002A08BF1846704704295F
:1002C0001DD00229CBD11D4B03F1C000002A08BF6D
:1002D000184670471A4B03F1C000002A08BF1846A1
:1002E0007047184B03F59070002A08BF18467047F6
:1002F000154B03F1C000002A08BF18467047134B86
:1003000003F5A870002A08BF18467047104BA3F5E4
:10031000A870002A08BF1846704700BF0077010088
:100320008858010010B1020000EE0200C0B50010B4
:1003300040B40010E0B30010D0B4001060B500105D
:1003400050B3001080B30010F0B2001000B50010E0
:1003500070B4001002290FD0032909D0012902D15D
:100360001022074B5A6003298CBF002001207047E0
:100370002022034B5A60F6E71822014B5A60F2E73D
:10038000F816002003289DBF034B03EB8003D3F82E
:10039000BC030248704700BFF0B200109CB00010D0
:1003A00003BD00BF894B0246997F30B511B1988BD0
:1003B000904256D093F83A0010B11C8F94427DD0F1
:1003C00093F856406CB1B3F854C0944500F0BC802B
:1003D00093F87250ADBB49B100280CBF0121032135
:1003E00004E093F8725065BB01B1411C7848C1EB41
:1003F000C10CB2F5007F00EB8C004FEAC10E4FEA52
:100400008C0C75D035D8802A00F0C98058D8202AA5
:1004100000F09C80402A49D120249C44ACF8204024
:100420003024ACF82C406B4CACF8302004F1600563
:10043000CCF8284004F5B074CCF82450CCF8344003
:1004400034E0B3F87050954208BF03230AD0002966
:10045000CCD0002800F0B8800221002CC6D00020AB
:1004600030BD00235C48C3EBC30300EB83000430C2
:1004700030BDB2F5006F52D0B2F5805F7AD0B2F5E0
:10048000806F13D14FF400749C44ACF820404FF4BB
:10049000E074ACF82C40514CACF83020CCF828403B
:1004A0004F4CCCF824404F4CCCF83440AEEB010E0E
:1004B000012103EB8E039A83997730BD0123D1E7A5
:1004C000B2F5807FF2D180249C44ACF82040D02447
:1004D000ACF82C40444CACF8302004F5D075CCF886
:1004E000284004F5B464CCF82450CCF83440DDE75F
:1004F0004FF480749C44ACF820404FF4DC74ACF8AA
:100500002C403A4CACF8302004F55C75CCF828400F
:1005100004F53764CCF82450CCF83440C6E74FF4E7
:1005200080649C44ACF820404FF4E164ACF82C406B
:100530002F4CACF83020CCF828402E4CCCF824407E
:100540002D4CCCF83440B1E702238BE710249C44B7
:10055000ACF820401424ACF82C40284CACF83020E7
:1005600004F12805CCF82840A834CCF82450CCF865
:1005700034409BE74FF400649C44ACF820404FF4B7
:100580006E64ACF82C401E4CACF83020CCF82840FF
:100590001C4CCCF824401C4CCCF8344086E740245A
:1005A0009C44ACF820403824ACF82C40174CACF8F4
:1005B000302004F17005CCF8284004F51C74CCF808
:1005C0002450CCF8344071E701210FE7F8160020E1
:1005D00018170020CCE9001014170020CCC400101C
:1005E00044EF001018BD0410BCDB00104CC8001014
:1005F000BCB6001044FF001018CD04102CEC001005
:10060000441F0110043D011018ED04105CE50010BA
:100610002DE9F04F2DED108B93B00E930346DFEDD7
:10062000C5BA8A468B46CDE90F20043311934FF0AB
:10063000000E4FEADB0707EB87014FEACB00009083
:10064000C800C7EBC701109B4FEAC7094FEA07185C
:100650000290C800059008F1040109F1040007EBBD
:10066000470603EB4712184419447B0102EB0715B8
:100670000D9701933301A5EBC6040393F3000D9E80
:100680000493DDF844C0009B02EBC70704EB461659
:10069000D5ED006AD4ED004A96ED004A11ED016AED
:1006A000D2ED003A97ED005A1CED017A50ED017A37
:1006B00034EE840A37EE858A76EE265A76EE662A7E
:1006C00036EEC66A77EE236A77EEC57A37EE637A3E
:1006D00036EEA55A78EE003A76EEE56A35EE233A24
:1006E00077EEE45A35EE635A77EEC47A0CED013AB0
:1006F00077EEA47A82ED005A75EE845AB0EE471A6E
:10070000D0ED004AA5EEEB1AA5EEAB7AA7EEAB6AE8
:10071000D7ED015AD2ED013AD4ED018A91ED005A9C
:1007200096ED01AA9CED004A95ED019AB0EE462A9D
:1007300034EEE56A74EEA54A75EE09AA74EE235A02
:1007400076EE680A34EE634A76EEE49A78EE8A3AF8
:1007500035EE493A70EE8A0A39EE459A36EE4A6A23
:1007600035EEEA5A76EEE36A75EEAA5A79EEA39A66
:1007700074EEA3AAF0EE443A36EE286A76EEA46A46
:1007800075EE488AE0EEEB3A35EE405AF0EE444A18
:1007900035EE085AE0EEAB4AB0EE638AF0EE430A5B
:1007A000F0EE621AB0EE41AAB0EE494AE7EEAB1A9B
:1007B000E6EE2B0A35EEAABAA6EE6BAA75EEEA5A59
:1007C000A6EE2B4AA7EEEB8A8CED00BA38EE806AD3
:1007D000C2ED015A37EE200A41ED016A37EE607A28
:1007E00074EEE16A33EE0A3A31EE044A71EEA45A2D
:1007F00073EE823A72EE887ADE44F245C5ED009AD5
:100800009C4481ED006A1A4485ED015A194400EDBB
:10081000010A1D4486ED007A87ED003A84ED004A16
:10082000C0ED006AC6ED015A1844C7ED013A1E44F6
:10083000C4ED017A1F441C443FF62AAF1F460D9BAE
:10084000072B40F2B381019D109E029C083509F1EF
:10085000080973190398049908340C9306EB0903EB
:10086000059A08300B93331908310A93331808326C
:100870000993731808F10C080893B318079306EB53
:100880000803059306F10C0306934FF001094FF09E
:1008900000083B46DDE905C7DDE90765DDE90940FC
:1008A0000E9ACE4690440F9A08EB480102EBC8021C
:1008B000D2ED00EA02EBC80292ED00EA02EBC802B8
:1008C000D2ED00DA02EBC80292ED00DA02EBC802C8
:1008D000D2ED00CA02EBC80292ED00CA02EBC802D8
:1008E00092ED00BAD2ED01AAA2EB011292ED01AA9B
:1008F00002EBC802D2ED017A02EBC802CDED017A1B
:10090000D2ED017A02EBC802CDED027AD2ED017A86
:1009100002EBC802CDED007AD2ED017A02EBC802FB
:10092000CDED037AD2ED017ADDE90B12CDED047A3B
:1009300002E000BFF304353F95ED006A96ED007AC2
:100940005CED017A90ED003AD4ED003AD2ED002A48
:1009500057ED014A91ED005A76EE070A35EE030A8B
:1009600037EEA34A74EEA26A35EE435A36EE843A65
:1009700076EEC46A30EE204A77EEE38A74EEE24AFD
:1009800073EEE73A73EE042A75EE467A47ED012AD4
:1009900077EE877A35EE475AF0EE649AD0ED012A69
:1009A00035EE065A33EE443A91ED016AE7EEEB9AE2
:1009B000E7EEAB4ADDED007A96ED01FADCED001AC8
:1009C000D7ED005A94ED017A92ED019A36EE624A23
:1009D00023EE671AD5ED017A36EE226A31EE872AC8
:1009E00077EE8FFA75EE892A75EEC95A31EEC79AFD
:1009F00037EE617A74EE671A34EE4F4A71EE8F1A51
:100A000036EEEFFA76EEC66A34EE274A7FEEA66A35
:100A100072EEC27A3FEE06FA72EE822A36EE2F2A84
:100A2000F0EE65FAB0EE656AE1EEEBFAA1EEAB6AC4
:100A3000F0EE495AF0EE691AE4EE2B5AB0EE688AED
:100A4000A4EE2B7AE4EE6B1AB0EE6F4AA5EE2B8A79
:100A5000E5EE2B3AA5EE6B4A37EEE05A37EE297AEF
:100A600030EE055ADDED049A7FEEA3FA77EEC07AF8
:100A700034EEA50A74EEE55ADDED034A71EE891AEB
:100A800038EE844A64EEAF3A76EE488A38EE066A6B
:100A900026EEE98A9DED019A77EEA07A61EEE44AAE
:100AA00072EEC20AECEEA13AACEE058ADDED001A58
:100AB00029EE855A32EE822AADEE201A6FEE492ACF
:100AC00061EEA01AACEE265ADDED026A87ED002A2F
:100AD000EEEE272A82ED011A69EE277AEDEE031A6F
:100AE0002AEE282A26EE843A20EE4A9A6AEE860AF0
:100AF00025EEEA1A67EE666AECEEAF4AEEEE0F7A82
:100B0000ADEE873AEDEE846AAEEE802AAEEEA89A9C
:100B1000EBEE250AABEE061ADE44F245C2ED001AF2
:100B20001F444CED017ACCED002A1A4484ED005AA2
:100B300084ED018A9C4481ED002A81ED019A1C44D8
:100B4000C6ED000A194486ED011AC0ED003AC0ED69
:100B5000014A1E4485ED003AC5ED016A18441D4462
:100B60003FF6EAAE0C9A09F1010908320C920B9A91
:100B700008320B920A9A08320A92099A08320992AC
:100B8000089A08320892079A08320792069A0832A1
:100B90000692059A083205920D9A4A457FF47AAE7C
:100BA0000E9B9346DB009BB20E9340E513B0BDEC69
:100BB000108BBDE8F08F00BF03462DE9F0411A8885
:100BC000084601EB82065108D2082DED088B5F68BC
:100BD00000F0A5804FEA810C0CF1100C00F110031D
:100BE00000EB0C0403EB0212B44407F1100506F10C
:100BF000100E1CED043A5CED036A5EED024A1EED38
:100C0000015A5CED027A1CED017A1EED040A1EED1C
:100C1000031A53ED040A53ED031A13ED022A53EDA0
:100C2000012A54ED043A14ED034A54ED025A14ED2E
:100C3000016A72EE24AA32EE85AA73EE839A34EE2C
:100C4000269A75EEA78A36EE078A70EE80BA31EEE4
:100C500081BA103443ED04BA03ED03BA43ED02AA9E
:100C600003ED01AA44ED089A04ED079A44ED068AC3
:100C700004ED058A103576EEC46A33EE633A77EEFA
:100C8000E57A55ED085A37EE467A32EE642A15EDCC
:100C9000076A72EEC52A65EEE64A70EEC00A71EE8A
:100CA000C11A23EE255A61EE863AA6EE865A26EE42
:100CB000604AF0EE646AA1EEA54AE3EE066AE0EE51
:100CC000A53A0CF1100C0EED034A4EED043A0CED72
:100CD000075A4CED086A15ED066A55ED056A67EE90
:100CE000865A26EE475AE7EE265A22EEA64A66EEC6
:100CF000C24AB0EE457AA2EE064AE2EE864AA7EE76
:100D0000A67A103393420EF1100E0EED064A4EED08
:100D1000054A0CED067A4CED055A7FF46AAF8CB2A9
:100D20003A4621460223FFF773FCBDEC088B3A4696
:100D300021463046BDE8F041022369E42DE9F04F39
:100D40000E46028891ED007A520806EBC20494ED3B
:100D5000006A2DED068B04EB8205D5ED005A77EE87
:100D6000066A43688FB001EB820191ED005AD1ED24
:100D7000012A084609911946D6ED017AD4ED014AB7
:100D800035EEA63A08330196069301F11003049359
:100D9000089101F11803019937EE467A8C4637EE37
:100DA000A46A33EE053A77EEE47A95ED012A35EE42
:100DB000A74A8CED003A76EEC56A75EE277A34EED6
:100DC000455A95ED014A72EE873A76EE624A76EE22
:100DD000E56A77EEE57A32EE077AD0ED015A36EE23
:100DE000046A083105960191264601462F4673EEA6
:100DF000C23A74EEC24A37EE627A36EE256A4FEA9C
:100E0000820E52080B92023A0831083652088CEDD5
:100E1000016A0291C0ED003A80ED015A0A94C4EDD6
:100E2000006A079303962146C4ED014A07F10807BB
:100E300085ED007AC5ED017A0C9200F0328193467F
:100E40000A460C390D910899059EAEF10C0301F18B
:100E5000200901F13008DDF810A00D99A0F10C0473
:100E600002F1100E2B4410361030A5F10C0C05F1D8
:100E7000100212ED026A50ED026A1EED024A16EDF2
:100E8000027A5EED013A56ED017A77EE041A76EEBB
:100E9000864A52ED015A37EE447A74EEA14A37EE93
:100EA000A34A77EEE37A083610ED015A77EE652A09
:100EB00046ED044A37EEE63A77EEC67A0830083255
:100EC00072EE852A74EE450A71EEE61A37EE457A1F
:100ED00037EEA65A52ED036A50ED037A77EEA67A02
:100EE00077EE847A46ED037A37EE257ADCED029AC6
:100EF000D4ED027A33EE063A71EEC61A70EEE50AC8
:100F000091ED026AD3ED025A93ED018A77EEA93A88
:100F100036EE254AD1ED018A73EE84AA39EE881A9D
:100F20009CED010A76EE654AC4ED02AA33EEC66A6C
:100F300031EE681A94ED019A77EE886A76EE655A7A
:100F400031EE671A91ED016AD3ED017A39EE00AA0C
:100F500036EE276A36EE0A6A76EEE96A84ED016AB1
:100F600076EEE86A1AED026A5AED017A34EEC02A8A
:100F700074EEC94A32EE092A74EE804A34EE634AAE
:100F800026EE860A23EE279A7AEE683AA2EE270A20
:100F900073EEC83A67EEE28A26EE428AB0EE492A3C
:100FA000A2EE862AF0EE682AE3EE062AB0EE486A40
:100FB000A6EEA76A40ED032A00ED042A81ED026A3D
:100FC00081ED010A59ED037A27EEE13A19ED046A41
:100FD00065EEA76A60EEA72AF0EE435A67EEE37A61
:100FE000E3EEC66AE4EE067AE0EE865AE1EE862A81
:100FF0004EED022A4EED015ACCED016ACCED027A9B
:1010000058ED066A58ED057A66EEE45A27EEC74AAF
:1010100021EE266A65EE273AA4EEA76AE7EE263AA5
:10102000F0EE444AB0EE657AE5EE264AA1EE277A64
:10103000BBF1010BA1F10801A3F10803A4F108041D
:10104000ACF1080C42ED043A42ED034A0AF1080AF9
:1010500009F110090EF1080E08F1180883ED047A61
:1010600083ED036A7FF405AF0C9B019A07EBC3077E
:1010700002EBC3020192069A02EBC3020692029AA5
:1010800002EBC3020292049A02EB03120492039A47
:1010900002EBC3020392079A03EB430302EBC30381
:1010A0000793029E019C039A97ED004AD6ED006AD1
:1010B000D2ED005A94ED007A92ED016AD4ED017AF6
:1010C00077EE251A76EE843A37EE862A73EEA13A49
:1010D00077EEC67AD6ED012A97ED013A37EE657ABA
:1010E000C4ED003A71EEE65A37EEE65A77EEC47A6E
:1010F00075EEC45A77EEA67A35EE045AD6ED016A3B
:1011000097ED014A76EE846A76EE826A77EE434A7C
:10111000C4ED016A069C74EEA24AD4ED016AD4EDD6
:10112000003A25EE264A66EEE46AE5EE236AA4EE6E
:10113000A34AC6ED016A32EE626A86ED004A049E59
:1011400036EE436AD6ED016AD6ED004A26EE265AFF
:1011500066EEE56AE6EE246AA5EEA45A039C37EE35
:10116000627AC4ED016A84ED005A079C37EE037A77
:10117000D4ED016AD4ED005A27EEA66A66EEC76A7E
:10118000A7EE256AE7EEA56ABDF82C90DDF8208071
:101190000598424687ED006A4946C7ED016A042377
:1011A000FFF736FA4246494609980423FFF730FA1A
:1011B000424649460A980423FFF72AFA0423424686
:1011C000494628460FB0BDEC068BBDE8F04FFFF74F
:1011D0001FBA00BF2DE9F04F0788154607F1FF3809
:1011E00083B001EBC80281460C460192002B00F04F
:1011F000B380D1ED007AD1ED016AB6EE004A37EE48
:10120000A67A77EEE67A27EE047A67EE847AB8F16A
:10121000000F426985ED007AC5ED017A40F3CB807D
:1012200001981032103405F11001A0F10803A0EB71
:10123000C706D3ED036AD3ED027A14ED027A54EDBA
:10124000014A12ED026A52ED015A37EE675A77EE03
:10125000877A34EEE67AE6EE457A76EEA46AA5EE73
:10126000857AE5EEE67AA6EE667A67EE847A27EE70
:10127000047A083B9E4201F1080102F1080204F1E0
:10128000080441ED047A01ED037AD2D1BA46002276
:1012900005F10C0353ED027AF1EE677A0132524503
:1012A00003F1080343ED047AF4D1B7F5807F09D048
:1012B00072D8402F00F08D8000F21B81102F75D066
:1012C000202F03D129464846FFF738FDB9F80C60B6
:1012D000D9F808C0002E00F0108100210CF1020E98
:1012E0003CF811203EF8113092089B0855F8230075
:1012F00055F822904FEA820845F8220045F82390DD
:101300009B0008F1040004332A58EC580231B14222
:101310002C50EA50E4D307EE907AB7EE007AF8EE5C
:10132000677AC7EE276ABAF1000F12D0002308359A
:1013300015ED027A55ED017A27EE267A67EEE67A08
:101340000133534505F1080505ED047A45ED037AAF
:10135000EED103B0BDE8F08FB7F5807F08D00CD890
:10136000402F41D000F2C180102F10D0202F42D149
:1013700021464846FFF7E2FC3DE0B7F5006FF7D0A5
:101380002FD8B7F5007F2FD0B7F5806F33D1214626
:101390004846FFF711FC2EE0B7F5006F92D014D845
:1013A000B7F5007F15D0B7F5806F8FD12946484635
:1013B000FFF702FC8AE7002F40F0A8808689BA4632
:1013C000D0F808C0002E88D1C3E7B7F5805F7FF45E
:1013D0007DAF012339462846D9F80420FFF718F9D4
:1013E00074E7B7F5805F06D1394601232046D9F866
:1013F0000420FFF70DF9B9F80C70D9F80800FFB117
:10140000002200F1020E30F812A03EF812304FEA2E
:101410009A0A9B0854F8236054F82AB04FEA8A01CC
:1014200044F82A6044F823B09B000431043354F894
:1014300001A0E65802329742665044F803A0E2D871
:10144000D4ED017A77EEA77A94ED006AF0EE006AA7
:10145000B0EE677AB6EE004AA6EE267AD6EE267A87
:1014600027EE047A67EE847AD9F8143085ED007A95
:10147000C5ED017A019A1034A2F10806103305F186
:10148000100214ED027AD6ED036AD6ED027A54ED1D
:10149000014A13ED026A53ED015A37EEC75A77EE4F
:1014A000877A34EEE67AE6EE057A76EEA46AA5EE61
:1014B000857AE5EEA67AA6EE667A67EE847A27EE5E
:1014C000047A08F1FF38B8F1000F02F1080203F1C5
:1014D000080304F10804A6F1080642ED047A02EDBF
:1014E000037ACEDC03B0BDE8F08F802F3FF44FAF1E
:1014F00081E7802F3FF45AAFE8E607EE907AB7EE27
:10150000007AF8EE677AC7EE276A0FE74FF0010A14
:10151000BDE600BF10B44FF480740C4B53F820208C
:1015200003EB8003C00082F0400200F1804003F52D
:10153000805C02F0C00200F5203003F54053CCF887
:10154000002041601C605DF8044B7047048003403C
:1015500030B44FF0000343EC440043EC4000052559
:101560004FF480740B4BC20053F8201003EB800043
:1015700081F0400102F1804303F5203301F0C00205
:1015800000F5805100F540500A605D60046030BC99
:10159000704700BF048003404FF0E022936843F09F
:1015A00000539360704700BF4FF0E0234FF080324C
:1015B000C3F80024C3F80424C3F80824C3F80C2497
:1015C000C3F81024C3F81424C3F81824C3F81C2447
:1015D000C3F82024C3F82424C3F82824C3F82C24F7
:1015E000C3F8302462B67047F0B4144A144EB242C5
:1015F00021D24FF0FF0C1348134D08E01460A2F8FD
:1016000004C00370BFF35F8F0832B24213D2017877
:1016100017684B1CDBB2182B28BF10236C18002F47
:10162000ECD12944116082F804C00370BFF35F8FCE
:101630000832B242EBD3F0BC704700BFE81600207E
:10164000F816002010110020841700202DE9F04F1B
:1016500085B0EFF30583DBB2103B9A0818BF012277
:101660004FF0010103F00300A94B00EB820203EBF2
:101670008203D3F8AC7014BFA64DA74DB7F908404C
:1016800001FA00F605F54153002C5E600290EE630E
:1016900080F26081BB88180440F19980BB79002BEF
:1016A00040F0E580B7F90840002CC0F22C81D7F853
:1016B000148004EB440308EBC303D3E9020EBEF12C
:1016C000FF3F08BFB0F1FF3F4FEA440C0CD0029B34
:1016D00005EB8301AB6A0A69D21AC31A934202D39B
:1016E0002B6A334200D108616B6A1A46A96A6B6A99
:1016F0009342FAD1814273EB0E03C0F20481EE6390
:10170000A4446B6A08EBCC094FEACC02D9E902BACF
:101710001946A86A6B6A8B42FAD1584573EB0A03E3
:10172000B8DBBAF1000FC0F2CF80D9F810307B4897
:10173000D9F81410834200F00181B9F80200019237
:1017400080B240EA04409847019A50EA010300F051
:10175000BB80002980F2E480BBEB000B6AEB010147
:1017600038F90230C9E902B1002B93DBD7F814C075
:1017700003EB43000CEBC000D0E9029ECB454FEADF
:10178000430071EB0E0A039084DB384620F8083FD3
:10179000019003980CE03CF93030CDF804A0002B08
:1017A0000DDB03EB430E0CEBCE0E5800DEE9029E80
:1017B000CB45184471EB0E0E0CEBC00AEBDA28F89F
:1017C0000230019B1C80BB8818043FF567AF3B6962
:1017D000EFF3108272B6D3E8CF0F01210028FAD1BF
:1017E000C3E8401F0028F6D1BFF35F8F4FF6FF74A8
:1017F000B8880023396900B2BC80C1E88F3F82F30A
:1018000010889842FFF64AAFB246A84606467C6961
:1018100007F10809B7F9083006EB460E04EBCE02D3
:10182000002BCC46D2E9025013DBBB46019604E004
:1018300034F937309446002B09DB03EB430704EB04
:10184000C702D2E90261B54270EB0101F0DA5F46EE
:10185000019EACF8006034F93E6024F83E30002E62
:10186000D8DABB7956464546002B3FF41BAF002320
:10187000BB71B7F9083007F10809591C43D01C4661
:101880004FF0FF3A4FF0FF3BD7F814C003E0894612
:101890005A1C3FF409AF03EB43020CEBC201B1F851
:1018A00002E018461EF4004F98463CF93230EED064
:1018B000A042C1E902AB05D0A9F8003039892CF863
:1018C000321038814446E3E738F802103B69398129
:1018D000EFF3108172B6D3E8CFCF0120BCF1000F37
:1018E000F9D1C3E84C0FBCF1000FF4D1BFF35F8F07
:1018F0007B8828F8023000233A697C80C2E88F3F59
:1019000081F31088C6E640BF05B0BDE8F08F00BF88
:10191000F816002000800B4000000B404D16001010
:1019200096466B6A9C46AA6A6B6A6345FAD19346EF
:101930001BEB000B724643EB010111E708460B69F4
:10194000039201919847039A0028BDD00199D1E9EB
:101950000001FAE6D7F8148004FA01FCD0E600BFD3
:101960000146F0B50069EFF3108772B6D0E8CF5F9B
:101970000124002DFAD1C0E8454F002DF6D1BFF368
:101980005F8FB1F902E04C690EEB4E0CBEF1000F17
:101990004FEACC0504EBCC0C3DDB605B00264880B5
:1019A0000869C0E88F6F87F31088BCF80200CCE9A3
:1019B00002230130C0F30E00012838BF0120059B2F
:1019C000ACF80200CCF81030069B40EA0E40CCF890
:1019D00014300B69EFF3108272B6D3E8CFCF012732
:1019E000BCF1000FF9D1C3E84C7FBCF1000FF4D17A
:1019F000BFF35F8F8B886353A1F804E00B69C3E8E2
:101A00008F6F82F310880122CB68097803F50153A8
:101A10008A405A60F0BD00230A69C2E88F3F87F30D
:101A200010884FF0FF30F0BD0E4BD3F8CC20EFF311
:101A3000108172B6D2E8CFCF0120BCF1000FF9D1EE
:101A4000C2E84C0FBCF1000FF4D1BFF35F8F00224E
:101A5000D3F8CC30C3E88F2F81F3108840BF00202B
:101A600000217047F81600202DE9F041871F41F151
:101A7000FF38B84271EB080338BF0027064638BF6D
:101A8000B8460D462F4982B04C6AA446886A4C6A13
:101A90006445FAD1381A68EB0404012874F1000493
:101AA00013DA284A536A9D4202D9536A9D42FCD8F0
:101AB0009D4207D1234B02E05A6A954202D19A6AAD
:101AC0009642F9D802B0BDE8F0814B6A1D4A19462A
:101AD000906A536A8B42FAD10022381A68EB0303EA
:101AE000934209DB184B019200933A46434617484C
:101AF000FFF736FF0028D4DB00241248144A436A5B
:101B0000984504D8816AB942CBD29845C9D1D2F858
:101B1000CC30EFF3108172B6D3E8CFEF5FF0010C59
:101B2000BEF1000FF8D1C3E84ECFBEF1000FF3D1E4
:101B3000BFF35F8FD2F8CC30C3E88F4F81F31088AA
:101B400020BFDCE700000B40291A00101411002010
:101B5000F816002010B40B4A536A9C46946A536AE4
:101B60006345FAD120184FF0FF3243EB01016FF0CB
:101B70000043824273EB01043CBF104619465DF8F6
:101B8000044B71E700000B400021044B044ABFF3F3
:101B90005F8F43F8041B9342F9D170470C080E4045
:101BA0002C080E40704700BF002310B5DB8A0022CE
:101BB00042E800F2520254BF1021042145F25320A2
:101BC0009847BDE81040034604201847002310B58D
:101BD000DB8A002242E800F2520254BF10210421A5
:101BE00045F253209847BDE81040034601201847AE
:101BF00010B40748074C084B084A094904601A60AA
:101C00008B6832EA0303FBD15DF8044B704700BFD9
:101C1000002002407F3BEFEF00300240F6FFF3036D
:101C200000000240044BDB6CB3F5004F03D14FF4CE
:101C30008022024BDA6470470000115000201150DE
:101C40004FF0E022044BD2F8881D0B43C2F8883DC8
:101C500010EE3004704700BF030330006FF06041A6
:101C6000044B054A19609368DB4333F06043FAD1B3
:101C7000704700BF00300240000002400021044BCA
:101C800003F12002C3E88F1F01339342FAD170475A
:101C900084170020F0B44FF48D7000264FF42A64AE
:101CA000984A994D994B9A49C5F884601460D06060
:101CB00019605368002BFCDA0121964B924AD963D4
:101CC000536C012BFCD10321924B8F4A1963936B08
:101CD000012BFCD1904B1A68002AC0F25F814FF4AF
:101CE00080438E488E498F4A03600B6093685E0480
:101CF000FCD501247D202121874A8B4B1460906004
:101D000059601368002BFCDA4FF4A4200821864B9D
:101D1000D0605960854B1A68002AC0F253814FF495
:101D200000437E487E497F4A03600B6093681D0430
:101D3000FCD50124642021217C4A7D4B14609060F5
:101D400059601368002BFCDA4FF4AA200821784B65
:101D5000D06059606C4B4FF400605A6BB2F5803F15
:101D60003CBF4FF480325A63724B6A4AD3F8E0109A
:101D7000106341B1D3F8E420B2FBF1F2013202EB7F
:101D80004202033AFDD2604A6B48116B01F0E00158
:101D90000163116B81F0020101F003010163916B9A
:101DA0004C07FCD54FF480314FF400646348644D18
:101DB000C3F8E05004635163106C88424FF0030095
:101DC00038BF1164534A5049D0634A6CD007FCD5E0
:101DD000CA6B594802F0E002C263CA6B4A4982F0FA
:101DE000010202F00302C2634A6C9207FCD54FF471
:101DF00080324FF400645148524DC3F8E450C4633C
:101E00000A64486E90424FF4006038BF4A66D3F8C7
:101E1000F010404A106641B1D3F8E420B2FBF1F271
:101E2000013202EB4202033AFDD24FF480304FF40C
:101E30000064354A404D116E01F0E00129663F49CA
:101E4000414DC3F8F0500C665066116F814238BFA7
:101E500010674FF400602F4AD3F8F410D06641B1F8
:101E6000D3F8E420B2FBF1F2013202EB4202033A72
:101E7000FDD24FF480304FF40064234A2E4DD16ED2
:101E800001F0E001E9662D492F4DC3F8F450CC660E
:101E90001067D16C814238BFD0644FF400601D4A96
:101EA000D3F8E810906441B1D3F8E420B2FBF1F22A
:101EB000013202EB4202033AFDD24FF480304FF47C
:101EC0000064114A1C4D916C01F0E001A9641B49AA
:101ED0001C4DC3F8E8508C64D064916D814238BFCA
:101EE00090654FF400600B4AD3F8EC10506569B36D
:101EF000D3F8E420B2FBF1F2013202EB4202033AE2
:101F0000FDD223E0008004400000014000A0044016
:101F100000B0FA00003001400000054000200240FF
:101F200000300240000002400030054000800540C3
:101F300000B00540F81600200010014000200140CC
:101F4000001BB70080D1F008006CDC024FF4006782
:101F500001204FF48036254DD3F8E0106C6D244AF3
:101F6000DFF89CC0A2FB012104F0E004CCF854404F
:101F7000204C214A6765214C890CAE655160C3F83D
:101F8000EC401060F0BC1161D060D1619061916251
:101F90005062516310631164D06370471A6802F095
:101FA0003F02012A7FF49BAE9A68C2F30B027D2A9E
:101FB0007FF495AEDB6803F4EE23B3F5A42F7FF432
:101FC0008EAEA7E61A6802F03F02012A7FF4A7AEA0
:101FD0009A68C2F30B02642A7FF4A1AEDB6803F4B3
:101FE000EE23B3F5AA2F7FF49AAEB3E600000140CA
:101FF00083DE1B43002001400080104080D1F008A8
:10200000001001402DE9F04101292DED028B08EE71
:10201000100A50D001EBD1756D10012D0C463CD04B
:102020000E460029B8BFCE1CB610012E4ED00F466A
:102030000029B8BFCF1DFF10012F44D088460029CA
:10204000B8BF01F10F084FEA2818B8F1010F40D0CE
:10205000A1F120031F2B3FD90021FFF7D3FF07EE8B
:10206000900A67EEA77A18F0010F67EEA77A01D001
:1020700067EE887AF80767EEA77A01D567EE887A67
:10208000F10767EEA77A01D567EE887AEA0767EE6F
:10209000A77A04D567EE887A01E0F0EE487AE30784
:1020A00067EEA77A01D567EE887ABDEC028B17EE52
:1020B000900ABDE8F081F0EE487ABDEC028B17EE95
:1020C000900ABDE8F081F0EE487AD9E7F0EE487A60
:1020D000DCE7F0EE487ACDE7F0EE487AC3E700BFE0
:1020E000704700BF10B1D1E900311847704700BFF9
:1020F0002DE9F04F83B09946DDE90DAB0F9B884683
:1021000011469A07074616D1DA453AD20C460D46D3
:10211000ABEB0A060E4422464B46414620200134D2
:10212000B847B442F7D12946BAF1000F08D120468A
:1021300003B0BDE8F08F0C46BAF1000F10D00E4688
:1021400055460C9B2E449A440191721B4B46013D0F
:1021500041461AF8010D3446B847002DF5D10199D2
:102160000F9B9B07E3D5651AAB45E0D922464B464A
:10217000414620200135B847AB4504F10104F5D8AC
:10218000D5E7BAF1000FDAD10C46D0E72DE9F04FD0
:102190000F9FDDF824E017F0020F0A9C9DF82C90A9
:1021A0000E9DDDE90C8629D1002D6DD1B44225D2DA
:1021B000202C07F0010B00F0098104F1FF3C4FF0E7
:1021C000300AF44401E0202C78D00134A6420CF807
:1021D00001AFF8D8BBF1000F10D0AC420ED2202CCA
:1021E00072D004F1FF3C4FF0300AF44401E0202C9F
:1021F00028D00134AC420CF801AFF8D117F0100F21
:1022000039D017F4806F27D114BBB8F1100F00F04C
:10221000C680B8F1020F00F0CB8030248EF8004069
:102220000124B9F1000F65D17E0740F1A6802B266D
:102230000EF804600134CDE90B57CDE909E4BDE89F
:10224000F04F55E7FC0640F187807C0534D420240C
:10225000A64268D0AC4266D0B8F1100F00F084807E
:10226000B8F1020F58D0202CE5D0264601344FF0AB
:10227000300C0EF806C0202CD3D1CDE90B57CDE998
:1022800009E4BDE8F04F33E717F0010B3DD0B9F199
:10229000000F46D117F00C0F43D1B4429DD2202C31
:1022A0008BD1202D10D8FC0656D57C0554D4202E79
:1022B00000F0BC80202D10D02024CDE7BBF1000F12
:1022C00000F0A880202DBDD9FC0645D57C0543D45F
:1022D000202E00F0AB80202D3ED12C461F26B8F1D9
:1022E000100F78D0B8F1020FC1D14FF0620C0EF888
:1022F00006C0B8E72D260EF804600134CDE90B576F
:10230000CDE909E4BDE8F04FF2E6B442BFF476AFA0
:10231000202C7FF452AFD7E7202C8CD026460134F6
:10232000E3E7013DB9E7661ED9D1B8F1100F5ED0E1
:10233000B8F1020F7FF471AF62248EF800403024B0
:102340008EF801400224B9F1000F3FF46DAFD1E7E0
:10235000B8F1100F7FF46FAF2024CDE90B57CDE912
:1023600009E4BDE8F04FC3E6BE060ED4202CF3D03E
:1023700078260EF80460013475E73E077FF55BAF01
:1023800020260EF80460013455E7202CE4D04FF0ED
:10239000580C0EEB040686F800C0013463E7BC0657
:1023A00012D558248EF8004030248EF80140C9E739
:1023B00062268EF80060302644468EF80160B9F13E
:1023C000000F3FF431AF95E77824B6E7BBF1000F7B
:1023D0007FF469AF78E717F0200FA4F1020604F14B
:1023E000FF3412D04FF0580C0EF806C03DE7BE0681
:1023F000EAD558248EF8004030248EF8014002249B
:10240000B9F1000F3FF410AF74E74FF0780C0EF8FD
:1024100006C02AE717F0100F3FF40DAF17F4806FD6
:1024200096D1202E7FF416AF1F2658E734461F267C
:1024300055E700BF2DE9F04F9DB02A9CCDE90A3247
:10244000DDE9268314F480650E95289D08BF0625D6
:1024500023F0004904F4006758EA090382468B46DA
:102460002895099740F09080002F40F0A5819FEDBE
:10247000B87B3D468DED0C7B0427299B9F422CBFEA
:102480000023DB1B14F00206099304D0002F099BE4
:1024900018BF002309933DB1DDE90C2340464946AE
:1024A00006F03EFE80468946DDE926010022002333
:1024B00006F0ECFE10B109F100439946099BCDE905
:1024C00000890393289BDDF82890029324F400638D
:1024D000049359464B4650460B9A00F091F98046BA
:1024E000002F4DD014F0200F024600F101084B469A
:1024F00059460CBF65204520D04785EAE573A3EB1C
:10250000E57314AC002220469946DFF8A8C2791E74
:10251000ED0F01E0202A10D0CE46ACFB0937FF08B2
:1025200007EB8703A9EB43033033BEF1090FB9462C
:1025300002F1010200F8013BECD8052300200693CC
:102540000A23CDE901250A9DCDE9033042460591D4
:102550002B46594650460094FFF718FE80467EB140
:102560000B9A841A299AA2420AD9164642462B4649
:10257000594620200134D047A64208F10108F5D879
:1025800040461DB0BDE8F08FC9F30A50A0F2FF30FD
:1025900006F022FE85A3D3E9002306F09BFDC9F3D4
:1025A00013030F4643F07F51064600227A4B404604
:1025B00041F4401106F07AFD67A3D3E9002306F049
:1025C00089FD67A3D3E9002306F05CFD02460B46B4
:1025D0003046394606F056FD06F022FE054606F066
:1025E000FBFD61A3D3E9002306460F4606F072FD0A
:1025F00000226A4B06F046FD06F012FE03463946FD
:1026000030461E465AA3D3E9002306F063FDCDE908
:102610000C0130460F9606F0DFFD57A3D3E90023E7
:1026200006F058FD06460F46DDE90C0132463B46F2
:10263000CDE9106706F03AFD06460F4602460B4606
:10264000CDE9126706F046FDDDE9122306460F4686
:102650001046194606F016FD49A3D3E90023CDE93B
:1026600012013046394606F035FD00224C4B06F08B
:1026700009FD02460B463046394606F051FD002260
:10268000484B06F0FFFC02460B463046394606F042
:1026900047FDDDE90C2306460F4600204FF0804140
:1026A00006F004FDDDE9102306F0ECFC02460B46C3
:1026B0003046394606F0E6FC02460B46DDE91201DB
:1026C00006F02EFD0022384B06F0DCFC0F9B0022AA
:1026D00003F2FF36330506F0FDFC06460F46424680
:1026E0004B46CDE90C6706F0F9FD10BB3346394681
:1026F00005F16302C62A099A8CBF05270427002A20
:102700003FF4BBAE0B435CD01FA3D3E9002340468C
:10271000494606F0CFFD002860D1289B002B3FF4EE
:10272000ACAE0E9B002B3FF4A8AE289B013B289338
:10273000A3E617A3D3E900233046394606F0CAFCC6
:102740000A4601460346CDE90C12013D1146CFE78A
:10275000000000000000000061436F63A787D23FC4
:10276000B3C8608B288AC63F71A379094F930A408A
:102770001655B5BBB16B0240EF39FAFE422EE63F6B
:10278000922449922449B23F2D431CEBE2361A3F72
:102790009A9999999999B93F0000F83F0000E03F54
:1027A00000002440000018400000F03FFB799F50DB
:1027B0001344D33FCDCCCCCC9FED0D7B00258DEDCC
:1027C0000C7B289B0027AB42D2BF00235D1B05F189
:1027D000FF3328933D4644F480644EE6404606A30A
:1027E000D3E90023494606F051FD0028E9D194E7DA
:1027F00000000000000000000000000080842E4166
:102800002DE9F04F97B0CDE90501DDE920ABDDE919
:10281000224807920C935046B3A3D3E900235946AC
:10282000DDF8909006F05AFD002840F0CD80B5A369
:10283000D3E900235046594606F028FD002840F011
:10284000C380504659460022002306F01FFD002891
:1028500040F0A98019F480650D9000F0AD80092C3E
:1028600040F231810EAB1A46049330210023A4F1CB
:1028700009050133202B02F8011BA4EB030600F02D
:102880001281AB42F5D19FED987B8DED087B5946C7
:10289000504606F0C5FC044606F09EFC02460B4678
:1028A0005046594606F002FCDDE9082306F012FC0A
:1028B00002460B46CDE90A2306F0C4FC074606F0A3
:1028C0009DFC02460B46DDE90A0106F0EFFB0246DD
:1028D0000B46CDE90A230022874B06F0FFFC0028B7
:1028E00000F09B800137384606F088FCDDE90823BC
:1028F00006F0E0FC002840F0D380002E71D1204685
:1029000006F06AFC02460B465046594606F0CEFBDE
:102910000022794B06F0A8FC002840F0BC80049B04
:10292000691E764819440FE080FB0462C3EBA203E2
:1029300003EB8302A4EB420404F1300201351C4690
:1029400001F8012F002B77D0202D4FEAE473EBD153
:1029500009F00303012B18D1B8F1000F15D00D9B1E
:10296000002B00F0898008F1FF38A84568D9202D98
:102970000AD0302204996B1E0B440135454503F8FB
:10298000012F5DD0202DF8D12025DDE90440DDE9BF
:102990000612CDE902890C9B01950094FFF7A8FB74
:1029A00017B0BDE8F08F012319F480650D930BF18A
:1029B00000439B467FF453AF9FED4D7B0EAB062645
:1029C0008DED087B049362E70C9B0598CDE920AB65
:1029D000DDE90612CDE92389229417B0BDE8F04F56
:1029E00028E5049B681EDFF824C118440DE0ACFB09
:1029F0000721C90801EB8102A7EB42023032092FFF
:102A000000F8012F28D90F461D46202D05F101039E
:102A100006F1FF36EBD1202581E70022DDE90A012E
:102A2000354B06F033FC00287FF467AF17B1FA0787
:102A30007FF563AF013760E709F00303012B4ED048
:102A4000202DA2D00D9B0BB32D2205F158036B4412
:102A500003F8202C013598E7202BDCD02EB3049A04
:102A60001E441544302201E0B3421ED00133202B16
:102A700005F8012FF8D1CEE719F00C0F7FF473AFF2
:102A8000A8453FF674AF202D3FF47FAF19F0040F37
:102A900013D02B22D9E7E3077FF541AF01343EE79E
:102AA0000027013429E71D46EDE62E2103F15802E7
:102AB0006A4402F8201C5D1C31E719F0080F3FF44E
:102AC00064AF2022C1E70E4B264603EBC40393ED0F
:102AD000007B0EAB8DED087B00250493D7E6B8F1A3
:102AE000000FADD03BE700BF0000000065CDCD4139
:102AF0000000000080842E410000E03F67666666AB
:102B000058ED00100000000065CDCDC1CDCCCCCC7F
:102B10002DE9F04F9A469BB0249C964D0B94964C11
:102B20000B1E18BF8346C4F8F8509AF80000934C67
:102B30000A9308BFA3460992002800F0BE824FF016
:102B400000090AE04A46099B0A9909F10109D84798
:102B50009AF80000002800F0CE8025280AF1010A2A
:102B6000F0D10023524612F8010BA0F120011029E8
:102B70000AD8DFE801F04009093C090909090909F7
:102B80000938093409093000A0F13001092940F25F
:102B90008C802A2800F0F48000210C912E2800F06F
:102BA00099800027A0F1680112292DD8DFE811F0E3
:102BB00056012C0050012C0044012C002C002C004C
:102BC0002C002C002C002C0027002C002C002C00AA
:102BD0002C002C002700924643F00103C2E79246E6
:102BE00043F00203BEE7924643F00403BAE792467D
:102BF00043F01003B6E7924643F00803B2E79AF8B1
:102C0000010043F4807301326728924600F282800B
:102C1000242840F2C580A0F12502422A00F2C0809B
:102C2000DFE812F05E01BE00BE00BE00BE00BE00C6
:102C3000BE00BE00BE00BE00BE00BE00BE00BE00A4
:102C4000BE00BE00BE00BE00BE00BE00BE00BE0094
:102C5000BE00BE00BE00BE00BE00BE00BE00BE0084
:102C6000BE00BE00250144012501BE00BE00BE001D
:102C7000BE00BE00BE00BE00BE00BE00BE00BE0064
:102C8000BE00BE00BE00BE00BE00D201BE00BE003F
:102C9000BE00BE00BE00BE00BE00BE00BE00D2012F
:102CA0006601D201250144012501002100E0013225
:102CB00001EB810100EB410110789246A0F1300454
:102CC000092CA1F13001F2D92E280C9102F1010258
:102CD0007FF467AF9AF801001146A0F13006092E83
:102CE00043F4806340F230812A2800F03D8192460F
:102CF0000027013256E74C46099B994501D303F161
:102D0000FF394A460020099B0A99D84720461BB044
:102D1000BDE8F08FA0F16902D2B20F2A40D8012697
:102D200049F2410196400E4040F000810A2A3ED00F
:102D3000072A35D10B9C54F8042B002A00F0278178
:102D400043F021010DF1480E704603E0202E00F003
:102D500028811A4602F00F052B46092D94BF303307
:102D600037330F2A00F8013B06F101064FEA121330
:102D7000ECD816E1112B0010F8160020E12000100D
:102D80000B9C9AF8010054F8045B9246002DBDBFDD
:102D9000694243F002030C910C950B940132FDE65D
:102DA0004A46099B0A9909F10109D847D0E60B99CF
:102DB00051F8048B98F800201046002F40F0E18075
:102DC0006FF0010C62B10CF1010C4646C44401E005
:102DD000664503D016F8014F002CF9D1A6EB080682
:102DE00013F4806C02D0BE4228BF3E4613F00204AA
:102DF00000F08781002A00F02B81BCF1000F00F069
:102E000041810B940D964A46DDE909540E464F4424
:102E100008E02B462146D84718F8010F09F10109AF
:102E200010B14A464F45F4D131460B9C0D9E002C03
:102E300040F00E810B918BE69AF801006C287FF42C
:102E4000E0AE9AF8020043F440730AF10302DBE6B5
:102E50009AF8010043F400730132D5E69AF80100B4
:102E6000682800F0208143F080030132CCE6672817
:102E700000F0E780472800F00081452800F0FF803F
:102E80000B9C04930C9B0734CDE9027324F00703D9
:102E90001C46DDE90931F4E802674A465846CDE9A7
:102EA00000670B94FFF7C6FA814651E646280B9C53
:102EB00008BF43F0200304930C9B0734CDE9027351
:102EC00024F007031C46DDE90931F4E802674A46AD
:102ED0005846CDE900670B94FFF792FC814637E630
:102EE0004A462520099B0A9909F10109D8472FE68E
:102EF0000B9A9C0702F1040709F1010640F1E680F4
:102F00001078099B4A460A99D8470C9B012B40F23E
:102F10002C81DDE90954994432462B462146202074
:102F20000136D8474E45F7D10B9711E66F2800F0D0
:102F30008B8040F26581782800F008814FF00A0804
:102F400023F01003C44647E0002707EB870700EB98
:102F50004700A0F1300711F8010FA0F13002092A53
:102F6000F3D98A464A1C1DE60B9C9AF8020054F8D5
:102F7000047B0AF1020A0AF101020B9427EAE777BF
:102F800010E6002A3FF42CAF07F1FF3C1BE723F0CB
:102F9000100113F4806241F021013FF4D3AE0DF132
:102FA000480E08231020059300234A46CDE902303D
:102FB00006915846DDE90931CDE900E60497FFF7AF
:102FC000E5F80B948146C3E5582879D0622840F093
:102FD00051824FF00208C44613F480606AD123F096
:102FE0000C0313F4007240F0C2800B9904310D9170
:102FF00013F4807140F02E825E060B9A40F1AA8095
:103000001278002A40F0DA8023F01003002800F044
:10301000D58011460DF1480E06930C9BCDF80CC0DF
:10302000CDE90473019100234A4602935846DDE935
:103030000931CDF800E0FFF7A9F80D9B81460B930D
:1030400086E543F400631BE74FF00808C446C3E776
:103050000C9B4C46B3427FF6EDAE0F464B44A3EBC0
:103060000609DDE909652246334629462020013458
:10307000D8474C45F7D13946DCE643F4006343F0CA
:103080002003FDE60F460B94DDE909544A462B4622
:103090002146D84718F8010F09F101090028F5D198
:1030A00039460B9CC3E69AF8020043F0C0030AF1CC
:1030B0000302A9E523F00D0393E7044681461BE6CE
:1030C0004FF0100843F02003C44685E70C9B012B0A
:1030D00045D9DDE909544E4609F1FF389844324696
:1030E0002B46214620200136D8474645F7D10C9B78
:1030F000324699440B9B1878DDE90931D8470B9784
:1031000026E50C9BB34240F2EE81CDE90D48DDE9A6
:10311000095488464B449E1BCDF82CC04A462B468A
:103120002146202009F10109D847B145F6D1414691
:10313000DDF838800C9BDDF82CC00D9C98F8002041
:103140005E1C1046002A7FF458AE73E64FF010085C
:10315000C44641E71D064CBF1288126851E713466A
:103160004A461878DDE90931D847B146DCE60B9CC0
:10317000073424F007042246656852F8084B0B9286
:1031800054EA050240F02C8123F01003002800F0DF
:10319000278100260DF1480E06930C9B4A46CDE987
:1031A00004730023CDE900E6CDF80CC00293584625
:1031B000DDE90931FEF7EAFF8146C9E413F0200F8B
:1031C00014BF412061200DF1480E7646A0F10A0897
:1031D00003E020293FF420AF2246B2FBFCF40CFBB5
:1031E0001425E8B2092D00F130058ABF4044E8B249
:1031F000C0B2624506F8010B01F10101E9D20BE70B
:1032000023F0100269280D9240F06F8113F4806260
:1032100004D04FF4806223F011030D930D9B13F43F
:10322000007640D10B9B03F104080D9B13F48070D2
:1032300040F09880590640F1C6800B9B19780C46E7
:10324000CB0F002900F0B98022460DF1480E7446DC
:103250001646DFF8A0C201E020280FD03546ACFBAF
:103260000621C90801EB8102A6EB42023032092D8A
:103270000E4600F1010004F8012BEDD80D9ACDE9BE
:10328000010306920C9ACDE904720A234A4603937D
:103290005846DDE90931CDF800E0FEF777FFCDF8BB
:1032A0002C80814654E40B9C073424F0070421460B
:1032B0000846636850F8081BDC0F0B9051EA0300C6
:1032C00000F0C3800A46191E48DB13460DF1480E74
:1032D000F4460026CDE90E49DFF8188201E0202EE1
:1032E0002DD05A1842F10002A8FB025929F003051B
:1032F00005EB9905521B1C469B1A61F10005084617
:103300004FF0CC3101FB03F108FB0511A3FB08537F
:103310001944052305F00109A9FB03399B180A2C60
:1033200003F130034FEA550570F100000CF8013B42
:1033300006F1010645EAC1734FEA5101CFD2DDE93A
:103340000E490D9B4A4606930C9BCDE90164CDE9DD
:1033500004730A23CDF800E0039328E7524261EB9F
:103360004101B2E70B9B1968CB0F002900F0AB803D
:1033700081EAE172A2EBE1720DF1480E7046DFF8CE
:1033800074C101E0202E10D01546ACFB0241C908E3
:1033900001EB8104A2EB440404F13002092D00F892
:1033A000012B06F101060A46ECD80D9ACDE901631E
:1033B00006920C9ACDE9047267E7002A3FF445AF04
:1033C0000DF1480E5AE713F0800F0B9B00F081803F
:1033D000B3F9001081EAE174A4EBE174A4B22FE721
:1033E00013F0200F14BF412261220DF1480E0A3A5A
:1033F000CDE90D97CDF844B000267746F3469146C7
:10340000CDE90F3C03E0202E17D004460D46294697
:1034100042460023204607F0DBFCD2B2092A02F123
:10342000300388BF02EB09034445DBB275F10005A8
:1034300007F8013B06F10106E5D2DE46DDE90D970E
:10344000DDE90F3CDDF844B0A6E6002A47D113467B
:1034500011463BE70B990968A1B923F0100388B125
:103460000DF1480E06930C9BCDF80CC0CDE904730A
:103470000192D8E513F480627FF4CBAE23F0100301
:103480000D93CBE613F0200F14BF412061200DF106
:10349000480E7646A0F10A0802E0202AE2D0214632
:1034A000B1FBFCF40CFB1415E8B2092D00F130055A
:1034B0008ABF4044E8B2C0B2614506F8010B02F190
:1034C0000102EAD2CEE7002A3FF456AF0DF1480ED2
:1034D0006BE7196881EAE174A4EBE174B0E60026B9
:1034E0000DF1480E2DE701362BE64FF00A08134682
:1034F000C44671E5CDCCCCCC0368084611461847CC
:10350000437D2DE9F04781460F461646002B43D0F8
:10351000002A3BDD00217D1E15F8012F037D0A2ABC
:103520000846DFF8848001F101040ED0A6421CD0C9
:103530002B782146A3F10D03B3FA83F315F8012F7D
:103540005B090A2A01F10104F0D1002BEED1884277
:10355000A1EB000138441BDB02214046D9F80030C2
:103560009847A64208D02046E2E7864204DD311A99
:10357000D9F8003038449847374417F8013CA3F194
:103580000D03B3FA83F35B0989F81430BDE8F087C3
:10359000D9F800309847DFE73846D9F800301146AF
:1035A000BDE8F047184700BFA8ED0010F8B50B685C
:1035B0000D46802B064604D05A1C2B442A601E71EF
:1035C000F8BD0C4BD3F8FC4054B10F1D23686BB110
:1035D000204639462A68FFF793FF2469002CF5D16D
:1035E000002301222B442A601E71F8BD2469002C9F
:1035F000ECD1F5E7F8160020B1F1000C1FDD104BFF
:1036000010B5D3F800210F4C411E101BB0FA80F00A
:103610000D24400903EB4003B3F904E18C4411F895
:10362000010F864506D093699B06FCD46145106066
:10363000F5D110BD93699B06FCD41460F3E7704785
:10364000F816002000800740224AB1F1000C10B4A7
:10365000D2F808412EDD03460020D2F80021591E81
:103660009369DB0617D401309369DB06FCD4136839
:10367000844501F8013FF3D14CB1502113469163C9
:1036800053F8342F02F0380203F580531A60604675
:103690005DF8044B70474CB150211346916353F8C9
:1036A000342F02F0380203F580531A6078B15DF8C8
:1036B000044B70475CB1D2F800215021134691634E
:1036C00053F8342F02F0380203F580531A606FF07C
:1036D0000200ECE7F8160020074BD3F808214AB1A6
:1036E00010B40024D3F80011D3F80C018C635DF8FA
:1036F000044B1047704700BFF8160020034BD3F867
:10370000002193691B07FCD4704700BFF816002006
:10371000002390F8312070B480F83030002A4DD169
:1037200041F4806C90F82B3090F833501E1E18BF77
:10373000012683F0010380F82B30234B90F82E20D4
:10374000D3F81011D3F81011D3F8104169420134A5
:10375000C3F8104101F4004141EA4631D3F8106149
:1037600041EA0C01802E08BF002614B208BFC3F83E
:1037700010610AB141F4C05190F82AC04FEACC0C54
:10378000CDB1124B6344002589B223F8141090F890
:103790002D308168013B80F82D308B6890F83240E5
:1037A000013B80F824508B601CB182F0010280F84C
:1037B0002E2070BC7047064B6344E4E741F4A05CE4
:1037C00080F83130AEE700BFF816002080001050BE
:1037D00084001050034A044992F8323182F83031A3
:1037E0000B607047F816002000001150704700BFB2
:1037F0000020704770B5074C074D0646AC4204D216
:1038000054F8043B9847AC42FAD33346BDE87040C5
:10381000184700BF1CAE001030AE0010F0B50168B4
:10382000234DB0F828C0B5F8342190F8327059B360
:10383000002691F802E00EF00F03DB0003F1A04335
:1038400003F58013C3F880600EF00F04C3F88460A2
:10385000028387B99444A5F834C15CB14FF0204489
:10386000C97890F8330042EA81622243C0B1002156
:103870001A605960F0BD02EB4C0CA5F834C1002C65
:10388000F8D04FF06044EBE70A4BC3F88010C3F860
:10389000841002833FB102EB4C0CA5F834C1F0BD9B
:1038A00018605A60F0BD6244A5F83421F0BD00BF35
:1038B000F816002000001050164B30B41A6C032488
:1038C000B2F5803F3CBF4FF480321A64124B114A6C
:1038D000DC63536CDC07FCD5D36B104C83EA4013DC
:1038E00003F0E003E363D36B0A4A83F0010303F0C0
:1038F0000303E363536C9B07FCD54FF400644FF460
:103900008033074D0748C5F8E410C463136430BC26
:10391000704700BF0000014000300140001001402E
:10392000F8160020002001404249434A0B68F0B5D8
:1039300023F001030B60D2ED397A404C404D237FD8
:10394000F8EE676A002B13680BBF042108210127DA
:1039500002270CBF02260426AB4283B067D05DD895
:10396000384DAB4261D0384DAB4208BF314601FB08
:1039700003F3DB0107EE903AF8EE677A9FED336AC6
:1039800086EEA77A77EE067ABCEEE77A17EE103A63
:10399000217F9CB2002C46D0F6EEE76A9FED2C7A90
:1039A00077EEE67A67EE877AFCEEE77ACDED017A7C
:1039B0009DF8041009024FF000454FF0013C10271C
:1039C0004FF4807E1B4B41EA0441C2F838111C6859
:1039D00000F01F0024F001041C60C3F8C810D2F8E6
:1039E00040611C4CC3F8D060D2F83C611A49C3F85E
:1039F000CC60D2F84421C3F8DC20C4F8D050C4F81D
:103A0000D050C3F808C00F60C1F800E0C3F8D80078
:103A10001A6842F001021A6003B0F0BD0F4DAB42CC
:103A200008BF3946A3E72146C5E731469FE7394637
:103A30009DE700BF00002050F81600201011002064
:103A400010B1020088580100007701000000003B1F
:103A500000008043001020500020205000EE0200A3
:103A60004289B2EB214F35DD42690B1403EB43036E
:103A700010B502EBC3030469EFF3108C72B6D4E8FF
:103A8000CFEF0122BEF1000FF9D1C4E84E2FBEF1F5
:103A9000000FF4D1BFF35F8F5A8889B292B291427E
:103AA00006D000230269C2E88F3F8CF3108810BD56
:103AB00041F4004159800122002301698271C1E86B
:103AC0008F3F8CF31088C368017803F501538A4057
:103AD0005A6010BD704700BF2DE9F0476F4B82B0B0
:103AE0005C6A2246996A5C6A9442FAD16C4EB36869
:103AF000EFF3108272B6D3E8CF5F0120002DFAD128
:103B0000C3E8450F002DF6D1BFF35F8F96F90C3057
:103B1000002BC0F2A3800020B568C5E88F0F82F3A8
:103B200010884FF0504292F90080984503D1002050
:103B300002B0BDE8F087B268EFF3108372B6D2E846
:103B4000CF5F0120002DFAD1C2E8450F002DF6D13C
:103B5000BFF35F8F96F90C20002A4EDB4FF0FF3544
:103B60006FF000404F4A504F11EB020A44F100043D
:103B7000554570EB04023CBF0446AA46DFF830917D
:103B8000464D0021B268C2E88F1F83F31088EFF31F
:103B90000583DBB2B3B93A6997F804C0536A194692
:103BA000906A536A8B42FAD10CF1040152F8212039
:103BB000121ABAEB000064EB0303904273F10003A6
:103BC00024DB20BF6B6AA34204D3AA6A5245AED25B
:103BD000A342ACD1B268EFF3108372B6D2E8CF0F34
:103BE00001210028FAD1C2E8401F0028F6D1BFF316
:103BF0005F8F96F90C20002AC3DA0022B16886F89C
:103C00000C80C1E88F2F83F3108831E06B6A1A466D
:103C1000A96A6B6A9342FAD10022BAEB010164EB04
:103C20000303934228DBCDE90092234652461F4806
:103C3000FDF796FE011E1FDD6B6A9C4228D920BF4E
:103C40001A48FFF70DFF6B6A9C42C3D8AA6A524517
:103C5000BFF46DAF9C427FF46AAFBBE74FF05040BA
:103C600000680023B1683073C1E88F3F82F3108889
:103C7000012002B0BDE8F087084B5A6AA242A9D3DE
:103C80009B6A5345BFF453AFA2427FF450AFA1E704
:103C9000AA6A5245D4D29C42D2D1D0E700000B4050
:103CA000E816002040420F001011002014110020DF
:103CB000291A001038B550252C4C2A46002104F54D
:103CC000A47006F0C7FD2A463025002104F5CC700B
:103CD00006F0C0FD2A46002104F5F47006F0BAFD96
:103CE0002A464025002104F5067006F0B3FD2A4659
:103CF000002104F5127006F0ADFD2A46002104F5FE
:103D0000227006F0A7FD2A46002104F5327006F065
:103D1000A1FD2A46002104F5427006F09BFD2A46CB
:103D2000002104F5527006F095FD04F562704CF226
:103D300020042A46002106F08DFD224600210C4871
:103D400006F088FD224646F210040021094806F0DC
:103D500081FD22460021084806F07CFD2246BDE890
:103D600038400021054806F075BD00BFF816002058
:103D7000A88A022088CA0120786A0120680A0120E6
:103D80000023C0E900128360C36003610B7BC0E9BC
:103D900002337047F8B515460E463422002104461A
:103DA0001F4606F057FD01234022F1B284F833503C
:103DB0005D4005EB410584F82A1084F82C502285DB
:103DC000678384F83230F8BD2DE9F8430025C0E957
:103DD0000012C0F81150C0F80950C0F80D504561EC
:103DE000037223B30C46164640274FF48068151F14
:103DF00023781C446378052BFAD1A178A388CA09DB
:103E0000686801F00F01FFF7C5FF6A6805F1040952
:103E10001460E37803F00303012B04D0AE4217854E
:103E200005D04D46E4E7AE42A2F82880F9D1BDE8BE
:103E3000F88300BF2DE9F041044615460E463422B2
:103E4000002198469DF8187006F004FD4023F1B259
:103E500084F8335085F0010505EB410584F82A10FC
:103E600084F82C502385A4F81A8084F83270BDE8B9
:103E7000F08100BF70B51449144C154D641AA6109A
:103E8000442E324628BF44222846920006F0E4FE23
:103E9000B4F5867F13D80F4AC6F1440112D02B190E
:103EA000480803EBC000C3E9002208338342FAD17B
:103EB000CB0704D521F00103334445F82320064BFA
:103EC0009D6070BD4323F8E7000000101001001052
:103ED000000000201101001000ED00E000B9704763
:103EE00003F02ABC034AD2F82838002BFBD0BFF3DA
:103EF0005F8F704700000E40021E38B50C4618DA7E
:103F0000C1F3C7537F3B084610D4D3F117030DD438
:103F10004FF0010C0CFA03FC0CF1FF3C1CEA010F02
:103F200004D1172B24D0D840C30721D402F100427A
:103F3000104607EE904AFDEEE77A12F0FF4317EEC7
:103F4000901A1DD0B3F1FF4F1AD0C2F31603BBB9BC
:103F5000D20D7F3A01F3080101FB02F303F17F0266
:103F6000002A38DDFE2A38DCDB0503F17E5038BD3F
:103F7000214602F10040FFF7BFFF00F1004038BDCD
:103F8000B1B101F12003402B15D906F019FF05F05E
:103F9000B0FC02460D462046144606F011FF2246AC
:103FA0002B4605F097F805F026FB05F007F938BD1C
:103FB0004FF07E5038BD002903DBBDE83840FEF7E6
:103FC00021B807EE100AF7EE007AC7EE877A494269
:103FD00017EE900AF1E7002038BD4FF0FF4038BDE2
:103FE000F0B590F8337090F82A20054690F83260CA
:103FF00083B0D300002F46D0384951F832200B440B
:1040000012F0042F34D0002E46D195F82B3083F0D7
:10401000010385F82B303249D1F810312BB1002340
:10402000D1F8102101339342FAD30023012495F8EB
:104030002C20C1F810312B4B2B4994402B485C6647
:104040000C66436E1C4207D1294B01E0013B2CD08A
:104050000C66426E2242F9D0224B1C665C6695F8D3
:104060002A20F7B9A3F59733A3F5BE73D200134402
:10407000012100220E441A6085F82D60EA8585F83A
:10408000311003B0F0BD154A04339958134411F0B0
:10409000042FEDD0002EB8D095F82D30012BBAD1D9
:1040A000B3E70E4B03EBC203E2E7124803F04EFC0A
:1040B0000E4911480B6E496E104A009195F8331065
:1040C000002908BF024695F82A100D4803F03EFC6F
:1040D00095F8337095F83260BEE700BF800010504D
:1040E000F81600200030115000201150000011502F
:1040F0009F86010068AE00103CAE001038AE001084
:1041000040AE00108268002A00F094802DE9F84348
:104110000446494D494E4A4F9368BBB194F82D80EF
:10412000B8F1000F12D094F830307BB994F83330E6
:1041300073B10121136820461B681174984794F8E5
:104140002D30434502D0A268002AE5D1BDE8F883AE
:10415000117C002958D1002394F83120B4F81AE0DA
:1041600084F83030002A4AD14EF4806ED5F81031F0
:10417000D5F81031D5F8102194F82BC00132C5F8CC
:104180001021D5F81021BCF1000918BF4FF001092A
:10419000802A08BF0022C1F1000394F82E0003F426
:1041A00000438CF0010C43EA493384F82BC043EA06
:1041B0000E030FFA80FC08BFC5F8102108B143F4C4
:1041C000C05394F82A20D20001B904324FF0000EF7
:1041D00091199BB2A26808F1FF3821F81C3084F8CD
:1041E0002D80936894F83210013B84F824E09360AA
:1041F000002991D080F0010084F82E008CE74EF465
:10420000A05E84F83130B1E7384603F09FFB94F8A4
:1042100033100C4B0C4A0D48002918BF1A4694F86D
:104220002A1094F82D3003F091FB94F8331094F891
:104230002D8090E7704700BFF816002080001050D6
:1042400068AE001038AE00103CAE001074AE001026
:1042500010B5044694F83330084623B194F824305E
:1042600093B1002323841249FFF78AFD0021012224
:104270000368A0605B68E16082740BB120469847D8
:104280002046BDE810403DE7B4F81AC094F82E105F
:10429000238BA4F822C001B1218D03F1A04303F5C3
:1042A00080130B440121E36184F82410D9E700BF97
:1042B000ACED0010836870B504460D461BB11B6859
:1042C0009B6803B1984700262046A660FFF788FE4A
:1042D0000DB184F82B60002394F8302084F824304A
:1042E0002AB1226984F830300AB1204690470C4B3D
:1042F00093F831311BB1606808B1A26802B170BD9A
:104300000168FFF73DFD01210368A0605B68E26082
:1043100081740BB1204698472046BDE87040F1E615
:10432000F81600202DE9F0412C4FD7F810312BB1B1
:104330000023D7F8102101339A42FAD80026284DDD
:10434000C7F8106105F13C0887F83161C7F81061C2
:1043500055F8044FF4B1A36823B11B689B680BB1F7
:10436000204698472046A660FFF73AFE94F8303082
:1043700084F82B6084F824602BB1236984F83060C2
:104380000BB12046984797F831311BB1606808B1EE
:10439000A2689AB14545DBD1D7F81C3113B1002191
:1043A0001048984700214FF0FF320F4B0F4887F815
:1043B000301101609A651A65BDE8F0810168FFF768
:1043C000DFFC0123C4E90202837403685B680BB15C
:1043D000204698472046FFF795FEDBE7F8160020B9
:1043E000C02A00200C18002000301150000011508D
:1043F00010B51B4C94F843332BB194F83433C3B14C
:104400000023A4F83033002216481749FFF7B8FC00
:104410000121D4F84433C4F818035B6884F85613B8
:10442000C4F81C230BB134389847BDE810400F483E
:1044300068E6B4F82A1394F83E23B4F82833A4F8B5
:1044400032130AB1B4F83823012103F1A04303F574
:1044500080131344C4F82C3384F83413D0E700BF1E
:10446000F0270020342B0020ACED0010002B0020A2
:1044700010B51B4C94F88B332BB194F87C33C3B13B
:104480000023A4F87833002216481749FFF778FC78
:104490000121D4F88C33C4F860035B6884F89E1360
:1044A000C4F864230BB134389847BDE810400F4876
:1044B00028E6B4F8721394F88623B4F87033A4F89D
:1044C0007A130AB1B4F88023012103F1A04303F564
:1044D00080131344C4F8743384F87C13D0E700BF0E
:1044E000F02700207C2B0020ACED0010482B002092
:1044F00038B5294C024694F87C33DBB1D4F87433D8
:104500001A602648264AA4F878132649FFF738FC93
:1045100000210122D4F88C33C4F860035B68C4F82E
:10452000641384F89E230BB134389847BDE83840B3
:104530001D48E7E5B4F872C394F88B03B4F8703300
:10454000A4F87AC360B194F88603E0B903F1A043FC
:1045500003F58013C4F87433012084F87C03CFE79B
:1045600094F887539DB9042094F882C303F1A043C3
:1045700000EBCC0000EB45000C4D03F58013405BD5
:10458000C4F87433E8E7B4F880030344DEE7B4F812
:1045900080030344E7E700BFF02700207C2B0020C6
:1045A000F1430010ACED0010482B002080001050AB
:1045B00038B50B7803F06002202A01D0002038BD06
:1045C0004C78012C2BD004F17F02D2B2032AF5D80B
:1045D000823C03F01F03022C4ED8DFE804F00A02ED
:1045E0001400012BEAD149880020090A022912D0BF
:1045F00038BD012BE2D14988090A0229DED12E48B3
:10460000FFF776FF09E0012BD8D14988090A022972
:10461000D4D14FF48070FFF76BFF012038BDCA88FA
:10462000501E3E28CAD8254D888803F01F0385F800
:10463000B9334B88010A5BBA85F8BD2385F8BC13F2
:104640001F4A05F551701F49A5F8BA3385F8B843DC
:10465000FFF796FB0022D5F84433C5F818035B68D2
:10466000C5F81C2385F8564313B105F544709847E7
:104670001548FFF747FDD0E7012B0BD0022B9DD14A
:104680004B881B0A012B99D1104B03211868FFF7A7
:104690002FFFC2E74988090A012907D002298DD1D5
:1046A0000A4BB3F90A00FFF723FFB6E7074B187E62
:1046B000FFF71EFFB1E700BF00C0FFFFF02700209B
:1046C00071440010BCED0010002B0020F8160020F3
:1046D00038B50B7803F06002202A01D0002038BDE5
:1046E0004C78012C2BD004F17F02D2B2032AF5D8EA
:1046F000823C03F01F03022C4ED8DFE804F00A02CC
:104700001400012BEAD149880020090A022912D09D
:1047100038BD012BE2D14988090A0229DED12E4891
:10472000FFF7E6FE09E0012BD8D14988090A0229E2
:10473000D4D14FF48070FFF7DBFE012038BDCA886A
:10474000501E3E28CAD8254D888803F01F0385F8DF
:10475000B9334B88010A5BBA85F8BD2385F8BC13D1
:104760001F4A05F551701F49A5F8BA3385F8B843BB
:10477000FFF706FB0022D5F84433C5F818035B6841
:10478000C5F81C2385F8564313B105F544709847C6
:104790001548FFF7B7FCD0E7012B0BD0022B9DD1BA
:1047A0004B881B0A012B99D1104B03211868FFF786
:1047B0009FFEC2E74988090A012907D002298DD145
:1047C0000A4BB3F90A00FFF793FEB6E7074B187ED2
:1047D000FFF78EFEB1E700BF00C0FFFFF02700200B
:1047E00071440010BCED0010002B0020F8160020D2
:1047F00070B590F8303004468568CBB101210022B5
:104800006B68E97482607BB1184803F09FF8184B1D
:1048100094F83310174A1848002918BF1A4694F81C
:104820002A106B6803F092F80023C5E9023370BDCB
:10483000EB68002BFBD12A7C002AF8D101216B68A0
:10484000E97482601BB12946BDE870401847C26810
:10485000002AECD0C0E90223136891745B6803B1AD
:1048600098472046BDE870404CE400BF68AE001099
:1048700038AE00103CAE0010B4AE001070B5E8B118
:10488000334B03EB8003D3F8D04294F82D30A56866
:10489000013384F82D3015B32B7CB3B994F8333041
:1048A00084F82F200BB1AB682BB101222B68204676
:1048B0001B682A749847EB7C53B170BD254B03F1FC
:1048C0004804002908BF1C46DFE701236B7470BD54
:1048D000EB682046013BEB60BDE8704088E71E486E
:1048E00003F034F81D4B94F833101D4A1D4800297D
:1048F00018BF1A4694F82A1003F028F894F83030BC
:10490000D3B994F82A2094F833301AB91649C3F170
:1049100002008866B3B1154B03EBC20302201A688C
:10492000216942F400621A6084F830000029C4D082
:104930002046BDE870400847012BBED1022384F811
:10494000303070BD94F82A20094BD2001344E5E7BB
:10495000F0270020002B002068AE001038AE0010B9
:104960003CAE0010F0AE001000201150800010503E
:10497000840010502DE9F04F90F82440054685B092
:10498000002C00F05E81048CD0F81C8064080022AA
:10499000BB4903924B680F68182B00F08581202BD0
:1049A00000F00081B74EDFF8FCA2D6F8C80ED6F8AA
:1049B000D43E6408C01A9AF81C30002B40F0F781EE
:1049C000002304224FF001099E464FF0020C9B4643
:1049D000AD498F4200F0768200F27082AB498F427F
:1049E00002D0AB498F4201D162465B46002106F0FE
:1049F000F3F920EAE070B0F5607FA8BF4FF4607073
:104A00008442A8BF0446ECB108F10408A149A24AB7
:104A100008EB840038F9043C08F104081B040393F4
:104A200038F9063C9DED037A1B040393DDED037A10
:104A3000B8EEC77AF8EEE77A8045A1EC017AE2ECAD
:104A4000017AE7D1D6F8E43E9AF81CB00133C6F8F3
:104A5000E43E9AF81C308C4A002B0BBF0220042045
:104A60004FF0010C4FF0020C0CBF4FF004084FF058
:104A700008089742D6F8E81E5FFA8BFB00F0C78162
:104A800000F2C181814A974200F0D581804A974265
:104A900000F0D181B9429AF81C2000F0EB81B8F106
:104AA000080F40F01282BBF1000F00F0A5815A46BA
:104AB00041463846FBF7C0FB002800F09D81D0F846
:104AC0002490484606F07CF9CDE900010123CAF89C
:104AD0002090C6F8E87EA6F8EC8E86F8F0BEA6F820
:104AE000EE3E674BD86806F06BF963A3D3E9002369
:104AF00004F0F0FADDE9002304F0ECFA04F05EFBC8
:104B000007EE100AB4B1634BA10003EB8402F3EC8F
:104B1000017A67EE877A934243ED017AF7D15E4AD4
:104B200013460A44F3EC017A67EE877A934243ED29
:104B3000017AF7D12146594A564806F045F9584AB4
:104B40002146A2F6486006F03FF90022AC682846EC
:104B5000A36822740133A360E3680133E360FFF7C5
:104B600047FEE37C002B40F0448195F83360002E33
:104B700040F07B810023627C85F82430002A00F01D
:104B80006E813146637495F82D3095F82F2095F895
:104B90002A00013B82F0010285F82D3005B0BDE806
:104BA000F04F6BE6374EDFF8FCA0D6F8C80ED6F80B
:104BB000D43EA408C01A9AF81C30002B40F00081A3
:104BC000002304224FF001099E464FF0020C9B4641
:104BD0002D498F4200F06F8100F269812B498F428D
:104BE00002D02B498F4201D162465B46002106F07C
:104BF000F3F820EAE070B0F5607FA8BF4FF4607072
:104C00008442A8BF0446002C3FF41CAF214A224B2B
:104C100008EBC400D8F8001008F10808039158F810
:104C2000041C9DED037A0391DDED037AB8EEC77A9B
:104C3000F8EEE77A8045A2EC017AE3EC017AE9D15B
:104C400000E7428B90F83330B0F818804284002B94
:104C500000F0898090F82E30002B00F0C180038D89
:104C60002246434403F1A04808F58018C0F81C8090
:104C70008FE000BFAFF30080666666666666E63F5B
:104C8000F8160020E838002010B102008858010012
:104C900000770100B02B0020B0390020DC47002055
:104CA000F8470020101100208B4B8C4EA3FB0434DE
:104CB000D6F8C80EDFF844A2D6F8D43E6408C01A6D
:104CC0009AF81C30002B69D1002304224FF001090F
:104CD0009E464FF0020C9B4681498F4200F0E480D3
:104CE00000F2DE807F498F4202D07F498F4201D19E
:104CF00062465B46002106F06FF820EAE070B0F5EE
:104D0000607FA8BF4FF460708442A8BF0446002CA7
:104D10003FF498AE754A08F10608944604EB440047
:104D2000734908EB400038F8043C38F8069C38F822
:104D300002EC1A0642EA092203F47F43039243EA93
:104D40000E439DED037A0393DDED037AB8EEC77A47
:104D5000F8EEE77A08F106088045A1EC017AECEC60
:104D6000017AE0D16EE690F82F2092BB08F1A048BE
:104D700008F58018042395F82A005E4903EBC00368
:104D800003EB42035C5AC5F81C80C4F30902C4F368
:104D9000480401232A8485F82430F8E500230822FA
:104DA0004FF002099E464FF0040C9B4694E7002307
:104DB00008224FF002099E464FF0040C9B4607E67E
:104DC000002308224FF002099E464FF0040C9B4638
:104DD000FEE6038D434403F1A04808F58018C9E7B7
:104DE00008F1A04808F580181C461A46C0F81C8037
:104DF000CFE705B0BDE8F08F9FED357B4FF07E59D2
:104E00008DED007B62E63C4A97427FF443AEB942A7
:104E10009AF81C3001D0E04649E6B6F8EC3E63450E
:104E2000F9D1B6F8EE3E012BF5D196F8F03E5B4590
:104E30002FD0E0463BE6B9429AF81C3001D08046BC
:104E400035E6B6F8EC3E8342F9D1B6F8EE3E012BDA
:104E5000F5D196F8F03E5B451BD0804627E6284604
:104E600005B0BDE8F04FFFF74DB92846298CFEF795
:104E70004FFC7FE6B6F8EC2E42457FF410AEB6F854
:104E8000EE2E012A7FF40BAE96F8F02E5A457FF4F1
:104E900006AEDAF8200005F093FFCDE9000120E628
:104EA00015498F427FF426AF4A46734622E71249DE
:104EB0008F427FF49BAE4A46734697E60E498F4277
:104EC0007FF494AD4A46734690E54FF00408EEE552
:104ED000000000000000F03FABAAAAAAE8380020BA
:104EE00010B102008858010000770100B03900209D
:104EF000B02B00208000105000EE020010110020A6
:104F0000F8B590F824302DED028B0446002B78D0B4
:104F1000C669B1EE008AB0EE007AF2EE006AF7EEF2
:104F2000007A03225B4B5C491B7F0D68002B5B4BB7
:104F300007FE086A47FE877A08FE268A9D42228479
:104F400000F09F8058D8564B9D4200F09780554BFB
:104F50009D4206FE088A544B0027D3F8D40EC11791
:104F6000D0F5805061EB410104F080FD07EE100A9E
:104F7000C7EE087AFDEEE77A17EE903A4B494C4AB5
:104F80008B42B8BF0B46B3F57A7FD4BFED1805F559
:104F90007A75AD03A2FB0525AB093370E369AA0B53
:104FA0005A70E369AD0D9D70A5682046AB682F74FB
:104FB0000133AB60EB680133EB60FFF719FCEB7C6E
:104FC00083BB94F83360002E5ED100236A7C84F8A2
:104FD000243052B36B7494F82D3094F82F20013B99
:104FE00084F82D303146BDEC028B94F82A0082F013
:104FF0000102BDE8F84041E42E4B9D4207FE888A3D
:10500000A9E7428B90F83330068B4284A3B190F825
:105010002E306BB3038D334403F1A04606F58016A2
:10502000C6611AE0BDEC028BF8BD2046BDEC028BD8
:10503000BDE8F840FFF766B890F82F208AB906F16E
:10504000A04606F58016042394F82A001A4903EBBB
:10505000C00303EB42035B5AE661012384F824306A
:1050600057E7038D334403F1A04606F58016EAE7BF
:1050700006F1A04606F58016C661EEE7B0EE468A58
:1050800069E7B0EE678A66E72046218CFEF740FBB1
:105090009BE700BF10110020F816002010B102009D
:1050A0008858010000770100E838002018FCFFFF55
:1050B000D34D621000EE020080001050002370B546
:1050C000856804462B74FFF793FBEB7CC3B994F817
:1050D0003360DEB900236A7C84F824308AB16B74B3
:1050E00094F82D3094F82F20013B84F82D30314670
:1050F00094F82A0082F00102BDE87040FFF7BEBBC1
:1051000070BD2046BDE87040FEF7FCBF2046218CF4
:10511000FEF7FEFA00236A7C84F82430002AF0D0DF
:10512000DDE700BF2DE9F041856890F83310EE69A6
:105130006B69721E044682B003EA0207002965D03B
:1051400097B9AA699919914288BFD61A90F82A305E
:10515000022B00F2D58036B1AB6A294630465B6837
:10516000984700284FD16B696C6A94F8332094F803
:1051700024107ABB002900F09980228CA96A1A4475
:1051800028460B686A6198470023A56820462B745F
:10519000FFF72EFBEB7C002B35D194F83360002E0B
:1051A00040F0BD8000236A7C84F82430002A77D048
:1051B00031466B7494F82D3094F82F2094F82A001F
:1051C000013B82F0010284F82D3002B0BDE8F041CD
:1051D000FFF754BB002952D0E069AA69E96903F1DD
:1051E0004006964201F1FF3101EA030193BF4023DB
:1051F000D21A93B21A4623842B6A194405F02CFD67
:105200006B69228CBAE702B0BDE8F08190F82410F7
:10521000E9B9418B418490F82F00218B844608B175
:10522000B4F828C001F1A04101F5801161444FF0AC
:10523000010CE16194F82A10C90001EB40013A48E1
:105240000431095A84F824C0C1F309012184A969F1
:1052500040338B4247D311EA020807D0334802F0AB
:1052600075FB4146324802F071FB4646002F41D0A3
:10527000286A228CE169384405F0EEFC6BE7618B0B
:1052800094F82E20208B618402B1228D00F1A04081
:1052900000F5801010440122E06184F824209CE78E
:1052A000204602B0BDE8F041FEF72CBF628B94F8B7
:1052B0002F1062840846228B01B1208D02F1A0429A
:1052C00002F580120244E26194F82A20D20002EB37
:1052D000410215490432525A0121C2F309022284C3
:1052E00084F824104AE707F14003B34238BF002690
:1052F000002FBDD13946EA69286A05F0ABFAB7E755
:105300000A4802F023FBAA6900230192EA6994F893
:105310002A1008480092324602F018FB1BE720468C
:10532000218CFEF7F5F93DE78000105068AE0010C3
:1053300050AF001018AF0010F0B5634D83B095F872
:10534000822395F88B7395F88A634FEAC20C002F7D
:1053500052D05E4B53F83220634412F0042F53D1E5
:10536000002201211A600E44594885F88563A5F88A
:10537000862385F88913FEF733FE95F88833CBB979
:1053800095F8823395F88B131BB9524AC1F102008C
:105390009066DA0000296CD14F4B134401201A6843
:1053A000D5F8681342F400621A6085F8880309B1E1
:1053B0004A48884795F84033002B58D195F83A333E
:1053C00095F843131BB9434AC1F102009066DA0015
:1053D000002951D1404B134401201A68D5F82013FD
:1053E00042F400621A6085F8400300293FD0384833
:1053F00003B0BDE8F0400847344A0CF10403995863
:10540000134411F0042FABD0002E38D195F883331C
:1054100083F0010385F883333149D1F810312BB182
:105420000023D1F8102101339A42FAD80023012435
:10543000C1F8103195F8843326499C40294B2A48FD
:105440005C660C66436E1C4207D1284B01E0013BB1
:105450001DD00C66426E1442F9D0224B1C665C666D
:1054600097B9A3F59733A3F5BE73634478E703B008
:10547000F0BD164B134491E7144B1344ACE795F879
:105480008533012BC8D1C1E7104B634468E7184846
:1054900002F05CFA144917480B6E496E164A0091E7
:1054A00095F88B13002908BF024695F8821313481C
:1054B00002F04CFA95F882C395F88B7395F88A63DD
:1054C0004FEACC0CC9E700BFF02700208000105045
:1054D000002B00200020115084001050482B002089
:1054E000F816002000301150000011509F86010076
:1054F00068AE00103CAE001038AE001040AE001098
:10550000F0B5EFF30585EDB2EFF3108C72B62749D5
:10551000D1E8CF2F0123002AFAD1C1E8423F002A67
:10552000F6D1BFF35F8F224E40F0010EB4684AF609
:10553000AA2354F825701F4A0446A41A6441634301
:105540001B0D77455BB21DD092F906409C421ED0E0
:1055500092F912409C4225D092F91E409C4223D0E1
:1055600092F92A409C4208BF032411D0124A002419
:1055700092F82C5F82F82C3F8571C1E88F4F8CF335
:105580001088F0BDB2680D4C42F82540EEE70024CB
:1055900004EB440402EB8402FF2494714BF60154A3
:1055A0009480E3E70124F3E70224F1E78D1700205C
:1055B00000ED00E064110020E83800201101001027
:1055C00008B504F03DFBDFED047A07EE100A67EE44
:1055D000277A17EE900A08BDD95BDE3EB7EE007A57
:1055E00007EE900AF4EE477AF1EE10FA2CD011F0A3
:1055F000FF4238B50C460B4623D0FFEE006AF4EEAE
:10560000667AF1EE10FA20D1B2F1FF4F19D0CA0D2F
:10561000FF2A53D05C4912F0FF020BD07F3A7BD4B3
:10562000C2F11702002A05DD012000FA02F2013A58
:105630001A4271D12146BDE8384017EE900AFEF7B4
:105640005BBC17EE100A38BD704710F0FF4F0146E3
:105650001AD1002C4FEAD45225DB7F3A21D4D2F163
:1056600017021ED4012191400139214219D1172A74
:10567000E9D09FED467A24FA02F212F0010F47FEBC
:10568000277A17EE900A38BDC00DFF2824D19FED70
:10569000407ADFED3E7A002C67FE277A17EE900AFB
:1056A00038BD002038BDD2B27F3A07D4D2F11702FC
:1056B00004D4012090400138204202D04FF0FF4036
:1056C00038BD172A03D024FA02F2D307F6D501F029
:1056D000004040F0FF4038BD40F2FF1C604534D12F
:1056E000002CDEDBE20D7F3AE8D4D2F11702E5D4DC
:1056F0000121914001392142E0D1172A23D09FEDA9
:10570000247ADFED247A24FA02F212F0010F47FE28
:10571000277A17EE900A38BD0029CFDB17EE900AE2
:1057200005F04EFB04F0E5F802460D46204614460F
:1057300005F046FB22462B4603F0CCFC03F05BFF52
:1057400003F03CFD38BD144838BDE20DFF2A0ED0F1
:1057500062457FF460AFDFED0E7A9FED0C7AC0B248
:105760007F282CBF17EE100A17EE900A38BDDFED28
:10577000077A9FED077AC0B27F282CBF17EE100A78
:1057800017EE900A38BD00BF000080BF0000000087
:105790000000807F000080FF000080FF10B50446FD
:1057A00005F00AFB204604F057FB0D4B1A68EFF397
:1057B000108172B6D2E8CF4F0120002CFAD1C2E896
:1057C000440F002CF6D1BFF35F8FFF24002218682E
:1057D0001C71C0E88F2F81F3108840BF10BD00BF3F
:1057E000E8160020431E012B03D9042801D0002015
:1057F000704719420CBF01200020704738B513468E
:1058000002461846EFF3108572B60B4CD4E8CFCFA2
:105810000123BCF1000FF9D1C4E84C3FBCF1000FEB
:10582000F4D1BFF35F8F05F017FA0023C4E88F3F70
:1058300085F3108838BD00BF9117002038B5134696
:10584000024608461946EFF3108572B60A4CD4E8B2
:10585000CFCF0123BCF1000FF9D1C4E84C3FBCF11C
:10586000000FF4D1BFF35F8F05F0F6F90023C4E811
:105870008F3F85F3108838BD911700202DE9F04740
:1058800005460C4616469A46EFF3108972B6DFF8C5
:105890005880D8E8CF2F0123002AFAD1C8E8423F28
:1058A000002AF6D1BFF35F8F02463146204605F04D
:1058B00049FA58B12A462146304605F0CDF9002074
:1058C000C8E88F0F89F31088BDE8F08707462A469D
:1058D0005146204605F0C0F9C8E88F7F89F310884B
:1058E0000120BDE8F08700BF911700202DE9F041AD
:1058F0000446884616461846EFF3108772B60D4DDB
:10590000D5E8CF2F0123002AFAD1C5E8423F002A6B
:10591000F6D1BFF35F8F224605F09EF9224631464D
:10592000404605F099F90023C5E88F3F87F31088BA
:10593000BDE8F08191170020EFF3108272B60B4B97
:10594000D3E8CFCF0121BCF1000FF9D1C3E84C1F40
:10595000BCF1000FF4D1BFF35F8F4FF0000CD0E922
:105960000001C3E88FCF82F31088704791170020A1
:1059700030B414461D46EFF3108272B60B4BD3E8D9
:10598000CFCF0121BCF1000FF9D1C3E84C1FBCF10E
:10599000000FF4D1BFF35F8F0021C0E90045C3E8D9
:1059A0008F1F82F3108830BC704700BF9117002012
:1059B000F0B514461D46EFF3108C72B6DFF84CE0DC
:1059C000DEE8CF2F0123002AFAD1CEE8423F002A99
:1059D000F6D1BFF35F8FD0E90023D1E90076B3425F
:1059E00008BFBA4209D0D0E900230020C1E9002352
:1059F000CEE88F0F8CF31088F0BDC0E9004500237E
:105A0000CEE88F3F8CF310880120F0BD9117002065
:105A100030B514461D460246EFF3108C72B60B4BA0
:105A2000D3E8CF0F01210028FAD1C3E8401F002896
:105A3000F6D1BFF35F8F4FF0000ED2E90001C2E94B
:105A40000045C3E88FEF8CF3108830BD911700201C
:105A5000F0B58446EFF3108E72B60C4CD4E8CF0F3D
:105A600001210028FAD1C4E8401F0028F6D1BFF375
:105A70005F8FDCE90001861843EB01070025CCE9C4
:105A80000067C4E88F5F8EF31088F0BD9117002087
:105A9000F0B58446EFF3108E72B60C4CD4E8CF0FFD
:105AA00001210028FAD1C4E8401F0028F6D1BFF335
:105AB0005F8FDCE90001861A61EB03070025CCE962
:105AC0000067C4E88F5F8EF31088F0BD9117002047
:105AD000F0B50146EFF3108C72B60E48D0E8CF5FF8
:105AE0000124002DFAD1C0E8454F002DF6D1BFF3B7
:105AF0005F8FD1E9004504EA020605EA03074FF08B
:105B0000000EC1E90067C0E88FEF8CF310882046D3
:105B10002946F0BD91170020F0B50146EFF3108C37
:105B200072B60E48D0E8CF5F0124002DFAD1C0E84C
:105B3000454F002DF6D1BFF35F8FD1E9004544EA10
:105B4000020645EA03074FF0000EC1E90067C0E80E
:105B50008FEF8CF3108820462946F0BD9117002066
:105B6000F0B50146EFF3108C72B60E48D0E8CF5F67
:105B70000124002DFAD1C0E8454F002DF6D1BFF326
:105B80005F8FD1E9004584EA020685EA03074FF0FA
:105B9000000EC1E90067C0E88FEF8CF31088204643
:105BA0002946F0BD9117002000BEFDE70FB400B5F7
:105BB00085B006AC0D4854F8046B01F0FDFD0C4BAC
:105BC0000394D3F8F85065B133464FF0FF320948DB
:105BD000009402A9A847084801F0EEFD0120FFF754
:105BE000E3FF304601F0E8FDF5E700BF64AF0010C9
:105BF000F8160020DD3E0010B0AE001010B5EFF337
:105C0000108C72B6124BD3E8CF4F0122002CFAD180
:105C1000C3E8442F002CF6D1BFF35F8F0D4A10303C
:105C200092680D4C52F82020A24204D0914202D03A
:105C30000A48FFF7BBFF074A926842F82010BFF3FB
:105C40005F8F0022C3E88F2F8CF3108810BD00BF38
:105C50008D17002000ED00E01101001074AF00105E
:105C60002DE9F84F8B4B8C4AD3F80041944215BF75
:105C7000022504254FF0C40C4FF0C80C15BF4FF09F
:105C8000310E4FF0320E21262226D3F8082118B10A
:105C9000002A47D0BDE8F88F002AFBD07F4AA063D6
:105CA000C2F88450EFF3108972B603F19500D0E882
:105CB000CF4F0121002CFAD1C0E8441F002CF6D1AF
:105CC000BFF35F8F7649DFF8F481896851F80C10D3
:105CD000414518D0734EB14214D0734FCC1B2F2CBA
:105CE00011D85468C2F8845004EA050ABFF35F8FE4
:105CF000EFF30582D2B2934662B396454BD06B4820
:105D0000FFF754FF4146664A926842F80C10BFF311
:105D10005F8F0022C0E88F2F89F31088C3E94222E9
:105D2000BDE8F88FC3F80801C3F80C1130465D498F
:105D3000FFF764FF50212346584AC2F8845155604A
:105D4000A16353F8342F02F0380203F580531A6030
:105D5000BDE8F88F21F0010EDEF80840B44208D10A
:105D60008EE002EB420207EB82029468B44257D005
:105D700096469EF90620002AF3DAB44200F08780A6
:105D8000464ABAF1000F03D0C2F884515560BAE711
:105D9000C2F88450B7E721F0010EDEF80840B442A3
:105DA000E7D19EF906607246002E5ADB06EB4608E4
:105DB00007EB8808D8F808404FEA460E946098F838
:105DC0000740D47198F90640002C947146DBB8F86E
:105DD0000440640504D504F5FF1404F5FF541F3492
:105DE000641504F102084FF0040B0C2414FB06B4F4
:105DF00004EB48046FF007083C44A8EB0208444455
:105E0000C4F34A0444F460449480294C0EEB060227
:105E100007EB820294F82C7F84F82C6F9771AFE720
:105E200092F90660002EC1DABBF1000F19D1FF24F0
:105E30008EF806404BF60154AEF80440DFF870E0EF
:105E40004AF6AA249EF82C8F1646F61B7641744318
:105E5000240D82F806808EF82C4F91E74BF6015402
:105E6000D2E7144C144FA41A083CC4F30A366FEA64
:105E700006566FEA165647EA5404D48096807FE7A8
:105E80009EF906607246002E90DA4146D6E77246C9
:105E9000CAE700BFF81600200080074000E100E0DC
:105EA00000ED00E0D93600106411002074AF00103E
:105EB000E83800209E11002000F8FFFF11010010BB
:105EC0002DE9F84F494B5A692AB1494E494BC6F85A
:105ED000CC30BDE8F88FEFF3108472B6464AD2E8B2
:105EE000CF0F01210028FAD1C2E8401F0028F6D1C7
:105EF000BFF35F8F414890F8301F11F0080670D152
:105F000041F0080180F8301FC2E88F6F84F31088D9
:105F100093F800E00F270EF10101C9B2182928BF3C
:105F2000102119704FF05041096803205971996987
:105F30004FF6FF7C0E834FF00506A1F890604FF0FE
:105F40000606A1F8A8604FF00706A1F8C0604FF060
:105F50000906A1F8F0604FF00A06A1F808614FF0B9
:105F60000B06A1F820614FF00C064FF0040908243D
:105F7000DF804FF0010B4FF0020A4FF00D080E27A3
:105F8000A1F838611E4E1F4DDE60A2F10B0676446B
:105F90005E611D61A3F808C018714B44C2F821303E
:105FA000A1F830B0A1F848A0A1F87890A1F85081EC
:105FB000A1F86871A1F86000A1F8D840A1F800C06C
:105FC00011492C62A2F19706FFF718FE0F4B104AF9
:105FD000C3F880411C60074B1464C6F8CC30BDE8A0
:105FE000F88F03210B48FFF7E1FD00BF10110020DF
:105FF000F81600208E1700208F170020E8380020A8
:10600000FFFF100000000B404D16001000E100E003
:1060100000200B4080AF001038B5044604F0CCFEE1
:10602000204603F011FF124A1168EFF3108C72B68C
:10603000D1E8CF5F5FF0010E002DF9D1C1E845EF47
:10604000002DF5D1BFF35F8FFF2111711168002280
:10605000C1E88F2F8CF3108840BF28B10346054A52
:106060002344934200D838BD0348FFF79FFD00BF8B
:10607000E816002000000820A4AF001070B5044608
:106080000D4604F099FE2946204603F09DFE134A72
:106090001168EFF3108C72B6D1E8CF6F5FF0010E8C
:1060A000002EF9D1C1E846EF002EF5D1BFF35F8F86
:1060B000FF21117111680022C1E88F2F8CF3108825
:1060C00040BF05FB04F428B10346054A234493422C
:1060D00000D870BD0348FFF769FD00BFE816002037
:1060E00000000820A4AF001038B505460C4604F0A7
:1060F00063FE2146284604F06DF9134A1168EFF358
:10610000108572B6D1E8CFEF5FF0010CBEF1000F41
:10611000F8D1C1E84ECFBEF1000FF3D1BFF35F8FCE
:10612000FF21117111680022C1E88F2F85F31088BB
:1061300040BF28B10346054A2344934200D838BDE6
:106140000348FFF733FD00BFE816002000000820D9
:10615000A4AF0010F8B586460846EFF3108672B675
:106160001D4DD5E8CF4F0121002CFAD1C5E8441FC1
:10617000002CF6D1BFF35F8F82421AD3C1081EF8FC
:1061800001C00EEBD0071CF0010F1AD001240CE067
:106190004FEAD00C1EF80CC000F0070104FA01F120
:1061A0001CEA010F0EEBD0070CD0824200F1010077
:1061B000EED10022C5E88F2F86F310881846FFF72E
:1061C000F5FC01214CEA010C87F800C00023C5E86A
:1061D0008F3F86F31088F8BD8F1700200F22002113
:1061E000014B0248B6E700BFB4AF00101A480020C8
:1061F0002DE9804885B0EFF3108C72B6CD49D1E817
:10620000CF2F0123002AFAD1C1E8423F002AF6D15C
:10621000BFF35F8FC84CD4F8340FB0F5801FC0F0C7
:10622000BE83142540F6FF72013D6E1C02FA05F391
:1062300000F0B2830342F7D1C04AD2F868212A465F
:1062400047F2010703434EF63D0A46F201004BF6C2
:1062500042094FF63D084AF6420EC4F8343F930017
:1062600002F5C25603F1A04303F5001302F6420201
:1062700008369864C3F84CA018655A659F65C3F842
:106280005C901F66C3F864809F66DE661867C3F87B
:1062900074E00023C1E88F3F8CF31088062105F1DC
:1062A0000B030920EE0146EA0336FBF733F90A2017
:1062B000FBF730F90B20FBF72DF9A04A26F0C0467A
:1062C000D2F86831C3F109031F2B16D84FF4003EF2
:1062D0004EF29F07D2F8DC00DFF890C2D2F8CC1063
:1062E0005B0143F08063CCF8CCE0C2F8DC30C2F84C
:1062F000D870C2F8DC00C2F8CC10904AD2F86831ED
:10630000C3F10A031F2B16D84FF4003E4EF29F072D
:10631000D2F8DC00DFF854C2D2F8CC105B0143F0B5
:106320000063CCF8CCE0C2F8DC30C2F8D870C2F818
:10633000DC00C2F8CC10824B824FD3F8E4304AF62E
:10634000444207EE903A03933B7FF8EE676A002BD6
:106350003B7F0CBF0423082302FB03F3DB0107EEA2
:10636000903AB8EEE77A9FED786AC6EE877A77EED4
:10637000867ABCEEE77A17EE103A9BB2002B00F05B
:106380000983F6EEE76A9FED717A77EEE67A67EEBB
:10639000877AFCEEE77ACDED037A9DF80C204FF07A
:1063A00000404FF0100E4FF4807C4FF001386449EC
:1063B0001B0443EA0222C1E94E26DFF8B4915F4B89
:1063C000C4F8405FC1F8409119689FED618A21F0DF
:1063D00001011960C3F8C82059495E4AC3F8D0903A
:1063E000C3F8CC60C3F8DC20C1F844215A4A5B4EA4
:1063F000C2F8D000C2F8D00002F58052C3F808807D
:10640000C2F800E0C2F800C005F01F02C3F8D820AF
:106410001A68284642F001021A60FDF785FAFFF774
:10642000DDFEC4F8440FFFF7D9FE0546C4F8485F07
:10643000D4F8445F4A4BD4F848CF03EA453545EADF
:106440004C3545F01905C4F84C5FD4F8485F47F661
:10645000E03203EA4533D4F8445F002143EA453390
:1064600043F019033046C4F8503F04F0F3F900221A
:106470000123A4F8542FD4F8445F3A4803FA05F5F1
:10648000C0F80454D4F8485F3749AB40C0F804342E
:10649000D4F8440FD4F84C3F800100F1A0400660CE
:1064A000416082600361D4F8483F06F5E0459B01F6
:1064B00003F1A0431E6059609A60D4F8502F1A610E
:1064C000D4F8D48EB8F5805F40F3A180012394F80E
:1064D000572F84F8563F002A00F0318184F8573F47
:1064E000D5F8D83B032B40F25A81D4F8443F9B01A6
:1064F00003F1A0431B6994F8542F03F08063012A31
:1065000000F0C08094F8542F022A00F00982D4F8D9
:10651000483F9B0103F1A0431B6994F8552F03F0FA
:106520008063012A00F0B58094F8552F022A00F00C
:1065300007821FE08F170020E8380020000020505D
:10654000F8160020101100200000003B00008043DE
:10655000E12D103B0928104000102050888E0020AB
:10656000FD1F00FC00300050100020500030205073
:106570000000064094F8542F94F8553F003A18BF95
:10658000012203B10132D5F8D83B9B1A002B23EA34
:10659000E37111DD41F6F46841F6F06E4FF0010948
:1065A0004FF0000A94F8543F03F0FF02002B3ED056
:1065B00094F8553F002B39D094F8543F022B0AD061
:1065C00094F8553F022B06D094F8543F012B00F06D
:1065D000C78194F8553FC34B596A0A46986A596A6D
:1065E0009142FAD14FF0FF326FF00043013041F198
:1065F0000001824273EB010C3CBF10461946FBF7C9
:1066000033FAD4F8D48EB8F5805F3FF75FAFB8F1B6
:10661000000F45DD94F8563F002B00F0848094F87D
:10662000573F002B00F08B80012357E70122D5F85C
:10663000D40B04EB820BDBF8443F08FB00609B01AA
:1066400003F1A0431860DBF8443F50F80E009B01B3
:1066500003F1A0439860D5F8D43B04EB020C01335E
:10666000C5F8D43BD5F8D43B032B06D90139C5F87E
:10667000D4AB8CF8549F95D19EE701398CF8549F88
:1066800090D199E7002B3FF442AF022384F8543FA6
:106690003DE7002B3FF46EAF022384F8553F69E7D6
:1066A000D5F8D83B002B41D184F8563F84F8573FAA
:1066B00001234FF0A041D4F8440F820183400A44E3
:1066C000C1F86434D3685B01FCD401224FF0A048C8
:1066D000D4F8480F830182404344C1F86424DA6847
:1066E00012F08062FBD14FF0010C92464FF0004E49
:1066F000D4F8443FD4F8489F0CFA03F30CFA09FC91
:1067000043EA0C03C8F80C34774B47F6E032C3F881
:10671000D0E05146C3F8D0E0744804F09BF8744BC5
:10672000A3F800A057E784F8573FC1E794F8563F15
:10673000002BF8D094F8573F002B40F03781694A7E
:10674000536A1946906A536A8B42FAD14FF000425D
:106750004FF0100C0193674B0090DDE9009A43E97C
:10676000029A6549D4F8400F0B6823F001030B60CF
:106770005D4BC3F8D020C3F8D02003F58053C3F895
:1067800000C0FDF7D1F80123B8F1000F84F8573F9E
:106790007FF7ABAED5F8D83B032B3FF6A6AE574AF2
:1067A0003B7F3B7F12685649002B0BBF0423082315
:1067B0004FF0010C4FF0020C0CBF022004208A4263
:1067C00000F0E68000F2DD804E498A4200F0DE8073
:1067D0004D498A4208BF034602FB03F307EE903A95
:1067E000F8EE677A67EE887AFDEEE77A40F2DE32FD
:1067F00017EE909AD5F8D83B9145A8BF9146032B48
:106800003FF673AEDFF81481D4F8D42ED4F86C3F81
:106810009342A8BF1346002B9A467FF766AE4B45BE
:10682000A8BFCA46394A514602F1B40004F0DCFA66
:106830000029FFF65AAE514640462E4A04F0D4FADB
:106840000029FFF652AE4FEA8A0B5A4630493148CA
:106850003B7F04F001FA5A4641462F4804F0FCF908
:10686000BAF1000F7FF741AE41F6F463D5F8D00BD3
:10687000284903FB0063284A03EBCA0CB1EC017AF8
:10688000F2EC017ABDEEC77AFDEEE77A08339C455B
:1068900003ED027A43ED017AF0D1EFF3108272B684
:1068A00041F6F46101FB006041F6F0614FEA4A03F2
:1068B0004350D5F8D03B0133C5F8D03BD5F8D03B99
:1068C000032B84BF0023C5F8D03BD5F8D83B013358
:1068D000C5F8D83B82F31088D5F8D83B032B93D961
:1068E00003E600BF00000B4000102050888E0020FF
:1068F0003C4800204848002000002050F8160020A6
:1069000010B102008858010000770100B047002054
:106910006448002054670020CC760020DC5700201B
:10692000002B7FF4F4AD84F8543FD5F8D83B002B0E
:106930003FF4EDADD5F8D83B013BC5F8D83BE6E5D3
:10694000002B7FF417AE84F8553FD5F8D83B002BC9
:106950003FF410AED5F8D83B013BC5F8D83B09E66B
:1069600094F8552F012AD3B27FF435AED4F8442FD2
:106970004FF0A04193400222C1F8503484F8542FC4
:1069800029E60C498A4208BF634625E7034623E708
:10699000634621E71A4602E56FF0080579E41425FD
:1069A000054B2A46D3F86831044B49E4012384F8A7
:1069B000573F9AE500EE0200000020500000F0FF73
:1069C00070B514460646117649B100232660B00022
:1069D0006360A360E360FFF71FFB206170BD0D469D
:1069E0001F221821044B0548FFF7B4FB044B184441
:1069F000C0E88F5F6061E8E7D4AF001044860020F4
:106A0000841700202DE9F84F01464FF4A0779F4AE4
:106A1000DFF8B0A2524509D9013FA2F53B520F2F32
:106A2000A2F12002F6D19A48FFF7C0F8072505FB2E
:106A300005F402F5372303F5D873B3FBF4F94945A0
:106A40004FF001084FF0020E4FF0030C4FF004001E
:106A50004FF0050648D0B5F10109DDD005FB09F47A
:106A6000B3FBF4FB594500F0C48066B305FB06F4A4
:106A7000B3FBF4FB594500F0C48020B305FB00F4E0
:106A8000B3FBF4FB594500F0C380BCF1000F1AD0F2
:106A900005FB0CF4B3FBF4FB594500F0C180BEF1DB
:106AA000000F10D005FB0EF4B3FBF4FB594500F0CA
:106AB000BF80B8F1000F06D005FB08F4B3FBF4FB70
:106AC000594500F0BD804D4605FB05F4B3FBF4F9D4
:106AD000494506F1FF3600F1FF300CF1FF3C0EF1A5
:106AE000FF3E08F1FF38B6D104FB1139B9F1000FB0
:106AF000B1D12E4601206749FCF7DEFE664B360316
:106B00001A6846EA0546002AC0F2AC804FF480437A
:106B100062486349634A03600B6093685904FCD57B
:106B2000012321215C4A13605F4B97605960136811
:106B3000002BFCDA08215C4BD66059605B4B4FF4AC
:106B400000605A6B5A49B2F5803F38BF4FF480322B
:106B500007FB01F1574D38BF5A63D5F8E020564B7B
:106B6000B1FBF4F11863002A72D1504C534A236BE5
:106B700003F0E0031363236B83F0020303F00303CA
:106B80001363A36B5B07FCD54FF400624FF48036B0
:106B90004B4B00201A63464B6663C5F8E030FCF7A8
:106BA0008BFE4FF40061E36CB34238BFE664424BA6
:106BB000D5F8E820996442B1D5F8E430B3FBF2F39C
:106BC000013303EB4303033BFDD24FF400604FF46A
:106BD0008031364A394C936C83F0400303F0E00374
:106BE000A364374B2B4CC5F8E8409864D164BDE8EA
:106BF000F88F04FB113BBBF1000F7FF436AF4E461C
:106C000078E704FB113BBBF1000F7FF436AF71E76F
:106C100004FB113BBBF1000F7FF437AF064669E779
:106C200004FB113BBBF1000F7FF439AF664661E70F
:106C300004FB113BBBF1000F7FF43BAF764659E7F5
:106C400004FB113BBBF1000F7FF43DAF464651E71B
:106C5000D5F8E430B3FBF2F3013303EB4303033B1A
:106C6000FDD282E71A6802F03F02012A7FF44EAF9C
:106C70009A68C2F30B02BA427FF448AFDB6803F4B0
:106C8000EE239E427FF442AF58E700BF50262F000C
:106C9000F0AF0010006CDC02000005400020024054
:106CA000003002400000024000300540000001407A
:106CB000001BB700F8160020003001400010014012
:106CC0000020014050F80C002DE9F041A54C05468C
:106CD000D4F88C1982B0002940F03A82A24BA34A22
:106CE0001B68934200F0DB80A14A934200F0D780FA
:106CF0004BF68032934200F0D280002D00F0C78125
:106D00009C4B9D499D4A5960D3681904FCD4D068B6
:106D10009B4A9C4B42409C491340984ACB60D368A5
:106D20001B04FCD499494B6A18468A6A4B6A834211
:106D3000FAD1643253F100034FF0000128BF012162
:106D4000002940F00D829149496A8B4203D98F484E
:106D5000416A9942FCD3994207D18C4902E0486AC2
:106D6000984202D1886A9042F9D38948FFF74AFED7
:106D700086494B6A18468A6A4B6A8342FAD112F1F5
:106D8000320153F100034FF0000028BF012000281A
:106D900000F022827D4B5A6A561C08BF134609D068
:106DA0004FF0FF3319467948426A9A42FCD39A421F
:106DB00008D10B46754902E0486A904202D1886AC0
:106DC0009842F9D36FF0F9064FF0FF370022714B6C
:106DD000714D6E49C4F88839704BC4F890394B6ACC
:106DE000C5E90067C4F8942918468A6A4B6A834249
:106DF000FAD14FF0FF306FF00041FA3243F1000357
:106E0000904271EB030638BF0B46654938BF024616
:106E1000CDE900155F48FAF7A3FD01234FF0A0412B
:106E2000604DD5F8446FB201B340C1F864340A44F0
:106E3000C4F88C09D3685B01FCD401224FF0A04E4A
:106E4000D5F8480F830182407344C1F86424DC689C
:106E500014F08064FBD14FF0010C4FF00047D5F8DF
:106E6000443FD5F8488F504E0CFA03F30CFA08FC57
:106E700043EA0C03CEF80C3447F6E032C6F8D07083
:106E80002146C6F8D070494803F0E4FCD5F8400F1D
:106E9000A5F8544F02B0BDE8F041FCF745BD002D08
:106EA00000F08E80334B3449344A5960D3681D0456
:106EB000FCD4D068324A334B4240334913402F4A06
:106EC000CB60D3681804FCD430494B6A18468A6AF0
:106ED0004B6A8342FAD112F1640153F100034FF07F
:106EE000000028BF0120002840F04F81274A526A45
:106EF000934203D92548426A9342FCD8934208D171
:106F00000B46224902E0486A824202D1886A9842CE
:106F1000F9D31F48FFF776FD1C494B6A18468A6A69
:106F20004B6A8342FAD112F1320153F100034FF060
:106F3000000028BF0120002800F04381134B5A6A4B
:106F4000531C08BF13460BD04FF0FF3319460F48B0
:106F5000426A9A42FCD39A4208BF0B467FF432AF92
:106F60000A4929E0C87C0020F816002000770100BB
:106F700000EE0200002010400020FE5A00001040E9
:106F8000E000FE5AF001FE5A0010104000000B40D5
:106F9000802005001411002048860020A50800204C
:106FA0004D160010E838002000102050888E002078
:106FB000486A90427FF406AF886A9842F8D301E7A6
:106FC0008848FFF71FFD88494B6A18468A6A4B6A52
:106FD0008342FAD112F1640153F100034FF0000033
:106FE00028BF0120002840F0DB807F4A526A93428C
:106FF00003D97D48426A9A42FCD39A4208D10B4693
:10700000794902E0486A904202D1886A9842F9D3ED
:10701000764B7749774A5960D3681E04FCD4D06810
:10702000754A764B424076491340724ACB60D3682A
:107030001D04FCD46C494B6A18468A6A4B6A834229
:10704000FAD112F1320153F100034FF0000028BFD2
:107050000120002800F0AF80634B5A6A501C08BF23
:1070600013460AD04FF0FF3319465F48426A9A42EE
:10707000FCD39A427FF4A6AE0B465B4903E0486A14
:1070800090427FF49FAE886A9842F8D39AE65548BA
:10709000FFF7B8FC54494B6A18468A6A4B6A834228
:1070A000FAD1643253F100034FF0000128BF0121EF
:1070B000002960D14C49496A8B4203D94A48416A48
:1070C0009942FCD3994207D1474902E0486A984265
:1070D00002D1886A9042F9D3444B4549454A5960E8
:1070E000D3681804FCD4D068434A444B4240444916
:1070F0001340404ACB60D3681904FCD43A494B6A28
:1071000018468A6A4B6A8342FAD1323253F100033D
:107110004FF0000128BF0121002958D0324B5B6A93
:107120005A1C08BF1A4609D04FF0FF331A462E48A2
:10713000416A9942FCD399427FF444AE2A4903E064
:10714000486A98427FF43EAE886A9042F8D339E6A6
:10715000D4F88809FCF784FC0023C4F88C39BDE519
:10716000214B5B6A5F1C08BF1A463FF4F6AD4FF037
:10717000FF331A46EBE51C4B5B6A5D1C08BF1A46E1
:10718000A2D04FF0FF331A4698E7174B5A6A511CAA
:1071900008BF13463FF4B5AE4FF0FF331946A9E6DA
:1071A000114B5A6A571C08BF13463FF429AF4FF0E2
:1071B000FF3319461DE70C4A526A93423FF655AF1A
:1071C00057E7094A526A93423FF6C1AEC3E6064901
:1071D000496A8B42ABD8AEE7034A526A93423FF604
:1071E000E2ADE4E5802C030000000B4000201040DD
:1071F0000020FE5A00001040A000FE5AF001FE5A86
:107200000010104038B590F82430002B45D0038C86
:1072100000226B4C94F8BD1384F8B823994206D829
:1072200094F8B933012B63D0022B00F08C8094F8D2
:107230008B332BB194F87C33CBB10023A4F8783393
:10724000002260486049FCF79BFD0121D4F88C3393
:10725000C4F860035B6884F89E13C4F864230BB120
:1072600034389847BDE838405848FCF74BBFB4F86D
:10727000721394F88623B4F87033A4F87A130AB121
:10728000B4F88023012103F1A04303F580131344D4
:10729000C4F8743384F87C13CFE7418B90F8332023
:1072A000038B418472B190F82E20002A48D103F15B
:1072B000A04303F58013C36100230122038480F8F7
:1072C0002420A5E790F82F1009B1028D1344042261
:1072D00090F82AC003F1A04303F580133C4CC3612E
:1072E00002EBCC0303EB41031B5BC3F30903E4E7AD
:1072F00094F8BA33012B55D0022B98D1354DC36980
:107300002A7EB3F900306B81002A55D107EE903AFE
:107310009FED317AF8EEE77A67EE877A2F4817EE1D
:10732000901AFEF75BF9DFED2E6A07EE900AB7EED2
:10733000007AC7FEA67AC7FEC77AC5ED037A76E75C
:10734000028D1344B3E794F8BA33012B7FF46FAF87
:10735000C36920481968036821F07F418B423FF4DC
:1073600066AF204B0160C3F8F82EC3F8FC2EC3F8BB
:10737000002FC3F8142FC3F8182FC3F81C2FC3F81D
:10738000CC2EC3F8D02EC3F8D42EC3F8642FC3F884
:10739000682FC3F86C2FFCF78DFC134B187FFFF799
:1073A00093FC44E7C3690B4D1B78002B14BF0123EA
:1073B00000232B763FF43BAF0023EB6037E700BFA1
:1073C000F02700207C2B0020ACED0010482B002083
:1073D00080001050F8160020CDCC4C390000204120
:1073E00000000000E838002010110020094A034680
:1073F000D2F8340F40B1084903448B428CBF4FF0A0
:10740000FF30C2F8343F704704490846C2F8341FC1
:10741000F1E700BFC87C002000000820548C032046
:10742000002840F084802DE9F0470D4616466FF0A5
:10743000004ADFF80491DFF8FC80D9F8FC703C4684
:107440004FB1A36823B131462846984700280CDC89
:107450002469002CF5D1D8F82430534509D3D8F845
:107460002820013203D16FF00100BDE8F0875345B9
:10747000F9D130494B6A18468A6A4B6A8342FAD17D
:10748000013253F100034FF0000128BF0121002910
:1074900043D12849496A8B4203D92648416A8B4225
:1074A000FCD88B4207D1234902E0486A984202D1B6
:1074B000886A9042F9D3002FBFD16FF000441D4A73
:1074C000536AA34204D3916A0131CCD0A342CAD1FA
:1074D000536A1846916A536A9842FAD1013153F1BE
:1074E00000034FF0000028BF012038B1536A591C37
:1074F00008BF19460DD04FF0FF331946506A83423A
:10750000FCD89842DCD1906A8142D9D9506A834232
:10751000D6D1906A8142F9D8D2E7064B5B6A5A1CF1
:1075200008BF1A46BFD04FF0FF331A46B5E74FF0F9
:10753000FF30704700000B40F8160020431E012B5F
:1075400044D82DE9F04116460D46FCF7C5FA731CE8
:10755000804636D037461F4BD3F8FC404CB12368E9
:107560006BB120463A462946FBF7CAFF2469002C36
:10757000F5D1B8F1000F08D13046BDE8F08124699B
:10758000002CECD1B8F1000FF6D0134B9A68EFF352
:10759000108172B6D2E8CF4F0120002CFAD1C2E898
:1075A000440F002CF6D1BFF35F8FFF2400229868B0
:1075B0001C73C0E88F2F81F3108840BF3046BDE8B0
:1075C000F081284603F0C2F90746C4E74FF0FF30C8
:1075D000704700BFF8160020E81600204FF0FF307B
:1075E000704700BF4FF0FF30704700BF08B5FEF78F
:1075F000DBFA00BF38B5094C094DAC4204D254F84F
:10760000043B9847AC42FAD3064C074DAC4204D237
:1076100054F8043B9847AC42FAD338BDF0AD0010A3
:1076200030AE001030AE001034AE0010F0B5404F58
:10763000404E83B0D7F8FC502C464DB1A36823B11F
:10764000012101A8984700280EDC2469002CF5D1FF
:107650006FF00043726A9A420CD3B16A013107D1CC
:107660006FF0010003B0F0BD9DF8040003B0F0BD61
:107670009A42F5D12F494B6A18468A6A4B6A83426F
:10768000FAD1013253F100034FF0000128BF01216C
:10769000002943D12749496A8B4203D92548416AC9
:1076A0009942FCD38B4207D1224902E0486A8342C7
:1076B00002D1886A9042F9D3002DBBD16FF000440B
:1076C0001C4A536AA34204D3916A0131C8D0A34231
:1076D000C6D1536A1846916A536A9842FAD1013169
:1076E00053F100034FF0000028BF012038B1536A66
:1076F000591C08BF19460DD04FF0FF331946506A88
:107700008342FCD89842DCD1906A8142D9D9506A30
:107710008342D6D1906A8142F9D8D2E7054B5B6AA1
:107720005A1C08BF1A46BFD04FF0FF331A46B5E7C0
:10773000F816002000000B4070B582B005468DF8A9
:107740000700FCF7C9F91A4B0646D3F8FC4054B1C0
:10775000236863B1204601220DF10701FBF7D0FE3B
:107760002469002CF4D13EB9284602B070BD2469CA
:10777000002CEDD1002EF7D00E4B9A68EFF310815C
:1077800072B6D2E8CF4F0120002CFAD1C2E8440FE4
:10779000002CF6D1BFF35F8FFF24002298681C7382
:1077A000C0E88F2F81F3108840BF284602B070BD1B
:1077B000F8160020E81600202DE9F04383B00646B5
:1077C00003F0C4F80546FCF787F9DFF8A8900746F0
:1077D000D9F8FC40002C2ED04FF00A082368EBB1FA
:1077E00020462A463146FBF78BFE204601220DF14A
:1077F00007018DF80780FBF783FE2469002CEDD18B
:10780000DFB9D9F8FC402CB163686BB198472469A3
:10781000002CF9D1284603B0BDE8F0832469002C80
:10782000DCD1002FEDD008E02469002CECD12846F3
:1078300003B0BDE8F0830028ECD00D4B9A68EFF35D
:10784000108172B6D2E8CF4F0120002CFAD1C2E8E5
:10785000440F002CF6D1BFF35F8FFF2400229868FD
:107860001C73C0E88F2F81F3108840BFC9E700BFA9
:10787000E8160020F8160020F0B5A7B005460C4623
:10788000FCF72AF900272D492B46039105A90491FD
:1078900006464FF0FF322A48009403A90597FBF7EC
:1078A00037F9059B05467BB9264BD3F8FC402CB134
:1078B00063683BB198472469002CF9D106BB284680
:1078C00027B0F0BD2469F2E71E4FD7F8FC40002C2A
:1078D00032D0236863B12046059A06A9FBF710FE53
:1078E0002469002CF5D10023D7F8FC400593DEE78E
:1078F0002469002CEDD10023D7F8FC400593D6E78E
:10790000114B9A68EFF3108172B6D2E8CF4F012085
:10791000002CFAD1C2E8440F002CF6D1BFF35F8FE0
:10792000FF24002298681C73C0E88F2F81F3108811
:1079300040BF284627B0F0BD0594BFE7AD35001025
:10794000E5200010F8160020E81600200FB400B55E
:1079500083B004A951F8040B0191FFF78DFF03B028
:107960005DF804EB04B070472DE9F04FAD4B83B0E8
:10797000D3F8986016F4803470D14FF0100BF106F4
:1079800043D4F30438D416F478770FD1B44202D13B
:1079900003B0BDE8F08FA448FFF7D8FFA34884EAFE
:1079A000060103B0BDE8F04FFFF7D0BF9D4D9E48E4
:1079B000FFF7CCFF39462A6D9D48FFF7C7FF2B6DB7
:1079C000002B80F29A809B4DD5F810312BB100230B
:1079D000D5F8102101339A42FAD800239248C5F80D
:1079E0001031FFF7B3FF9448FFF7E6FE4FF0004277
:1079F000924B1A653C43C9E7FCF794FC4FF4002214
:107A00008E4B44F480541A65BDE7DFF81892D9F81C
:107A10005880B8F1000F1FD000240125DFF81CA208
:107A200002E0202C00F0F98005EA08032F462046EA
:107A30006D000134002BF4D0D9F85C3004F0010162
:107A40001F4214BF01220022CAF858704008FCF7F8
:107A500015FF38EA0708E4D15C4692E7784C00212C
:107A600004F556784046FCF725FC002104F54470E7
:107A7000FCF720FC0122734F97F800C084F83B23E9
:107A80000CF01F03934284F8832300F0E580022B5F
:107A900036D0002B40F0B080664DD5F8183143B198
:107AA000394605F58A709847002840F0AD8097F870
:107AB00000C01CF0600F40F0A5801CF0800F40F06B
:107AC0003B81604B5A78052A00F0B081092A0BD11E
:107AD00093F802A0BAF1000F00F0C081D5F824316C
:107AE0005B79534500F0BA814F48FFF72FFF554BA4
:107AF00055485978FFF72AFF84E0FCF713FC79E733
:107B0000BB88002B00F01581802B00F0E480494AEF
:107B100092F83121002A66D0D4F8D4522A6892789B
:107B2000934200F0D980D4F8D8522A6892789342D0
:107B300000F0D280D4F8DC522A689278934200F0A8
:107B4000CB80D4F8E0522A689278934200F0C48047
:107B5000D4F8E4522A689278934200F0BD80D4F8B9
:107B6000E8522A689278934200F0B680D4F8EC523A
:107B70002A689278934200F0AF80D4F8F0522A68D5
:107B80009278934200F0A880D4F8F4522A68927850
:107B9000934200F0A180D4F8F8522A689278934278
:107BA00000F09A80D4F8FC522A689278934200F050
:107BB0009380D4F800532A689278934200F08C8026
:107BC000D4F804532A689278934200F08580D4F860
:107BD00008532A68927893427ED0D4F80C532A68CE
:107BE0009278934278D01048FFF7B0FE154B1748B3
:107BF0009A885988FFF7AAFE0B48FFF7A7FE14489A
:107C0000FFF7DAFDFDF798FB4FF400320B4B4FF412
:107C10008034DFF840B01A65B1E6084B5C46C3F823
:107C20005880AEE60000115068AE00103CB2001063
:107C30000CB20010F81600202CB2001000301150C9
:107C4000F0270020000010504CB00010ACB1001024
:107C5000DCB1001010000100A24ABB8892F831117B
:107C600079B392F82C11DBB28B422AD2D2F82821B8
:107C700052F823402CB3E36833B139462046984785
:107C80000028C1D197F800C01CF0600F0BD1964DB1
:107C9000AB881F0A07D11CF0800F687840F0028281
:107CA0000B2800F01F829148FFF750FE8E4A216892
:107CB0001378897852788E48FFF748FEFDF73CFB31
:107CC000A2E78A48FFF742FE874B8A489A8859788C
:107CD000FFF73CFE90E745466B693BB1824C284676
:107CE0002146984700288FD194F800C01CF0600FFF
:107CF00050D17D4B1CF0800F59785FD1012900F0E5
:107D00005981032903D15B88002B00F08F817748CC
:107D1000FFF71CFE784995F83340784A724B002CE7
:107D200018BF0A465B7895F82A107548FFF70EFED3
:107D300068E704F54475CFE794F87C23002A56D011
:107D4000D4F8743368494A78062A00F0EF80082A8C
:107D500000F0C280002A78D102211A80624B694863
:107D6000DB88694A8B42A8BF0B466849A4F8783380
:107D7000FCF706F80123002284F89E33D4F88C33F4
:107D8000C4E9D8025B680BB1343898476048FCF707
:107D9000B9F939E75548FFF7D9FD5349564F4B78A4
:107DA0000C78564A95F82A1095F833505948002D0A
:107DB00018BF3A460094FFF7C9FD23E729B95A884E
:107DC0001AB9D988022900F0B1814848FFF7BEFDF1
:107DD000494995F83340494A434B002C18BF0A469D
:107DE0005B7895F82A104C48FFF7B0FD0AE7B4F825
:107DF000723394F88B13A4F87A33B4F870330029F3
:107E000000F0E48094F88613002900F00781B4F8AC
:107E100080130B4403F1A04303F58013C4F87433BB
:107E2000A4F87823012284F87C238BE793F90220BD
:107E30005B88002A7FF758AE3249384AA1F13400F6
:107E400085F83231FCF704FADEE62848FFF77EFDBC
:107E5000254B33485978FFF779FDD3E64FF00008FA
:107E6000304F85F831A107F13C0957F8044F0CB3A6
:107E7000A36823B11B689B680BB120469847204636
:107E8000C4F80880FCF7ACF894F8303084F82B8004
:107E900084F824802BB1236984F830800BB120460C
:107EA000984795F831312BB1606818B1A268002A63
:107EB00000F0A480B945D8D1D5F81C312BB1BAF166
:107EC000000118BF0121184898470E490022A1F16E
:107ED0003400FCF7BDF997E695F8312101211A70BD
:107EE0003CE700BFF81600200000105068AE0010FC
:107EF000A0B00010E0B0001038AE00103CAE001092
:107F00003CB100107C2B0020F1430010ACED0010C0
:107F1000482B00206CB1001010B10010D5370010B4
:107F200024B00010C02A00200C1800204B881A0A28
:107F3000022A00F0C880032A00F09880012A84D128
:107F4000D5F814111225002940F0C780844BC4F8DD
:107F5000AC33844B4FF48072DB8800279D42A8BF6E
:107F60001D46814BC4E9E9528048814A8149C4F8E1
:107F7000B433C4F8A073FBF703FF0121D4F88C33AA
:107F80003F355A68D4F89433C4E9D80703EB951306
:107F9000C4F89433D4F89833C4F8B08303EB951342
:107FA000C4F8983384F89E13002A3FF4EFAE3438B7
:107FB0009047EBE65B88002B7FF4A9AE95F8302064
:107FC000022A40F2BC8085F82B307EE794F88713B4
:107FD00011B1B4F880231344042294F8820303F10E
:107FE000A04302EBC00202EB4102634903F5801398
:107FF000525AC4F87433C2F3090211E70168FBF75F
:10800000BFFE0123C4E90202837403685B680BB1FD
:10801000204698472046FCF775F84BE703F1A0434C
:1080200003F580130A46C4F87433F9E695F8303046
:10803000002B67D195F82A2095F833101AB94F48CC
:10804000C1F102038366002963D04B4B03EBC203EB
:1080500002211A6842F400621A602B6985F8301018
:10806000002B3FF432AF284698472EE713F0FF006D
:1080700059D0D5F820319847024612F8011B002943
:108080006AD0374B0225184620F8021F12F8011B50
:1080900002350029F8D10321394A82F8385F82F885
:1080A000391F54E700283AD00A287FF4FCAD6B88CA
:1080B000002B7FF4F8ADE98801297FF4F4AD207D31
:1080C000FCF716FAA0E5DBB2002B7FF4BEAED5F8C4
:1080D00024114D88002D3FF439AF2A46204802F084
:1080E000BBFD33E723691BB120466988984750BB25
:1080F0002448FFF72BFC1B4B23485A889988FFF72D
:1081000025FCD0E5012B7FF4E0AE022385F830306A
:10811000DBE695F82A201D4BD200134498E7022194
:10812000FCF7E6F970E504251949D6E795F8300023
:10813000012894BF00200120FCF7DAF964E5284605
:10814000FCF7B8F8C1E66B8808493A462375A1F1F7
:108150003400FCF77DF857E50225014B9BE700BF93
:10816000008C002000001050541100207C2B0020B7
:10817000F1430010D4EE0010800010500020115088
:10818000C87C002068AE001078B000108400105049
:10819000D0EE00102DE9804800214CF250308BB019
:1081A000F9F7D8FC3E4B3F493F4A5960D3681D045C
:1081B000FCD4D0683D4A3E4B42403E4913403A4AC7
:1081C000CB60D3681C04FCD44FF4FA600021F9F7AB
:1081D000C1FC3948FEF716FC384A536A1946906AC2
:1081E000536A8B42FAD14FF0FF346FF000420130F6
:1081F00043F10001844272EB01033CBF114620466B
:10820000F9F732FC2E482F4F2F4A304B00780221CD
:1082100000201B78C7F80021F9F77CF9D7F8E8307F
:10822000002B33D04FF0806329482A492A4A036043
:108230000B6093685801FCD54FF4E130D7F8E82083
:108240004FF48071D300B3FBF0F30133A7F80411AE
:10825000D90916BF08460120C3F345011A4B5862DD
:108260009962186BC10700F17386002240F2013554
:108270000324154BD96A1949CA621863DA6A82F075
:10828000700202F07E02CA621D639C64D7F8FC3063
:10829000002B00F09F8612498B4225D12AE000BFB7
:1082A000002010400020FE5A00001040E000FE5A5E
:1082B000F001FE5A001010408020050000000B4025
:1082C000402D0510F816002000000740442D051031
:1082D0000020024000300240000002400010074031
:1082E000341100208B4205D01A461B69002BF9D1AE
:1082F0001032116001214FF460708E4AFEF760FB6E
:1083000001214FF460708C4AFEF75AFB00214FF4B4
:1083100000508A4AFEF754FB002400214FF400501D
:10832000874AFEF74DFB4AF6444210232046C7E930
:1083300000233C76F9F70CF944EC4440814B824A27
:108340005B68192083F0040303F00C035360F9F712
:10835000FFF819234FF0010242EC443042EC403068
:1083600020237A487A497B4A03600B609368DB4399
:1083700013F02003FAD140F2651C0325D7F8E4106E
:10838000754801F54B422032744EA0FB0202F46B9B
:1083900086F84030E3667248C4F800C0120CE3630C
:1083A000A363C4F88850E3666E4B02EB420501EB11
:1083B0004101A3FB0113A0FB050120684F2D80F0B4
:1083C0000400A2EB910204F5805C00F00600CCF8FA
:1083D0000000E2618ABF50220122B5FBF2F2890857
:1083E0002162C4F8A0202246012552F87CCF9B0DC3
:1083F000013383EA0C039BB202F580521360032120
:108400000620E566F9F786F80720F9F783F84D4965
:108410004D4ACB6983F0080303F00C03D3610B6A68
:1084200083F0080303F00C031362FDF7D7FE172057
:10843000F9F78EF8172345EC443045EC4030002125
:10844000494C4A4A4A4BC4F890294A4A6FF0F9000D
:10845000C4F88839536AC4F894194FF0FF3104F511
:108460001865C5E900011946906A536A8B42FAD132
:1084700010F1FA024FF0FF306FF0004143F10003BA
:10848000904271EB030C38BF0B463B4938BF0246A4
:10849000019500913648F9F763FA384B384A4FF0A6
:1084A000007A934288BF4FF0FF324FF0010900215C
:1084B000344D4FF05043D5F80880334DC2F8F827BB
:1084C000C2F8F457314DC4F88C09C2F8FC57304D4E
:1084D0000846D5F800C0C5F880A0CDE906984FF051
:1084E00000084FF00009DFF8ACE002F2F472CDE9C9
:1084F000082ECDE904890CEA0A05B1B11A6D92077C
:10850000FCD5596540BF1A6DD20703D420BF1A6D40
:10851000D207FBD59A6D91423ED000200AAA02EB09
:10852000800252F8181CE8E79A6D1A6DD207FBD446
:1085300040BFE3E7DC470020F8470020B0470020B9
:108540004848002000800340009003400020024083
:10855000003002400000024031C351A11011002040
:10856000CDCCCCCC6BCA5F6BC87C0020A5080020AA
:108570001411002000000B404D16001000000820D0
:108580000008082000ED00E0F1610010F537001050
:1085900000E100E0A103001001300628BED14FF039
:1085A0000072CC4B002D00F0CF84C3F880211A60FC
:1085B0004FF07E594FF00508C74DC84BC84A2B6095
:1085C000AB60C84BDFF8D0A3EB60C74B6A60AB6110
:1085D000C64BC74A2B62C74B2A616B62C64B5022FF
:1085E000EB62C64B00216B63C54B5046AB63C54B7A
:1085F000C5F850902B64C44BC5F85890AB64C34B7E
:10860000C4F8045AEB64C24BC5F814906B65C14BB7
:10861000C5F81C90EB65C04BC5F828902B66C5F8D3
:108620003090C5F83C90C5F84490C4F8FC8902F03D
:1086300011F90AF15003502200211846C4F8088AA3
:10864000C4F8105AC4F800AA02F004F9A8469FED35
:10865000B35ADFEDB35A9FEDB36ADFEDB36A9FED16
:10866000B37ADFEDB37A4FF0030BB249C4F80C0ACA
:10867000B14848F87C1FDFF824C3DFF824E30AF18F
:10868000A003C8F80810C8F83800302200211846A6
:10869000C8F834C088ED015AC8ED035A88ED046A61
:1086A000C8ED066A88ED087AC8ED097AC8F82CE0AA
:1086B000C8F81490C8F81C90C8F82890C8F83090F2
:1086C000C4F8588AC4F850BA02F0C4F80AF1D003CA
:1086D00030220021C4F8540A1846C4F8648AC4F849
:1086E0005CBA02F0B7F8C4F8600AFBF7E3FA4CF2A0
:1086F00020020021914802F0ADF84CF22002002146
:108700008F4802F0A7F846F2100200218D4802F0CF
:10871000A1F846F2100200218B4802F09BF80023DA
:10872000DFF880821A4608F1090105F1D000FBF755
:108730004BFB864B08F1C002C4F8743A08F14301C0
:1087400005F1E8000223FBF73FFB02234FF000098D
:1087500087F82C317E4BCDF80090C4F8903A7D4BD1
:108760000122C4F8AC3A7C4B4946C7F8203108F1E5
:10877000C803C4F8CC3A05F59A73C4F89C3A08F1DA
:10878000D803C4F8E03A05F5A47508F1E803C4F885
:10879000F85A7248C7F8143108F1FC054023C7F8AD
:1087A0002481C7F82851FBF745FB40234A46494638
:1087B0006B48CDF80090FBF73DFB402249466948E5
:1087C00002F048F84FF0040C674C08F5827855F831
:1087D000043B187A88B15A681CFB002052F8041B2D
:1087E0000B68002B00F0B1819B78904203F00F03DF
:1087F00004EB8303C3F8D012F0D1A845E7D14FF4BE
:1088000080745648A7F83441FBF708F85448A7F895
:108810003441FBF703F84FF4C073524CA7F83431DE
:1088200004F13C0554F8040F08B1FAF7F7FFA5422C
:10883000F8D10021DFED4D7AB7EE007A3B7E4C484F
:108840008B4247FE277AC7ED037A4A4B79811A4655
:10885000043383421160FAD109200C220123454CD4
:10886000C7F810116067A2672364FBF75BFD4FF444
:1088700080424149174BE1644049414DC4F8901092
:108880004048C3F8802100211A60F9F763F9D5F850
:10889000003F327FDFF810813B4C386805F6F46901
:1088A000002A40F0FE80394A904200F05B81374A4E
:1088B000022190424FF0010E4FF0040C00F2FD80B7
:1088C000334A904200F03D81324A904200F03981B3
:1088D0006CE000BF00E100E0608600205F374E30B2
:1088E0006F26BC30F42BD33F6FE8623FC3A1D63F65
:1088F000055C2EBF8D6235BF386D873D7F71DD3FD2
:10890000E63843BF9D3CC8BEBC62E73FB26F57BF6D
:1089100011AC15BF4E18F43F404D71BF40230E35CA
:10892000088EE63FD6CD4FBFDB2D5FBFC1A2EC3F27
:10893000F0045CBF61A01035044D72BFA88A02200C
:1089400088CA0120786A0120680A0120D1460010F7
:1089500055030010B145001085030010482B00207E
:10896000002B0020C02A0020F0270020000000007B
:10897000840011500000115000000120F01301008C
:10898000E8380020A086010000000B4010B1020072
:10899000885801000077010040180020A8B8F73F70
:1089A0005FF4A6BFCCED0010F08700204AF64442E9
:1089B000904240F08580002B57DDBCF1080F40F05D
:1089C000AC82327F002A00F0D0800821327F0393EE
:1089D000F7F732FC8246002847D0B0F81CB0039B62
:1089E000028B9B4541DC00210BFB02F2D5F8C83E0F
:1089F000D5F8D40E1B1A93424FEAE270814134DB62
:108A0000EFF3108372B64A4659464046039302F08C
:108A1000CBF95946984A994802F0C6F9039B83F36B
:108A20001088974B50464146964A02F0C1F950468D
:108A3000954B964A914902F0BBF9BAF81C30BAF846
:108A4000182002FB03FABAF1000F0ED0EFF3108BDF
:108A500072B68F4A51468B4802F0C2F951468D4A90
:108A60008A4802F0BDF98BF31088616A0B46A06A50
:108A7000616A9942FAD14FF0FF326FF00043013042
:108A800041F10001824273EB010C3CBF10461946D4
:108A9000F8F7EAFFD5F8003F327F3868002A3FF444
:108AA00002AF7D4A904259D07B4A042190424FF058
:108AB000020E4FF0080C7FF603AF784A90420DD0BB
:108AC000002BD2DDBCF1080F40F02782327F02F08C
:108AD000FF0A002A00F02E82614677E7002BC4DDF2
:108AE000BEF1010F3CD1802BA8BF80239A46002203
:108AF000D5F8C83ED5F8D41E5B1A53454FEAEA7143
:108B00008A41B2DBEFF3108B72B64A4651464046BB
:108B100002F04AF95146584A584802F045F98BF399
:108B20001088EFF3108B72B6594A5146404602F056
:108B300057F95146574A514802F052F98BF31088C1
:108B400093E7002B3FF742AF8FE79042C4F8D01273
:108B50007FF444AEA8457FF43AAE50E6002B84DDA6
:108B6000022133E7002BBEDC7FE74FF0010A327FA2
:108B7000D2B24B49884200F2D2814AF6444188423F
:108B800000F0DB814BF6803188427FF41EAF45490F
:108B900001F5D87B002A08BF8B467F2B7FF765AF96
:108BA000D5F8C83ED5F8D42E9B1AB3F5806FFFF4E4
:108BB0005CAFEFF3108372B680213B4A3B480393CE
:108BC00002F0F2F880212C4A2C4802F0EDF8039BC9
:108BD00083F310882A4B5846354A344902F0E8F8A6
:108BE000294B344A5846254902F0E2F8BBF81C30BC
:108BF000BBF8182002FB03F3002B3FF436AFB3F5AC
:108C0000007F7FF432AFBAF1000F00F0DF812A4B12
:108C100003F1400293ED0E0AD3ED0D0A93ED0C1A09
:108C2000D3ED0B1A93ED0A2AD3ED092A93ED083AF6
:108C3000D3ED073A93ED067A93ED054AD3ED044A56
:108C400093ED035AD3ED025A93ED016AD3ED006A16
:108C50009FED1ACADFED1ABA9FED1ABADFED1AAA14
:108C60009FED1AAADFED1A9A9FED1A9ADFED1A8A84
:108C70009C460F4803494DE0F8470020F08900204A
:108C8000A88A0220C84A032088CA0120C87A032083
:108C9000B04700204848002010B1020000EE02005A
:108CA00088580100D0B40010DC470020F087002075
:108CB000C86A0320C85A03204019002069CC16BA9C
:108CC000940D1E3816CA803BCECA8BBCBBA0633D38
:108CD000E11822BE2BCC1D3FF79103B4B0EE600A21
:108CE000F0EE410AB0EE611AF0EE421AB0EE622ADE
:108CF000F0EE432AB0EE633AF0EE473AB0EE447A33
:108D0000B0EE644AF0EE454AB0EE655AF0EE465ACF
:108D1000B0EE486A71EE067A30EEA6FA67EE8C7A0B
:108D200075EEA1EAEFEE2B7A32EE05EAEEEE8B7AE3
:108D300072EEA4DAEEEE2A7A33EE04DAEDEE8A7AF7
:108D400073EE87CAB0EE668AEDEE297AF0EC016A1E
:108D5000ECEE897A76EE80CAECEEA87A9F4B81ED34
:108D6000017A984201F1080141ED027AB6D19C4B9B
:108D70008CED0F0A83ED017ACCED0E0A8CED0D1A05
:108D8000CCED0C1A8CED0B2ACCED0A2A8CED093AAD
:108D9000CCED083A8CED077A8CED064ACCED054A0D
:108DA0008CED045ACCED035A8CED026AC3ED007AC7
:108DB0008CED018ACCED006A92ED0E0AD2ED0D0A1F
:108DC00092ED0C1AD2ED0B1A92ED0A2AD2ED092A75
:108DD00092ED083AD2ED073A92ED067A92ED054A05
:108DE000D2ED044A92ED035AD2ED025A92ED016A95
:108DF0009FED7CCAD2ED006ADFED7BBA9FED7BBAB6
:108E0000DFED7BAA9FED7BAADFED7B9A9FED7B9A3E
:108E1000DFED7B8A7B497C4B1BE0B0EE600AF0EE15
:108E2000410AB0EE611AF0EE421AB0EE622AF0EE9C
:108E3000432AB0EE633AF0EE473AB0EE447AB0EE31
:108E4000644AF0EE454AB0EE655AF0EE465AB0EE8E
:108E5000486A71EE067A30EEA6FA67EE8C7A71EE09
:108E6000A5EAEFEE2B7A32EE05EAEEEE8B7A72EEA1
:108E7000A4DAEEEE2A7A33EE04DAEDEE8A7A73EEB5
:108E800087CAB0EE668AEDEE297AF1EC016AECEE63
:108E9000897A70EE26CAECEEA87A5C4883ED017AF6
:108EA000884203F1080343ED027AB6D1584B82EDB4
:108EB0000F0AC2ED0E0A82ED0D1AC2ED0C1A82EDF8
:108EC0000B2AC2ED0A2A82ED093AC2ED083A82ED78
:108ED000077A82ED064AC2ED054A82ED045AC2EDD8
:108EE000035A82ED026A82ED018AC2ED006AC3ED87
:108EF000007A83ED017AEFF3108A72B64FF4806145
:108F0000444A454801F06CFF4FF48061434A3E48B3
:108F100001F066FF8AF31088A7E5042156E5404971
:108F200088427FF452AD3F4901F5A87B002A08BF73
:108F30008B4632E6327FD2B21BE63B4901F1C00BD1
:108F4000002A08BF8B4628E6C3F88020FFF730BB15
:108F500040F64E61B2FBF1F140F20132334C226334
:108F60005C6A9A6A02EB84129202B2FBF1F2304917
:108F70004B6A1D468C6A4B6AAB42FAD1121953F107
:108F800000034FF0000128BF0121A9B92849496A0F
:108F90008B4203D9264C616A9942FCD399427FF4F3
:108FA00064A9234903E04C6A9C427FF45EA98C6A61
:108FB0009442F8D3FFF759B91D4B5B6A5A1C08BF9E
:108FC0001A46EED04FF0FF331A46E3E7194B03F190
:108FD00040021FE6184A1949FFF78BB9C8720320EF
:108FE000C05A032069CC16BA940D1E3816CA803BAD
:108FF000CECA8BBCBBA0633DE11822BE2BCC1D3F6B
:10900000F79103B4C85A0320C87A0320C86203202A
:10901000C08A0320B0470020C84A032048480020E7
:109020000077010000B5001050B300100030074079
:1090300000000B40C0190020F4170020341100205C
:1090400086B003B451FC0804CDE9020151FC0904C7
:10905000CDE9040151EC0A04CDE9060103BCF04757
:10906000BDE800504EEC00C4BDE800504EEC01C419
:10907000BDE800504EEC02C400BD000000B5FFF793
:10908000DFFF02E010FE30F4F8D441EC100443ECB2
:10909000112400EE010410EE010480EE200451ECD6
:1090A0001004704700B5FFF7CBFF02E010FE30F46C
:1090B000F8D441EC100443EC112400EE010410EE4E
:1090C000210480EE200451EC3004704700B5FFF716
:1090D000B7FF02E010FE30F4F8D410B541EC1004F4
:1090E00043EC112451EC040453EC0524A0FB024C86
:1090F0005FF0000EE0FB03CEE1FB02CE4CEC20441F
:109100000024E1FB03E444EC30E480EE200451EC65
:109110005004BDE81040704700B5FFF791FF02E032
:1091200010FE30F4F8D441EC100443EC112451EC5F
:109130002104A0FB01126FEA820252FB100052FBD5
:1091400012F252FB1000A0EBD07C53EC04245CFB29
:1091500013F153EC1524A1FB022001FB030053EC97
:109160004424A2EB000050FB1CF24FEA111312EB57
:10917000017043EBE27140EA515020EA915020F037
:10918000070053EC7524A0FB023C53EC752400FB54
:1091900003CC01FB02CC53EC0424ACEB824C40EA40
:1091A0005C70A0F1010041EC400480EE200451EC21
:1091B0007004704700B5FFF743FF02E010FE30F483
:1091C000F8D441EC100480EE220410EEB204704793
:1091D00000B5FFF735FF02E010FE30F4F8D440ECA4
:1091E000700400EE010410EE210480EE200451EC26
:1091F0003004704700B5FFF723FF02E010FE30F4A3
:10920000F8D440EC600400EE010410EE210480EE7E
:10921000200451EC3004704700B5FFF711FF02E065
:1092200010FE30F4F8D441EC800400EE010410EE9E
:10923000010480EE400410EE1304704700B5FFF700
:10924000FFFE02E010FE30F4F8D441EC800400EEA2
:10925000010410EE010480EE400410EE3304704768
:1092600000B5FFF7EDFE02E010FE30F4F8D441EC5B
:10927000100443EC112400EE010410EE3004C0F39E
:109280008070704700B5FFF7DBFE02E010FE30F49F
:10929000F8D443EC102441EC110400EE010410EE6C
:1092A00030F48CBF01200020704700BF00B5FFF7ED
:1092B000C7FE02E010FE30F4F8D441EC100443EC99
:1092C000112400EE010410EE30F42CBF0120002028
:1092D000704700BF00B5FFF7B3FE02E010FE30F4A8
:1092E000F8D441EC100443EC112400EE010410EE1C
:1092F00030F48CBF01200020704700BF404261EB7A
:10930000410140F2F334B1FA81F20C2A0CD2153249
:1093100011FA02F3C2F12002D04021FA02F12244F4
:10932000584141EB0251704769B1C2F12B0230FA4A
:1093300002F3C2F12002914090401943A4EB0202D3
:1093400001EB0251704701004FF00000A4F120042E
:10935000D9D17047012767F31F5117FA03F817D0C7
:10936000A0FB080701FB0871A1FB06785FEAD8465D
:109370009219A6FB047806FB0588090351EA1051EF
:10938000D7EB003061EB0801A94238BF70470BE012
:109390000C33012717FA03F80FD0A0FB080701FBD5
:1093A0000871A94238BF704708BFA04238BF704754
:1093B000001B61EB05010132704703F1200311FA34
:1093C00003F6D3F12003D840D94030437047000062
:1093D00000000000000000000453B1086018850F71
:1093E000C8E5F22A6E07271E0D12B2210412572F6C
:1093F00012557CBCDA30723F17A717A55531994E2C
:109400009D0DBF0AEEE0AB5FE3EF6D9C7636AD6F6E
:10941000697BCCE33D62BD7EF0810682F3FA428F28
:1094200037D5B78A5313C89E7FABB320491570AFA9
:109430000000000000000000025E88155580FF005B
:10944000907806B1A602FE01DC4E21F0EB88FB020B
:109450007A7C801F1615F8033C5DA9D110A9F3048E
:10946000AA466CF5C146EE05FF65E4EB09F0E70698
:1094700013C00C9EC3A6E007E1BFEC91C46CD808F2
:10948000D5AF5EFFDC43CF09466A72E4D72DC50A2B
:10949000237E6E197B2CBA0BBFF571648741AE0C2D
:1094A00061DFB88CB86EA10D09A9856DC5B5930EA5
:1094B0003153B1086018850F3071E49835987510F4
:1094C0005915550580FF0F0009C3EB8F80FB2F0056
:1094D000B1910E9A82F34F001FE7FD2287E76F00DC
:1094E000C3A09A298FD78F004F4366AC9BC3AF00B0
:1094F000412A83A9ADABCF004FB7B41EC68FEF0092
:10950000B6815F09E66F0F01678589660E4C2F01F2
:109510001A52DA3240244F01483A9B6A7CF86E01B5
:10952000FF81B709C4C88E019C8DBC0B1895AE0194
:109530007010DA6B795DCE013A3BE224E921EE014D
:1095400038739533427FECA03114FAF5BD868991CA
:109550006B02FAE6E0F29183E682120713A85177D4
:10956000212621686AB2736A9D0DBF0AEEE0AB5FE7
:1095700019B4E0B71CB66A549596E53DEF07A548C7
:10958000D1CBE555DC0E4E3CCE68ADE839B5A43202
:10959000CB3CFA96D9569A28C9B21CA1F9FCAE2147
:1095A000864B6BE58AD2F0160453B1086018850F1C
:1095B00002C00C9EC3A6E0070000000000000000EF
:1095C000AC79CFD1F71772B1293BAAB84FEAC120C5
:1095D00040F00040490043F1200340F20001C3F68F
:1095E000F071C3F10B0320FA03F038BF704740421B
:1095F00061F1000170475FEAD17CC1F30A53A3F225
:10960000FF330C2B62DA13F1200FDFDD2DE9F0417F
:109610003C4C70CC4FF00002FFF79CFE1CF0010F99
:1096200004D06FEA0202201A65EB010102F2FE3C4F
:1096300040F2FE739C455CD20A0F334B03EBC2032E
:109640000CCB02F03F0545F04005801A99410A0E07
:109650002E4B03EBC20318CB02F580725543C01AA0
:10966000A1414A0D2A4B03EBC20318CB124402F569
:10967000805205FB0255C01AA1418A0252EA90525B
:1096800042F1000282FB02345B0D53EAC423C0188E
:1096900041EB545184FB02344FF0553383FB0434C7
:1096A00054FB11F304EB930410EB440241EBE4731D
:1096B000E900A1FB0240C1FB0301400A50EBC1508D
:1096C0004FEA512151EB0C51BDE8F081B3F5806FA9
:1096D00007D150EA01320CBF21EAE17141F40021C7
:1096E0007047002000211CF0010F08BFC7F6F07181
:1096F00070474FF000004FF00001A8BFC7F6F071AF
:10970000BDE8F081C0950010D09300103094001097
:10971000C094001040F20001CFF6F07100207047B5
:1097200050EA013218BF41F4002170477FEAA65584
:1097300040F019814FF4805420E18CEA11331B066C
:1097400040F0EE80BCF1000F67D1C90451EA5031FE
:10975000C004B1FA81F4202C4BD20125A540A0FB16
:10976000052301FB0533A0FB03C5A1FB02C6E1FBFA
:109770006356B2EB152263F10003B2EB066273EBA2
:109780001623A0FB06C7A1FB05C8E1FB66784FF0D6
:109790005535A7FB05C65FF0000CE8FB056C16EB22
:1097A0000C064CF1000C12EB963243F1000312EB65
:1097B0008C4243EB9C3358FB11F55FF0333755FB7C
:1097C00011F656FB17F8A5EB581756FB11F5C2F624
:1097D000802656FB15F507EB1537B2EB472063EBF8
:1097E000D751C4F58064A4F11504FFF78CFDBDE8E2
:1097F000F081B0FA80F410FA04F1A0FB01234FF0DD
:109800000000B0EB132061F10001C4F58064A4F105
:109810003504FFF778FDBDE8F081890451EA903105
:109820008004404261EB4101B1FA81F4202C4ED218
:10983000013C0125A540A0FB052301FB0533A0FB4E
:1098400003C5A1FB02C6E1FB635612EB152243F1EF
:10985000000312EB066253EB1623A0FB06C7A1FB25
:1098600005C8E1FB66784FF05535A7FB05C65FF0EC
:10987000000CE8FB056C16EB0C064CF1000C12EB2F
:10988000963243F1000312EB8C4243EB9C3358FBBE
:1098900011F55FF0333755FB11F656FB17F805EB62
:1098A000581756FB11F5C2F6802656FB15F507EB47
:1098B000153712EB472043EBD751C4F58064A4F170
:1098C0001504FFF720FD41F00041BDE8F081B0FA3A
:1098D00080F410FA04F1A0FB01234FEA1320C4F531
:1098E0008064A4F13504FFF70EFD91F00041BDE85E
:1098F000F0815FEA410CBFF40DAF5FEA5C5C3FF4BE
:1099000009AFACF2FF3CBCF5806F3FF409AF012218
:1099100062F31F512DE9F041BCEBEC7F3FF40DAF3A
:109920000C0C4E4D05EBC40595E80C0002F03F050C
:1099300005F14005A5FB000605FB01616FEAE14466
:1099400004F01F04464D05EBC40560CD521943EBEE
:10995000060304F58074A4FB000604FB01667FEA9D
:1099600026643FF4E3AE3F4D05EBC40522CD52180B
:1099700043EB050341F2010505EB44046404A4FB39
:109980000050C4EBC401E4FB060180EAE17481EA03
:10999000E175A5FB0567A4FB05487F084FEA36067D
:1099A00016EB080647F100078C0254EA905444F184
:1099B0000004801B61EB070154FB14F555FB14F602
:1099C00055FB15F74FF0553456FB14F6B6EB17362A
:1099D00010EB860041EBA671101A63EB0101224ADD
:1099E00024CA1CF1010C0BDDA2FB0C230024E5FBB7
:1099F0000C34121A8B4164F100045FF080410CE0DA
:109A0000DCF1000CA2FB0C230024E5FB0C348218D3
:109A10004B4144F100045FF040414CB91C0013007D
:109A20000022B1F100711CB91C000023B1F10071DA
:109A3000B4FA84F5A5F11D06A1EB0651AC4013FA6A
:109A400005F0C5F12005EB401C43EA401043C00A75
:109A500050EB445041EBD421BDE8F081C09400109C
:109A600030940010C0940010C0950010002200290E
:109A700080F2A980404261EB4101B1B3B1FA81F3B8
:109A8000083B16D4994010FA03FCC3F1200320FAD6
:109A900003F040EA0100A2EB0302C2F195021CEBC5
:109AA0000C0C40EBC25040F0004020D0FE2A16D2F1
:109AB000704703F1210311FA03FC5CEA000CC3F1C7
:109AC000210321FA03F0A3EB020202F1B50240EBFD
:109AD000C25040F000400AD0FE2A38BF70474FF015
:109AE0000040A8BFCFF68070704711460AE028BF3B
:109AF00020F00100FE2A38BF7047F0E7002880F20E
:109B000033804042B0FA80F3083B0CD4984001EB1C
:109B10000302C2F1950200EBC25040F00040FE2A61
:109B200038BF704713E003F1210310FA03FCC3F1BF
:109B3000210320FA03F0A3EB010202F1950240EBAE
:109B4000C25040F0004008D0FE2A38BF70474FF0A6
:109B50000040A8BF40F0FF40704728BF20F0010040
:109B6000FE2A38BF7047F2E720B3B0FA80F3083B13
:109B70000AD4984001EB0302C2F1950200EBC250F7
:109B8000FE2A38BF704711E003F1210310FA03FCED
:109B9000C3F1210320FA03F0A3EB010202F19502C5
:109BA00040EBC25007D0FE2A38BF7047ACBF4FF021
:109BB000FF400020704728BF20F00100FE2A38BF78
:109BC0007047F3E7002289B3B1FA81F3083B14D45C
:109BD000994010FA03FCC3F1200320FA03F040EA95
:109BE0000100A2EB0302C2F195021CEB0C0C40EB4E
:109BF000C2501ED0FE2A14D2704703F1210311FA7D
:109C000003FC5CEA000CC3F1210321FA03F0A3EB8F
:109C1000020202F1B50240EBC2500AD0FE2A38BF60
:109C20007047ACBF4FF0FF40002070471146FFF770
:109C30009BBF28BF20F00100FE2A38BF7047F0E725
:109C4000B0F1FF4F3ED2C1153ED04FF0010262F39A
:109C5000DF5038BF400026A393EC034AAFF21C0349
:109C600003EB104323F00703D3E9002300FB02F0CA
:109C700040EC103AFAEEC00A20EEA01A61F17E0123
:109C800060EE811AC90521EE012A40F6FC3221EE70
:109C9000041AC5F6B90261EEA41A51FB12F122EEC4
:109CA000052A03EE901A71EEC21AFAEEC53A31EEA9
:109CB000611A70EEC10A30EE200A30EE230A10EE6F
:109CC000100A704705DC0BD010F1FF4F09D310F5D7
:109CD000000F40F4800003D840F20000CFF6C070BF
:109CE000704740F20000CFF680707047AFF30080FD
:109CF0000000003FABAAAA3E0000803E000000002A
:109D00005501000001CB92BE48010000C3C87DBED2
:109D10003B010000685F54BE2F010000C7992CBEB4
:109D2000250100002C3C0ABE1A0100002F1AC6BDF6
:109D300011010000C2AC83BD08010000D814FCBCB6
:109D40000001000000000000F8000000EC0A023DE5
:109D5000F10000008E51773DEA0000009806B83D02
:109D6000E40000003B39ED3DDD000000088B163EAD
:109D7000D800000003FA2D3ED2000000D7D24A3EA0
:109D8000CD000000DE7F633EC8000000E3C87C3EDB
:109D9000C3000000E65A8B3EBF00000084F7953EEA
:109DA000BA0000006E8CA33EB6000000EFADAE3EE0
:109DB000B2000000C40EBA3EAE000000CDB1C53EF8
:109DC000AB0000005F99CE3E024B0A460146186880
:109DD00000F002B8C015002038B5A1FB021434BB56
:109DE00000F042F8054630B350F8042C22F003028C
:109DF000043A242A0CD8132A0FD91B2AC0E900449C
:109E000012D9242AC0E9024418D000F1100205E05A
:109E1000214600F01FFD284638BD02460023284693
:109E2000C2E90033936038BD00F10802F6E700F0A4
:109E300075FD0C2303600025284638BD00F118028B
:109E4000C0E90444EAE700BF024B0146186800F08D
:109E50000BB800BFC0150020024B0146186800F087
:109E6000FFBD00BFC015002001F10B03162B2DE92B
:109E7000F04F074683B023D8102900F2AF8000F0DE
:109E80009DFA102518230220BC4E33445C68A3F1D0
:109E90000802944200F080816368384623F003038F
:109EA000D4E902122344CA6091605A68083442F02F
:109EB00001025A6000F088FA204603B0BDE8F08F36
:109EC000002B23F00705C0F28980A94200F28680AA
:109ED00000F074FAB5F5FC7FC0F0B4816B0A00F0B5
:109EE0008180042B00F27E81AB0903F1390003F17C
:109EF000380EC300A14E3344A3F1080C5C68A4459E
:109F000007D10DE0002AE16880F232818C450C46D1
:109F100006D0636823F003035A1B0F2AF2DD704654
:109F2000DFF870823469444500F0E780636823F00D
:109F3000030CACEB05030F2B00F39481002BC6E957
:109F4000048880F28381BCF5007FD6F804E080F0BD
:109F500029814FEADC0301224FEA5C1C013302FA3B
:109F60000CF256F833104EEA020E06EBC302083A22
:109F7000C6F804E0C4E9021246F83340CC6083100E
:109F80004FF0010C0CFA03FCF44531D81CEA0E0F1B
:109F900007D120F003004FEA4C0C04301CEA0E0FEE
:109FA000F9D006EBC00A8146D646DEF80C300BE04D
:109FB0005A681C46DB6822F00302511B0F2900F38C
:109FC0001D81002980F231819E45F1D109F10109FD
:109FD0000EF1080E19F0030FE7D167E10C233B6087
:109FE000002469E74FF4007340204FF03F0E81E7F3
:109FF000B468636823F00309A9EB05030F2B02DDA6
:10A00000A94580F0A4805E4B08201B6803F110086E
:10A0100004EB0903009300F08BFC5A4AA8448346E2
:10A020001368013305D008F1FF384342804403EA46
:10A0300008084146384600F05FFCB0F1FF3F824619
:10A04000504A79D0009B83425AD9B44274D14E4BC6
:10A050000BF1FF3C186800EB080EC3F800E0116834
:10A06000013100F07381009AAAEB020272441A6077
:10A070001AF00702CDE9002300F04281C2F1080284
:10A08000384692445A44D04408EA0C01521A02EA73
:10A090000C0B594600F030FC421C019B00F06E8115
:10A0A000A0EB0A0000EB0B08196848F00102B4426B
:10A0B000C6F808A05944CAF80420196032D0B9F192
:10A0C0000F0F40F20C816068A9F10C024FF0050CF3
:10A0D00022F0070200F0010010430F2A606004EB39
:10A0E0000200C0E901CC1DD904F1080138460093F3
:10A0F00000F0B6FC009B196814E0D6F804E03EE7D7
:10A10000214B0BF1FF3C196841448E461960A6D1E2
:10A11000009810EA0C0FA2D109EB0803B26843F0D3
:10A1200001035360194B1A688A4238BF1960184BF3
:10A130001A688A4238BF1960B468626822F0030264
:10A14000531B0F2B40F3CE80954200F2CB80621957
:10A1500045F0010543F00103083444F8045C384637
:10A16000B260536000F030F9204603B0BDE8F08FD4
:10A17000A26823443846D1608A6096E6B811002070
:10A18000FC8A0320AC110020CC8A0320F48A03202F
:10A19000F88A0320C0110020DC68A3427FF47CAE63
:10A1A0000230BDE6BCF5206F4FEA5C226CD3142A66
:10A1B00000F2B98002F15C035B32DB00F118F35866
:10A1C0000839994203D191E09B68994204D05A68BA
:10A1D00022F003026245F7D8D968C4E902318C60E5
:10A1E000DC60CCE6142B56D9542B00F2A5802B0B47
:10A1F00003F16F0003F16E0EC3007BE6D4F808C0D4
:10A200003846671945F001056560CCF80C30C3F895
:10A2100008C041F00103C6E90477C7E902887B6002
:10A22000A150083400F0D0F846E622443846516880
:10A2300041F00101516054F8082FD3609A6000F09A
:10A24000C3F839E6E80805F108031DE6A4443846DA
:10A250000834DCF8043043F00103CCF8043000F09B
:10A26000B3F829E6621943F0010145F001053846CB
:10A270006560C6E90422C2E90288516044F80C30E6
:10A28000083400F0A1F817E64FEA9C1202F13903F6
:10A290003832DB0092E703F15C0003F15B0EC30090
:10A2A00028E65AF80839534540F0858010F0030F2E
:10A2B00000F1FF30F5D1736823EA0C0373604FEAB5
:10A2C0004C0C0CF1FF329A4204D391E64FEA4C0C4D
:10A2D00009F104091CEA030FF8D0484661E601239E
:10A2E000CAF80430384600F06FF879E692104FF063
:10A2F000010C0CFA02F24EEA020EC6F804E06CE71A
:10A300000AEB0802384602EA0C02ABEB020B0BEA3E
:10A310000C0B594600F0F0FA431C019B7FF4C0AED1
:10A32000DDF800B0C0E6542A13D84FEA1C3202F11F
:10A330006F036E32DB0041E7B3F5AA7F13D8EB0B56
:10A3400003F1780003F1770EC300D3E5C2F800A053
:10A350008EE6B2F5AA7F19D84FEADC3202F1780313
:10A360007732DB002AE740F25452934219D8AB0C03
:10A3700003F17D0003F17C0EC300BBE5009A4FF0B2
:10A38000000B083A9044A8EB0A088DE640F25453BB
:10A390009A420CD84FEA9C4202F17D037C32DB00EA
:10A3A0000CE74FF47E737F204FF07E0EA2E54FF452
:10A3B0007E737E2202E7736881E700BF014800F0E8
:10A3C000B3BA00BFC88A0320014800F0AFBA00BF8B
:10A3D000C88A0320024B0A460146186800F002B8FA
:10A3E000C01500202DE9F04F164683B0002900F07B
:10A3F0009E800C4606F10B058046FFF7DFFF54F800
:10A40000040C162DA4F1080920F0030762D81022CD
:10A4100000231546B542C0F0A280002B40F09F807B
:10A42000974261DADFF828B309EB0701DBF808305F
:10A43000D1F804C08B4200F097802CF001030B444C
:10A440005B68DB0768D42CF0030C07EB0C0393422A
:10A4500045DAC30712D454F8083CA9EB030ADAF82A
:10A46000043023F0030084440CEB070B5A4540F3FF
:10A47000FE8007EB000B5A4540F3D480314640463E
:10A48000FFF7F2FC0646002800F0298154F8043C4E
:10A49000A0F1080223F001034B44934200F0B18085
:10A4A0003A1F242A00F2DF80132A00F2B08003460C
:10A4B0002246116819605168596092689A60214675
:10A4C000404600F0CDFA4046FFF77EFF304603B02D
:10A4D000BDE8F08F25F007052A46EB0F9AE71F46E7
:10A4E000D1E90223D3609A60781BD9F8043009EBD4
:10A4F00007020F2803F001031FD83B43C9F80430BB
:10A50000536843F00103536026464046FFF75CFF63
:10A51000304603B0BDE8F08FC307AFD454F8083C11
:10A52000A9EB030ADAF8043023F00300A1E711468F
:10A5300003B0BDE8F04FFFF797BC2B4309EB0501D3
:10A5400040F00100C9F80430083141F8040C4046DD
:10A55000536843F00103536000F082FAD4E70C2300
:10A56000C8F800300026D3E72CF0030C05F11001E9
:10A570000CEB07038B4280F29280C0073FF57EAF61
:10A5800054F8083CA9EB030ADAF8043023F003007E
:10A5900084440CEB070399423FF76BAF3A1F5646D2
:10A5A000DAF80C1056F8080F242AC160886000F20F
:10A5B000B080132A40F2AB8021681B2ACAF8081029
:10A5C0006168CAF80C1000F2AB8008340AF110027E
:10A5D0002168116061685160A16891605B1B0AEBA2
:10A5E0000502404643F00103CBF808205360DAF837
:10A5F000043003F001032B43CAF80430FFF7E4FEF4
:10A6000086E750F8043C23F003031F446CE72368FB
:10A610001B2A03606368436036D804F1080200F126
:10A62000080346E73A1F5646DAF80C30242A56F853
:10A63000081FCB60996022D8132A1ED923681B2AD1
:10A64000CAF808306368CAF80C303CD808340AF1FC
:10A65000100322681A6062685A60A2689A603446E1
:10A660005F46D14640E7214600F074F827E7D1E97C
:10A6700002133A1FCB609960D5E73346E9E72146DC
:10A68000304600F067F8EAE7A368242A8360E368AD
:10A69000C36028D004F1100200F1100309E75B1B2E
:10A6A00009EB05024046264643F00103CBF808209B
:10A6B000536054F8043C03F001032B4344F8043C7A
:10A6C000FFF782FE24E7A368242ACAF81030E36863
:10A6D000CAF8143010D010340AF11803B9E7404614
:10A6E000FFF772FE3EE7236904F118020361636914
:10A6F000436100F11803DCE623691834CAF8183006
:10A7000054F8043CCAF81C300AF12003A1E7324691
:10A710005EE721463046019300F01CF8019B5DE79F
:10A72000A168242ACAF81010E168CAF8141003D0EE
:10A7300010340AF118024BE722691834CAF81820BD
:10A7400054F8042CCAF81C200AF1200240E700BF8C
:10A75000B811002088420ED98B1883420BD900EB28
:10A76000020C002A6ED0624613F801CD994202F81D
:10A7700001CDF9D170470F2A0FD8034602F1FF3CF3
:10A78000002A5FD00CF1010C013B8C4411F8012B25
:10A79000614503F8012FF9D1704740EA01039B0797
:10A7A00051D1A2F1100301F1200C70B523F00F0577
:10A7B00001F1100E00F110041B09AC445EF8105CAE
:10A7C0000EF1100E103444F8205C5EF81C5C44F866
:10A7D0001C5C5EF8185C44F8185C5EF8145CE64596
:10A7E00044F8145CEAD1013312F00C0F02F00F0CA4
:10A7F00001EB031100EB031329D0ACF1040C1C1F77
:10A800008E462CF003064FEA9C0C1E445EF8045B57
:10A8100044F8045FB442F9D10CF1010402F00302E0
:10A8200003EB840301EB840102F1FF3C4AB10CF11C
:10A83000010C013B8C4411F8012B614503F8012FF9
:10A84000F9D170BD704702F1FF3C03469AE76246BA
:10A85000EAE700BF70B5860747D0541E002A3ED0F5
:10A86000CAB2034601E0013C39D303F8012B9D072E
:10A87000F9D1032C2CD9CDB20F2C05EB052505EB16
:10A88000054535D9A4F1100C03F1100E1A462CF031
:10A890000F064FEA1C1CB644C2E90055C2E9025536
:10A8A00010327245F8D10CF1010214F00C0F04F0D3
:10A8B0000F0C03EB021213D0ACF1040323F00303DB
:10A8C0000433134442F8045B9342FBD10CF00304BD
:10A8D0002CB1C9B21C4403F8011BA342FBD170BDCB
:10A8E00064461346002CF4D1F9E703461446C0E74A
:10A8F0001A46A446E0E700BF38B50022064D0446DC
:10A9000008462A60FCF772FD431C00D038BD2B6856
:10A91000002BFBD0236038BD388C0320014B186816
:10A92000704700BFC0150020704700BF704700BFD0
:10A93000082802D14FF48050704708B5FFF7EEFFAA
:10A94000162203464FF0FF301A6008BD20F00301C5
:10A9500010F00300C0F1000051F8043B00F1040CBA
:10A960004FEACC0C6FF000021CBF22FA0CF213432A
:10A970004FF0010C4CEA0C2C4CEA0C4CA3EB0C02F3
:10A9800022EA030212EACC1204BF51F8043B04305D
:10A99000F4D0C2F1000102EA0102B2FA82F2C2F17D
:10A9A0001F0200EBD20070472DE9F8430646DFF89E
:10A9B000AC8008208946FFF7BBFF05463046FFF70D
:10A9C000FDFCD8F808305F6827F00307A7F11104F1
:10A9D000A4EB09042C44B4FBF5F4013C05FB04F49E
:10A9E000A54208DC00213046FFF786FFD8F8083082
:10A9F0003B44984205D03046FFF7E6FC0020BDE816
:10AA0000F88361423046FFF777FF01300FD03F1BDC
:10AA1000104AD8F80830304647F001075F601368E5
:10AA20001B1B1360FFF7D0FC0120BDE8F883002159
:10AA30003046FFF761FFD8F80820831A0F2BDADDC4
:10AA400043F0010303495360034B1B68C01A0860BD
:10AA5000D1E700BFCC8A0320AC110020B811002040
:10AA600000297CD02DE9F0410C468046FFF7A6FC7A
:10AA7000764F54F8043CA4F10805BE6823F00101A8
:10AA800068184268864222F0030200F08380DE07E5
:10AA900000EB020C426033D454F8084CDCF804306C
:10AAA00007F1080C2D1B214403F00103AC68644539
:10AAB00064D0D5F80CE0C4F80CE0CEF80840002BC8
:10AAC00000F0818041F001036B600160B1F5007F0F
:10AAD00022D2CB080122490901338A4079680A430E
:10AAE00057F833107A6007EBC302083AC5E902123F
:10AAF00047F83350CD604046BDE8F041FFF764BCF5
:10AB0000DCF80430DB072BD541F00103B1F5007F01
:10AB100044F8043C0160DCD3B1F5206F4FEA5123C7
:10AB200053D28B0903F1390003F13802C300F8183E
:10AB3000FB580838984203D161E09B68984204D0E2
:10AB40005A6822F003028A42F7D8D868C5E9023071
:10AB500085604046DD60BDE8F041FFF735BC7047D9
:10AB6000114407F1080C836863453FD0C268DA607E
:10AB7000936041F001036B606950A7E7002B5FD140
:10AB80000A44D0E90213CB60996042F001036B6084
:10AB9000AA50B0E7DB070A4407D454F8083CED1A82
:10ABA0001A44D5E90213CB60996042F001036B604F
:10ABB000274BBD601B6893429DD8264B40461968C1
:10ABC000FFF7F2FE97E71144CDE7142B08D9542B79
:10ABD0001DD80B0B03F16F0003F16E02C300A6E753
:10ABE00003F15C0003F15B02C300A0E741F0010345
:10ABF000C7E90455C5E902CC6B6069507BE70121C8
:10AC0000921001FA02F279680A437A609EE7B3F57E
:10AC1000AA7F06D8CB0B03F1780003F17702C300BB
:10AC200085E740F25452934206D88B0C03F17D0025
:10AC300003F17C02C3007AE74FF47E737E2276E74D
:10AC400041F001036B60016055E700BFB8110020BF
:10AC5000B0110020FC8A0320844641EA000313F06F
:10AC6000030349D1403A23D30B6803604B68436028
:10AC70008B688360CB68C3600B6903614B69436178
:10AC80008B698361CB69C3610B6A03624B6A436260
:10AC90008B6A8362CB6AC3620B6B03634B6B436348
:10ACA0008B6B8363CB6BC36340304031403ADBD264
:10ACB00030320BD30B6803604B6843608B68836052
:10ACC000CB68C36010301031103AF3D20C3205D388
:10ACD00051F8043B40F8043B043AF9D2043208D05E
:10ACE000D2071CBF11F8013B00F8013B01D30B88D0
:10ACF00003806046704700BF082A13D38B07B1D08A
:10AD000010F00303AED0C3F10403D21ADB071CBF5B
:10AD100011F8013B00F8013BA4D331F8023B20F8C5
:10AD2000023B9FE7043AD9D3013A11F8013B00F8FE
:10AD3000013BF9D20B7803704B7843708B788370AA
:10AD400060467047032A30B415D941EA00048446AE
:10AD50000B46A40704D0541E0FE0043A032A08D976
:10AD60001946604653F8044B5CF8045BA542F4D0E6
:10AD7000F1E760461946541E7AB1431E01390219A3
:10AD800001E09A4209D013F8010F11F801CF604594
:10AD9000F7D0A0EB0C0030BC7047002030BC7047EF
:10ADA000F8B500BF000000005FF800F06107002068
:10ADB0005FF800F0950100205FF800F0110100201D
:10ADC0005FF800F0311000205FF800F0CD060020A1
:10ADD0005FF800F0350A00205FF800F095090020C8
:10ADE0005FF800F0DD0700205FF800F00D0600209E
:10ADF000A91B0010F11B0010251C0010951C001051
:10AE00005D1C00107D1C0010891B0010E53E001029
:10AE1000E9150010753E0010C15E0010A51B001062
:10AE2000CD1B0010411C001099150010A915001031
:04AE300011020010FB
:10AE3800494E00004F5554002A2A2A2A20464149E3
:10AE48004C454420544F2041424F52542025642001
:10AE580025733A202530387820253038780A0000C4
:10AE68005741524E494E473A20000000756E7465AE
:10AE7800737465643F2067697665206275666665E8
:10AE8800722077697468206F75747374616E646971
:10AE98006E67207061636B657420256420257320BC
:10AEA8006F776E65642025640A000000756E74650E
:10AEB800737465643F207374616C6C206F662074D2
:10AEC80072616E736665722077697468206F6E5F51
:10AED800636F6D706C6574652073657420256420DC
:10AEE80025732025700A00007265636569766564BC
:10AEF80020756E6578706563746564207061636B36
:10AF08006574206F6E2025642025730A00000000F8
:10AF18006368756E6B6F202564206C656E20253024
:10AF28003578206F6666736574202530387820730D
:10AF3800697A652025303478207472616E7366658D
:10AF48007220253038780A003E3E205472756E63B0
:10AF58006174656420253038780A00000A2A2A2A94
:10AF68002050414E4943202A2A2A0A004861726427
:10AF780020617373657274004861726477617265E9
:10AF880020616C61726D20256420616C726561645A
:10AF98007920636C61696D65640000004F757420E9
:10AFA8006F66206D656D6F72790000004E6F2044EA
:10AFB8004D41206368616E6E656C73206172652017
:10AFC800617661696C61626C650000004E6F207388
:10AFD80070696E6C6F636B73206172652061766156
:10AFE800696C61626C65000053797374656D2063E8
:10AFF8006C6F636B206F66202575206B487A206321
:10B00800616E6E6F742062652065786163746C7917
:10B01800206163686965766564000000556E686143
:10B028006E646C65642064657669636520494E20AA
:10B038007365747570207265717565737420253039
:10B0480032780A00556E68616E646C6564206465C8
:10B0580076696365204F5554207365747570207246
:10B0680065717565737420253032780A0000000018
:10B078002869676E6F726564292073657420696E2C
:10B08800746572666163652025642028616C74208C
:10B098002564290A00000000556E68616E646C65BD
:10B0A8006420696E74657266616365202530327844
:10B0B80020736574757020726571756573742025C9
:10B0C80030327820626D5265717565737454797089
:10B0D8006520253032780A005365747570207265D2
:10B0E8007175657374202530347820666F72207509
:10B0F8006E6B6E6F776E20696E74657266616365DC
:10B1080020253034780A0000556E68616E646C65DD
:10B1180064206570202530327820257320494E2020
:10B128007365747570207265717565737420253048
:10B1380032780A00556E68616E646C6564206570CB
:10B148002025303278202573204F5554207365749C
:10B158007570207265717565737420253032780AB0
:10B1680000000000556E68616E646C656420656E51
:10B1780064706F696E74202564202573207365746C
:10B18800757020726571756573742025303278206A
:10B19800626D5265717565737454797065202530D8
:10B1A80032780A005365747570207061636B65743A
:10B1B800202530347820666F7220756E6B6E6F773D
:10B1C8006E20656E64706F696E7420253034780A5D
:10B1D80000000000556E68616E646C6564207365DC
:10B1E800747570207061636B6574202D20737461B1
:10B1F8006C6C696E6720636F6E74726F6C20706917
:10B20800706500004572726F72203078256C782066
:10B218002873696520737461747573203078256CA0
:10B2280078290A004461746120736571206572721F
:10B238006F720000556E68616E646C6564204952D7
:10B248005120307825780A0053657020313020323B
:10B25800303236005069636F32556C7472614869D8
:10B268005265735553424444430000007069636F4C
:10B2780032000000322E322E30000000302E310015
:10B28800626F6F74325F773235713038300000008A
:10B2980052656C656173650055415254207374643E
:10B2A8006F757400417271416C696365000000003C
:10B2B8005069636F3220556C7472614869526573C6
:10B2C800205553422D44444300000000792E746FEA
:10B2D8006D693031333140676D61696C2E636F6D14
:10B2E8003A0000000000000020620500204E000027
:10B2F800606D0000000180000100000200010000F4
:10B3080008002C00800060010000803F0000803FA2
:10B31800183D041018FD031000DC0500204E000045
:10B32800606D0000000180000100000200010000C3
:10B33800080038008000C0010000803F0000803F06
:10B3480018FD021018BD021010B10200204E0000B6
:10B35800606D000000018000010000020001000093
:10B3680004002C008000B0000000803F0000803FF7
:10B3780018BD0310189D031020620500204E000020
:10B3880080BB0000000180000100000200010000F5
:10B3980004001900800064000000803F0000803F26
:10B3A800185D0310183D031020620500204E0000B0
:10B3B800606D000000018000010000020001000033
:10B3C80008003300800098010000803F0000803FA3
:10B3D800189D0410185D041010B10200204E0000E2
:10B3E80044AC0000800040000100800040000000E4
:10B3F80002001E0040003C000000803F0000803F2B
:10B4080018310310182D031010B10200204E00004F
:10B41800606D0000000180000100000200010000D2
:10B42800040033008000CC000000803F0000803F13
:10B4380018ED031018CD031020620500204E0000FF
:10B4480000770100800040000100800040000000FB
:10B4580002001300400026000000803F0000803FEB
:10B4680018210310181D031000DC0500204E0000F1
:10B47800606D000000018000010000020001000072
:10B4880008002F00800078010000803F0000803F06
:10B49800189D0210185D021020620500204E000061
:10B4A80080BB0000000180000100000200010000D4
:10B4B80004001E00800078000000803F0000803FEC
:10B4C800188D0310186D031000EE0200204E0000C6
:10B4D800606D000000018000010000020001000012
:10B4E800040030008000C0000000803F0000803F62
:10B4F800181D021018FD011000DC0500204E000088
:10B5080080BB000000018000010000020001000073
:10B5180004001C00800070000000803F0000803F95
:10B5280018BD0110189D011010B10200204E000036
:10B5380044AC000080004000010080004000000092
:10B5480002002300400046000000803F0000803FCA
:10B55800183903101835031000EE0200204E0000C1
:10B5680080BB000080004000010080004000000017
:10B5780002001C00400038000000803F0000803FAF
:10B5880018910110188D011020620500204E00004E
:10B5980000770100800040000100800040000000AA
:10B5A8000200160040002C000000803F0000803F91
:10B5B800182903101825031000DC0500204E000090
:10B5C800007701008000400001008000400000007A
:10B5D8000200150040002A000000803F0000803F64
:10B5E80018810110187D011000DC0500204E0000B4
:10B5F800007701008000400001008000400000004A
:10B6080002001800400030000000803F0000803F2A
:10B61800188901101885011000EE0200204E000064
:10B6280080BB000080004000010080004000000056
:10B6380002002100400042000000803F0000803FDF
:10B64800189901101895011000DC0500204E000023
:10B6580080BB000000018000010000020001000022
:10B6680004002000800080000000803F0000803F30
:10B6780018ED011018CD011000EE0200204E000058
:10B68800606D000000018000010000020001000060
:10B69800040038008000E0000000803F0000803F88
:10B6A800184D0210182D0210ACB20010B8B20010DC
:10B6B800D4B2001008000010100000021800001298
:10B6C800200000042800001430000006380000168E
:10B6D80040000008480000185000000A5800001AEE
:10B6E8006000000C6800001C7000000E7800001E4E
:10B6F8008000000888004010900040029800401226
:10B70800A0004004A8004014B0004006B80040164D
:10B71800C0004008C8004018D000400AD800401AAD
:10B72800E000400CE800401CF000400EF800401E0D
:10B738000001000808018010100180021801801221
:10B748002001800428018014300180063801801609
:10B7580040018008480180185001800A5801801A69
:10B768006001800C6801801C7001800E7801801EC9
:10B77800800140088801C0109001C0029801C012E1
:10B78800A001C004A801C014B001C006B801C016C9
:10B79800C001C008C801C018D001C00AD801C01A29
:10B7A800E001C00CE801C01CF001C00EF801C01E89
:10B7B800000200080802001110020003180200131A
:10B7C8002002000528020015300200073802001781
:10B7D80040020009480200195002000B5802001BE1
:10B7E8006002000D6802001D7002000F7802001F41
:10B7F800800280088802401190024003980240139A
:10B80800A0024005A8024015B0024007B802401740
:10B81800C0024009C8024019D002400BD802401BA0
:10B82800E002400DE802401DF002400FF802401F00
:10B8380000034008080380111003800318038013D5
:10B8480020038005280380153003800738038017FC
:10B8580040038009480380195003800B5803801B5C
:10B868006003800D6803801D7003800F7803801FBC
:10B878008003C0088803C0119003C0039803C01355
:10B88800A003C005A803C015B003C007B803C017BC
:10B89800C003C009C803C019D003C00BD803C01B1C
:10B8A800E003C00DE803C01DF003C00FF803C01F7C
:10B8B80000040010080408101004001118040812ED
:10B8C8002004081028040814300408063804081650
:10B8D80040040808480408185004080A5804081ABC
:10B8E8006004080C6804081C7004080E7804081E1C
:10B8F800800400188804481090040019980448121D
:10B90800A0040818A8044814B0044806B804481647
:10B91800C0044808C8044818D004480AD804481A7B
:10B92800E004480CE804481CF004480EF804481EDB
:10B9380000054010080588101005401118058812E8
:10B94800200548102805881430058806380588160B
:10B9580040058808480588185005880A5805881A37
:10B968006005880C6805881C7005880E7805881E97
:10B97800800540188805C810900540199805C81218
:10B98800A0054818A805C814B005C806B805C81603
:10B99800C005C808C805C818D005C80AD805C81AF7
:10B9A800E005C80CE805C81CF005C80EF805C81E57
:10B9B80000068010080608111006801118060813E2
:10B9C80020068810280608153006080738060817C4
:10B9D80040060809480608195006080B5806081BAF
:10B9E8006006080D6806081D7006080F7806081F0F
:10B9F8008006801888064811900680199806481312
:10BA0800A0068818A8064815B0064807B8064817BB
:10BA1800C0064809C8064819D006480BD806481B6E
:10BA2800E006480DE806481DF006480FF806481FCE
:10BA38000007C010080788111007C01118078813DD
:10BA48002007C8102807881530078807380788177F
:10BA580040078809480788195007880B5807881B2A
:10BA68006007880D6807881D7007880F7807881F8A
:10BA78008007C0188807C8119007C0199807C8130D
:10BA8800A007C818A807C815B007C807B807C81777
:10BA9800C007C809C807C819D007C80BD807C81BEA
:10BAA800E007C80DE807C81DF007C80FF807C81F4A
:10BAB8000808101010084008180810122008001173
:10BAC8002808101430088011380810164808101873
:10BAD8005008100A5808101A6008100C6808101C42
:10BAE8007008100E7808101E8008000A8808501088
:10BAF8009008000B98085012A008080AA8085014CB
:10BB0800B008080BB8085016C008100AC808501822
:10BB1800D008500AD808501AE008500CE808501C01
:10BB2800F008500EF808501E0809901010098009F6
:10BB38001809901220090019280990143009801951
:10BB4800380990164009000B480990185009900AC6
:10BB58005809901A6009900C6809901C7009900E99
:10BB68007809901E8009400A8809D0109009400B76
:10BB78009809D012A009480AA809D014B009480B9E
:10BB8800B809D016C009500AC809D018D009D00A77
:10BB9800D809D01AE009D00CE809D01CF009D00E59
:10BBA800F809D01E080A1011180A1013200A4011AB
:10BBB800280A1015300AC011380A1017480A101937
:10BBC800500A100B580A101B600A100D680A101D45
:10BBD800700A100F780A101F880A5011900A800BFB
:10BBE800980A5013A00A5011A80A5015B00A880BD9
:10BBF800B80A5017C00A800BC80A5019D00A500B4F
:10BC0800D80A501BE00A500DE80A501DF00A500FE0
:10BC1800F80A501F080B9011180B9013200B4019AD
:10BC2800280B9015300BC019380B9017480B90193A
:10BC3800500B900B580B901B600B900D680B901DD0
:10BC4800700B900F780B901F880BD011900BC00BC6
:10BC5800980BD013A00B5019A80BD015B00BC80B1C
:10BC6800B80BD017C80BD019D80BD01BE00BD00DD0
:10BC7800E80BD01DF00BD00FF80BD01F000C0012F2
:10BC8800080C1810100C0013180C1812200C0812AD
:10BC9800280C1814300C0813380C1816400C101205
:10BCA800480C1818500C1013580C181A600C18125D
:10BCB800680C181C700C180E780C181E800C001AD2
:10BCC800880C5810900C001B980C5812A00C081ADD
:10BCD800A80C5814B00C081BB80C5816C00C101A35
:10BCE800C80C5818D00C101BD80C581AE00C181A8D
:10BCF800E80C581CF00C580EF80C581E000D401299
:10BD0800080D9810100D4013180D9812200D4812A8
:10BD1800280D9814300D4813380D9816400D501200
:10BD2800480D9818500D5013580D981A600D581258
:10BD3800680D981C700D980E780D981E800D401A8D
:10BD4800880DD810900D401B980DD812A00D481AD8
:10BD5800A80DD814B00D481BB80DD816C00D501A30
:10BD6800C80DD818D00D501BD80DD81AE00D581A88
:10BD7800E80DD81CF00DD80EF80DD81E000E801254
:10BD8800080E1811100E8013180E1813200E8812A2
:10BD9800280E1815300E8813380E1817400E9012FA
:10BDA800480E1819500E9013580E181B600E981252
:10BDB800680E181D700E180F780E181F800E801A46
:10BDC800880E5811900E801B980E5813A00E881AD2
:10BDD800A80E5815B00E881BB80E5817C00E901A2A
:10BDE800C80E5819D00E901BD80E581BE00E981A82
:10BDF800E80E581DF00E580FF80E581F000FC0120D
:10BE0800080F9811100FC013180F9813200FC8129D
:10BE1800280F9815300FC813380F9817400FD012F5
:10BE2800480F9819500FD013580F981B600FD8124D
:10BE3800680F981D700F980F780F981F800FC01A01
:10BE4800880FD811900FC01B980FD813A00FC81ACD
:10BE5800A80FD815B00FC81BB80FD817C00FD01A25
:10BE6800C80FD819D00FD01BD80FD81BE00FD81A7D
:10BE7800E80FD81DF00FD81BF80FD81F0810201096
:10BE8800101040101810201228102014301088109C
:10BE9800381020164010001148102018501040117A
:10BEA8005810201A601008126810201C7010881290
:10BEB8007810201E8010001288100812901040126E
:10BEC80098106012A0102012A8106014B010601210
:10BED800B8106016C0100013C8106018D0104013B6
:10BEE800D810601AE0101812E810601CF0109812B0
:10BEF800F810601E08112012101140111811A0121C
:10BF0800201108182811A014301188183811A0160B
:10BF18004811A0185811A01A6011081A6811A01C1D
:10BF28007011881A7811A01E801110128811181229
:10BF3800901150129811E012A0111818A811E014CD
:10BF4800B0119818B811E016C0111013C811E018F4
:10BF5800D0115013D811E01AE011181AE811E01C9A
:10BF6800F011981AF811E01E0012001808120818AB
:10BF78001012401818122013201220182812201509
:10BF88003012601838122017401200194812201970
:10BF9800501240195812201B601220196812201DD7
:10BFA8007012C8127812201F8012001A8812081AFC
:10BFB8009012401A98126013A012201AA812601545
:10BFC800B012601AB8126017C012001BC8126019AC
:10BFD800D012401BD812601BE012201BE812601D13
:10BFE800F012601BF812601F0013101808131818BD
:10BFF800101350181813A013201348182813A0154D
:10C008003013C8183813A017401310194813A01973
:10C01800501350195813A01B6013481A6813A01D19
:10C028007013C81A7813A01F8013101A8813181ACF
:10C038009013501A9813E013A0135818A813E0157A
:10C04800B013D818B813E017C013101BC813E019A1
:10C05800D013501BD813E01BE013581AE813E01D47
:10C06800F013D81AF813E01F081420141014001540
:10C078001814201530140815381428164014001503
:10C0880048142818501410155814281A601420152C
:10C098006814281C701418157814281E8014001CA5
:10C0A8008814201C9014001D9814201DA014081C2E
:10C0B800A814281CB014081DB8146816C014101C45
:10C0C800C8146818D014101DD814681AE014181C65
:10C0D800E814681CF014181DF814681E08152015BB
:10C0E8001015401518156015201528182815281C36
:10C0F800301548153815A8164815A8185815A81A3F
:10C108006015281A6815A81C7015A81A7815A81E95
:10C118008015401C8815601C9015401D9815601DE1
:10C12800A015481CA815681CB015481DB815E816B8
:10C13800C015501CC815E818D015501DD815E81A98
:10C14800E015581CE815E81CF015581DF815E81EF0
:10C158000016001C0816081C1016401C1816481C4F
:10C168002016201C2816281C3016601C3816281784
:10C178004016001D481628195016401D5816281B31
:10C188006016201D6816281D7016601D7816281F59
:10C198008016801C8816A01C9016801D9816A01D5D
:10C1A800A016881CA816A81CB016881DB8166817F3
:10C1B800C016901CC8166819D016901DD816681B92
:10C1C800E016981CE816681DF016981DF816681FEA
:10C1D8000017101C0817181C1017501C1817581C8B
:10C1E800201768182817681C3017E8183817A81778
:10C1F8004017101D4817A8195017501D5817A81B8D
:10C208006017681A6817A81D7017E81A7817A81F0A
:10C218008017C01C8817E01C9017C01D9817E01DD8
:10C22800A017C81CA817E81CB017C81DB817E8172E
:10C23800C017D01CC817E819D017D01DD817E81B8D
:10C24800E017D81CE817E81DF017D81DF817E81FE5
:10C2580018186018301848183818601C5818301A00
:10C268006818301C7018181A7818301E8018001AB0
:10C278008818081A9018001B98186019A018201A16
:10C28800A818281AB018201BB818601DC018101A52
:10C29800C818181AD018101BD818701AE018301AB5
:10C2A800E818701CF018581AF818701E0819201988
:10C2B8001819601A2819081D301988193819881D85
:10C2C8004819201B5819B01A6019081B6819B01CA6
:10C2D8007019881B7819B01E8019401A8819481AD5
:10C2E8009019401B9819601BA019601AA819181DED
:10C2F800B019601BB819981DC019501AC819581AD6
:10C30800D019501BD819F01AE019181BE819F01C9D
:10C31800F019981BF819F01E381A701C581A301B9F
:10C32800681A301D701A181B781A301F901AC01A14
:10C33800981AC81AB01AE01AB81AE81AC01A801B54
:10C34800C81A881BD01AC01BD81A701BE01AA01B69
:10C35800E81A701DF01AE01BF81A701F281B481DF8
:10C36800381BC81D481B601B581BB01B681BB01D21
:10C37800701BC81B781BB01F901BC01B981BC81BC9
:10C38800A81B581DB01BE01BB81BD81DD81BF01BE1
:10C39800E81BF01DF81BF01F081C201C181C301C83
:10C3A800381C681C481C601C581C701C781C381EE3
:10C3B800801C001E881C201E901C001F981C201F1B
:10C3C800A01C081EA81C281EB01C081FB81C281F6B
:10C3D800C01C101EC81C301ED01C101FD81C301FBB
:10C3E800E01C181EE81C381EF01C181FF81C781ECC
:10C3F800081D201D181D301D381DA81D481D601D55
:10C40800581D701D681D281F781DB81E801D401EF0
:10C41800881D601E901D401F981D601FA01D481E8E
:10C42800A81D681EB01D481FB81D681FC01D501EDE
:10C43800C81D701ED01D501FD81D701FE01D581E2E
:10C44800E81D781EF01D581FF81DF81E081E201E36
:10C45800181E301E481E601E581E701E781E381F7B
:10C46800881EA01E901E801F981EA01FB01E881F29
:10C47800B81EA81FC01E801FC81E881FD01E901F70
:10C48800D81EB01FE01EA01FE81EA81FF01E981F90
:10C49800F81E781F081F201F181F301F481F601F15
:10C4A800581F701F781FB81F881FA01F901FC01F1C
:10C4B800981FE01FB01FC81FB81FE81FC81FE01F44
:10C4C800D81FF01F08000002100000041800000622
:10C4D800200000082800000A3000000C3800000E78
:10C4E80048004002500040045800400660004008E0
:10C4F8006800400A7000400C7800400E88008002F6
:10C508009000800498008006A0008008A800800A97
:10C51800B000800CB800800EC800C002D000C00473
:10C52800D800C006E000C008E800C00AF000C00C4F
:10C53800F800C00E080100031001000518010007EB
:10C54800200100092801000B3001000D3801000FFF
:10C558004801400350014005580140076001400967
:10C568006801400B7001400D7801400F880180037D
:10C578009001800598018007A0018009A801800B1F
:10C58800B001800DB801800FC801C003D001C005FB
:10C59800D801C007E001C009E801C00BF001C00DD7
:10C5A800F801C00F10020804180208062002080843
:10C5B8002802080A3002080C3802080E5002480403
:10C5C80058024806600248086802480A7002480C87
:10C5D8007802480E9002880498028806A00288080B
:10C5E800A802880AB002880CB802880ED002C804D3
:10C5F800D802C806E002C808E802C80AF002C80C57
:10C60800F802C80E100308051803080720030809D4
:10C618002803080B3003080D3803080F500348059A
:10C6280058034807600348096803480B7003480D1E
:10C638007803480F9003880598038807A0038809A2
:10C64800A803880BB003880DB803880FD003C8056A
:10C65800D803C807E003C809E803C80BF003C80DEE
:10C66800F803C80F18041006200410082804100A3C
:10C678003004100C3804100E58045006600450089A
:10C688006804500A7004500C7804500E9804900600
:10C69800A0049008A804900AB004900CB804900E66
:10C6A800D804D006E004D008E804D00AF004D00C7E
:10C6B800F804D00E18051007200510092805100BDE
:10C6C8003005100D3805100F580550076005500942
:10C6D8006805500B7005500D7805500F98059007A8
:10C6E800A0059009A805900BB005900DB805900F0E
:10C6F800D805D007E005D009E805D00BF005D00D26
:10C70800F805D00F200618082806180A3006180C55
:10C718003806180E600658086806580A7006580C3D
:10C728007806580EA0069808A806980AB006980C2D
:10C73800B806980EE006D808E806D80AF006D80C1D
:10C74800F806D80E200718092807180B3007180D07
:10C758003807180F600758096807580B7007580DF5
:10C768007807580FA0079809A807980BB007980DE5
:10C77800B807980FE007D809E807D80BF007D80DD5
:10C78800F807D80F2808200A3008200C3808200E8F
:10C798006808600A7008600C7808600EA808A00A8B
:10C7A800B008A00CB808A00EE808E00AF008E00CF1
:10C7B800F808E00E2809200B3009200D3809200F51
:10C7C8006809600B7009600D7809600FA809A00B53
:10C7D800B009A00DB809A00FE809E00BF009E00DB9
:10C7E800F809E00F300A280C380A280E700A680C7D
:10C7F800780A680EB00AA80CB80AA80EF00AE80C65
:10C80800F80AE80E300B280D380B280F700B680D4E
:10C81800780B680FB00BA80DB80BA80FF00BE80D3C
:10C82800F80BE80F380C300E780C700EB80CB00E00
:10C83800F80CF00E380D300F780D700FB80DB00FE2
:10C84800F80DF00F080000021000000418000006A0
:10C858002000400028004002300040043800400614
:10C868004000800048008002500080045800800684
:10C878006000C0006800C0027000C0047800C006F4
:10C888008000000188000003900000059800000760
:10C89800A0004001A8004003B0004005B8004007D0
:10C8A800C0008001C8008003D0008005D800800740
:10C8B800E000C001E800C003F000C005F800C007B0
:10C8C8000001000208010802100108041801080606
:10C8D8002001800228014802300148043801480636
:10C8E8004001000348018802500188045801880665
:10C8F800600180036801C8027001C8047801C80695
:10C9080080010802880108039001080598010807BA
:10C91800A0018802A8014803B0014805B8014807EA
:10C92800C0010803C8018803D0018805D801880719
:10C93800E0018803E801C803F001C805F801C80749
:10C948000802100200020004100210041802100667
:10C958002002800428025002300250043802500697
:10C9680040020005480290025002900458029006C6
:10C97800600280056802D0027002D0047802D006F6
:10C98800800208048802100390021005980210071C
:10C99800A0028804A8025003B0025005B80250074C
:10C9A800C0020805C8029003D0029005D80290077B
:10C9B800E0028805E802D003F002D005F802D007AB
:10C9C80000030006080310061003180418031806CD
:10C9D80020038006280390063003580438035806BD
:10C9E80040030007480310075003980458039806AB
:10C9F80060038007680390077003D8047803D8069B
:10CA0800800308068803180690031805980318077A
:10CA1800A0038806A8039806B0035805B80358076A
:10CA2800C0030807C8031807D0039805D803980758
:10CA3800E0038807E8039807F003D805F803D80748
:10CA48000804800410042004180420062804800523
:10CA58003004600438046006400400064804880472
:10CA68005004A0045804A006600410066804880551
:10CA78007004E0047804E006880480069004200529
:10CA880098042007A0040806A8048007B0046005DD
:10CA9800B8046007C0042006C8048806D004A005AE
:10CAA800D804A007E0041806E8048807F004E005A5
:10CAB800F804E00708052005100580051805280674
:10CAC80028059005300588053805680640050007E3
:10CAD80048052007500580075805A806600508077F
:10CAE80068059805700588077805E80688059006A2
:10CAF80098052807A0052806A8059007B005280767
:10CB0800B8056807C0051007C8059806D00590073E
:10CB1800D805A807E0051807E8059807F00598075D
:10CB2800F805E807180630063806700640060007BC
:10CB380048068007500608075806B0066006100722
:10CB480068069007700618077806F0068806A0069B
:10CB580098063007A806A007B0068807B806700729
:10CB6800C0062007C806A007D0062807D806B007C1
:10CB7800E0063007E806A807F0069807F806F00769
:10CB88004807500738079807500760075807700785
:10CB98006007C0076807D0077807F0077007E00745
:10CBA800B807F007A807B007D807F007C807E007D5
:10CBB800E807F0070000803F0000000043EC7F3FDB
:10CBC800B00AC93C0FB17F3F2FFB483D6D4E7F3FF8
:10CBD80005A9963D6DC47E3F36BDC83D24137E3FF2
:10CBE80073B2FA3DAC3A7D3F8340163E283B7C3F0A
:10CBF800A2102F3EBE147B3FC2C5473E9DC7793F5A
:10CC0800135C603EF853783FCCCF783E07BA763F46
:10CC1800938E883E0BFA743F31A0943E4714733FBD
:10CC2800E59AA03E0809713FD47CAC3E9ED86E3F81
:10CC38002A44B83E5E836C3F15EFC33EA7096A3F9E
:10CC4800CA7BCF3ED86B673F80E8DA3E59AA643F7B
:10CC58007533E63E98C5613FEA5AF13E05BE5E3F30
:10CC6800275DFC3E1A945B3F3D9C033F5348583F69
:10CC78009BF5083F31DB543FDA390E3F3D4D513FBC
:10CC88002A68133F029F4D3FC07F183F12D1493F8A
:10CC9800D17F1D3F03E4453F9967223F70D8413F4C
:10CCA8005636273FF9AE3D3F4AEB2B3F4268393FA6
:10CCB800BB85303FF304353FF304353FBB85303F38
:10CCC8004268393F4AEB2B3FF9AE3D3F5636273F86
:10CCD80070D8413F9967223F03E4453FD17F1D3F0C
:10CCE80012D1493FC07F183F029F4D3F2A68133F2A
:10CCF8003D4D513FDA390E3F31DB543F9BF5083F3C
:10CD08005348583F3D9C033F1A945B3F275DFC3EC8
:10CD180005BE5E3FEA5AF13E98C5613F7533E63E6F
:10CD280059AA643F80E8DA3ED86B673FCA7BCF3E9A
:10CD3800A7096A3F15EFC33E5E836C3F2A44B83E9D
:10CD48009ED86E3FD47CAC3E0809713FE59AA03E60
:10CD58004714733F31A0943E0BFA743F938E883E7C
:10CD680007BA763FCCCF783EF853783F135C603EE5
:10CD78009DC7793FC2C5473EBE147B3FA2102F3ED8
:10CD8800283B7C3F8340163EAC3A7D3F73B2FA3D68
:10CD980024137E3F36BDC83D6DC47E3F05A9963D30
:10CDA8006D4E7F3F2FFB483D0FB17F3FB00AC93C16
:10CDB80043EC7F3F000000000000803FB00AC9BC80
:10CDC80043EC7F3F2FFB48BD0FB17F3F05A996BDC0
:10CDD8006D4E7F3F36BDC8BD6DC47E3F73B2FABD90
:10CDE80024137E3F834016BEAC3A7D3FA2102FBE6F
:10CDF800283B7C3FC2C547BEBE147B3F135C60BE68
:10CE08009DC7793FCCCF78BEF853783F938E88BEC4
:10CE180007BA763F31A094BE0BFA743FE59AA0BEDC
:10CE28004714733FD47CACBE0809713F2A44B8BE8E
:10CE38009ED86E3F15EFC3BE5E836C3FCA7BCFBEE4
:10CE4800A7096A3F80E8DABED86B673F7533E6BE4C
:10CE580059AA643FEA5AF1BE98C5613F275DFCBEF6
:10CE680005BE5E3F3D9C03BF1A945B3F9BF508BF20
:10CE78005348583FDA390EBF31DB543F2A6813BF95
:10CE88003D4D513FC07F18BF029F4D3FD17F1DBF11
:10CE980012D1493F996722BF03E4453F563627BF61
:10CEA80070D8413F4AEB2BBFF9AE3D3FBB8530BF41
:10CEB8004268393FF30435BFF304353F426839BF50
:10CEC800BB85303FF9AE3DBF4AEB2B3F70D841BF21
:10CED8005636273F03E445BF9967223F12D149BF21
:10CEE800D17F1D3F029F4DBFC07F183F3D4D51BFB1
:10CEF8002A68133F31DB54BFDA390E3F534858BF15
:10CF08009BF5083F1A945BBF3D9C033F05BE5EBF7F
:10CF1800275DFC3E98C561BFEA5AF13E59AA64BF35
:10CF28007533E63ED86B67BF80E8DA3EA7096ABF6B
:10CF3800CA7BCF3E5E836CBF15EFC33E9ED86EBFE3
:10CF48002A44B83E080971BFD47CAC3E471473BF6D
:10CF5800E59AA03E0BFA74BF31A0943E07BA76BF9B
:10CF6800938E883EF85378BFCCCF783E9DC779BF63
:10CF7800135C603EBE147BBFC2C5473E283B7CBFE6
:10CF8800A2102F3EAC3A7DBF8340163E24137EBFCD
:10CF980073B2FA3D6DC47EBF36BDC83D6D4E7FBFCE
:10CFA80005A9963D0FB17FBF2FFB483D43EC7FBFDE
:10CFB800B00AC93C000080BF0000000043EC7FBFFE
:10CFC800B00AC9BC0FB17FBF2FFB48BD6D4E7FBFF4
:10CFD80005A996BD6DC47EBF36BDC8BD24137EBFEE
:10CFE80073B2FABDAC3A7DBF834016BE283B7CBF06
:10CFF800A2102FBEBE147BBFC2C547BE9DC779BF56
:10D00800135C60BEF85378BFCCCF78BE07BA76BF42
:10D01800938E88BE0BFA74BF31A094BE471473BFB9
:10D02800E59AA0BE080971BFD47CACBE9ED86EBF7D
:10D038002A44B8BE5E836CBF15EFC3BEA7096ABF9A
:10D04800CA7BCFBED86B67BF80E8DABE59AA64BF77
:10D058007533E6BE98C561BFEA5AF1BE05BE5EBF2C
:10D06800275DFCBE1A945BBF3D9C03BF534858BF65
:10D078009BF508BF31DB54BFDA390EBF3D4D51BFB8
:10D088002A6813BF029F4DBFC07F18BF12D149BF86
:10D09800D17F1DBF03E445BF996722BF70D841BF48
:10D0A800563627BFF9AE3DBF4AEB2BBF426839BFA2
:10D0B800BB8530BFF30435BFF30435BFBB8530BF34
:10D0C800426839BF4AEB2BBFF9AE3DBF563627BF82
:10D0D80070D841BF996722BF03E445BFD17F1DBF08
:10D0E80012D149BFC07F18BF029F4DBF2A6813BF26
:10D0F8003D4D51BFDA390EBF31DB54BF9BF508BF38
:10D10800534858BF3D9C03BF1A945BBF275DFCBEC4
:10D1180005BE5EBFEA5AF1BE98C561BF7533E6BE6B
:10D1280059AA64BF80E8DABED86B67BFCA7BCFBE96
:10D13800A7096ABF15EFC3BE5E836CBF2A44B8BE99
:10D148009ED86EBFD47CACBE080971BFE59AA0BE5C
:10D15800471473BF31A094BE0BFA74BF938E88BE78
:10D1680007BA76BFCCCF78BEF85378BF135C60BEE1
:10D178009DC779BFC2C547BEBE147BBFA2102FBED4
:10D18800283B7CBF834016BEAC3A7DBF73B2FABD64
:10D1980024137EBF36BDC8BD6DC47EBF05A996BD2C
:10D1A8006D4E7FBF2FFB48BD0FB17FBFB00AC9BC12
:10D1B80043EC7FBF00000080000080BFB00AC93C7C
:10D1C80043EC7FBF2FFB483D0FB17FBF05A9963DBC
:10D1D8006D4E7FBF36BDC83D6DC47EBF73B2FA3D8C
:10D1E80024137EBF8340163EAC3A7DBFA2102F3E6B
:10D1F800283B7CBFC2C5473EBE147BBF135C603E64
:10D208009DC779BFCCCF783EF85378BF938E883EC0
:10D2180007BA76BF31A0943E0BFA74BFE59AA03ED8
:10D22800471473BFD47CAC3E080971BF2A44B83E8A
:10D238009ED86EBF15EFC33E5E836CBFCA7BCF3EE0
:10D24800A7096ABF80E8DA3ED86B67BF7533E63E48
:10D2580059AA64BFEA5AF13E98C561BF275DFC3EF2
:10D2680005BE5EBF3D9C033F1A945BBF9BF5083F1C
:10D27800534858BFDA390E3F31DB54BF2A68133F91
:10D288003D4D51BFC07F183F029F4DBFD17F1D3F0D
:10D2980012D149BF9967223F03E445BF5636273F5D
:10D2A80070D841BF4AEB2B3FF9AE3DBFBB85303F3D
:10D2B800426839BFF304353FF30435BF4268393F4C
:10D2C800BB8530BFF9AE3D3F4AEB2BBF70D8413F1D
:10D2D800563627BF03E4453F996722BF12D1493F1D
:10D2E800D17F1DBF029F4D3FC07F18BF3D4D513FAD
:10D2F8002A6813BF31DB543FDA390EBF5348583F11
:10D308009BF508BF1A945B3F3D9C03BF05BE5E3F7B
:10D31800275DFCBE98C5613FEA5AF1BE59AA643F31
:10D328007533E6BED86B673F80E8DABEA7096A3F67
:10D33800CA7BCFBE5E836C3F15EFC3BE9ED86E3FDF
:10D348002A44B8BE0809713FD47CACBE4714733F69
:10D35800E59AA0BE0BFA743F31A094BE07BA763F97
:10D36800938E88BEF853783FCCCF78BE9DC7793F5F
:10D37800135C60BEBE147B3FC2C547BE283B7C3FE2
:10D38800A2102FBEAC3A7D3F834016BE24137E3FC9
:10D3980073B2FABD6DC47E3F36BDC8BD6D4E7F3FCA
:10D3A80005A996BD0FB17F3F2FFB48BD43EC7F3FDA
:10D3B800B00AC9BC000000000000803F900E493C44
:10D3C80011FB7F3FB00AC93C43EC7F3F2CC3163D9D
:10D3D80098D37F3F2FFB483D0FB17F3F742B7B3D98
:10D3E800AB847F3F05A9963D6D4E7F3F80B6AF3D2C
:10D3F800580E7F3F36BDC83D6DC47E3F2EBCE13D13
:10D40800B0707E3F73B2FA3D24137E3F86CF093E4B
:10D41800CCAB7D3F8340163EAC3A7D3FB6AB223E57
:10D42800C9BF7C3FA2102F3E283B7C3FCF6E3B3EBE
:10D43800CDAC7B3FC2C5473EBE147B3F0115543E71
:10D4480002737A3F135C603E9DC7793F7F9A6C3EBA
:10D458009812793FCCCF783EF853783FC07D823E12
:10D46800C58B773F938E883E07BA763F229A8E3EC9
:10D47800C6DE753F31A0943E0BFA743F86A09A3EF3
:10D48800DD0B743FE59AA03E4714733F128FA63E0A
:10D498005213723FD47CAC3E0809713FEF63B23E31
:10D4A80073F56F3F2A44B83E9ED86E3F4A1DBE3E74
:10D4B80093B26D3F15EFC33E5E836C3F53B9C93ECF
:10D4C8000C4B6B3FCA7BCF3EA7096A3F4136D53E1E
:10D4D8003CBF683F80E8DA3ED86B673F4F92E03E3A
:10D4E800880F663F7533E63E59AA643FBBCBEB3ED7
:10D4F8005A3C633FEA5AF13E98C5613FCBE0F63E9D
:10D508002146603F275DFC3E05BE5E3FE4E7003FE5
:10D51800532D5D3F3D9C033F1A945B3F824B063F72
:10D528006AF2593F9BF5083F5348583F6B9A0B3FA7
:10D53800E595563FDA390E3F31DB543FCDD3103FE6
:10D548004918533F2A68133F3D4D513FD9F6153FBF
:10D558001F7A4F3FC07F183F029F4D3FC6021B3FB7
:10D56800F8BB4B3FD17F1D3F12D1493FCBF61F3F40
:10D5780065DE473F9967223F03E4453F25D2243FB4
:10D5880000E2433F5636273F70D8413F1594293F64
:10D5980067C73F3F4AEB2B3FF9AE3D3FDE3B2E3F8F
:10D5A8003B8F3B3FBB85303F4268393FC9C8323F5C
:10D5B800233A373FF304353FF304353F233A373FE7
:10D5C800C9C8323F4268393FBB85303F3B8F3B3F3C
:10D5D800DE3B2E3FF9AE3D3F4AEB2B3F67C73F3F4F
:10D5E8001594293F70D8413F5636273F00E2433F04
:10D5F80025D2243F03E4453F9967223F65DE473F34
:10D60800CBF61F3F12D1493FD17F1D3FF8BB4B3F9F
:10D61800C6021B3F029F4D3FC07F183F1F7A4F3FF6
:10D62800D9F6153F3D4D513F2A68133F4918533FDE
:10D63800CDD3103F31DB543FDA390E3FE595563FE5
:10D648006B9A0B3F5348583F9BF5083F6AF2593F86
:10D65800824B063F1A945B3F3D9C033F532D5D3F31
:10D66800E4E7003F05BE5E3F275DFC3E2146603F84
:10D67800CBE0F63E98C5613FEA5AF13E5A3C633F1B
:10D68800BBCBEB3E59AA643F7533E63E880F663F35
:10D698004F92E03ED86B673F80E8DA3E3CBF683F78
:10D6A8004136D53EA7096A3FCA7BCF3E0C4B6B3F3C
:10D6B80053B9C93E5E836C3F15EFC33E93B26D3FCD
:10D6C8004A1DBE3E9ED86E3F2A44B83E73F56F3F52
:10D6D800EF63B23E0809713FD47CAC3E5213723FEF
:10D6E800128FA63E4714733FE59AA03EDD0B743FA8
:10D6F80086A09A3E0BFA743F31A0943EC6DE753F71
:10D70800229A8E3E07BA763F938E883EC58B773F26
:10D71800C07D823EF853783FCCCF783E9812793F4F
:10D728007F9A6C3E9DC7793F135C603E02737A3FD7
:10D738000115543EBE147B3FC2C5473ECDAC7B3F6E
:10D74800CF6E3B3E283B7C3FA2102F3EC9BF7C3F9B
:10D75800B6AB223EAC3A7D3F8340163ECCAB7D3F14
:10D7680086CF093E24137E3F73B2FA3DB0707E3FE8
:10D778002EBCE13D6DC47E3F36BDC83D580E7F3F8F
:10D7880080B6AF3D6D4E7F3F05A9963DAB847F3F88
:10D79800742B7B3D0FB17F3F2FFB483D98D37F3FD4
:10D7A8002CC3163D43EC7F3FB00AC93C11FB7F3FB9
:10D7B800900E493C0000803F0000000011FB7F3FB5
:10D7C800900E49BC43EC7F3FB00AC9BC98D37F3F59
:10D7D8002CC316BD0FB17F3F2FFB48BDAB847F3FE5
:10D7E800742B7BBD6D4E7F3F05A996BD580E7F3FBC
:10D7F80080B6AFBD6DC47E3F36BDC8BDB0707E3F3C
:10D808002EBCE1BD24137E3F73B2FABDCCAB7D3F85
:10D8180086CF09BEAC3A7D3F834016BEC9BF7C3F68
:10D82800B6AB22BE283B7C3FA2102FBECDAC7B3FBF
:10D83800CF6E3BBEBE147B3FC2C547BE02737A3F64
:10D84800011554BE9DC7793F135C60BE9812793F9D
:10D858007F9A6CBEF853783FCCCF78BEC58B773FA4
:10D86800C07D82BE07BA763F938E88BEC6DE753FFE
:10D87800229A8EBE0BFA743F31A094BEDD0B743F22
:10D8880086A09ABE4714733FE59AA0BE5213723F12
:10D89800128FA6BE0809713FD47CACBE73F56F3FEA
:10D8A800EF63B2BE9ED86E3F2A44B8BE93B26D3FB6
:10D8B8004A1DBEBE5E836C3F15EFC3BE0C4B6B3F6B
:10D8C80053B9C9BEA7096A3FCA7BCFBE3CBF683FF0
:10D8D8004136D5BED86B673F80E8DABE880F663F11
:10D8E8004F92E0BE59AA643F7533E6BE5A3C633F87
:10D8F800BBCBEBBE98C5613FEA5AF1BE2146603FFB
:10D90800CBE0F6BE05BE5E3F275DFCBE532D5D3FF6
:10D91800E4E700BF1A945B3F3D9C03BF6AF2593F9E
:10D92800824B06BF5348583F9BF508BFE595563FC5
:10D938006B9A0BBF31DB543FDA390EBF4918533F9E
:10D94800CDD310BF3D4D513F2A6813BF1F7A4F3FBB
:10D95800D9F615BF029F4D3FC07F18BFF8BB4B3F9C
:10D96800C6021BBF12D1493FD17F1DBF65DE473FAD
:10D97800CBF61FBF03E4453F996722BF00E2433F50
:10D9880025D224BF70D8413F563627BF67C73F3FCF
:10D99800159429BFF9AE3D3F4AEB2BBF3B8F3B3F68
:10D9A800DE3B2EBF4268393FBB8530BF233A373F45
:10D9B800C9C832BFF304353FF30435BFC9C8323F85
:10D9C800233A37BFBB85303F426839BFDE3B2E3F25
:10D9D8003B8F3BBF4AEB2B3FF9AE3DBF1594293F28
:10D9E80067C73FBF5636273F70D841BF25D2243F6F
:10D9F80000E243BF9967223F03E445BFCBF61F3FD0
:10DA080065DE47BFD17F1D3F12D149BFC6021B3F0C
:10DA1800F8BB4BBFC07F183F029F4DBFD9F6153FDB
:10DA28001F7A4FBF2A68133F3D4D51BFCDD3103FDA
:10DA3800491853BFDA390E3F31DB54BF6B9A0B3F9D
:10DA4800E59556BF9BF5083F534858BF824B063FA4
:10DA58006AF259BF3D9C033F1A945BBFE4E7003F5D
:10DA6800532D5DBF275DFC3E05BE5EBFCBE0F63E95
:10DA7800214660BFEA5AF13E98C561BFBBCBEB3E79
:10DA88005A3C63BF7533E63E59AA64BF4F92E03EE5
:10DA9800880F66BF80E8DA3ED86B67BF4136D53E4F
:10DAA8003CBF68BFCA7BCF3EA7096ABF53B9C93E0E
:10DAB8000C4B6BBF15EFC33E5E836CBF4A1DBE3E69
:10DAC80093B26DBF2A44B83E9ED86EBFEF63B23E94
:10DAD80073F56FBFD47CAC3E080971BF128FA63EA8
:10DAE800521372BFE59AA03E471473BF86A09A3EB0
:10DAF800DD0B74BF31A0943E0BFA74BF229A8E3EA0
:10DB0800C6DE75BF938E883E07BA76BFC07D823E5B
:10DB1800C58B77BFCCCF783EF85378BF7F9A6C3EE1
:10DB2800981279BF135C603E9DC779BF0115543EBA
:10DB380002737ABFC2C5473EBE147BBFCF6E3B3E61
:10DB4800CDAC7BBFA2102F3E283B7CBFB6AB223E9C
:10DB5800C9BF7CBF8340163EAC3A7DBF86CF093E25
:10DB6800CCAB7DBF73B2FA3D24137EBF2EBCE13D22
:10DB7800B0707EBF36BDC83D6DC47EBF80B6AF3DB8
:10DB8800580E7FBF05A9963D6D4E7FBF742B7B3D18
:10DB9800AB847FBF2FFB483D0FB17FBF2CC3163D21
:10DBA80098D37FBFB00AC93C43EC7FBF900E493C75
:10DBB80011FB7FBF0800000210004000180040025F
:10DBC80020008000280080023000C0003800C00219
:10DBD8004000000148000003500040015800400385
:10DBE80060008001680080037000C0017800C003F5
:10DBF8008000000288000802900000039800480294
:10DC0800A0000802A8008802B000C800B800C80236
:10DC1800C0000801C8000803D0004801D800480324
:10DC2800E0008801E8008803F000C801F800C80394
:10DC380008011002100140011801500220010003E0
:10DC480028019002300148013801D0024801100330
:10DC58005801500360019001680190037001D001E0
:10DC68007801D00380014002880118029001400326
:10DC780098015802A0014802A8019802B00148037F
:10DC8800B801D802C0015002C8011803D0015003DE
:10DC9800D8015803E0015802E8019803F00158033D
:10DCA800F801D8030802200210024002180260029C
:10DCB8002802A002300260023802E002400200039B
:10DCC8004802200350024003580260036002200308
:10DCD8006802A003700260037802E0038802A002D1
:10DCE800900280039802A003B0028803B802E802F9
:10DCF800C0028003C8022803D0029003D802680338
:10DD0800E002A003E802A803F0029803F802E8037F
:10DD18000803200310034003180360032803880343
:10DD28003003600338039803480360035803700303
:10DD38006803B0037803F0038803A0039003C003CB
:10DD48009803E003B003C803B803E803C803E0037B
:10DD5800D803F0030000803F000000000FB17F3FB0
:10DD68002FFB483D6DC47E3F36BDC83DAC3A7D3F74
:10DD78008340163EBE147B3FC2C5473EF853783FEA
:10DD8800CCCF783E0BFA743F31A0943E0809713F1E
:10DD9800D47CAC3E5E836C3F15EFC33ED86B673FC7
:10DDA80080E8DA3E98C5613FEA5AF13E1A945B3F33
:10DDB8003D9C033F31DB543FDA390E3F029F4D3F14
:10DDC800C07F183F03E4453F9967223FF9AE3D3FC6
:10DDD8004AEB2B3FF304353FF304353F4AEB2B3F27
:10DDE800F9AE3D3F9967223F03E4453FC07F183FA6
:10DDF800029F4D3FDA390E3F31DB543F3D9C033FD4
:10DE08001A945B3FEA5AF13E98C5613F80E8DA3ED2
:10DE1800D86B673F15EFC33E5E836C3FD47CAC3E46
:10DE28000809713F31A0943E0BFA743FCCCF783E7D
:10DE3800F853783FC2C5473EBE147B3F8340163E29
:10DE4800AC3A7D3F36BDC83D6DC47E3F2FFB483D93
:10DE58000FB17F3F000000000000803F2FFB48BD4E
:10DE68000FB17F3F36BDC8BD6DC47E3F834016BE2F
:10DE7800AC3A7D3FC2C547BEBE147B3FCCCF78BE0F
:10DE8800F853783F31A094BE0BFA743FD47CACBEF3
:10DE98000809713F15EFC3BE5E836C3F80E8DABEA8
:10DEA800D86B673FEA5AF1BE98C5613F3D9C03BFF6
:10DEB8001A945B3FDA390EBF31DB543FC07F18BF7D
:10DEC800029F4D3F996722BF03E4453F4AEB2BBFB2
:10DED800F9AE3D3FF30435BFF304353FF9AE3DBF1E
:10DEE8004AEB2B3F03E445BF9967223F029F4DBF92
:10DEF800C07F183F31DB54BFDA390E3F1A945BBF3D
:10DF08003D9C033F98C561BFEA5AF13ED86B67BF95
:10DF180080E8DA3E5E836CBF15EFC33E080971BF27
:10DF2800D47CAC3E0BFA74BF31A0943EF85378BF52
:10DF3800CCCF783EBE147BBFC2C5473EAC3A7DBF4E
:10DF48008340163E6DC47EBF36BDC83D0FB17FBF4E
:10DF58002FFB483D000080BF000000000FB17FBFCD
:10DF68002FFB48BD6DC47EBF36BDC8BDAC3A7DBF72
:10DF7800834016BEBE147BBFC2C547BEF85378BFE8
:10DF8800CCCF78BE0BFA74BF31A094BE080971BF1C
:10DF9800D47CACBE5E836CBF15EFC3BED86B67BFC5
:10DFA80080E8DABE98C561BFEA5AF1BE1A945BBF31
:10DFB8003D9C03BF31DB54BFDA390EBF029F4DBF12
:10DFC800C07F18BF03E445BF996722BFF9AE3DBFC4
:10DFD8004AEB2BBFF30435BFF30435BF4AEB2BBF25
:10DFE800F9AE3DBF996722BF03E445BFC07F18BFA4
:10DFF800029F4DBFDA390EBF31DB54BF3D9C03BFD2
:10E008001A945BBFEA5AF1BE98C561BF80E8DABED0
:10E01800D86B67BF15EFC3BE5E836CBFD47CACBE44
:10E02800080971BF31A094BE0BFA74BFCCCF78BE7B
:10E03800F85378BFC2C547BEBE147BBF834016BE27
:10E04800AC3A7DBF36BDC8BD6DC47EBF2FFB48BD91
:10E058000FB17FBF00000080000080BF2FFB483D4C
:10E068000FB17FBF36BDC83D6DC47EBF8340163E2D
:10E07800AC3A7DBFC2C5473EBE147BBFCCCF783E0D
:10E08800F85378BF31A0943E0BFA74BFD47CAC3EF1
:10E09800080971BF15EFC33E5E836CBF80E8DA3EA6
:10E0A800D86B67BFEA5AF13E98C561BF3D9C033FF4
:10E0B8001A945BBFDA390E3F31DB54BFC07F183F7B
:10E0C800029F4DBF9967223F03E445BF4AEB2B3FB0
:10E0D800F9AE3DBFF304353FF30435BFF9AE3D3F1C
:10E0E8004AEB2BBF03E4453F996722BF029F4D3F90
:10E0F800C07F18BF31DB543FDA390EBF1A945B3F3B
:10E108003D9C03BF98C5613FEA5AF1BED86B673F93
:10E1180080E8DABE5E836C3F15EFC3BE0809713F25
:10E12800D47CACBE0BFA743F31A094BEF853783F50
:10E13800CCCF78BEBE147B3FC2C547BEAC3A7D3F4C
:10E14800834016BE6DC47E3F36BDC8BD0FB17F3F4C
:10E158002FFB48BD000000000000803FB00AC93C0A
:10E1680043EC7F3F2FFB483D0FB17F3F05A9963D0C
:10E178006D4E7F3F36BDC83D6DC47E3F73B2FA3DDC
:10E1880024137E3F8340163EAC3A7D3FA2102F3EBB
:10E19800283B7C3FC2C5473EBE147B3F135C603EB4
:10E1A8009DC7793FCCCF783EF853783F938E883E11
:10E1B80007BA763F31A0943E0BFA743FE59AA03E29
:10E1C8004714733FD47CAC3E0809713F2A44B83EDB
:10E1D8009ED86E3F15EFC33E5E836C3FCA7BCF3E31
:10E1E800A7096A3F80E8DA3ED86B673F7533E63E99
:10E1F80059AA643FEA5AF13E98C5613F275DFC3E43
:10E2080005BE5E3F3D9C033F1A945B3F9BF5083F6C
:10E218005348583FDA390E3F31DB543F2A68133FE1
:10E228003D4D513FC07F183F029F4D3FD17F1D3F5D
:10E2380012D1493F9967223F03E4453F5636273FAD
:10E2480070D8413F4AEB2B3FF9AE3D3FBB85303F8D
:10E258004268393FF304353FF304353F4268393F9C
:10E26800BB85303FF9AE3D3F4AEB2B3F70D8413F6D
:10E278005636273F03E4453F9967223F12D1493F6D
:10E28800D17F1D3F029F4D3FC07F183F3D4D513FFD
:10E298002A68133F31DB543FDA390E3F5348583F61
:10E2A8009BF5083F1A945B3F3D9C033F05BE5E3FCC
:10E2B800275DFC3E98C5613FEA5AF13E59AA643F82
:10E2C8007533E63ED86B673F80E8DA3EA7096A3FB8
:10E2D800CA7BCF3E5E836C3F15EFC33E9ED86E3F30
:10E2E8002A44B83E0809713FD47CAC3E4714733FBA
:10E2F800E59AA03E0BFA743F31A0943E07BA763FE8
:10E30800938E883EF853783FCCCF783E9DC7793FAF
:10E31800135C603EBE147B3FC2C5473E283B7C3F32
:10E32800A2102F3EAC3A7D3F8340163E24137E3F19
:10E3380073B2FA3D6DC47E3F36BDC83D6D4E7F3F1A
:10E3480005A9963D0FB17F3F2FFB483D43EC7F3F2A
:10E35800B00AC93C0000803F0000000043EC7F3F4A
:10E36800B00AC9BC0FB17F3F2FFB48BD6D4E7F3F40
:10E3780005A996BD6DC47E3F36BDC8BD24137E3F3A
:10E3880073B2FABDAC3A7D3F834016BE283B7C3F52
:10E39800A2102FBEBE147B3FC2C547BE9DC7793FA2
:10E3A800135C60BEF853783FCCCF78BE07BA763F8F
:10E3B800938E88BE0BFA743F31A094BE4714733F06
:10E3C800E59AA0BE0809713FD47CACBE9ED86E3FCA
:10E3D8002A44B8BE5E836C3F15EFC3BEA7096A3FE7
:10E3E800CA7BCFBED86B673F80E8DABE59AA643FC4
:10E3F8007533E6BE98C5613FEA5AF1BE05BE5E3F79
:10E40800275DFCBE1A945B3F3D9C03BF5348583FB1
:10E418009BF508BF31DB543FDA390EBF3D4D513F04
:10E428002A6813BF029F4D3FC07F18BF12D1493FD2
:10E43800D17F1DBF03E4453F996722BF70D8413F94
:10E44800563627BFF9AE3D3F4AEB2BBF4268393FEE
:10E45800BB8530BFF304353FF30435BFBB85303F80
:10E46800426839BF4AEB2B3FF9AE3DBF5636273FCE
:10E4780070D841BF9967223F03E445BFD17F1D3F54
:10E4880012D149BFC07F183F029F4DBF2A68133F72
:10E498003D4D51BFDA390E3F31DB54BF9BF5083F84
:10E4A800534858BF3D9C033F1A945BBF275DFC3E11
:10E4B80005BE5EBFEA5AF13E98C561BF7533E63EB8
:10E4C80059AA64BF80E8DA3ED86B67BFCA7BCF3EE3
:10E4D800A7096ABF15EFC33E5E836CBF2A44B83EE6
:10E4E8009ED86EBFD47CAC3E080971BFE59AA03EA9
:10E4F800471473BF31A0943E0BFA74BF938E883EC5
:10E5080007BA76BFCCCF783EF85378BF135C603E2D
:10E518009DC779BFC2C5473EBE147BBFA2102F3E20
:10E52800283B7CBF8340163EAC3A7DBF73B2FA3DB0
:10E5380024137EBF36BDC83D6DC47EBF05A9963D78
:10E548006D4E7FBF2FFB483D0FB17FBFB00AC93C5E
:10E5580043EC7FBF08004000100080001800C00096
:10E568002000000128004001300080013800C0016F
:10E57800500088005800C800600008016800480181
:10E58800700088017800C8019800D000A000100130
:10E59800A8005001B0009001B800D001E0001801B7
:10E5A800E8005801F0009801F800D801280160013E
:10E5B8003001A0013801E0017001A8017801E801EB
:10E5C800B801F0010000803F000000006DC47E3FEC
:10E5D80036BDC83DBE147B3FC2C5473E0BFA743FEB
:10E5E80031A0943E5E836C3F15EFC33E98C5613FF2
:10E5F800EA5AF13E31DB543FDA390E3F03E4453F36
:10E608009967223FF304353FF304353F9967223F6A
:10E6180003E4453FDA390E3F31DB543FEA5AF13E15
:10E6280098C5613F15EFC33E5E836C3F31A0943EB1
:10E638000BFA743FC2C5473EBE147B3F36BDC83D8A
:10E648006DC47E3F000000000000803F36BDC8BD9D
:10E658006DC47E3FC2C547BEBE147B3F31A094BE89
:10E668000BFA743F15EFC3BE5E836C3FEA5AF1BEE6
:10E6780098C5613FDA390EBF31DB543F996722BF35
:10E6880003E4453FF30435BFF304353F03E445BFD6
:10E698009967223F31DB54BFDA390E3F98C561BF15
:10E6A800EA5AF13E5E836CBF15EFC33E0BFA74BFA6
:10E6B80031A0943EBE147BBFC2C5473E6DC47EBF29
:10E6C80036BDC83D000080BF000000006DC47EBF9D
:10E6D80036BDC8BDBE147BBFC2C547BE0BFA74BFEA
:10E6E80031A094BE5E836CBF15EFC3BE98C561BFF1
:10E6F800EA5AF1BE31DB54BFDA390EBF03E445BF35
:10E70800996722BFF30435BFF30435BF996722BF69
:10E7180003E445BFDA390EBF31DB54BFEA5AF1BE14
:10E7280098C561BF15EFC3BE5E836CBF31A094BEB0
:10E738000BFA74BFC2C547BEBE147BBF36BDC8BD89
:10E748006DC47EBF00000080000080BF36BDC83D9C
:10E758006DC47EBFC2C5473EBE147BBF31A0943E88
:10E768000BFA74BF15EFC33E5E836CBFEA5AF13EE5
:10E7780098C561BFDA390E3F31DB54BF9967223F34
:10E7880003E445BFF304353FF30435BF03E4453FD5
:10E79800996722BF31DB543FDA390EBF98C5613F14
:10E7A800EA5AF1BE5E836C3F15EFC3BE0BFA743FA5
:10E7B80031A094BEBE147B3FC2C547BE6DC47E3F28
:10E7C80036BDC8BD000000000000803F2FFB483D5B
:10E7D8000FB17F3F36BDC83D6DC47E3F8340163EB6
:10E7E800AC3A7D3FC2C5473EBE147B3FCCCF783E96
:10E7F800F853783F31A0943E0BFA743FD47CAC3E7A
:10E808000809713F15EFC33E5E836C3F80E8DA3E2E
:10E81800D86B673FEA5AF13E98C5613F3D9C033F7C
:10E828001A945B3FDA390E3F31DB543FC07F183F03
:10E83800029F4D3F9967223F03E4453F4AEB2B3F38
:10E84800F9AE3D3FF304353FF304353FF9AE3D3FA4
:10E858004AEB2B3F03E4453F9967223F029F4D3F18
:10E86800C07F183F31DB543FDA390E3F1A945B3FC3
:10E878003D9C033F98C5613FEA5AF13ED86B673F1C
:10E8880080E8DA3E5E836C3F15EFC33E0809713FAE
:10E89800D47CAC3E0BFA743F31A0943EF853783FD9
:10E8A800CCCF783EBE147B3FC2C5473EAC3A7D3FD5
:10E8B8008340163E6DC47E3F36BDC83D0FB17F3FD5
:10E8C8002FFB483D0000803F000000000FB17F3F54
:10E8D8002FFB48BD6DC47E3F36BDC8BDAC3A7D3FF9
:10E8E800834016BEBE147B3FC2C547BEF853783F6F
:10E8F800CCCF78BE0BFA743F31A094BE0809713FA3
:10E90800D47CACBE5E836C3F15EFC3BED86B673F4B
:10E9180080E8DABE98C5613FEA5AF1BE1A945B3FB7
:10E928003D9C03BF31DB543FDA390EBF029F4D3F98
:10E93800C07F18BF03E4453F996722BFF9AE3D3F4A
:10E948004AEB2BBFF304353FF30435BF4AEB2B3FAB
:10E95800F9AE3DBF9967223F03E445BFC07F183F2A
:10E96800029F4DBFDA390E3F31DB54BF3D9C033F58
:10E978001A945BBFEA5AF13E98C561BF80E8DA3E57
:10E98800D86B67BF15EFC33E5E836CBFD47CAC3ECB
:10E99800080971BF31A0943E0BFA74BFCCCF783E02
:10E9A800F85378BFC2C5473EBE147BBF8340163EAE
:10E9B800AC3A7DBF36BDC83D6DC47EBF2FFB483D18
:10E9C8000FB17FBF08004000100080001800C00091
:10E9D8002000400028004800300088003800C800A7
:10E9E80040008000480050005800D00050009000BF
:10E9F8006000C0006800D000700098007800D8005F
:10EA08008800C0009000A000A800D0009800E00096
:10EA1800B000D000B800E800D800F000C800E0005E
:10EA2800E800F0000000803F00000000BE147B3FBB
:10EA3800C2C5473E5E836C3F15EFC33E31DB543F92
:10EA4800DA390E3FF304353FF304353FDA390E3F28
:10EA580031DB543F15EFC33E5E836C3FC2C5473E72
:10EA6800BE147B3F000000000000803FC2C547BEC7
:10EA7800BE147B3F15EFC3BE5E836C3FDA390EBF11
:10EA880031DB543FF30435BFF304353F31DB54BF6A
:10EA9800DA390E3F5E836CBF15EFC33EBE147BBFF1
:10EAA800C2C5473E000080BF00000000BE147BBF07
:10EAB800C2C547BE5E836CBF15EFC3BE31DB54BF12
:10EAC800DA390EBFF30435BFF30435BFDA390EBFA8
:10EAD80031DB54BF15EFC3BE5E836CBFC2C547BEF2
:10EAE800BE147BBF00000080000080BFC2C5473E47
:10EAF800BE147BBF15EFC33E5E836CBFDA390E3F91
:10EB080031DB54BFF304353FF30435BF31DB543FE9
:10EB1800DA390EBF5E836C3F15EFC3BEBE147B3F70
:10EB2800C2C547BE000000000000803F36BDC83D9A
:10EB38006DC47E3FC2C5473EBE147B3F31A0943EA4
:10EB48000BFA743F15EFC33E5E836C3FEA5AF13E01
:10EB580098C5613FDA390E3F31DB543F9967223F50
:10EB680003E4453FF304353FF304353F03E4453FF1
:10EB78009967223F31DB543FDA390E3F98C5613F30
:10EB8800EA5AF13E5E836C3F15EFC33E0BFA743FC1
:10EB980031A0943EBE147B3FC2C5473E6DC47E3F44
:10EBA80036BDC83D0000803F000000006DC47E3FB8
:10EBB80036BDC8BDBE147B3FC2C547BE0BFA743F05
:10EBC80031A094BE5E836C3F15EFC3BE98C5613F0C
:10EBD800EA5AF1BE31DB543FDA390EBF03E4453F50
:10EBE800996722BFF304353FF30435BF9967223F85
:10EBF80003E445BFDA390E3F31DB54BFEA5AF13E30
:10EC080098C561BF15EFC33E5E836CBF31A0943ECB
:10EC18000BFA74BFC2C5473EBE147BBF36BDC83DA4
:10EC28006DC47EBF08004000180048001000400076
:10EC380028005000200040003800580030004800EC
:10EC48005800680048006000680070000000803FBD
:10EC5800000000005E836C3F15EFC33EF304353FB0
:10EC6800F304353F15EFC33E5E836C3F00000000A0
:10EC78000000803F15EFC3BE5E836C3FF30435BFD1
:10EC8800F304353F5E836CBF15EFC33E000080BFC1
:10EC9800000000005E836CBF15EFC3BEF30435BFF0
:10ECA800F30435BF15EFC3BE5E836CBF0000008060
:10ECB800000080BF15EFC33E5E836CBFF304353F91
:10ECC800F30435BF5E836C3F15EFC3BE0000000040
:10ECD8000000803FC2C5473EBE147B3F15EFC33ED0
:10ECE8005E836C3FDA390E3F31DB543FF304353F26
:10ECF800F304353F31DB543FDA390E3F5E836C3F16
:10ED080015EFC33EBE147B3FC2C5473E0000803F9F
:10ED180000000000BE147B3FC2C547BE5E836C3F47
:10ED280015EFC3BE31DB543FDA390EBFF304353F6C
:10ED3800F30435BFDA390E3F31DB54BF15EFC33E5C
:10ED48005E836CBFC2C5473EBE147BBF0000000097
:10ED5800000000000000F03F000000000000244018
:10ED680000000000000059400000000000408F40F3
:10ED7800000000000088C34000000000006AF8405E
:10ED88000000000080842E4100000000D012634182
:10ED98000000000084D797410000000065CDCD41F8
:10EDA8000D0A0000BD500010000000000000000027
:10EDB80001000000057200100000000000000000C3
:10EDC800010000000902BD000201008032090400B0
:10EDD8000000010100000924010001280001010CC4
:10EDE80024020101010002030000000A24060201B6
:10EDF80001030000000924030301030002000904C1
:10EE080001000001020000090401010201020000E2
:10EE18000724010101010014240201020210044424
:10EE2800AC0080BB00885801007701090501054640
:10EE38000201008207250101000000090582010383
:10EE48000001000009040102020102000007240178
:10EE580001010100142402010203180444AC0080DB
:10EE6800BB00885801007701090501054602010029
:10EE78008207250101000000090582010300010045
:10EE88000000000060870020BC8700207549001042
:10EE9800000000000000000001000000014F001009
:10EEA8000000000000000000010000001201100135
:10EEB800000000408A2EDDFE00020102030100006E
:10EEC80030870020488700200403090425510010DA
:10EED8000000000000000000000000000500525083
:10EEE800DE65F46844430510060052505422A29D82
:10EEF80050B2001006005250861C03025CB200108B
:10EF080006005250BBFF3CB674B2001006005250C7
:10EF1800ABB360537CB20010060052503ABCA91142
:10EF280084B2001006005250E182887F88B2001037
:10EF380006005250D3F0754298B200100000803F8E
:10EF48000000000011FB7F3F900E493C43EC7F3FDF
:10EF5800B00AC93C98D37F3F2CC3163D0FB17F3F01
:10EF68002FFB483DAB847F3F742B7B3D6D4E7F3F2D
:10EF780005A9963D580E7F3F80B6AF3D6DC47E3FD4
:10EF880036BDC83DB0707E3F2EBCE13D24137E3FA8
:10EF980073B2FA3DCCAB7D3F86CF093EAC3A7D3F9C
:10EFA8008340163EC9BF7C3FB6AB223E283B7C3F20
:10EFB800A2102F3ECDAC7B3FCF6E3B3EBE147B3FB5
:10EFC800C2C5473E02737A3F0115543E9DC7793F3B
:10EFD800135C603E9812793F7F9A6C3EF853783FF5
:10EFE800CCCF783EC58B773FC07D823E07BA763F4F
:10EFF800938E883EC6DE753F229A8E3E0BFA743F8A
:10F0080031A0943EDD0B743F86A09A3E4714733FAF
:10F01800E59AA03E5213723F128FA63E0809713F2F
:10F02800D47CAC3E73F56F3FEF63B23E9ED86E3F23
:10F038002A44B83E93B26D3F4A1DBE3E5E836C3F84
:10F0480015EFC33E0C4B6B3F53B9C93EA7096A3F46
:10F05800CA7BCF3E3CBF683F4136D53ED86B673F41
:10F0680080E8DA3E880F663F4F92E03E59AA643F37
:10F078007533E63E5A3C633FBBCBEB3E98C5613FD8
:10F08800EA5AF13E2146603FCBE0F63E05BE5E3FC0
:10F09800275DFC3E532D5D3FE4E7003F1A945B3F3C
:10F0A8003D9C033F6AF2593F824B063F5348583F05
:10F0B8009BF5083FE595563F6B9A0B3F31DB543F74
:10F0C800DA390E3F4918533FCDD3103F3D4D513FDC
:10F0D8002A68133F1F7A4F3FD9F6153F029F4D3FCD
:10F0E800C07F183FF8BB4B3FC6021B3F12D1493FB8
:10F0F800D17F1D3F65DE473FCBF61F3F03E4453F09
:10F108009967223F00E2433F25D2243F70D8413F10
:10F118005636273F67C73F3F1594293FF9AE3D3F15
:10F128004AEB2B3F3B8F3B3FDE3B2E3F4268393F4C
:10F13800BB85303F233A373FC9C8323FF304353FD8
:10F14800F304353FC9C8323F233A373FBB85303FC8
:10F158004268393FDE3B2E3F3B8F3B3F4AEB2B3F1C
:10F16800F9AE3D3F1594293F67C73F3F5636273FC5
:10F1780070D8413F25D2243F00E2433F9967223FA0
:10F1880003E4453FCBF61F3F65DE473FD17F1D3F78
:10F1980012D1493FC6021B3FF8BB4B3FC07F183F07
:10F1A800029F4D3FD9F6153F1F7A4F3F2A68133FFC
:10F1B8003D4D513FCDD3103F4918533FDA390E3FEB
:10F1C80031DB543F6B9A0B3FE595563F9BF5083F63
:10F1D8005348583F824B063F6AF2593F3D9C033FD4
:10F1E8001A945B3FE4E7003F532D5D3F275DFC3EEB
:10F1F80005BE5E3FCBE0F63E2146603FEA5AF13E4F
:10F2080098C5613FBBCBEB3E5A3C633F7533E63E46
:10F2180059AA643F4F92E03E880F663F80E8DA3E85
:10F22800D86B673F4136D53E3CBF683FCA7BCF3E6F
:10F23800A7096A3F53B9C93E0C4B6B3F15EFC33E54
:10F248005E836C3F4A1DBE3E93B26D3F2A44B83E72
:10F258009ED86E3FEF63B23E73F56F3FD47CAC3EF1
:10F268000809713F128FA63E5213723FE59AA03EDD
:10F278004714733F86A09A3EDD0B743F31A0943E3D
:10F288000BFA743F229A8E3EC6DE753F938E883EF7
:10F2980007BA763FC07D823EC58B773FCCCF783E9C
:10F2A800F853783F7F9A6C3E9812793F135C603E22
:10F2B8009DC7793F0115543E02737A3FC2C5473E48
:10F2C800BE147B3FCF6E3B3ECDAC7B3FA2102F3EA2
:10F2D800283B7C3FB6AB223EC9BF7C3F8340163EED
:10F2E800AC3A7D3F86CF093ECCAB7D3F73B2FA3D49
:10F2F80024137E3F2EBCE13DB0707E3F36BDC83D35
:10F308006DC47E3F80B6AF3D580E7F3F05A9963D40
:10F318006D4E7F3F742B7B3DAB847F3F2FFB483D79
:10F328000FB17F3F2CC3163D98D37F3FB00AC93C2D
:10F3380043EC7F3F900E493C11FB7F3F00000000EB
:10F348000000803F900E49BC11FB7F3FB00AC9BC4A
:10F3580043EC7F3F2CC316BD98D37F3F2FFB48BD9E
:10F368000FB17F3F742B7BBDAB847F3F05A996BD52
:10F378006D4E7F3F80B6AFBD580E7F3F36BDC8BDCE
:10F388006DC47E3F2EBCE1BDB0707E3F73B2FABD46
:10F3980024137E3F86CF09BECCAB7D3F834016BE8B
:10F3A800AC3A7D3FB6AB22BEC9BF7C3FA2102FBE90
:10F3B800283B7C3FCF6E3BBECDAC7B3FC2C547BE32
:10F3C800BE147B3F011554BE02737A3F135C60BEC6
:10F3D8009DC7793F7F9A6CBE9812793FCCCF78BE93
:10F3E800F853783FC07D82BEC58B773F938E88BE29
:10F3F80007BA763F229A8EBEC6DE753F31A094BE0C
:10F408000BFA743F86A09ABEDD0B743FE59AA0BE46
:10F418004714733F128FA6BE5213723FD47CACBE02
:10F428000809713FEF63B2BE73F56F3F2A44B8BE57
:10F438009ED86E3F4A1DBEBE93B26D3F15EFC3BE48
:10F448005E836C3F53B9C9BE0C4B6B3FCA7BCFBEC2
:10F45800A7096A3F4136D5BE3CBF683F80E8DABE9F
:10F46800D86B673F4F92E0BE880F663F7533E6BEA4
:10F4780059AA643FBBCBEBBE5A3C633FEA5AF1BE84
:10F4880098C5613FCBE0F6BE2146603F275DFCBED4
:10F4980005BE5E3FE4E700BF532D5D3F3D9C03BFC3
:10F4A8001A945B3F824B06BF6AF2593F9BF508BF2F
:10F4B8005348583F6B9A0BBFE595563FDA390EBF54
:10F4C80031DB543FCDD310BF4918533F2A6813BFCF
:10F4D8003D4D513FD9F615BF1F7A4F3FC07F18BF2A
:10F4E800029F4D3FC6021BBFF8BB4B3FD17F1DBFDC
:10F4F80012D1493FCBF61FBF65DE473F996722BF50
:10F5080003E4453F25D224BF00E2433F563627BFD8
:10F5180070D8413F159429BF67C73F3F4AEB2BBFBF
:10F52800F9AE3D3FDE3B2EBF3B8F3B3FBB8530BF37
:10F538004268393FC9C832BF233A373FF30435BF61
:10F54800F304353F233A37BFC9C8323F426839BF51
:10F55800BB85303F3B8F3BBFDE3B2E3FF9AE3DBF07
:10F568004AEB2B3F67C73FBF1594293F70D841BF6F
:10F578005636273F00E243BF25D2243F03E445BF68
:10F588009967223F65DE47BFCBF61F3F12D149BFBF
:10F59800D17F1D3FF8BB4BBFC6021B3F029F4DBF2B
:10F5A800C07F183F1F7A4FBFD9F6153F3D4D51BF59
:10F5B8002A68133F491853BFCDD3103F31DB54BFDE
:10F5C800DA390E3FE59556BF6B9A0B3F534858BF43
:10F5D8009BF5083F6AF259BF824B063F1A945BBFFE
:10F5E8003D9C033F532D5DBFE4E7003F05BE5EBF72
:10F5F800275DFC3E214660BFCBE0F63E98C561BF63
:10F60800EA5AF13E5A3C63BFBBCBEB3E59AA64BFF2
:10F618007533E63E880F66BF4F92E03ED86B67BFF2
:10F6280080E8DA3E3CBF68BF4136D53EA7096ABFCD
:10F63800CA7BCF3E0C4B6BBF53B9C93E5E836CBFD0
:10F6480015EFC33E93B26DBF4A1DBE3E9ED86EBF36
:10F658002A44B83E73F56FBFEF63B23E080971BF25
:10F66800D47CAC3E521372BF128FA63E471473BFB0
:10F67800E59AA03EDD0B74BF86A09A3E0BFA74BFD4
:10F6880031A0943EC6DE75BF229A8E3E07BA76BF79
:10F69800938E883EC58B77BFC07D823EF85378BF76
:10F6A800CCCF783E981279BF7F9A6C3E9DC779BFC0
:10F6B800135C603E02737ABF0115543EBE147BBFD3
:10F6C800C2C5473ECDAC7BBFCF6E3B3E283B7CBF1F
:10F6D800A2102F3EC9BF7CBFB6AB223EAC3A7DBF5D
:10F6E8008340163ECCAB7DBF86CF093E24137EBF38
:10F6F80073B2FA3DB0707EBF2EBCE13D6DC47EBFD3
:10F7080036BDC83D580E7FBF80B6AF3D6D4E7FBF3A
:10F7180005A9963DAB847FBF742B7B3D0FB17FBF9E
:10F728002FFB483D98D37FBF2CC3163D43EC7FBFCA
:10F73800B00AC93C11FB7FBF900E493C000080BF56
:10F748000000000011FB7FBF900E49BC43EC7FBF57
:10F75800B00AC9BC98D37FBF2CC316BD0FB17FBFF9
:10F768002FFB48BDAB847FBF742B7BBD6D4E7FBF25
:10F7780005A996BD580E7FBF80B6AFBD6DC47EBFCC
:10F7880036BDC8BDB0707EBF2EBCE1BD24137EBFA0
:10F7980073B2FABDCCAB7DBF86CF09BEAC3A7DBF94
:10F7A800834016BEC9BF7CBFB6AB22BE283B7CBF18
:10F7B800A2102FBECDAC7BBFCF6E3BBEBE147BBFAD
:10F7C800C2C547BE02737ABF011554BE9DC779BF33
:10F7D800135C60BE981279BF7F9A6CBEF85378BFED
:10F7E800CCCF78BEC58B77BFC07D82BE07BA76BF47
:10F7F800938E88BEC6DE75BF229A8EBE0BFA74BF82
:10F8080031A094BEDD0B74BF86A09ABE471473BFA7
:10F81800E59AA0BE521372BF128FA6BE080971BF27
:10F82800D47CACBE73F56FBFEF63B2BE9ED86EBF1B
:10F838002A44B8BE93B26DBF4A1DBEBE5E836CBF7C
:10F8480015EFC3BE0C4B6BBF53B9C9BEA7096ABF3E
:10F85800CA7BCFBE3CBF68BF4136D5BED86B67BF39
:10F8680080E8DABE880F66BF4F92E0BE59AA64BF2F
:10F878007533E6BE5A3C63BFBBCBEBBE98C561BFD0
:10F88800EA5AF1BE214660BFCBE0F6BE05BE5EBFB8
:10F89800275DFCBE532D5DBFE4E700BF1A945BBF34
:10F8A8003D9C03BF6AF259BF824B06BF534858BFFD
:10F8B8009BF508BFE59556BF6B9A0BBF31DB54BF6C
:10F8C800DA390EBF491853BFCDD310BF3D4D51BFD4
:10F8D8002A6813BF1F7A4FBFD9F615BF029F4DBFC5
:10F8E800C07F18BFF8BB4BBFC6021BBF12D149BFB0
:10F8F800D17F1DBF65DE47BFCBF61FBF03E445BF01
:10F90800996722BF00E243BF25D224BF70D841BF08
:10F91800563627BF67C73FBF159429BFF9AE3DBF0D
:10F928004AEB2BBF3B8F3BBFDE3B2EBF426839BF44
:10F93800BB8530BF233A37BFC9C832BFF30435BFD0
:10F94800F30435BFC9C832BF233A37BFBB8530BFC0
:10F95800426839BFDE3B2EBF3B8F3BBF4AEB2BBF14
:10F96800F9AE3DBF159429BF67C73FBF563627BFBD
:10F9780070D841BF25D224BF00E243BF996722BF98
:10F9880003E445BFCBF61FBF65DE47BFD17F1DBF70
:10F9980012D149BFC6021BBFF8BB4BBFC07F18BFFF
:10F9A800029F4DBFD9F615BF1F7A4FBF2A6813BFF4
:10F9B8003D4D51BFCDD310BF491853BFDA390EBFE3
:10F9C80031DB54BF6B9A0BBFE59556BF9BF508BF5B
:10F9D800534858BF824B06BF6AF259BF3D9C03BFCC
:10F9E8001A945BBFE4E700BF532D5DBF275DFCBEE3
:10F9F80005BE5EBFCBE0F6BE214660BFEA5AF1BE47
:10FA080098C561BFBBCBEBBE5A3C63BF7533E6BE3E
:10FA180059AA64BF4F92E0BE880F66BF80E8DABE7D
:10FA2800D86B67BF4136D5BE3CBF68BFCA7BCFBE67
:10FA3800A7096ABF53B9C9BE0C4B6BBF15EFC3BE4C
:10FA48005E836CBF4A1DBEBE93B26DBF2A44B8BE6A
:10FA58009ED86EBFEF63B2BE73F56FBFD47CACBEE9
:10FA6800080971BF128FA6BE521372BFE59AA0BED5
:10FA7800471473BF86A09ABEDD0B74BF31A094BE35
:10FA88000BFA74BF229A8EBEC6DE75BF938E88BEEF
:10FA980007BA76BFC07D82BEC58B77BFCCCF78BE94
:10FAA800F85378BF7F9A6CBE981279BF135C60BE1A
:10FAB8009DC779BF011554BE02737ABFC2C547BE40
:10FAC800BE147BBFCF6E3BBECDAC7BBFA2102FBE9A
:10FAD800283B7CBFB6AB22BEC9BF7CBF834016BEE5
:10FAE800AC3A7DBF86CF09BECCAB7DBF73B2FABD41
:10FAF80024137EBF2EBCE1BDB0707EBF36BDC8BD2D
:10FB08006DC47EBF80B6AFBD580E7FBF05A996BD38
:10FB18006D4E7FBF742B7BBDAB847FBF2FFB48BD71
:10FB28000FB17FBF2CC316BD98D37FBFB00AC9BC25
:10FB380043EC7FBF900E49BC11FB7FBF00000080E3
:10FB4800000080BF900E493C11FB7FBFB00AC93C42
:10FB580043EC7FBF2CC3163D98D37FBF2FFB483D96
:10FB68000FB17FBF742B7B3DAB847FBF05A9963D4A
:10FB78006D4E7FBF80B6AF3D580E7FBF36BDC83DC6
:10FB88006DC47EBF2EBCE13DB0707EBF73B2FA3D3E
:10FB980024137EBF86CF093ECCAB7DBF8340163E83
:10FBA800AC3A7DBFB6AB223EC9BF7CBFA2102F3E88
:10FBB800283B7CBFCF6E3B3ECDAC7BBFC2C5473E2A
:10FBC800BE147BBF0115543E02737ABF135C603EBE
:10FBD8009DC779BF7F9A6C3E981279BFCCCF783E8B
:10FBE800F85378BFC07D823EC58B77BF938E883E21
:10FBF80007BA76BF229A8E3EC6DE75BF31A0943E04
:10FC08000BFA74BF86A09A3EDD0B74BFE59AA03E3E
:10FC1800471473BF128FA63E521372BFD47CAC3EFA
:10FC2800080971BFEF63B23E73F56FBF2A44B83E4F
:10FC38009ED86EBF4A1DBE3E93B26DBF15EFC33E40
:10FC48005E836CBF53B9C93E0C4B6BBFCA7BCF3EBA
:10FC5800A7096ABF4136D53E3CBF68BF80E8DA3E97
:10FC6800D86B67BF4F92E03E880F66BF7533E63E9C
:10FC780059AA64BFBBCBEB3E5A3C63BFEA5AF13E7C
:10FC880098C561BFCBE0F63E214660BF275DFC3ECC
:10FC980005BE5EBFE4E7003F532D5DBF3D9C033FBB
:10FCA8001A945BBF824B063F6AF259BF9BF5083F27
:10FCB800534858BF6B9A0B3FE59556BFDA390E3F4C
:10FCC80031DB54BFCDD3103F491853BF2A68133FC7
:10FCD8003D4D51BFD9F6153F1F7A4FBFC07F183F22
:10FCE800029F4DBFC6021B3FF8BB4BBFD17F1D3FD4
:10FCF80012D149BFCBF61F3F65DE47BF9967223F48
:10FD080003E445BF25D2243F00E243BF5636273FD0
:10FD180070D841BF1594293F67C73FBF4AEB2B3FB7
:10FD2800F9AE3DBFDE3B2E3F3B8F3BBFBB85303F2F
:10FD3800426839BFC9C8323F233A37BFF304353F59
:10FD4800F30435BF233A373FC9C832BF4268393F49
:10FD5800BB8530BF3B8F3B3FDE3B2EBFF9AE3D3FFF
:10FD68004AEB2BBF67C73F3F159429BF70D8413F67
:10FD7800563627BF00E2433F25D224BF03E4453F60
:10FD8800996722BF65DE473FCBF61FBF12D1493FB7
:10FD9800D17F1DBFF8BB4B3FC6021BBF029F4D3F23
:10FDA800C07F18BF1F7A4F3FD9F615BF3D4D513F51
:10FDB8002A6813BF4918533FCDD310BF31DB543FD6
:10FDC800DA390EBFE595563F6B9A0BBF5348583F3B
:10FDD8009BF508BF6AF2593F824B06BF1A945B3FF6
:10FDE8003D9C03BF532D5D3FE4E700BF05BE5E3F6A
:10FDF800275DFCBE2146603FCBE0F6BE98C5613F5B
:10FE0800EA5AF1BE5A3C633FBBCBEBBE59AA643FEA
:10FE18007533E6BE880F663F4F92E0BED86B673FEA
:10FE280080E8DABE3CBF683F4136D5BEA7096A3FC5
:10FE3800CA7BCFBE0C4B6B3F53B9C9BE5E836C3FC8
:10FE480015EFC3BE93B26D3F4A1DBEBE9ED86E3F2E
:10FE58002A44B8BE73F56F3FEF63B2BE0809713F1D
:10FE6800D47CACBE5213723F128FA6BE4714733FA8
:10FE7800E59AA0BEDD0B743F86A09ABE0BFA743FCC
:10FE880031A094BEC6DE753F229A8EBE07BA763F71
:10FE9800938E88BEC58B773FC07D82BEF853783F6E
:10FEA800CCCF78BE9812793F7F9A6CBE9DC7793FB8
:10FEB800135C60BE02737A3F011554BEBE147B3FCB
:10FEC800C2C547BECDAC7B3FCF6E3BBE283B7C3F17
:10FED800A2102FBEC9BF7C3FB6AB22BEAC3A7D3F55
:10FEE800834016BECCAB7D3F86CF09BE24137E3F30
:10FEF80073B2FABDB0707E3F2EBCE1BD6DC47E3FCB
:10FF080036BDC8BD580E7F3F80B6AFBD6D4E7F3F32
:10FF180005A996BDAB847F3F742B7BBD0FB17F3F96
:10FF28002FFB48BD98D37F3F2CC316BD43EC7F3FC2
:10FF3800B00AC9BC11FB7F3F900E49BC0000803F4E
:10FF480000000000C4FE7F3F890FC93B11FB7F3FC3
:10FF5800900E493CE6F47F3FB6C9963C43EC7F3FA0
:10FF6800B00AC93C29E17F3FB949FB3C98D37F3FA0
:10FF78002CC3163D8FC37F3F07E02F3D0FB17F3F56
:10FF88002FFB483D189C7F3F6814623DAB847F3F40
:10FF9800742B7B3DC76A7F3F0A208A3D6D4E7F3FA9
:10FFA80005A9963D9D2F7F3F8C30A33D580E7F3F7E
:10FFB80080B6AF3D9DEA7E3FC33ABC3D6DC47E3FEF
:10FFC80036BDC83DC99B7E3FB93DD53DB0707E3F2B
:10FFD8002EBCE13D23437E3F7638EE3D24137E3F21
:10FFE80073B2FA3DB1E07D3F0295033ECCAB7D3F55
:08FFF80086CF093E74747D3FC1
:020000041001E9
:10000000B708103EAC3A7D3F8340163E73FE7C3FFE
:10001000DE761C3EC9BF7C3FB6AB223EB07E7C3F45
:10002000FCDE283E283B7C3FA2102F3E31F57B3F73
:100030009840353ECDAC7B3FCF6E3B3EFC617B3F75
:10004000379B413EBE147B3FC2C5473E16C57A3F33
:1000500060EE4D3E02737A3F0115543E841E7A3F96
:1000600097395A3E9DC7793F135C603E4E6E793F8B
:10007000667C663E9812793F7F9A6C3E7BB4783FEF
:1000800051B6723EF853783FCCCF783E10F1773FAF
:10009000E1E67E3EC58B773FC07D823E1724773FE9
:1000A000CE86853E07BA763F938E883E974D763F43
:1000B00007958B3EC6DE753F229A8E3E976D753F43
:1000C000DD9D913E0BFA743F31A0943E2284743F33
:1000D00017A1973EDD0B743F86A09A3E3F91733F78
:1000E000789E9D3E4714733FE59AA03EF894723F78
:1000F000C595A33E5213723F128FA63E578F713F94
:10010000C486A93E0809713FD47CAC3E6680703F2E
:100110003A71AF3E73F56F3FEF63B23E30686F3FA9
:10012000EC54B53E9ED86E3F2A44B83EBE466E3F64
:10013000A031BB3E93B26D3F4A1DBE3E1D1C6D3FBC
:100140001E07C13E5E836C3F15EFC33E58E86B3F10
:1001500029D5C63E0C4B6B3F53B9C93E7BAB6A3FBA
:100160008B9BCC3EA7096A3FCA7BCF3E9165693F16
:10017000095AD23E3CBF683F4136D53EA816683F7B
:100180006B10D83ED86B673F80E8DA3ECCBE663F46
:1001900079BEDD3E880F663F4F92E03E0B5E653FC5
:1001A000FA63E33E59AA643F7533E63E73F4633F56
:1001B000B700E93E5A3C633FBBCBEB3E1082623F47
:1001C0007994EE3E98C5613FEA5AF13EF206613FEE
:1001D000071FF43E2146603FCBE0F63E27835F3F9A
:1001E0002DA0F93E05BE5E3F275DFC3EBEF65D3F9D
:1001F000B217FF3E532D5D3FE4E7003FC7615C3F10
:10020000B142023F1A945B3F3D9C033F50C45A3FAA
:1002100084F4043F6AF2593F824B063F6A1E593FFD
:1002200036A1073F5348583F9BF5083F2670573F7C
:10023000AD480A3FE595563F6B9A0B3F93B9553F42
:10024000D0EA0C3F31DB543FDA390E3FC3FA533F5B
:1002500084870F3F4918533FCDD3103FC633523FD9
:10026000B01E123F3D4D513F2A68133FAF64503FCF
:1002700039B0143F1F7A4F3FD9F6153F908D4E3F4E
:10028000073C173F029F4D3FC07F183F79AE4C3F60
:1002900000C2193FF8BB4B3FC6021B3F7FC74A3F16
:1002A0000C421C3F12D1493FD17F1D3FB3D8483F7C
:1002B00012BC1E3F65DE473FCBF61F3F2AE2463F9A
:1002C000F92F213F03E4453F9967223FF5E3443F7F
:1002D000A99D233F00E2433F25D2243F29DE423F30
:1002E0000A05263F70D8413F5636273FDAD0403FB7
:1002F0000566283F67C73F3F1594293F1BBC3E3F1B
:1003000082C02A3FF9AE3D3F4AEB2B3F03A03C3F62
:1003100069142D3F3B8F3B3FDE3B2E3FA47C3A3F91
:10032000A5612F3F4268393FBB85303F1652383FA9
:100330001DA8313F233A373FC9C8323F6C20363FB2
:10034000BCE7333FF304353FF304353FBCE7333FAD
:100350006C20363FC9C8323F233A373F1DA8313F92
:100360001652383FBB85303F4268393FA5612F3F69
:10037000A47C3A3FDE3B2E3F3B8F3B3F69142D3F31
:1003800003A03C3F4AEB2B3FF9AE3D3F82C02A3FE2
:100390001BBC3E3F1594293F67C73F3F0566283F7A
:1003A000DAD0403F5636273F70D8413F0A05263FF6
:1003B00029DE423F25D2243F00E2433FA99D233F4F
:1003C000F5E3443F9967223F03E4453FF92F213F7E
:1003D0002AE2463FCBF61F3F65DE473F12BC1E3F79
:1003E000B3D8483FD17F1D3F12D1493F0C421C3F3B
:1003F0007FC74A3FC6021B3FF8BB4B3F00C2193FB5
:1004000079AE4C3FC07F183F029F4D3F073C173FDE
:10041000908D4E3FD9F6153F1F7A4F3F39B0143FAC
:10042000AF64503F2A68133F3D4D513FB01E123F0D
:10043000C633523FCDD3103F4918533F84870F3FF7
:10044000C3FA533FDA390E3F31DB543FD0EA0C3F59
:1004500093B9553F6B9A0B3FE595563FAD480A3F20
:100460002670573F9BF5083F5348583F36A1073F3A
:100470006A1E593F824B063F6AF2593F84F4043F9B
:1004800050C45A3F3D9C033F1A945B3FB142023F28
:10049000C7615C3FE4E7003F532D5D3FB217FF3E6D
:1004A000BEF65D3F275DFC3E05BE5E3F2DA0F93EDA
:1004B00027835F3FCBE0F63E2146603F071FF43EB7
:1004C000F206613FEA5AF13E98C5613F7994EE3EEB
:1004D0001082623FBBCBEB3E5A3C633FB700E93E24
:1004E00073F4633F7533E63E59AA643FFA63E33E13
:1004F0000B5E653F4F92E03E880F663F79BEDD3E62
:10050000CCBE663F80E8DA3ED86B673F6B10D83EC2
:10051000A816683F4136D53E3CBF683F095AD23ED7
:100520009165693FCA7BCF3EA7096A3F8B9BCC3E52
:100530007BAB6A3F53B9C93E0C4B6B3F29D5C63ED6
:1005400058E86B3F15EFC33E5E836C3F1E07C13E0C
:100550001D1C6D3F4A1DBE3E93B26D3FA031BB3E98
:10056000BE466E3F2A44B83E9ED86E3FEC54B53E20
:1005700030686F3FEF63B23E73F56F3F3A71AF3E45
:100580006680703FD47CAC3E0809713FC486A93EAA
:10059000578F713F128FA63E5213723FC595A33EEF
:1005A000F894723FE59AA03E4714733F789E9D3EB3
:1005B0003F91733F86A09A3EDD0B743F17A1973E93
:1005C0002284743F31A0943E0BFA743FDD9D913E2E
:1005D000976D753F229A8E3EC6DE753F07958B3E1E
:1005E000974D763F938E883E07BA763FCE86853EFE
:1005F0001724773FC07D823EC58B773FE1E67E3E84
:1006000010F1773FCCCF783EF853783F51B6723E29
:100610007BB4783F7F9A6C3E9812793F667C663E49
:100620004E6E793F135C603E9DC7793F97395A3EC5
:10063000841E7A3F0115543E02737A3F60EE4D3EB0
:1006400016C57A3FC2C5473EBE147B3F379B413E2D
:10065000FC617B3FCF6E3B3ECDAC7B3F9840353E4F
:1006600031F57B3FA2102F3E283B7C3FFCDE283E2D
:10067000B07E7C3FB6AB223EC9BF7C3FDE761C3EDF
:1006800073FE7C3F8340163EAC3A7D3FB708103E78
:1006900074747D3F86CF093ECCAB7D3F0295033E0F
:1006A000B1E07D3F73B2FA3D24137E3F7638EE3DD4
:1006B00023437E3F2EBCE13DB0707E3FB93DD53D2A
:1006C000C99B7E3F36BDC83D6DC47E3FC33ABC3D2D
:1006D0009DEA7E3F80B6AF3D580E7F3F8C30A33DF4
:1006E0009D2F7F3F05A9963D6D4E7F3F0A208A3D95
:1006F000C76A7F3F742B7B3DAB847F3F6814623DAC
:10070000189C7F3F2FFB483D0FB17F3F07E02F3DF7
:100710008FC37F3F2CC3163D98D37F3FB949FB3C25
:1007200029E17F3FB00AC93C43EC7F3FB6C9963C04
:10073000E6F47F3F900E493C11FB7F3F890FC93B98
:10074000C4FE7F3F000000000000803F890FC9BB4E
:10075000C4FE7F3F900E49BC11FB7F3FB6C996BCDB
:10076000E6F47F3FB00AC9BC43EC7F3FB949FBBC0C
:1007700029E17F3F2CC316BD98D37F3F07E02FBDF3
:100780008FC37F3F2FFB48BD0FB17F3F681462BD11
:10079000189C7F3F742B7BBDAB847F3F0A208ABDB2
:1007A000C76A7F3F05A996BD6D4E7F3F8C30A3BDC4
:1007B0009D2F7F3F80B6AFBD580E7F3FC33ABCBD73
:1007C0009DEA7E3F36BDC8BD6DC47E3FB93DD5BDF7
:1007D000C99B7E3F2EBCE1BDB0707E3F7638EEBD3A
:1007E00023437E3F73B2FABD24137E3F029503BEBE
:1007F000B1E07D3F86CF09BECCAB7D3FB70810BED0
:1008000074747D3F834016BEAC3A7D3FDE761CBEDD
:1008100073FE7C3FB6AB22BEC9BF7C3FFCDE28BE68
:10082000B07E7C3FA2102FBE283B7C3F984035BE57
:1008300031F57B3FCF6E3BBECDAC7B3F379B41BE9E
:10084000FC617B3FC2C547BEBE147B3F60EE4DBE20
:1008500016C57A3F011554BE02737A3F97395ABEC6
:10086000841E7A3F135C60BE9DC7793F667C66BE7E
:100870004E6E793F7F9A6CBE9812793F51B672BE28
:100880007BB4783FCCCF78BEF853783FE1E67EBEAC
:1008900010F1773FC07D82BEC58B773FCE8685BE87
:1008A0001724773F938E88BE07BA763F07958BBE95
:1008B000974D763F229A8EBEC6DE753FDD9D91BE76
:1008C000976D753F31A094BE0BFA743F17A197BE88
:1008D0002284743F86A09ABEDD0B743F789E9DBE35
:1008E0003F91733FE59AA0BE4714733FC595A3BEE1
:1008F000F894723F128FA6BE5213723FC486A9BEEF
:10090000578F713FD47CACBE0809713F3A71AFBEBE
:100910006680703FEF63B2BE73F56F3FEC54B5BEB7
:1009200030686F3F2A44B8BE9ED86E3FA031BBBE30
:10093000BE466E3F4A1DBEBE93B26D3F1E07C1BE8E
:100940001D1C6D3F15EFC3BE5E836C3F29D5C6BE2F
:1009500058E86B3F53B9C9BE0C4B6B3F8B9BCCBE69
:100960007BAB6A3FCA7BCFBEA7096A3F095AD2BE9A
:100970009165693F4136D5BE3CBF683F6B10D8BE1C
:10098000A816683F80E8DABED86B673F79BEDDBE47
:10099000CCBE663F4F92E0BE880F663FFA63E3BE6F
:1009A0000B5E653F7533E6BE59AA643FB700E9BEEA
:1009B00073F4633FBBCBEBBE5A3C633F7994EEBE0E
:1009C0001082623FEA5AF1BE98C5613F071FF4BE2C
:1009D000F206613FCBE0F6BE2146603F2DA0F9BE96
:1009E00027835F3F275DFCBE05BE5E3FB217FFBE9B
:1009F000BEF65D3FE4E700BF532D5D3FB14202BF4D
:100A0000C7615C3F3D9C03BF1A945B3F84F404BF05
:100A100050C45A3F824B06BF6AF2593F36A107BF06
:100A20006A1E593F9BF508BF5348583FAD480ABF5F
:100A30002670573F6B9A0BBFE595563FD0EA0CBF27
:100A400093B9553FDA390EBF31DB543F84870FBF6E
:100A5000C3FA533FCDD310BF4918533FB01E12BF46
:100A6000C633523F2A6813BF3D4D513F39B014BFC2
:100A7000AF64503FD9F615BF1F7A4F3F073C17BFF1
:100A8000908D4E3FC07F18BF029F4D3F00C219BFDF
:100A900079AE4C3FC6021BBFF8BB4B3F0C421CBF9C
:100AA0007FC74A3FD17F1DBF12D1493F12BC1EBF35
:100AB000B3D8483FCBF61FBF65DE473FF92F21BFB4
:100AC0002AE2463F996722BF03E4453FA99D23BF21
:100AD000F5E3443F25D224BF00E2433F0A0526BF89
:100AE00029DE423F563627BF70D8413F056628BFF2
:100AF000DAD0403F159429BF67C73F3F82C02ABF65
:100B00001BBC3E3F4AEB2BBFF9AE3D3F69142DBFE6
:100B100003A03C3FDE3B2EBF3B8F3B3FA5612FBF79
:100B2000A47C3A3FBB8530BF4268393F1DA831BF26
:100B30001652383FC9C832BF233A373FBCE733BFEC
:100B40006C20363FF30435BFF304353F6C2036BFCD
:100B5000BCE7333F233A37BFC9C8323F165238BFCC
:100B60001DA8313F426839BFBB85303FA47C3ABFE6
:100B7000A5612F3F3B8F3BBFDE3B2E3F03A03CBF19
:100B800069142D3FF9AE3DBF4AEB2B3F1BBC3EBF66
:100B900082C02A3F67C73FBF1594293FDAD040BFC4
:100BA0000566283F70D841BF5636273F29DE42BF31
:100BB0000A05263F00E243BF25D2243FF5E344BFA8
:100BC000A99D233F03E445BF9967223F2AE246BF20
:100BD000F92F213F65DE47BFCBF61F3FB3D848BF93
:100BE00012BC1E3F12D149BFD17F1D3F7FC74ABFF4
:100BF0000C421C3FF8BB4BBFC6021B3F79AE4CBF3B
:100C000000C2193F029F4DBFC07F183F908D4EBF5D
:100C1000073C173F1F7A4FBFD9F6153FAF6450BF4F
:100C200039B0143F3D4D51BF2A68133FC63352BF00
:100C3000B01E123F491853BFCDD3103FC3FA53BF64
:100C400084870F3F31DB54BFDA390E3F93B955BF6C
:100C5000D0EA0C3FE59556BF6B9A0B3F267057BF05
:100C6000AD480A3F534858BF9BF5083F6A1E59BF1D
:100C700036A1073F6AF259BF824B063F50C45ABFA4
:100C800084F4043F1A945BBF3D9C033FC7615CBF83
:100C9000B142023F532D5DBFE4E7003FBEF65DBFAA
:100CA000B217FF3E05BE5EBF275DFC3E27835FBFD8
:100CB0002DA0F93E214660BFCBE0F63EF20661BFB3
:100CC000071FF43E98C561BFEA5AF13E108262BF29
:100CD0007994EE3E5A3C63BFBBCBEB3E73F463BFEB
:100CE000B700E93E59AA64BF7533E63E0B5E65BFA7
:100CF000FA63E33E880F66BF4F92E03ECCBE66BF0C
:100D000079BEDD3ED86B67BF80E8DA3EA81668BFC3
:100D10006B10D83E3CBF68BF4136D53E916569BF78
:100D2000095AD23EA7096ABFCA7BCF3E7BAB6ABFD6
:100D30008B9BCC3E0C4B6BBF53B9C93E58E86BBF85
:100D400029D5C63E5E836CBF15EFC33E1D1C6DBF2B
:100D50001E07C13E93B26DBF4A1DBE3EBE466EBF6A
:100D6000A031BB3E9ED86EBF2A44B83E30686FBFEC
:100D7000EC54B53E73F56FBFEF63B23E668070BF53
:100D80003A71AF3E080971BFD47CAC3E578F71BF3A
:100D9000C486A93E521372BF128FA63EF89472BF4A
:100DA000C595A33E471473BFE59AA03E3F9173BF1C
:100DB000789E9D3EDD0B74BF86A09A3E228474BF50
:100DC00017A1973E0BFA74BF31A0943E976D75BF83
:100DD000DD9D913EC6DE75BF229A8E3E974D76BF51
:100DE00007958B3E07BA76BF938E883E172477BF50
:100DF000CE86853EC58B77BFC07D823E10F177BF22
:100E0000E1E67E3EF85378BFCCCF783E7BB478BF26
:100E100051B6723E981279BF7F9A6C3E4E6E79BF82
:100E2000667C663E9DC779BF135C603E841E7ABFB8
:100E300097395A3E02737ABF0115543E16C57ABFE0
:100E400060EE4D3EBE147BBFC2C5473EFC617BBF1A
:100E5000379B413ECDAC7BBFCF6E3B3E31F57BBF78
:100E60009840353E283B7CBFA2102F3EB07E7CBF11
:100E7000FCDE283EC9BF7CBFB6AB223E73FE7CBF02
:100E8000DE761C3EAC3A7DBF8340163E74747DBF57
:100E9000B708103ECCAB7DBF86CF093EB1E07DBF29
:100EA0000295033E24137EBF73B2FA3D23437EBFF7
:100EB0007638EE3DB0707EBF2EBCE13DC99B7EBF53
:100EC000B93DD53D6DC47EBF36BDC83D9DEA7EBFF0
:100ED000C33ABC3D580E7FBF80B6AF3D9D2F7FBF4C
:100EE0008C30A33D6D4E7FBF05A9963DC76A7FBF7D
:100EF0000A208A3DAB847FBF742B7B3D189C7FBF4B
:100F00006814623D0FB17FBF2FFB483D8FC37FBF89
:100F100007E02F3D98D37FBF2CC3163D29E17FBF4B
:100F2000B949FB3C43EC7FBFB00AC93CE6F47FBF44
:100F3000B6C9963C11FB7FBF900E493CC4FE7FBFF3
:100F4000890FC93B000080BF00000000C4FE7FBFC6
:100F5000890FC9BB11FB7FBF900E49BCE6F47FBF70
:100F6000B6C996BC43EC7FBFB00AC9BC29E17FBFBC
:100F7000B949FBBC98D37FBF2CC316BD8FC37FBFBD
:100F800007E02FBD0FB17FBF2FFB48BD189C7FBF6F
:100F9000681462BDAB847FBF742B7BBDC76A7FBF03
:100FA0000A208ABD6D4E7FBF05A996BD9D2F7FBFCC
:100FB0008C30A3BD580E7FBF80B6AFBD9DEA7EBF0B
:100FC000C33ABCBD6DC47EBF36BDC8BDC99B7EBF24
:100FD000B93DD5BDB0707EBF2EBCE1BD23437EBF01
:100FE0007638EEBD24137EBF73B2FABDB1E07DBF8B
:100FF000029503BECCAB7DBF86CF09BE74747DBFA6
:10100000B70810BEAC3A7DBF834016BE73FE7CBFEE
:10101000DE761CBEC9BF7CBFB6AB22BEB07E7CBF35
:10102000FCDE28BE283B7CBFA2102FBE31F57BBF63
:10103000984035BECDAC7BBFCF6E3BBEFC617BBF65
:10104000379B41BEBE147BBFC2C547BE16C57ABF23
:1010500060EE4DBE02737ABF011554BE841E7ABF86
:1010600097395ABE9DC779BF135C60BE4E6E79BF7B
:10107000667C66BE981279BF7F9A6CBE7BB478BFDF
:1010800051B672BEF85378BFCCCF78BE10F177BF9F
:10109000E1E67EBEC58B77BFC07D82BE172477BFD9
:1010A000CE8685BE07BA76BF938E88BE974D76BF33
:1010B00007958BBEC6DE75BF229A8EBE976D75BF33
:1010C000DD9D91BE0BFA74BF31A094BE228474BF23
:1010D00017A197BEDD0B74BF86A09ABE3F9173BF68
:1010E000789E9DBE471473BFE59AA0BEF89472BF68
:1010F000C595A3BE521372BF128FA6BE578F71BF84
:10110000C486A9BE080971BFD47CACBE668070BF1E
:101110003A71AFBE73F56FBFEF63B2BE30686FBF99
:10112000EC54B5BE9ED86EBF2A44B8BEBE466EBF54
:10113000A031BBBE93B26DBF4A1DBEBE1D1C6DBFAC
:101140001E07C1BE5E836CBF15EFC3BE58E86BBF00
:1011500029D5C6BE0C4B6BBF53B9C9BE7BAB6ABFAA
:101160008B9BCCBEA7096ABFCA7BCFBE916569BF06
:10117000095AD2BE3CBF68BF4136D5BEA81668BF6B
:101180006B10D8BED86B67BF80E8DABECCBE66BF36
:1011900079BEDDBE880F66BF4F92E0BE0B5E65BFB5
:1011A000FA63E3BE59AA64BF7533E6BE73F463BF46
:1011B000B700E9BE5A3C63BFBBCBEBBE108262BF37
:1011C0007994EEBE98C561BFEA5AF1BEF20661BFDE
:1011D000071FF4BE214660BFCBE0F6BE27835FBF8A
:1011E0002DA0F9BE05BE5EBF275DFCBEBEF65DBF8D
:1011F000B217FFBE532D5DBFE4E700BFC7615CBF00
:10120000B14202BF1A945BBF3D9C03BF50C45ABF9A
:1012100084F404BF6AF259BF824B06BF6A1E59BFED
:1012200036A107BF534858BF9BF508BF267057BF6C
:10123000AD480ABFE59556BF6B9A0BBF93B955BF32
:10124000D0EA0CBF31DB54BFDA390EBFC3FA53BF4B
:1012500084870FBF491853BFCDD310BFC63352BFC9
:10126000B01E12BF3D4D51BF2A6813BFAF6450BFBF
:1012700039B014BF1F7A4FBFD9F615BF908D4EBF3E
:10128000073C17BF029F4DBFC07F18BF79AE4CBF50
:1012900000C219BFF8BB4BBFC6021BBF7FC74ABF06
:1012A0000C421CBF12D149BFD17F1DBFB3D848BF6C
:1012B00012BC1EBF65DE47BFCBF61FBF2AE246BF8A
:1012C000F92F21BF03E445BF996722BFF5E344BF6F
:1012D000A99D23BF00E243BF25D224BF29DE42BF20
:1012E0000A0526BF70D841BF563627BFDAD040BFA7
:1012F000056628BF67C73FBF159429BF1BBC3EBF0B
:1013000082C02ABFF9AE3DBF4AEB2BBF03A03CBF52
:1013100069142DBF3B8F3BBFDE3B2EBFA47C3ABF81
:10132000A5612FBF426839BFBB8530BF165238BF99
:101330001DA831BF233A37BFC9C832BF6C2036BFA2
:10134000BCE733BFF30435BFF30435BFBCE733BF9D
:101350006C2036BFC9C832BF233A37BF1DA831BF82
:10136000165238BFBB8530BF426839BFA5612FBF59
:10137000A47C3ABFDE3B2EBF3B8F3BBF69142DBF21
:1013800003A03CBF4AEB2BBFF9AE3DBF82C02ABFD2
:101390001BBC3EBF159429BF67C73FBF056628BF6A
:1013A000DAD040BF563627BF70D841BF0A0526BFE6
:1013B00029DE42BF25D224BF00E243BFA99D23BF3F
:1013C000F5E344BF996722BF03E445BFF92F21BF6E
:1013D0002AE246BFCBF61FBF65DE47BF12BC1EBF69
:1013E000B3D848BFD17F1DBF12D149BF0C421CBF2B
:1013F0007FC74ABFC6021BBFF8BB4BBF00C219BFA5
:1014000079AE4CBFC07F18BF029F4DBF073C17BFCE
:10141000908D4EBFD9F615BF1F7A4FBF39B014BF9C
:10142000AF6450BF2A6813BF3D4D51BFB01E12BFFD
:10143000C63352BFCDD310BF491853BF84870FBFE7
:10144000C3FA53BFDA390EBF31DB54BFD0EA0CBF49
:1014500093B955BF6B9A0BBFE59556BFAD480ABF10
:10146000267057BF9BF508BF534858BF36A107BF2A
:101470006A1E59BF824B06BF6AF259BF84F404BF8B
:1014800050C45ABF3D9C03BF1A945BBFB14202BF18
:10149000C7615CBFE4E700BF532D5DBFB217FFBE5D
:1014A000BEF65DBF275DFCBE05BE5EBF2DA0F9BECA
:1014B00027835FBFCBE0F6BE214660BF071FF4BEA7
:1014C000F20661BFEA5AF1BE98C561BF7994EEBEDB
:1014D000108262BFBBCBEBBE5A3C63BFB700E9BE14
:1014E00073F463BF7533E6BE59AA64BFFA63E3BE03
:1014F0000B5E65BF4F92E0BE880F66BF79BEDDBE52
:10150000CCBE66BF80E8DABED86B67BF6B10D8BEB2
:10151000A81668BF4136D5BE3CBF68BF095AD2BEC7
:10152000916569BFCA7BCFBEA7096ABF8B9BCCBE42
:101530007BAB6ABF53B9C9BE0C4B6BBF29D5C6BEC6
:1015400058E86BBF15EFC3BE5E836CBF1E07C1BEFC
:101550001D1C6DBF4A1DBEBE93B26DBFA031BBBE88
:10156000BE466EBF2A44B8BE9ED86EBFEC54B5BE10
:1015700030686FBFEF63B2BE73F56FBF3A71AFBE35
:10158000668070BFD47CACBE080971BFC486A9BE9A
:10159000578F71BF128FA6BE521372BFC595A3BEDF
:1015A000F89472BFE59AA0BE471473BF789E9DBEA3
:1015B0003F9173BF86A09ABEDD0B74BF17A197BE83
:1015C000228474BF31A094BE0BFA74BFDD9D91BE1E
:1015D000976D75BF229A8EBEC6DE75BF07958BBE0E
:1015E000974D76BF938E88BE07BA76BFCE8685BEEE
:1015F000172477BFC07D82BEC58B77BFE1E67EBE74
:1016000010F177BFCCCF78BEF85378BF51B672BE19
:101610007BB478BF7F9A6CBE981279BF667C66BE39
:101620004E6E79BF135C60BE9DC779BF97395ABEB5
:10163000841E7ABF011554BE02737ABF60EE4DBEA0
:1016400016C57ABFC2C547BEBE147BBF379B41BE1D
:10165000FC617BBFCF6E3BBECDAC7BBF984035BE3F
:1016600031F57BBFA2102FBE283B7CBFFCDE28BE1D
:10167000B07E7CBFB6AB22BEC9BF7CBFDE761CBECF
:1016800073FE7CBF834016BEAC3A7DBFB70810BE68
:1016900074747DBF86CF09BECCAB7DBF029503BEFF
:1016A000B1E07DBF73B2FABD24137EBF7638EEBDC4
:1016B00023437EBF2EBCE1BDB0707EBFB93DD5BD1A
:1016C000C99B7EBF36BDC8BD6DC47EBFC33ABCBD1D
:1016D0009DEA7EBF80B6AFBD580E7FBF8C30A3BDE4
:1016E0009D2F7FBF05A996BD6D4E7FBF0A208ABD85
:1016F000C76A7FBF742B7BBDAB847FBF681462BD9C
:10170000189C7FBF2FFB48BD0FB17FBF07E02FBDE7
:101710008FC37FBF2CC316BD98D37FBFB949FBBC15
:1017200029E17FBFB00AC9BC43EC7FBFB6C996BCF4
:10173000E6F47FBF900E49BC11FB7FBF890FC9BB88
:10174000C4FE7FBF00000080000080BF890FC93B3E
:10175000C4FE7FBF900E493C11FB7FBFB6C9963CCB
:10176000E6F47FBFB00AC93C43EC7FBFB949FB3CFC
:1017700029E17FBF2CC3163D98D37FBF07E02F3DE3
:101780008FC37FBF2FFB483D0FB17FBF6814623D01
:10179000189C7FBF742B7B3DAB847FBF0A208A3DA2
:1017A000C76A7FBF05A9963D6D4E7FBF8C30A33DB4
:1017B0009D2F7FBF80B6AF3D580E7FBFC33ABC3D63
:1017C0009DEA7EBF36BDC83D6DC47EBFB93DD53DE7
:1017D000C99B7EBF2EBCE13DB0707EBF7638EE3D2A
:1017E00023437EBF73B2FA3D24137EBF0295033EAE
:1017F000B1E07DBF86CF093ECCAB7DBFB708103EC0
:1018000074747DBF8340163EAC3A7DBFDE761C3ECD
:1018100073FE7CBFB6AB223EC9BF7CBFFCDE283E58
:10182000B07E7CBFA2102F3E283B7CBF9840353E47
:1018300031F57BBFCF6E3B3ECDAC7BBF379B413E8E
:10184000FC617BBFC2C5473EBE147BBF60EE4D3E10
:1018500016C57ABF0115543E02737ABF97395A3EB6
:10186000841E7ABF135C603E9DC779BF667C663E6E
:101870004E6E79BF7F9A6C3E981279BF51B6723E18
:101880007BB478BFCCCF783EF85378BFE1E67E3E9C
:1018900010F177BFC07D823EC58B77BFCE86853E77
:1018A000172477BF938E883E07BA76BF07958B3E85
:1018B000974D76BF229A8E3EC6DE75BFDD9D913E66
:1018C000976D75BF31A0943E0BFA74BF17A1973E78
:1018D000228474BF86A09A3EDD0B74BF789E9D3E25
:1018E0003F9173BFE59AA03E471473BFC595A33ED1
:1018F000F89472BF128FA63E521372BFC486A93EDF
:10190000578F71BFD47CAC3E080971BF3A71AF3EAE
:10191000668070BFEF63B23E73F56FBFEC54B53EA7
:1019200030686FBF2A44B83E9ED86EBFA031BB3E20
:10193000BE466EBF4A1DBE3E93B26DBF1E07C13E7E
:101940001D1C6DBF15EFC33E5E836CBF29D5C63E1F
:1019500058E86BBF53B9C93E0C4B6BBF8B9BCC3E59
:101960007BAB6ABFCA7BCF3EA7096ABF095AD23E8A
:10197000916569BF4136D53E3CBF68BF6B10D83E0C
:10198000A81668BF80E8DA3ED86B67BF79BEDD3E37
:10199000CCBE66BF4F92E03E880F66BFFA63E33E5F
:1019A0000B5E65BF7533E63E59AA64BFB700E93EDA
:1019B00073F463BFBBCBEB3E5A3C63BF7994EE3EFE
:1019C000108262BFEA5AF13E98C561BF071FF43E1C
:1019D000F20661BFCBE0F63E214660BF2DA0F93E86
:1019E00027835FBF275DFC3E05BE5EBFB217FF3E8B
:1019F000BEF65DBFE4E7003F532D5DBFB142023F3D
:101A0000C7615CBF3D9C033F1A945BBF84F4043FF5
:101A100050C45ABF824B063F6AF259BF36A1073FF6
:101A20006A1E59BF9BF5083F534858BFAD480A3F4F
:101A3000267057BF6B9A0B3FE59556BFD0EA0C3F17
:101A400093B955BFDA390E3F31DB54BF84870F3F5E
:101A5000C3FA53BFCDD3103F491853BFB01E123F36
:101A6000C63352BF2A68133F3D4D51BF39B0143FB2
:101A7000AF6450BFD9F6153F1F7A4FBF073C173FE1
:101A8000908D4EBFC07F183F029F4DBF00C2193FCF
:101A900079AE4CBFC6021B3FF8BB4BBF0C421C3F8C
:101AA0007FC74ABFD17F1D3F12D149BF12BC1E3F25
:101AB000B3D848BFCBF61F3F65DE47BFF92F213FA4
:101AC0002AE246BF9967223F03E445BFA99D233F11
:101AD000F5E344BF25D2243F00E243BF0A05263F79
:101AE00029DE42BF5636273F70D841BF0566283FE2
:101AF000DAD040BF1594293F67C73FBF82C02A3F55
:101B00001BBC3EBF4AEB2B3FF9AE3DBF69142D3FD6
:101B100003A03CBFDE3B2E3F3B8F3BBFA5612F3F69
:101B2000A47C3ABFBB85303F426839BF1DA8313F16
:101B3000165238BFC9C8323F233A37BFBCE7333FDC
:101B40006C2036BFF304353FF30435BF6C20363FBD
:101B5000BCE733BF233A373FC9C832BF1652383FBC
:101B60001DA831BF4268393FBB8530BFA47C3A3FD6
:101B7000A5612FBF3B8F3B3FDE3B2EBF03A03C3F09
:101B800069142DBFF9AE3D3F4AEB2BBF1BBC3E3F56
:101B900082C02ABF67C73F3F159429BFDAD0403FB4
:101BA000056628BF70D8413F563627BF29DE423F21
:101BB0000A0526BF00E2433F25D224BFF5E3443F98
:101BC000A99D23BF03E4453F996722BF2AE2463F10
:101BD000F92F21BF65DE473FCBF61FBFB3D8483F83
:101BE00012BC1EBF12D1493FD17F1DBF7FC74A3FE4
:101BF0000C421CBFF8BB4B3FC6021BBF79AE4C3F2B
:101C000000C219BF029F4D3FC07F18BF908D4E3F4D
:101C1000073C17BF1F7A4F3FD9F615BFAF64503F3F
:101C200039B014BF3D4D513F2A6813BFC633523FF0
:101C3000B01E12BF4918533FCDD310BFC3FA533F54
:101C400084870FBF31DB543FDA390EBF93B9553F5C
:101C5000D0EA0CBFE595563F6B9A0BBF2670573FF5
:101C6000AD480ABF5348583F9BF508BF6A1E593F0D
:101C700036A107BF6AF2593F824B06BF50C45A3F94
:101C800084F404BF1A945B3F3D9C03BFC7615C3F73
:101C9000B14202BF532D5D3FE4E700BFBEF65D3F9A
:101CA000B217FFBE05BE5E3F275DFCBE27835F3FC8
:101CB0002DA0F9BE2146603FCBE0F6BEF206613FA3
:101CC000071FF4BE98C5613FEA5AF1BE1082623F19
:101CD0007994EEBE5A3C633FBBCBEBBE73F4633FDB
:101CE000B700E9BE59AA643F7533E6BE0B5E653F97
:101CF000FA63E3BE880F663F4F92E0BECCBE663FFC
:101D000079BEDDBED86B673F80E8DABEA816683FB3
:101D10006B10D8BE3CBF683F4136D5BE9165693F68
:101D2000095AD2BEA7096A3FCA7BCFBE7BAB6A3FC6
:101D30008B9BCCBE0C4B6B3F53B9C9BE58E86B3F75
:101D400029D5C6BE5E836C3F15EFC3BE1D1C6D3F1B
:101D50001E07C1BE93B26D3F4A1DBEBEBE466E3F5A
:101D6000A031BBBE9ED86E3F2A44B8BE30686F3FDC
:101D7000EC54B5BE73F56F3FEF63B2BE6680703F43
:101D80003A71AFBE0809713FD47CACBE578F713F2A
:101D9000C486A9BE5213723F128FA6BEF894723F3A
:101DA000C595A3BE4714733FE59AA0BE3F91733F0C
:101DB000789E9DBEDD0B743F86A09ABE2284743F40
:101DC00017A197BE0BFA743F31A094BE976D753F73
:101DD000DD9D91BEC6DE753F229A8EBE974D763F41
:101DE00007958BBE07BA763F938E88BE1724773F40
:101DF000CE8685BEC58B773FC07D82BE10F1773F12
:101E0000E1E67EBEF853783FCCCF78BE7BB4783F16
:101E100051B672BE9812793F7F9A6CBE4E6E793F72
:101E2000667C66BE9DC7793F135C60BE841E7A3FA8
:101E300097395ABE02737A3F011554BE16C57A3FD0
:101E400060EE4DBEBE147B3FC2C547BEFC617B3F0A
:101E5000379B41BECDAC7B3FCF6E3BBE31F57B3F68
:101E6000984035BE283B7C3FA2102FBEB07E7C3F01
:101E7000FCDE28BEC9BF7C3FB6AB22BE73FE7C3FF2
:101E8000DE761CBEAC3A7D3F834016BE74747D3F47
:101E9000B70810BECCAB7D3F86CF09BEB1E07D3F19
:101EA000029503BE24137E3F73B2FABD23437E3FE7
:101EB0007638EEBDB0707E3F2EBCE1BDC99B7E3F43
:101EC000B93DD5BD6DC47E3F36BDC8BD9DEA7E3FE0
:101ED000C33ABCBD580E7F3F80B6AFBD9D2F7F3F3C
:101EE0008C30A3BD6D4E7F3F05A996BDC76A7F3F6D
:101EF0000A208ABDAB847F3F742B7BBD189C7F3F3B
:101F0000681462BD0FB17F3F2FFB48BD8FC37F3F79
:101F100007E02FBD98D37F3F2CC316BD29E17F3F3B
:101F2000B949FBBC43EC7F3FB00AC9BCE6F47F3F34
:101F3000B6C996BC11FB7F3F900E49BCC4FE7F3FE3
:101F4000890FC9BB080000101000002018000030E5
:101F50002000000228000012300000223800003269
:101F600040000004480000145000002458000034D1
:101F70006000000668000016700000267800003639
:101F800080000008880000189000002898000038A1
:101F9000A000000AA800001AB000002AB800003A09
:101FA000C000000CC800001CD000002CD800003C71
:101FB000E000000EE800001EF000002EF800003ED9
:101FC00000010004080140101001402018014030B9
:101FD00020014002280140123001402238014032E5
:101FE000400140044801401450014024580140344D
:101FF00060014006680140167001402678014036B5
:10200000800140088801401890014028980140381C
:10201000A001400AA801401AB001402AB801403A84
:10202000C001400CC801401CD001402CD801403CEC
:10203000E001400EE801401EF001402EF801403E54
:102040000002000808028010100280201802803070
:102050002002800228028012300280223802803260
:1020600040028004480280145002802458028034C8
:102070006002800668028016700280267802803630
:102080008002800888028018900280289802803898
:10209000A002800AA802801AB002802AB802803A00
:1020A000C002800CC802801CD002802CD802803C68
:1020B000E002800EE802801EF002802EF802803ED0
:1020C0000003000C0803C0101003C0201803C03028
:1020D0002003800C2803C0123003C0223803C03212
:1020E0004003C0044803C0145003C0245803C03444
:1020F0006003C0066803C0167003C0267803C036AC
:102100008003C0088803C0189003C0289803C03813
:10211000A003C00AA803C01AB003C02AB803C03A7B
:10212000C003C00CC803C01CD003C02CD803C03CE3
:10213000E003C00EE803C01EF003C02EF803C03E4B
:102140000804001110040021180400312004000CC0
:102150002804001330040023380400334004000531
:102160004804001550040025580400356004000799
:102170006804001770040027780400378004000901
:10218000880400199004002998040039A004000B69
:10219000A804001BB004002BB804003BC004000DD1
:1021A000C804001DD004002DD804003DE004000F39
:1021B000E804001FF004002FF804003F0805401158
:1021C00010054021180540312005000D2805401359
:1021D000300540233805403348054015500540255B
:1021E00058054035600540076805401770054027D1
:1021F0007805403780054009880540199005402939
:1022000098054039A005400BA805401BB005402BA0
:10221000B805403BC005400DC805401DD005402D08
:10222000D805403DE005400FE805401FF005402F70
:10223000F805403F0006400808068011100680217E
:10224000180680312006C008280680133006802337
:102250003806803340064009480680155006802520
:10226000580680356006800768068017700680274C
:1022700078068037800680098806801990068029B4
:1022800098068039A006800BA806801BB006802B1C
:10229000B806803BC006800DC806801DD006802D84
:1022A000D806803DE006800FE806801FF006802FEC
:1022B000F806803F0007400C0807C0111007C02136
:1022C0001807C0312007C00C2807C0133007C023EF
:1022D0003807C0334007400D4807C0155007C025D8
:1022E0005807C0356007C0076807C0177007C027C8
:1022F0007807C0378007C0098807C0199007C02930
:102300009807C039A007C00BA807C01BB007C02B97
:10231000B807C03BC007C00DC807C01DD007C02DFF
:10232000D807C03DE007C00FE807C01FF007C02F67
:10233000F807C03F0008001008080810100808201F
:1023400018080830200880102808081230080822D1
:1023500038080832400800114808081450080824BA
:1023600058080834600880116808081670080826A4
:102370007808083680080810880808189008082887
:1023800098080838A008080AA808081AB008082AF7
:10239000B808083AC008080CC808081CD008082C5F
:1023A000D808083CE008080EE808081EF008082EC7
:1023B000F808083E000900140809481010094820D0
:1023C0001809483020098014280948123009482289
:1023D0003809483240090015480948145009482472
:1023E000580948346009801568094816700948265C
:1023F000780948368009081488094818900948283F
:1024000098094838A009480AA809481AB009482A72
:10241000B809483AC009480CC809481CD009482CDA
:10242000D809483CE009480EE809481EF009482E42
:10243000F809483E000A0018080A8810100A882087
:10244000180A8830200A8018280A8812300A882240
:10245000380A8832400A0019480A8814500A882429
:10246000580A8834600A8019680A8816700A882613
:10247000780A8836800A0818880A8818900A8828F6
:10248000980A8838A00A8818A80A881AB00A882AE0
:10249000B80A883AC00A880CC80A881CD00A882C56
:1024A000D80A883CE00A880EE80A881EF00A882EBE
:1024B000F80A883E000B001C080BC810100BC8203F
:1024C000180BC830200B801C280BC812300BC822F8
:1024D000380BC832400B001D480BC814500BC824E1
:1024E000580BC834600B801D680BC816700BC826CB
:1024F000780BC836800B081C880BC818900BC828AE
:10250000980BC838A00B881CA80BC81AB00BC82A97
:10251000B80BC83AC00BC80CC80BC81CD00BC82CD1
:10252000D80BC83CE00BC80EE80BC81EF00BC82E39
:10253000F80BC83E000C4010080C0811100C0821C4
:10254000180C0831200CC010280C0813300C08237C
:10255000380C0833400C4011480C0815500C082565
:10256000580C0835600CC011680C0817700C08274F
:10257000780C0837800C4810880C0819900C082932
:10258000980C0839A00CC810A80C081BB00C082B1C
:10259000B80C083BC00C080DC80C081DD00C082D49
:1025A000D80C083DE00C080FE80C081FF00C082FB1
:1025B000F80C083F000D4014080D4811100D48217B
:1025C000180D4831200DC014280D4813300D482334
:1025D000380D4833400D4015480D4815500D48251D
:1025E000580D4835600DC015680D4817700D482707
:1025F000780D4837800D4814880D4819900D4829EA
:10260000980D4839A00DC814A80D481BB00D482BD3
:10261000B80D483BC00D4815C80D481DD00D482DBC
:10262000D80D483DE00D480FE80D481FF00D482F2C
:10263000F80D483F000E4018080E8811100E882132
:10264000180E8831200EC018280E8813300E8823EB
:10265000380E8833400E4019480E8815500E8825D4
:10266000580E8835600EC019680E8817700E8827BE
:10267000780E8837800E4818880E8819900E8829A1
:10268000980E8839A00EC818A80E881BB00E882B8B
:10269000B80E883BC00E4819C80E881DD00E882D74
:1026A000D80E883DE00E880FE80E881FF00E882FA8
:1026B000F80E883F000F401C080FC811100FC821EA
:1026C000180FC831200FC01C280FC813300FC823A3
:1026D000380FC833400F401D480FC815500FC8258C
:1026E000580FC835600FC01D680FC817700FC82776
:1026F000780FC837800F481C880FC819900FC82959
:10270000980FC839A00FC81CA80FC81BB00FC82B42
:10271000B80FC83BC00F481DC80FC81DD00FC82D2B
:10272000D80FC83DE00FC81DE80FC81FF00FC82F15
:10273000F80FC83F001000200810101010101020D3
:102740001810103020108020281010123010102285
:10275000381010324010002148101014501010246E
:102760005810103460108021681010167010102658
:10277000781010368010082088101018901010283B
:1027800098101038A0108820A810101AB010102A25
:10279000B810103AC0100821C810101CD010102C0E
:1027A000D810103CE0108821E810101EF010102EF8
:1027B000F810103E001100240811102410115020B0
:1027C000181150302011802428115012301150223D
:1027D0003811503240110025481150145011502426
:1027E0005811503460118025681150167011502610
:1027F00078115036801108248811501890115028F3
:1028000098115038A0118824A811501AB011502ADC
:10281000B811503AC0110825C811501CD011502CC5
:10282000D811503CE0118825E811501EF011502EAF
:10283000F811503E001200280812102810129020A3
:1028400018129030201280282812901230129022F4
:1028500038129032401200294812901450129024DD
:1028600058129034601280296812901670129026C7
:1028700078129036801208288812901890129028AA
:1028800098129038A0128828A812901AB012902A94
:10289000B812903AC0120829C812901CD012902C7D
:1028A000D812903CE0128829E812901EF012902E67
:1028B000F812903E0013002C0813102C1013D02097
:1028C0001813D0302013802C2813902C3013D022D2
:1028D0003813D0324013002D4813D0145013D02495
:1028E0005813D0346013802D6813D0167013D0267F
:1028F0007813D0368013082C8813D0189013D02862
:102900009813D038A013882CA813D01AB013D02A4B
:10291000B813D03AC013082DC813D01CD013D02C34
:10292000D813D03CE013882DE813D01EF013D02E1E
:10293000F813D03E00144020081450201014102129
:10294000181410312014C0202814D0203014102363
:102950003814103340144021481410155014102519
:10296000581410356014C021681410177014102703
:1029700078141037801448208814101990141029E6
:1029800098141039A014C820A814101BB014102BD0
:10299000B814103BC0144821C814101DD014102DB9
:1029A000D814103DE014C821E814101FF014102FA3
:1029B000F814103F0015402408155024101550211C
:1029C000181550312015C0242815D0243015502357
:1029D00038155033401540254815501550155025D1
:1029E000581550356015C0256815501770155027BB
:1029F000781550378015482488155019901550299E
:102A000098155039A015C824A815501BB015502B87
:102A1000B815503BC0154825C815501DD015502D70
:102A2000D815503DE015C825E815501FF015502F5A
:102A3000F815503F0016402808165028101690210F
:102A4000181690312016C0282816D028301690234A
:102A500038169033401640294816502950169025B4
:102A6000581690356016C029681690177016902772
:102A70007816903780164828881690199016902955
:102A800098169039A016C828A816901BB016902B3F
:102A9000B816903BC0164829C816901DD016902D28
:102AA000D816903DE016C829E816901FF016902F12
:102AB000F816903F0017402C0817502C1017D02103
:102AC0001817D0312017C02C2817D02C3017D0233E
:102AD0003817D0334017402D4817502D5017D025A8
:102AE0005817D0356017C02D6817D0177017D0272A
:102AF0007817D0378017482C8817D0199017D0290D
:102B00009817D039A017C82CA817D01BB017D02BF6
:102B1000B817D03BC017482DC817D01DD017D02DDF
:102B2000D817D03DE017C82DE817D01FF017D02FC9
:102B3000F817D03F0018003008181030101818206F
:102B400018181830201880302818903030181822A3
:102B5000381818324018003148181031501818240D
:102B60005818183460188031681890317018182679
:102B700078181836801808308818183090181828D7
:102B800098181838A0188830A818181AB018182AD9
:102B9000B818183AC0180831C818181CD018182CC2
:102BA000D818183CE0188831E818181EF018182EAC
:102BB000F818183E0019003408191034101958205C
:102BC0001819583020198034281990343019582297
:102BD0003819583240190035481910355019582401
:102BE000581958346019803568199035701958266D
:102BF00078195836801908348819183490195828CB
:102C000098195838A0198834A819581AB019582A90
:102C1000B819583AC0190835C819581CD019582C79
:102C2000D819583CE0198835E819581EF019582E63
:102C3000F819583E001A0038081A1038101A98204F
:102C4000181A9830201A8038281A9038301A98228A
:102C5000381A9832401A0039481A1039501A9824F4
:102C6000581A9834601A8039681A9039701A982660
:102C7000781A9836801A0838881A1838901A9828BE
:102C8000981A9838A01A8838A81A9838B01A982A2A
:102C9000B81A983AC01A0839C81A981CD01A982C31
:102CA000D81A983CE01A8839E81A981EF01A982E1B
:102CB000F81A983E001B003C081B103C101BD82043
:102CC000181BD830201B803C281B903C301BD8227E
:102CD000381BD832401B003D481B103D501BD824E8
:102CE000581BD834601B803D681B903D701BD82654
:102CF000781BD836801B083C881B183C901BD828B2
:102D0000981BD838A01B883CA81B983CB01BD82A1D
:102D1000B81BD83AC01B083DC81BD81CD01BD82CE8
:102D2000D81BD83CE01B883DE81BD81EF01BD82ED2
:102D3000F81BD83E001C4030081C5030101C1821D5
:102D4000181C1831201CC030281CD030301C18230F
:102D5000381C1833401C4031481C5031501C182579
:102D6000581C1835601CC031681CD031701C1827E5
:102D7000781C1837801C4830881C5830901C182943
:102D8000981C1839A01CC830A81CD830B01C182BAF
:102D9000B81C183BC01C4831C81C181DD01C182D6D
:102DA000D81C183DE01CC831E81C181FF01C182F57
:102DB000F81C183F001D4034081D5034101D5821C8
:102DC000181D5831201DC034281DD034301D582303
:102DD000381D5833401D4035481D5035501D58256D
:102DE000581D5835601DC035681DD035701D5827D9
:102DF000781D5837801D4834881D5834901D582937
:102E0000981D5839A01DC834A81DD834B01D582BA2
:102E1000B81D583BC01D4835C81D5835D01D582D0C
:102E2000D81D583DE01DC835E81D581FF01D582F0E
:102E3000F81D583F001E4038081E5038101E9821BB
:102E4000181E9831201EC038281ED038301E9823F6
:102E5000381E9833401E4039481E5039501E982560
:102E6000581E9835601EC039681ED039701E9827CC
:102E7000781E9837801E4838881E5838901E98292A
:102E8000981E9839A01EC838A81ED838B01E982B96
:102E9000B81E983BC01E4839C81E5839D01E982D00
:102EA000D81E983DE01EC839E81E981FF01E982FC6
:102EB000F81E983F001F403C081F503C101FD821AF
:102EC000181FD831201FC03C281FD03C301FD823EA
:102ED000381FD833401F403D481F503D501FD82554
:102EE000581FD835601FC03D681FD03D701FD827C0
:102EF000781FD837801F483C881F583C901FD8291E
:102F0000981FD839A01FC83CA81FD83CB01FD82B89
:102F1000B81FD83BC01F483DC81F583DD01FD82DF3
:102F2000D81FD83DE01FC83DE81FD83DF01FD82F5F
:102F3000F81FD83F082080201020202018202030A3
:102F400028208028302020223820203240200021D4
:102F50004820C020502020245820203460201024F5
:102F60006820C028702020267820203688208030D5
:102F70009020202898202038A0200830A8208038D1
:102F8000B020202AB820203AC0200821C820C03014
:102F9000D020202CD820203CE0200831E820C03868
:102FA000F020202EF820203E00210024082180213E
:102FB000102110241821603020212024282180296C
:102FC0003021602238216032402100254821C02173
:102FD0005021602458216034602150246821C02988
:102FE0007021602678216036802108248821803174
:102FF0009021602898216038A0210834A8218039C8
:10300000B021602AB821603AC0210825C821C0310A
:10301000D021602CD821603CE0210835E821C0395E
:10302000F021602EF821603E00220030082280301E
:10303000102208301822A0302022103028228828A0
:103040003022A0223822A032402240304822C03014
:103050005022A0245822A034602250306822C82870
:103060007022A0267822A036802220308822883044
:103070009022A0289822A038A0221830A8228838B0
:10308000B022A02AB822A03AC0226030C822C8309C
:10309000D022A02CD822A03CE0221831E822C83847
:1030A000F022A02EF822A03E002300310823803118
:1030B000102308311823E0302023103128238829D9
:1030C000302318313823E032402340314823C031C7
:1030D0005023E0245823E034602350316823C8296A
:1030E0007023E0267823E036802318248823883153
:1030F0009023E0289823E038A0231834A8238839A7
:10310000B023E02AB823E03AC0231825C823C831E9
:10311000D023E02CD823E03CE0231835E823C8393D
:10312000F023E02EF823E03E0824802410242024FD
:10313000182420312824802C3024103138242033C6
:10314000402400254824C02450242025582420351C
:10315000602410256824C02C702420277824203770
:10316000882480349024202998242039A0244830B1
:10317000A824803CB024202BB824203BC024082560
:10318000C824C034D024202DD824203DE024483148
:10319000E824C03CF024202FF824203F0825802577
:1031A00010252025182560312825802D3025503107
:1031B000382560334825C0255025602558256035C1
:1031C0006825C02D702560277825603788258035D3
:1031D0009025602998256039A0254834A825803D90
:1031E000B025602BB825603BC825C035D025602DA3
:1031F000D825603DE0254835E825C03DF025602F05
:10320000F825603F00260034082680341026083454
:103210001826A031202610342826882C3026183471
:103220003826A033402640344826C034502648343F
:103230005826A035602650346826C82C7026A02752
:103240007826A03780262034882688349026A02926
:103250009826A039A0265830A826883CB026A02B56
:10326000B826A03BC0266034C826C834D026A02D7E
:10327000D826A03DE0265831E826C83CF026A02FED
:10328000F826A03F0027003508278035102708358D
:103290001827E031202710352827882D30271835AA
:1032A0003827E033402740354827C0355027483578
:1032B0005827E035602750356827C82D7027E0274C
:1032C0007827E03780272035882788359027E02920
:1032D0009827E039A0275834A827883DB027E02B4D
:1032E000B827E03BC0276035C827C835D027E02D78
:1032F000D827E03DE0275835E827C83DF027E02FE4
:10330000F827E03F0828202810288028182828308F
:103310002828902830288828382828324028002C4F
:103320004828202C5028802C582828346028082C25
:103330006828D0287028882C78282836882890304B
:1033400098282838A0282830A8289038B028282A7B
:10335000B828283AC028102CC828D030D028282CCB
:10336000D828283CE028182CE828D038F028282E27
:10337000F828283E0029002C0829082C1029102C98
:10338000182968302029202C282990293029D0306C
:10339000382968324029402C4829602C5029C02CFB
:1033A000582968346029482C6829D0297029C82CEC
:1033B000782968368029802C882990319029282CFA
:1033C00098296838A0292834A8299039B029682A72
:1033D000B829683AC029502CC829D031D029682C86
:1033E000D829683CE029582CE829D039F029682EE2
:1033F000F829683E002A0038082A2038102A803828
:10340000182AA830202A0838282A2838302A88384C
:10341000382AA832402A003C482A203C502A803CC6
:10342000582AA834602A083C682A283C702A883C1C
:10343000782AA836802A1038882A9830902A90381E
:10344000982AA838A02A1838A82A9838B02A983874
:10345000B82AA83AC02A103CC82AD830D02AA82CAA
:10346000D82AA83CE02A183CE82AD838F02AA82E06
:10347000F82AA83E002B4038082B6038102BC038A3
:10348000182BE830202B4838282B6838302BC838C8
:10349000382BE832402B403C482B603C502BC03C42
:1034A000582BE834602B483C682B683C702BC83C98
:1034B000782BE836802B5038882B9831902BD038D9
:1034C000982BE838A02B5838A82B9839B02BD8382F
:1034D000B82BE83AC02B503CC82BD831D02BE82C65
:1034E000D82BE83CE02B583CE82BD839F02BE82EC1
:1034F000F82BE83E082C202C102C802C182C28317E
:10350000282C902C302C9031382C2833402C002D36
:10351000482C202D502C802D582C2835602C082D1F
:10352000682CD02C702C882D782C2837882C90343F
:10353000982C2839A02C6830A82C903CB02C6838E6
:10354000B82C283BC02C102DC82CD034D02C282DC2
:10355000D82C283DE02C182DE82CD03CF02C282F1E
:10356000F82C283F082D202D102D802D182D683186
:10357000282D902D302DD031382D6833482D602DD9
:10358000502DC02D582D6835682DD02D702DC82D8B
:10359000782D6837882D9035982D6839A02D68349E
:1035A000A82D903DB02D683CB82D683BC82DD03576
:1035B000D82D683DE02D6835E82DD03DF02D682FE1
:1035C000F82D683F002E0039082E2039102E803942
:1035D000182EA831202E0839282E2839302E883967
:1035E000382EA833402E003D482E203D502E803DE1
:1035F000582EA835602E083D682E283D702E883D37
:10360000782EA837802E1039882E9834902E903935
:10361000982EA839A02E1839A82E983CB02E98398B
:10362000B82EA83BC02E103DC82ED834D02E903DC9
:10363000D82EA83DE02E183DE82ED83CF02EA82F1D
:10364000F82EA83F002F4039082F6039102FC039BD
:10365000182FE831202F4839282F6839302FC839E2
:10366000382FE833402F403D482F603D502FC03D5C
:10367000582FE835602F483D682F683D702FC83DB2
:10368000782FE837802F5039882F9835902FD039F0
:10369000982FE839A02F5839A82F983DB02FD83946
:1036A000B82FE83BC02F503DC82FD835D02FD03D84
:1036B000D82FE83DE02F583DE82FD83DF02FD83DDA
:1036C000F82FE83F18303030383030324030003199
:1036D00048300831503010315830303460302031AB
:1036E0006830283170301834783030368830A03067
:1036F00098303038A830A038B0308838B830303AF8
:10370000C0308031C830E030D0309031D830303CDB
:10371000E0308831E830E038F0308839F830303E39
:1037200000310034083108341031103418311834A5
:10373000203120342831283430313034383170325F
:10374000403100354831083550311035583170342A
:103750006031203568312835703158347831703611
:10376000803180348831A031903190349831703874
:10377000A0318834A831A039B031883CB831703AD2
:10378000C0318035C831E031D0319035D831703C0E
:10379000E0318835E831E039F031883DF831703E6C
:1037A0000032003808328038103208381832883831
:1037B0002032103828329038303218383832B0324F
:1037C000403240384832C038503248385832B0342D
:1037D000603250386832D038703258387832B0366B
:1037E000803220388832A038903228389832B03869
:1037F000A0323038A832A838B0329838B832B03A4F
:10380000C0326038C832E038D0326838D832B03C84
:10381000E0327038E832E838F0329839F832B03EA9
:1038200000330039083380391033083918338839A8
:1038300020331039283390393033183938339839D8
:10384000403340394833C039503348395833F03465
:10385000603350396833D039703358397833F036A3
:10386000803320398833A039903328399833F038A1
:10387000A0339834A833A839B033983CB833F03A21
:10388000C0336039C833E039D0336839D833F03CBD
:10389000E0339835E833E839F033983DF833F03EBB
:1038A0001834303438341839403400354834083549
:1038B000503410355834303560342035683428356C
:1038C00070341835783430378834A034983430392F
:1038D000A834A03CB034C838B834303BC03480354C
:1038E000C834E034D0349035D834303DE0348835B5
:1038F000E834E03CF034C839F834303F183530351E
:103900003835583958357035783570378835A035A1
:1039100098357039A835A03DB035C83CB835703BF6
:10392000C835E035D835703DE835E03DF035C83D67
:10393000F835703F0036003C0836803C1036083CB5
:103940001836883C2036103C2836903C3036183CDF
:103950003836983C4036403C4836C03C5036483CAF
:103960005836C83C6036503C6836D03C7036583CBF
:103970007836B0378036203C8836A03C9036283CDC
:103980009836B039A036303CA836A83CB036D83886
:10399000B836B03BC036603CC836E03CD036683CF8
:1039A000D836B03DE036703CE836E83CF036D839E1
:1039B000F836B03F0037003D0837803D1037083DEE
:1039C0001837883D2037103D2837903D3037183D57
:1039D0003837983D4037403D4837C03D5037483D27
:1039E0005837C83D6037503D6837D03D7037583D37
:1039F0007837F0378037203D8837A03D9037283D15
:103A00009837F039A037303DA837A83DB037D83CBB
:103A1000B837F03BC037603DC837E03DD037683D30
:103A2000D837F03DE037703DE837E83DF037D83D16
:103A3000F837F03F38389838403800394838083976
:103A400050381039583818396038203968382839D2
:103A5000703830397838983CA838B038B838383AA7
:103A6000C0388039C8388839D0389039D838383C8F
:103A7000E038A039E838F038F838383EF038A8395E
:103A80000039003C0839083C1039103C1839183C02
:103A90002039203C2839283C3039303C3839383CF2
:103AA0004039003D4839083D5039103D5839183DDE
:103AB0006039203D6839283D7039303D7839D83C2F
:103AC0008039803C8839883C9039903C9839983CC2
:103AD000A039A03CA839B039B839783AB039A83CF7
:103AE000C039803DC839883DD039903DD839783CBF
:103AF000E039A03DE839F039F839783EF039A83D91
:103B0000083A103A103A203A183A303A203A803AB5
:103B1000283A903A303AA03A383AB03A403A003B24
:103B2000483A103B503A203B583A303B603A803B91
:103B3000683A903B703AA03B783AB03B883AA03A5A
:103B4000983AB03AA83AB03AC03A083BC83A183B5B
:103B5000D03A283BD83AB83CE03A883BE83A983B20
:103B6000F03AA83BF83AB83E003B003E083B103E16
:103B7000103B203E183B303E203B803E283B903E91
:103B8000303BA03E383BB03E403B003F483B103FFF
:103B9000503B203F583B303F603B803F683B903F6D
:103BA000703BA03F783BB03F803B083E883B183ECF
:103BB000903B283E983B383EA03B883EA83B983E31
:103BC000B03BA83EB83BB83EC03B083FC83B183F9F
:103BD000D03B283FD83BF83CE03B883FE83B983F50
:103BE000F03BA83FF83BF83E383C983C403C003D59
:103BF000483C083D503C103D583C183D603C203D41
:103C0000683C283D703C303D783C983DA83CB03C39
:103C1000B83CB03EC03C803DC83C883DD03C903D67
:103C2000D83C383DE03CA03DE83CF03CF03CA83DB1
:103C3000F83C383F383D983D783DD83DA83DB03DF3
:103C4000B83DB03FE83DF03D083E803EF83D783F4E
:103C5000103E803E183E883E203E803E283E903EEC
:103C6000303E883E383E983E403E003F483E203F32
:103C7000503E803F583EA03F603E083F683E283F90
:103C8000703E883F783EA83F883EA03E983EA83EC2
:103C9000C03E103FA83EB03EC83E303FD03E903FB1
:103CA000D83EB03FE03E183FE83E383FF03E983FF8
:103CB000083F803FF83EB83F103F803F183F883FA5
:103CC000203F803F283F903F303F883F383F983F1C
:103CD000483F503F503F603F583F703F603FC03FBC
:103CE000683FD03F703FE03F783FF03F883FA03FC4
:103CF000983FA83FA83FB03FD83FF03FC83FE03FC4
:103D0000E83FF03F0000803F00000000B1FF7F3F30
:103D1000C70F493BC4FE7F3F890FC93B39FD7F3F39
:103D200059CB163C11FB7F3F900E493C4AF87F3F30
:103D30004B517B3CE6F47F3FB6C9963CE3F07F3FB6
:103D400069EAAF3C43EC7F3FB00AC93C05E77F3FDF
:103D50007B2AE23C29E17F3FB949FB3CAFDA7F3F58
:103D60002F340A3D98D37F3F2CC3163DE2CB7F3FD3
:103D7000CC51233D8FC37F3F07E02F3D9EBA7F3F4D
:103D8000D56D3C3D0FB17F3F2FFB483DE3A67F3F04
:103D90000E88553D189C7F3F6814623DB1907F3F6F
:103DA00038A06E3DAB847F3F742B7B3D08787F3F0E
:103DB0000ADB833DC76A7F3F0A208A3DE95C7F3F7B
:103DC000B464903D6D4E7F3F05A9963D543F7F3FC3
:103DD000F9EC9C3D9D2F7F3F8C30A33D491F7F3FD9
:103DE000BA73A93D580E7F3F80B6AF3DC9FC7E3FF8
:103DF000DAF8B53D9DEA7E3FC33ABC3DD4D77E3F5D
:103E0000397CC23D6DC47E3F36BDC83D69B07E3F42
:103E1000B7FDCE3DC99B7E3FB93DD53D8B867E3FEC
:103E2000377DDB3DB0707E3F2EBCE13D385A7E3F92
:103E30009AFAE73D23437E3F7638EE3D722B7E3F74
:103E4000C075F43D24137E3F73B2FA3D38FA7D3FCE
:103E50004577003EB1E07D3F0295033E8CC67D3F35
:103E60006EB2063ECCAB7D3F86CF093E6E907D3F65
:103E70004AEC0C3E74747D3FB708103EDE577D3F20
:103E8000CA24133EAC3A7D3F8340163EDD1C7D3F85
:103E9000E05B193E73FE7C3FDE761C3E6CDF7C3FB0
:103EA0007B911F3EC9BF7C3FB6AB223E8A9F7C3FC1
:103EB0008CC5253EB07E7C3FFCDE283E3A5D7C3FD3
:103EC00004F82B3E283B7C3FA2102F3E7A187C3F03
:103ED000D428323E31F57B3F9840353E4DD17B3F73
:103EE000EC57383ECDAC7B3FCF6E3B3EB2877B3F3D
:103EF0003E853E3EFC617B3F379B413EAB3B7B3F7B
:103F0000B9B0443EBE147B3FC2C5473E37ED7A3F51
:103F10004FDA4A3E16C57A3F60EE4D3E599C7A3FD5
:103F2000F101513E02737A3F0115543E10497A3F28
:103F30008F27573E841E7A3F97395A3E5EF3793F6A
:103F40001A4B5D3E9DC7793F135C603E439B793FB2
:103F5000836C633E4E6E793F667C663EC040793F1F
:103F6000BA8B693E9812793F7F9A6C3ED6E3783FD0
:103F7000B2A86F3E7BB4783F51B6723E8684783FDC
:103F80005AC3753EF853783FCCCF783ED122783F64
:103F9000A4DB7B3E10F1773FE1E67E3EB7BE773F84
:103FA000C0F8803EC58B773FC07D823E3A58773F50
:103FB0007002843E1724773FCE86853E5BEF763FC6
:103FC000DA0A873E07BA763F938E883E1B84763F97
:103FD000F8118A3E974D763F07958B3E7A16763FCD
:103FE000C0178D3EC6DE753F229A8E3E7BA6753F7A
:103FF0002C1C903E976D753FDD9D913E1D34753FA5
:10400000351F933E0BFA743F31A0943E62BF743F5C
:10401000D220963E2284743F17A1973E4B48743FAE
:10402000FE20993EDD0B743F86A09A3ED9CE733FA9
:10403000AF1F9C3E3F91733F789E9D3E0E53733F52
:10404000DF1C9F3E4714733FE59AA03EEBD4723FBE
:104050008718A23EF894723FC595A33E7054723FF4
:104060009F12A53E5213723F128FA63E9FD1713F01
:104070001F0BA83E578F713FC486A93E7A4C713FF3
:104080000102AB3E0809713FD47CAC3E02C5703FD3
:104090003CF7AD3E6680703F3A71AF3E373B703FB4
:1040A000CBEAB03E73F56F3FEF63B23E1BAF6F3F9D
:1040B000A5DCB33E30686F3FEC54B53EB0206F3F97
:1040C000C3CCB63E9ED86E3F2A44B83EF88F6E3FB2
:1040D0001EBBB93EBE466E3FA031BB3EF2FC6D3FFB
:1040E000AFA7BC3E93B26D3F4A1DBE3EA1676D3F78
:1040F0006F92BF3E1D1C6D3F1E07C13E07D06C3F37
:10410000557BC23E5E836C3F15EFC33E24366C3F49
:104110005C62C53E58E86B3F29D5C63EFB996B3FB4
:104120007C47C83E0C4B6B3F53B9C93E8CFB6A3F82
:10413000AE2ACB3E7BAB6A3F8B9BCC3ED95A6A3FC3
:10414000EA0BCE3EA7096A3FCA7BCF3EE4B7693F80
:104150002AEBD03E9165693F095AD23EAE12693FC3
:1041600067C8D33E3CBF683F4136D53E396B683F98
:1041700099A3D63EA816683F6B10D83E87C1673F0B
:10418000B97CD93ED86B673F80E8DA3E9915673F26
:10419000C153DC3ECCBE663F79BEDD3E7167663FF3
:1041A000A928DF3E880F663F4F92E03E10B7653F7B
:1041B0006AFBE13E0B5E653FFA63E33E7904653FCF
:1041C000FECBE43E59AA643F7533E63EAC4F643FF4
:1041D0005D9AE73E73F4633FB700E93EAC98633FF6
:1041E0008166EA3E5A3C633FBBCBEB3E7BDF623FDE
:1041F0006330ED3E1082623F7994EE3E1A24623FB6
:10420000FBF7EF3E98C5613FEA5AF13E8A66613F8F
:1042100043BDF23EF206613F071FF43ECFA6603F6A
:104220003580F53E2146603FCBE0F63EE9E45F3F56
:10423000C840F83E27835F3F2DA0F93EDB205F3F5B
:10424000F7FEFA3E05BE5E3F275DFC3EA65A5E3F86
:10425000BBBAFD3EBEF65D3FB217FF3E4D925D3FDD
:10426000063A003F532D5D3FE4E7003FD1C75C3F76
:104270007395013FC7615C3FB142023F34FB5B3F36
:104280009FEF023F1A945B3F3D9C033F792C5B3FBD
:104290008948043F50C45A3F84F4043FA05B5A3F0E
:1042A0002CA0053F6AF2593F824B063FAD88593F2B
:1042B00086F6063F6A1E593F36A1073FA1B3583F15
:1042C000924B083F5348583F9BF5083F7FDC573FD0
:1042D0004E9F093F2670573FAD480A3F4803573F5E
:1042E000B7F10A3FE595563F6B9A0B3FFE27563FC5
:1042F000C9420C3F93B9553FD0EA0C3FA44A553F01
:1043000081920D3F31DB543FDA390E3F3B6B543F16
:10431000DBE00E3FC3FA533F84870F3FC789533F0B
:10432000D52D103F4918533FCDD3103F49A6523FDA
:104330006B79113FC633523FB01E123FC2C0513F8E
:104340009AC3123F3D4D513F2A68133F37D9503F22
:104350005F0C143FAF64503F39B0143FA8EF4F3F9C
:10436000B753153F1F7A4F3FD9F6153F17044F3FFC
:104370009F99163F908D4E3F073C173F89164E3F41
:1043800012DE173F029F4D3FC07F183FFD264D3F75
:104390000F21193F79AE4C3F00C2193F78354C3F91
:1043A00093621A3FF8BB4B3FC6021B3FFA414B3F9B
:1043B00099A21B3F7FC74A3F0C421C3F874C4A3F94
:1043C0001FE11C3F12D1493FD17F1D3F2155493F7D
:1043D000221E1E3FB3D8483F12BC1E3FCA5B483F57
:1043E0009F591F3F65DE473FCBF61F3F8560473F24
:1043F0009393203F2AE2463FF92F213F5463463FE3
:10440000FBCB213F03E4453F9967223F3964453F99
:10441000D302233FF5E3443FA99D233F3763443F45
:104420001A38243F00E2433F25D2243F5160433FE6
:10443000CB6B253F29DE423F0A05263F895B423F81
:10444000E39D263F70D8413F5636273FE154413F18
:1044500061CE273FDAD0403F0566283F5C4C403FA5
:1044600041FD283F67C73F3F1594293FFC413F3F2F
:10447000802A2A3F1BBC3E3F82C02A3FC5353E3FB3
:104480001B562B3FF9AE3D3F4AEB2B3FB8273D3F34
:104490000F802C3F03A03C3F69142D3FD9173C3FB0
:1044A00059A82D3F3B8F3B3FDE3B2E3F29063B3F2C
:1044B000F7CE2E3FA47C3A3FA5612F3FACF2393FA7
:1044C000E6F32F3F4268393FBB85303F65DD383F1B
:1044D0002217313F1652383F1DA8313F55C6373F8E
:1044E000AA38323F233A373FC9C8323F7FAD363F03
:1044F0007A58333F6C20363FBCE7333FE792353F75
:104500008F76343FF304353FF304353F8F76343FE5
:10451000E792353FBCE7333F6C20363F7A58333F54
:104520007FAD363FC9C8323F233A373FAA38323FC2
:1045300055C6373F1DA8313F1652383F2217313F2D
:1045400065DD383FBB85303F4268393FE6F32F3F9A
:10455000ACF2393FA5612F3FA47C3A3FF7CE2E3F06
:1045600029063B3FDE3B2E3F3B8F3B3F59A82D3F6B
:10457000D9173C3F69142D3F03A03C3F0F802C3FCF
:10458000B8273D3F4AEB2B3FF9AE3D3F1B562B3F33
:10459000C5353E3F82C02A3F1BBC3E3F802A2A3F92
:1045A000FC413F3F1594293F67C73F3F41FD283FEE
:1045B0005C4C403F0566283FDAD0403F61CE273F44
:1045C000E154413F5636273F70D8413FE39D263F97
:1045D000895B423F0A05263F29DE423FCB6B253FE0
:1045E0005160433F25D2243F00E2433F1A38243F25
:1045F0003763443FA99D233FF5E3443FD302233F64
:104600003964453F9967223F03E4453FFBCB213F97
:104610005463463FF92F213F2AE2463F9393203FC0
:104620008560473FCBF61F3F65DE473F9F591F3FE1
:10463000CA5B483F12BC1E3FB3D8483F221E1E3FF4
:104640002155493FD17F1D3F12D1493F1FE11C3FFA
:10465000874C4A3F0C421C3F7FC74A3F99A21B3FF1
:10466000FA414B3FC6021B3FF8BB4B3F93621A3FD8
:1046700078354C3F00C2193F79AE4C3F0F21193FAE
:10468000FD264D3FC07F183F029F4D3F12DE173F72
:1046900089164E3F073C173F908D4E3F9F99163F1E
:1046A00017044F3FD9F6153F1F7A4F3FB753153FB9
:1046B000A8EF4F3F39B0143FAF64503F5F0C143F39
:1046C00037D9503F2A68133F3D4D513F9AC3123F9F
:1046D000C2C0513FB01E123FC633523F6B79113FEB
:1046E00049A6523FCDD3103F4918533FD52D103F17
:1046F000C789533F84870F3FC3FA533FDBE00E3F28
:104700003B6B543FDA390E3F31DB543F81920D3F12
:10471000A44A553FD0EA0C3F93B9553FC9420C3FDC
:10472000FE27563F6B9A0B3FE595563FB7F10A3F80
:104730004803573FAD480A3F2670573F4E9F093FF9
:104740007FDC573F9BF5083F5348583F924B083F4B
:10475000A1B3583F36A1073F6A1E593F86F6063F70
:10476000AD88593F824B063F6AF2593F2CA0053F66
:10477000A05B5A3F84F4043F50C45A3F8948043F29
:10478000792C5B3F3D9C033F1A945B3F9FEF023FB8
:1047900034FB5B3FB142023FC7615C3F7395013F11
:1047A000D1C75C3FE4E7003F532D5D3F063A003F31
:1047B0004D925D3FB217FF3EBEF65D3FBBBAFD3E78
:1047C000A65A5E3F275DFC3E05BE5E3FF7FEFA3E01
:1047D000DB205F3F2DA0F93E27835F3FC840F83EB6
:1047E000E9E45F3FCBE0F63E2146603F3580F53E91
:1047F000CFA6603F071FF43EF206613F43BDF23E85
:104800008A66613FEA5AF13E98C5613FFBF7EF3E89
:104810001A24623F7994EE3E1082623F6330ED3E8F
:104820007BDF623FBBCBEB3E5A3C633F8166EA3E97
:10483000AC98633FB700E93E73F4633F5D9AE73E8F
:10484000AC4F643F7533E63E59AA643FFECBE43E6D
:104850007904653FFA63E33E0B5E653F6AFBE13E28
:1048600010B7653F4F92E03E880F663FA928DF3EB4
:104870007167663F79BEDD3ECCBE663FC153DC3E0C
:104880009915673F80E8DA3ED86B673FB97CD93E1F
:1048900087C1673F6B10D83EA816683F99A3D63EE4
:1048A000396B683F4136D53E3CBF683F67C8D33E51
:1048B000AE12693F095AD23E9165693F2AEBD03E5C
:1048C000E4B7693FCA7BCF3EA7096A3FEA0BCE3EF9
:1048D000D95A6A3F8B9BCC3E7BAB6A3FAE2ACB3E1C
:1048E0008CFB6A3F53B9C93E0C4B6B3F7C47C83EBB
:1048F000FB996B3F29D5C63E58E86B3F5C62C53ECD
:1049000024366C3F15EFC33E5E836C3F557BC23E41
:1049100007D06C3F1E07C13E1D1C6D3F6F92BF3E0E
:10492000A1676D3F4A1DBE3E93B26D3FAFA7BC3E2F
:10493000F2FC6D3FA031BB3EBE466E3F1EBBB93E92
:10494000F88F6E3F2A44B83E9ED86E3FC3CCB63E29
:10495000B0206F3FEC54B53E30686F3FA5DCB33EEE
:104960001BAF6F3FEF63B23E73F56F3FCBEAB03ED4
:10497000373B703F3A71AF3E6680703F3CF7AD3ECB
:1049800002C5703FD47CAC3E0809713F0102AB3ECA
:104990007A4C713FC486A93E578F713F1F0BA83ECA
:1049A0009FD1713F128FA63E5213723F9F12A53EB8
:1049B0007054723FC595A33EF894723F8718A23E8B
:1049C000EBD4723FE59AA03E4714733FDF1C9F3E35
:1049D0000E53733F789E9D3E3F91733FAF1F9C3EA9
:1049E000D9CE733F86A09A3EDD0B743FFE20993EE0
:1049F0004B48743F17A1973E2284743FD220963EC5
:104A000062BF743F31A0943E0BFA743F351F933E52
:104A10001D34753FDD9D913E976D753F2C1C903E7A
:104A20007BA6753F229A8E3EC6DE753FC0178D3E2F
:104A30007A16763F07958B3E974D763FF8118A3E62
:104A40001B84763F938E883E07BA763FDA0A873E0C
:104A50005BEF763FCE86853E1724773F7002843E1B
:104A60003A58773FC07D823EC58B773FC0F8803E85
:104A7000B7BE773FE1E67E3E10F1773FA4DB7B3E99
:104A8000D122783FCCCF783EF853783F5AC3753E59
:104A90008684783F51B6723E7BB4783FB2A86F3EB1
:104AA000D6E3783F7F9A6C3E9812793FBA8B693E85
:104AB000C040793F667C663E4E6E793F836C633EB4
:104AC000439B793F135C603E9DC7793F1A4B5D3E27
:104AD0005EF3793F97395A3E841E7A3F8F27573EBF
:104AE00010497A3F0115543E02737A3FF101513E5D
:104AF000599C7A3F60EE4D3E16C57A3F4FDA4A3EEA
:104B000037ED7A3FC2C5473EBE147B3FB9B0443E45
:104B1000AB3B7B3F379B413EFC617B3F3E853E3E4E
:104B2000B2877B3FCF6E3B3ECDAC7B3FEC57383EF0
:104B30004DD17B3F9840353E31F57B3FD428323E06
:104B40007A187C3FA2102F3E283B7C3F04F82B3E76
:104B50003A5D7C3FFCDE283EB07E7C3F8CC5253E26
:104B60008A9F7C3FB6AB223EC9BF7C3F7B911F3EF4
:104B70006CDF7C3FDE761C3E73FE7C3FE05B193EC3
:104B8000DD1C7D3F8340163EAC3A7D3FCA24133E78
:104B9000DE577D3FB708103E74747D3F4AEC0C3EF3
:104BA0006E907D3F86CF093ECCAB7D3F6EB2063E18
:104BB0008CC67D3F0295033EB1E07D3F4577003EC8
:104BC00038FA7D3F73B2FA3D24137E3FC075F43D41
:104BD000722B7E3F7638EE3D23437E3F9AFAE73DC7
:104BE000385A7E3F2EBCE13DB0707E3F377DDB3DC5
:104BF0008B867E3FB93DD53DC99B7E3FB7FDCE3DFF
:104C000069B07E3F36BDC83D6DC47E3F397CC23D34
:104C1000D4D77E3FC33ABC3D9DEA7E3FDAF8B53D2E
:104C2000C9FC7E3F80B6AF3D580E7F3FBA73A93DA9
:104C3000491F7F3F8C30A33D9D2F7F3FF9EC9C3D6A
:104C4000543F7F3F05A9963D6D4E7F3FB464903D34
:104C5000E95C7F3F0A208A3DC76A7F3F0ADB833DCC
:104C600008787F3F742B7B3DAB847F3F38A06E3D3F
:104C7000B1907F3F6814623D189C7F3F0E88553D80
:104C8000E3A67F3F2FFB483D0FB17F3FD56D3C3DF5
:104C90009EBA7F3F07E02F3D8FC37F3FCC51233D1E
:104CA000E2CB7F3F2CC3163D98D37F3F2F340A3D84
:104CB000AFDA7F3FB949FB3C29E17F3F7B2AE23CE9
:104CC00005E77F3FB00AC93C43EC7F3F69EAAF3C50
:104CD000E3F07F3FB6C9963CE6F47F3F4B517B3C07
:104CE0004AF87F3F900E493C11FB7F3F59CB163C61
:104CF00039FD7F3F890FC93BC4FE7F3FC70F493B4A
:104D0000B1FF7F3F000000000000803FC70F49BB9C
:104D1000B1FF7F3F890FC9BBC4FE7F3F59CB16BC93
:104D200039FD7F3F900E49BC11FB7F3F4B517BBC4F
:104D30004AF87F3FB6C996BCE6F47F3F69EAAFBC4C
:104D4000E3F07F3FB00AC9BC43EC7F3F7B2AE2BC63
:104D500005E77F3FB949FBBC29E17F3F2F340ABDFE
:104D6000AFDA7F3F2CC316BD98D37F3FCC5123BD14
:104D7000E2CB7F3F07E02FBD8FC37F3FD56D3CBDAA
:104D80009EBA7F3F2FFB48BD0FB17F3F0E8855BDB8
:104D9000E3A67F3F681462BD189C7F3F38A06EBDBC
:104DA000B1907F3F742B7BBDAB847F3F0ADB83BD1B
:104DB00008787F3F0A208ABDC76A7F3FB46490BDF0
:104DC000E95C7F3F05A996BD6D4E7F3FF9EC9CBD28
:104DD000543F7F3F8C30A3BD9D2F7F3FBA73A9BD49
:104DE000491F7F3F80B6AFBD580E7F3FDAF8B5BD93
:104DF000C9FC7E3FC33ABCBD9DEA7E3F397CC2BD43
:104E0000D4D77E3F36BDC8BD6DC47E3FB7FDCEBD95
:104E100069B07E3FB93DD5BDC99B7E3F377DDBBDC7
:104E20008B867E3F2EBCE1BDB0707E3F9AFAE7BD17
:104E3000385A7E3F7638EEBD23437E3FC075F4BDC1
:104E4000722B7E3F73B2FABD24137E3F457700BEBE
:104E500038FA7D3F029503BEB1E07D3F6EB206BEDB
:104E60008CC67D3F86CF09BECCAB7D3F4AEC0CBEE5
:104E70006E907D3FB70810BE74747D3FCA2413BE88
:104E8000DE577D3F834016BEAC3A7D3FE05B19BEE6
:104E9000DD1C7D3FDE761CBE73FE7C3F7B911FBE1A
:104EA0006CDF7C3FB6AB22BEC9BF7C3F8CC525BE44
:104EB0008A9F7C3FFCDE28BEB07E7C3F04F82BBE80
:104EC0003A5D7C3FA2102FBE283B7C3FD42832BEE7
:104ED0007A187C3F984035BE31F57B3FEC5738BEA1
:104EE0004DD17B3FCF6E3BBECDAC7B3F3E853EBEC2
:104EF000B2877B3F379B41BEFC617B3FB9B044BE6C
:104F0000AB3B7B3FC2C547BEBE147B3F4FDA4ABEB8
:104F100037ED7A3F60EE4DBE16C57A3FF10151BEC6
:104F2000599C7A3F011554BE02737A3F8F2757BEB2
:104F300010497A3F97395ABE841E7A3F1A4B5DBE9C
:104F40005EF3793F135C60BE9DC7793F836C63BE9F
:104F5000439B793F667C66BE4E6E793FBA8B69BED5
:104F6000C040793F7F9A6CBE9812793FB2A86FBE5D
:104F7000D6E3783F51B672BE7BB4783F5AC375BE54
:104F80008684783FCCCF78BEF853783FA4DB7BBED5
:104F9000D122783FE1E67EBE10F1773FC0F880BEB7
:104FA000B7BE773FC07D82BEC58B773F700284BE9F
:104FB0003A58773FCE8685BE1724773FDA0A87BEF8
:104FC0005BEF763F938E88BE07BA763FF8118ABEB4
:104FD0001B84763F07958BBE974D763FC0178DBEDD
:104FE0007A16763F229A8EBEC6DE753F2C1C90BE86
:104FF0007BA6753FDD9D91BE976D753F351F93BEB6
:105000001D34753F31A094BE0BFA743FD22096BE7A
:1050100062BF743F17A197BE2284743FFE2099BEE1
:105020004B48743F86A09ABEDD0B743FAF1F9CBEF9
:10503000D9CE733F789E9DBE3F91733FDF1C9FBECC
:105040000E53733FE59AA0BE4714733F8718A2BE64
:10505000EBD4723FC595A3BEF894723F9F12A5BED4
:105060007054723F128FA6BE5213723F1F0BA8BE20
:105070009FD1713FC486A9BE578F713F0102ABBE5D
:105080007A4C713FD47CACBE0809713F3CF7ADBE91
:1050900002C5703F3A71AFBE6680703FCBEAB0BECA
:1050A000373B703FEF63B2BE73F56F3FA5DCB3BE15
:1050B0001BAF6F3FEC54B5BE30686F3FC3CCB6BE7C
:1050C000B0206F3F2A44B8BE9ED86E3F1EBBB9BE0B
:1050D000F88F6E3FA031BBBEBE466E3FAFA7BCBED1
:1050E000F2FC6D3F4A1DBEBE93B26D3F6F92BFBED4
:1050F000A1676D3F1E07C1BE1D1C6D3F557BC2BE23
:1051000007D06C3F15EFC3BE5E836C3F5C62C5BECB
:1051100024366C3F29D5C6BE58E86B3F7C47C8BED5
:10512000FB996B3F53B9C9BE0C4B6B3FAE2ACBBE4C
:105130008CFB6A3F8B9BCCBE7BAB6A3FEA0BCEBE3F
:10514000D95A6A3FCA7BCFBEA7096A3F2AEBD0BEB5
:10515000E4B7693F095AD2BE9165693F67C8D3BEBB
:10516000AE12693F4136D5BE3CBF683F99A3D6BE5B
:10517000396B683F6B10D8BEA816683FB97CD9BEA2
:1051800087C1673F80E8DABED86B673FC153DCBE9A
:105190009915673F79BEDDBECCBE663FA928DFBE4C
:1051A0007167663F4F92E0BE880F663F6AFBE1BEC3
:1051B00010B7653FFA63E3BE0B5E653FFECBE4BE0E
:1051C0007904653F7533E6BE59AA643F5D9AE7BE30
:1051D000AC4F643FB700E9BE73F4633F8166EABE3B
:1051E000AC98633FBBCBEBBE5A3C633F6330EDBE34
:1051F0007BDF623F7994EEBE1082623FFBF7EFBE29
:105200001A24623FEA5AF1BE98C5613F43BDF2BE1F
:105210008A66613F071FF4BEF206613F3580F5BE26
:10522000CFA6603FCBE0F6BE2146603FC840F8BE47
:10523000E9E45F3F2DA0F9BE27835F3FF7FEFABE8A
:10524000DB205F3F275DFCBE05BE5E3FBBBAFDBEF7
:10525000A65A5E3FB217FFBEBEF65D3F063A00BFDC
:105260004D925D3FE4E700BF532D5D3F739501BF55
:10527000D1C75C3FB14202BFC7615C3F9FEF02BF35
:1052800034FB5B3F3D9C03BF1A945B3F894804BFDE
:10529000792C5B3F84F404BF50C45A3F2CA005BF57
:1052A000A05B5A3F824B06BF6AF2593F86F606BFA3
:1052B000AD88593F36A107BF6A1E593F924B08BFC0
:1052C000A1B3583F9BF508BF5348583F4E9F09BFB5
:1052D0007FDC573FAD480ABF2670573FB7F10ABF82
:1052E0004803573F6B9A0BBFE595563FC9420CBF29
:1052F000FE27563FD0EA0CBF93B9553F81920DBFB0
:10530000A44A553FDA390EBF31DB543FDBE00EBF14
:105310003B6B543F84870FBFC3FA533FD52D10BF5B
:10532000C789533FCDD310BF4918533F6B7911BF85
:1053300049A6523FB01E12BFC633523F9AC312BF96
:10534000C2C0513F2A6813BF3D4D513F5F0C14BF8F
:1053500037D9503F39B014BFAF64503FB75315BF72
:10536000A8EF4F3FD9F615BF1F7A4F3F9F9916BF41
:1053700017044F3F073C17BF908D4E3F12DE17BFFB
:1053800089164E3FC07F18BF029F4D3F0F2119BFA6
:10539000FD264D3F00C219BF79AE4C3F93621ABF44
:1053A00078354C3FC6021BBFF8BB4B3F99A21BBFD1
:1053B000FA414B3F0C421CBF7FC74A3F1FE11CBF55
:1053C000874C4A3FD17F1DBF12D1493F221E1EBFCD
:1053D0002155493F12BC1EBFB3D8483F9F591FBF3C
:1053E000CA5B483FCBF61FBF65DE473F939320BFA4
:1053F0008560473FF92F21BF2AE2463FFBCB21BF03
:105400005463463F996722BF03E4453FD30223BF5D
:105410003964453FA99D23BFF5E3443F1A3824BFB3
:105420003763443F25D224BF00E2433FCB6B25BF07
:105430005160433F0A0526BF29DE423FE39D26BF58
:10544000895B423F563627BF70D8413F61CE27BFA8
:10545000E154413F056628BFDAD0403F41FD28BFF7
:105460005C4C403F159429BF67C73F3F802A2ABF45
:10547000FC413F3F82C02ABF1BBC3E3F1B562BBF97
:10548000C5353E3F4AEB2BBFF9AE3D3F0F802CBFE9
:10549000B8273D3F69142DBF03A03C3F59A82DBF3D
:1054A000D9173C3FDE3B2EBF3B8F3B3FF7CE2EBF95
:1054B00029063B3FA5612FBFA47C3A3FE6F32FBFEF
:1054C000ACF2393FBB8530BF4268393F221731BF4C
:1054D00065DD383F1DA831BF1652383FAA3832BFAC
:1054E00055C6373FC9C832BF233A373F7A5833BF12
:1054F0007FAD363FBCE733BF6C20363F8F7634BF7D
:10550000E792353FF30435BFF304353FE79235BFEB
:105510008F76343F6C2036BFBCE7333F7FAD36BF5C
:105520007A58333F233A37BFC9C8323F55C637BFD1
:10553000AA38323F165238BF1DA8313F65DD38BF4B
:105540002217313F426839BFBB85303FACF239BFCB
:10555000E6F32F3FA47C3ABFA5612F3F29063BBF4E
:10556000F7CE2E3F3B8F3BBFDE3B2E3FD9173CBFD4
:1055700059A82D3F03A03CBF69142D3FB8273DBF5C
:105580000F802C3FF9AE3DBF4AEB2B3FC5353EBFE8
:105590001B562B3F1BBC3EBF82C02A3FFC413FBF76
:1055A000802A2A3F67C73FBF1594293F5C4C40BF04
:1055B00041FD283FDAD040BF0566283FE15441BF96
:1055C00061CE273F70D841BF5636273F895B42BF27
:1055D000E39D263F29DE42BF0A05263F516043BFB7
:1055E000CB6B253F00E243BF25D2243F376344BF46
:1055F0001A38243FF5E344BFA99D233F396445BFD2
:10560000D302233F03E445BF9967223F546346BF5B
:10561000FBCB213F2AE246BFF92F213F856047BFE0
:105620009393203F65DE47BFCBF61F3FCA5B48BF61
:105630009F591F3FB3D848BF12BC1E3F215549BFD9
:10564000221E1E3F12D149BFD17F1D3F874C4ABF4A
:105650001FE11C3F7FC74ABF0C421C3FFA414BBFB2
:1056600099A21B3FF8BB4BBFC6021B3F78354CBF0E
:1056700093621A3F79AE4CBF00C2193FFD264DBF61
:105680000F21193F029F4DBFC07F183F89164EBFA3
:1056900012DE173F908D4EBF073C173F17044FBFD8
:1056A0009F99163F1F7A4FBFD9F6153FA8EF4FBFFE
:1056B000B753153FAF6450BF39B0143F37D950BF0F
:1056C0005F0C143F3D4D51BF2A68133FC2C051BF0C
:1056D0009AC3123FC63352BFB01E123F49A652BFF3
:1056E0006B79113F491853BFCDD3103FC78953BFC2
:1056F000D52D103FC3FA53BF84870F3F3B6B54BF78
:10570000DBE00E3F31DB54BFDA390E3FA44A55BF10
:1057100081920D3F93B955BFD0EA0C3FFE2756BF8B
:10572000C9420C3FE59556BF6B9A0B3F480357BFE4
:10573000B7F10A3F267057BFAD480A3F7FDC57BF1D
:105740004E9F093F534858BF9BF5083FA1B358BF30
:10575000924B083F6A1E59BF36A1073FAD8859BF1B
:1057600086F6063F6AF259BF824B063FA05B5ABFDE
:105770002CA0053F50C45ABF84F4043F792C5BBF72
:105780008948043F1A945BBF3D9C033F34FB5BBFD9
:105790009FEF023FC7615CBFB142023FD1C75CBF10
:1057A0007395013F532D5DBFE4E7003F4D925DBF10
:1057B000063A003FBEF65DBFB217FF3EA65A5EBF77
:1057C000BBBAFD3E05BE5EBF275DFC3EDB205FBF72
:1057D000F7FEFA3E27835FBF2DA0F93EE9E45FBFE5
:1057E000C840F83E214660BFCBE0F63ECFA660BF82
:1057F0003580F53EF20661BF071FF43E8A6661BF41
:1058000043BDF23E98C561BFEA5AF13E1A2462BF19
:10581000FBF7EF3E108262BF7994EE3E7BDF62BF02
:105820006330ED3E5A3C63BFBBCBEB3EAC9863BFED
:105830008166EA3E73F463BFB700E93EAC4F64BFD4
:105840005D9AE73E59AA64BF7533E63E790465BFA9
:10585000FECBE43E0B5E65BFFA63E33E10B765BF67
:105860006AFBE13E880F66BF4F92E03E716766BFFC
:10587000A928DF3ECCBE66BF79BEDD3E991567BF65
:10588000C153DC3ED86B67BF80E8DA3E87C167BF93
:10589000B97CD93EA81668BF6B10D83E396B68BF7B
:1058A00099A3D63E3CBF68BF4136D53EAE1269BF14
:1058B00067C8D33E916569BF095AD23EE4B769BF54
:1058C0002AEBD03EA7096ABFCA7BCF3ED95A6ABF2E
:1058D000EA0BCE3E7BAB6ABF8B9BCC3E8CFB6ABF98
:1058E000AE2ACB3E0C4B6BBF53B9C93EFB996BBF85
:1058F0007C47C83E58E86BBF29D5C63E24366CBFEE
:105900005C62C53E5E836CBF15EFC33E07D06CBFC3
:10591000557BC23E1D1C6DBF1E07C13EA1676DBFFA
:105920006F92BF3E93B26DBF4A1DBE3EF2FC6DBF8B
:10593000AFA7BC3EBE466EBFA031BB3EF88F6EBF68
:105940001EBBB93E9ED86EBF2A44B83EB0206FBF82
:10595000C3CCB63E30686FBFEC54B53E1BAF6FBFD3
:10596000A5DCB33E73F56FBFEF63B23E373B70BF4C
:10597000CBEAB03E668070BF3A71AF3E02C570BFE1
:105980003CF7AD3E080971BFD47CAC3E7A4C71BF88
:105990000102AB3E578F71BFC486A93E9FD171BF34
:1059A0001F0BA83E521372BF128FA63E705472BFD7
:1059B0009F12A53EF89472BFC595A33EEBD472BF6B
:1059C0008718A23E471473BFE59AA03E0E5373BFDB
:1059D000DF1C9F3E3F9173BF789E9D3ED9CE73BF23
:1059E000AF1F9C3EDD0B74BF86A09A3E4B4874BF30
:1059F000FE20993E228474BF17A1973E62BF74BFF8
:105A0000D220963E0BFA74BF31A0943E1D3475BF70
:105A1000351F933E976D75BFDD9D913E7BA675BF8B
:105A20002C1C903EC6DE75BF229A8E3E7A1676BF3B
:105A3000C0178D3E974D76BF07958B3E1B8476BF72
:105A4000F8118A3E07BA76BF938E883E5BEF76BF29
:105A5000DA0A873E172477BFCE86853E3A5877BF4D
:105A60007002843EC58B77BFC07D823EB7BE77BFD4
:105A7000C0F8803E10F177BFE1E67E3ED12278BFCC
:105A8000A4DB7B3EF85378BFCCCF783E868478BFCA
:105A90005AC3753E7BB478BF51B6723ED6E378BF29
:105AA000B2A86F3E981279BF7F9A6C3EC04079BF12
:105AB000BA8B693E4E6E79BF667C663E439B79BF6A
:105AC000836C633E9DC779BF135C603E5EF379BF14
:105AD0001A4B5D3E841E7ABF97395A3E10497ABFF1
:105AE0008F27573E02737ABF0115543E599C7ABFE7
:105AF000F101513E16C57ABF60EE4D3E37ED7ABFDB
:105B00004FDA4A3EBE147BBFC2C5473EAB3B7BBFAC
:105B1000B9B0443EFC617BBF379B413EB2877BBF3F
:105B20003E853E3ECDAC7BBFCF6E3B3E4DD17BBF75
:105B3000EC57383E31F57BBF9840353E7A187CBF34
:105B4000D428323E283B7CBFA2102F3E3A5D7CBF5A
:105B500004F82B3EB07E7CBFFCDE283E8A9F7CBFD3
:105B60008CC5253EC9BF7CBFB6AB223E6CDF7CBF77
:105B70007B911F3E73FE7CBFDE761C3EDD1C7DBF2D
:105B8000E05B193EAC3A7DBF8340163EDE577DBFD9
:105B9000CA24133E74747DBFB708103E6E907DBF5B
:105BA0004AEC0C3ECCAB7DBF86CF093E8CC67DBF98
:105BB0006EB2063EB1E07DBF0295033E38FA7DBF6E
:105BC0004577003E24137EBF73B2FA3D722B7EBF31
:105BD000C075F43D23437EBF7638EE3D385A7EBF14
:105BE0009AFAE73DB0707EBF2EBCE13D8B867EBF4A
:105BF000377DDB3DC99B7EBFB93DD53D69B07EBFDA
:105C0000B7FDCE3D6DC47EBF36BDC83DD4D77EBF87
:105C1000397CC23D9DEA7EBFC33ABC3DC9FC7EBF14
:105C2000DAF8B53D580E7FBF80B6AF3D491F7FBF44
:105C3000BA73A93D9D2F7FBF8C30A33D543F7FBFDA
:105C4000F9EC9C3D6D4E7FBF05A9963DE95C7FBF99
:105C5000B464903DC76A7FBF0A208A3D08787FBF41
:105C60000ADB833DAB847FBF742B7B3DB1907FBF4C
:105C700038A06E3D189C7FBF6814623DE3A67FBFCD
:105C80000E88553D0FB17FBF2FFB483D9EBA7FBFA9
:105C9000D56D3C3D8FC37FBF07E02F3DE2CB7FBF7B
:105CA000CC51233D98D37FBF2CC3163DAFDA7FBFC5
:105CB0002F340A3D29E17FBFB949FB3C05E77FBF8F
:105CC0007B2AE23C43EC7FBFB00AC93CE3F07FBFD4
:105CD00069EAAF3CE6F47FBFB6C9963C4AF87FBF9D
:105CE0004B517B3C11FB7FBF900E493C39FD7FBF80
:105CF00059CB163CC4FE7FBF890FC93BB1FF7FBFA4
:105D0000C70F493B000080BF00000000B1FF7FBF0C
:105D1000C70F49BBC4FE7FBF890FC9BB39FD7FBF19
:105D200059CB16BC11FB7FBF900E49BC4AF87FBF10
:105D30004B517BBCE6F47FBFB6C996BCE3F07FBF96
:105D400069EAAFBC43EC7FBFB00AC9BC05E77FBFBF
:105D50007B2AE2BC29E17FBFB949FBBCAFDA7FBF38
:105D60002F340ABD98D37FBF2CC316BDE2CB7FBFB3
:105D7000CC5123BD8FC37FBF07E02FBD9EBA7FBF2D
:105D8000D56D3CBD0FB17FBF2FFB48BDE3A67FBFE4
:105D90000E8855BD189C7FBF681462BDB1907FBF4F
:105DA00038A06EBDAB847FBF742B7BBD08787FBFEE
:105DB0000ADB83BDC76A7FBF0A208ABDE95C7FBF5B
:105DC000B46490BD6D4E7FBF05A996BD543F7FBFA3
:105DD000F9EC9CBD9D2F7FBF8C30A3BD491F7FBFB9
:105DE000BA73A9BD580E7FBF80B6AFBDC9FC7EBFD8
:105DF000DAF8B5BD9DEA7EBFC33ABCBDD4D77EBF3D
:105E0000397CC2BD6DC47EBF36BDC8BD69B07EBF22
:105E1000B7FDCEBDC99B7EBFB93DD5BD8B867EBFCC
:105E2000377DDBBDB0707EBF2EBCE1BD385A7EBF72
:105E30009AFAE7BD23437EBF7638EEBD722B7EBF54
:105E4000C075F4BD24137EBF73B2FABD38FA7DBFAE
:105E5000457700BEB1E07DBF029503BE8CC67DBF15
:105E60006EB206BECCAB7DBF86CF09BE6E907DBF45
:105E70004AEC0CBE74747DBFB70810BEDE577DBF00
:105E8000CA2413BEAC3A7DBF834016BEDD1C7DBF65
:105E9000E05B19BE73FE7CBFDE761CBE6CDF7CBF90
:105EA0007B911FBEC9BF7CBFB6AB22BE8A9F7CBFA1
:105EB0008CC525BEB07E7CBFFCDE28BE3A5D7CBFB3
:105EC00004F82BBE283B7CBFA2102FBE7A187CBFE3
:105ED000D42832BE31F57BBF984035BE4DD17BBF53
:105EE000EC5738BECDAC7BBFCF6E3BBEB2877BBF1D
:105EF0003E853EBEFC617BBF379B41BEAB3B7BBF5B
:105F0000B9B044BEBE147BBFC2C547BE37ED7ABF31
:105F10004FDA4ABE16C57ABF60EE4DBE599C7ABFB5
:105F2000F10151BE02737ABF011554BE10497ABF08
:105F30008F2757BE841E7ABF97395ABE5EF379BF4A
:105F40001A4B5DBE9DC779BF135C60BE439B79BF92
:105F5000836C63BE4E6E79BF667C66BEC04079BFFF
:105F6000BA8B69BE981279BF7F9A6CBED6E378BFB0
:105F7000B2A86FBE7BB478BF51B672BE868478BFBC
:105F80005AC375BEF85378BFCCCF78BED12278BF44
:105F9000A4DB7BBE10F177BFE1E67EBEB7BE77BF64
:105FA000C0F880BEC58B77BFC07D82BE3A5877BF30
:105FB000700284BE172477BFCE8685BE5BEF76BFA6
:105FC000DA0A87BE07BA76BF938E88BE1B8476BF77
:105FD000F8118ABE974D76BF07958BBE7A1676BFAD
:105FE000C0178DBEC6DE75BF229A8EBE7BA675BF5A
:105FF0002C1C90BE976D75BFDD9D91BE1D3475BF85
:10600000351F93BE0BFA74BF31A094BE62BF74BF3C
:10601000D22096BE228474BF17A197BE4B4874BF8E
:10602000FE2099BEDD0B74BF86A09ABED9CE73BF89
:10603000AF1F9CBE3F9173BF789E9DBE0E5373BF32
:10604000DF1C9FBE471473BFE59AA0BEEBD472BF9E
:106050008718A2BEF89472BFC595A3BE705472BFD4
:106060009F12A5BE521372BF128FA6BE9FD171BFE1
:106070001F0BA8BE578F71BFC486A9BE7A4C71BFD3
:106080000102ABBE080971BFD47CACBE02C570BFB3
:106090003CF7ADBE668070BF3A71AFBE373B70BF94
:1060A000CBEAB0BE73F56FBFEF63B2BE1BAF6FBF7D
:1060B000A5DCB3BE30686FBFEC54B5BEB0206FBF77
:1060C000C3CCB6BE9ED86EBF2A44B8BEF88F6EBF92
:1060D0001EBBB9BEBE466EBFA031BBBEF2FC6DBFDB
:1060E000AFA7BCBE93B26DBF4A1DBEBEA1676DBF58
:1060F0006F92BFBE1D1C6DBF1E07C1BE07D06CBF17
:10610000557BC2BE5E836CBF15EFC3BE24366CBF29
:106110005C62C5BE58E86BBF29D5C6BEFB996BBF94
:106120007C47C8BE0C4B6BBF53B9C9BE8CFB6ABF62
:10613000AE2ACBBE7BAB6ABF8B9BCCBED95A6ABFA3
:10614000EA0BCEBEA7096ABFCA7BCFBEE4B769BF60
:106150002AEBD0BE916569BF095AD2BEAE1269BFA3
:1061600067C8D3BE3CBF68BF4136D5BE396B68BF78
:1061700099A3D6BEA81668BF6B10D8BE87C167BFEB
:10618000B97CD9BED86B67BF80E8DABE991567BF06
:10619000C153DCBECCBE66BF79BEDDBE716766BFD3
:1061A000A928DFBE880F66BF4F92E0BE10B765BF5B
:1061B0006AFBE1BE0B5E65BFFA63E3BE790465BFAF
:1061C000FECBE4BE59AA64BF7533E6BEAC4F64BFD4
:1061D0005D9AE7BE73F463BFB700E9BEAC9863BFD6
:1061E0008166EABE5A3C63BFBBCBEBBE7BDF62BFBE
:1061F0006330EDBE108262BF7994EEBE1A2462BF96
:10620000FBF7EFBE98C561BFEA5AF1BE8A6661BF6F
:1062100043BDF2BEF20661BF071FF4BECFA660BF4A
:106220003580F5BE214660BFCBE0F6BEE9E45FBF36
:10623000C840F8BE27835FBF2DA0F9BEDB205FBF3B
:10624000F7FEFABE05BE5EBF275DFCBEA65A5EBF66
:10625000BBBAFDBEBEF65DBFB217FFBE4D925DBFBD
:10626000063A00BF532D5DBFE4E700BFD1C75CBF56
:10627000739501BFC7615CBFB14202BF34FB5BBF16
:106280009FEF02BF1A945BBF3D9C03BF792C5BBF9D
:10629000894804BF50C45ABF84F404BFA05B5ABFEE
:1062A0002CA005BF6AF259BF824B06BFAD8859BF0B
:1062B00086F606BF6A1E59BF36A107BFA1B358BFF5
:1062C000924B08BF534858BF9BF508BF7FDC57BFB0
:1062D0004E9F09BF267057BFAD480ABF480357BF3E
:1062E000B7F10ABFE59556BF6B9A0BBFFE2756BFA5
:1062F000C9420CBF93B955BFD0EA0CBFA44A55BFE1
:1063000081920DBF31DB54BFDA390EBF3B6B54BFF6
:10631000DBE00EBFC3FA53BF84870FBFC78953BFEB
:10632000D52D10BF491853BFCDD310BF49A652BFBA
:106330006B7911BFC63352BFB01E12BFC2C051BF6E
:106340009AC312BF3D4D51BF2A6813BF37D950BF02
:106350005F0C14BFAF6450BF39B014BFA8EF4FBF7C
:10636000B75315BF1F7A4FBFD9F615BF17044FBFDC
:106370009F9916BF908D4EBF073C17BF89164EBF21
:1063800012DE17BF029F4DBFC07F18BFFD264DBF55
:106390000F2119BF79AE4CBF00C219BF78354CBF71
:1063A00093621ABFF8BB4BBFC6021BBFFA414BBF7B
:1063B00099A21BBF7FC74ABF0C421CBF874C4ABF74
:1063C0001FE11CBF12D149BFD17F1DBF215549BF5D
:1063D000221E1EBFB3D848BF12BC1EBFCA5B48BF37
:1063E0009F591FBF65DE47BFCBF61FBF856047BF04
:1063F000939320BF2AE246BFF92F21BF546346BFC3
:10640000FBCB21BF03E445BF996722BF396445BF79
:10641000D30223BFF5E344BFA99D23BF376344BF25
:106420001A3824BF00E243BF25D224BF516043BFC6
:10643000CB6B25BF29DE42BF0A0526BF895B42BF61
:10644000E39D26BF70D841BF563627BFE15441BFF8
:1064500061CE27BFDAD040BF056628BF5C4C40BF85
:1064600041FD28BF67C73FBF159429BFFC413FBF0F
:10647000802A2ABF1BBC3EBF82C02ABFC5353EBF93
:106480001B562BBFF9AE3DBF4AEB2BBFB8273DBF14
:106490000F802CBF03A03CBF69142DBFD9173CBF90
:1064A00059A82DBF3B8F3BBFDE3B2EBF29063BBF0C
:1064B000F7CE2EBFA47C3ABFA5612FBFACF239BF87
:1064C000E6F32FBF426839BFBB8530BF65DD38BFFB
:1064D000221731BF165238BF1DA831BF55C637BF6E
:1064E000AA3832BF233A37BFC9C832BF7FAD36BFE3
:1064F0007A5833BF6C2036BFBCE733BFE79235BF55
:106500008F7634BFF30435BFF30435BF8F7634BFC5
:10651000E79235BFBCE733BF6C2036BF7A5833BF34
:106520007FAD36BFC9C832BF233A37BFAA3832BFA2
:1065300055C637BF1DA831BF165238BF221731BF0D
:1065400065DD38BFBB8530BF426839BFE6F32FBF7A
:10655000ACF239BFA5612FBFA47C3ABFF7CE2EBFE6
:1065600029063BBFDE3B2EBF3B8F3BBF59A82DBF4B
:10657000D9173CBF69142DBF03A03CBF0F802CBFAF
:10658000B8273DBF4AEB2BBFF9AE3DBF1B562BBF13
:10659000C5353EBF82C02ABF1BBC3EBF802A2ABF72
:1065A000FC413FBF159429BF67C73FBF41FD28BFCE
:1065B0005C4C40BF056628BFDAD040BF61CE27BF24
:1065C000E15441BF563627BF70D841BFE39D26BF77
:1065D000895B42BF0A0526BF29DE42BFCB6B25BFC0
:1065E000516043BF25D224BF00E243BF1A3824BF05
:1065F000376344BFA99D23BFF5E344BFD30223BF44
:10660000396445BF996722BF03E445BFFBCB21BF77
:10661000546346BFF92F21BF2AE246BF939320BFA0
:10662000856047BFCBF61FBF65DE47BF9F591FBFC1
:10663000CA5B48BF12BC1EBFB3D848BF221E1EBFD4
:10664000215549BFD17F1DBF12D149BF1FE11CBFDA
:10665000874C4ABF0C421CBF7FC74ABF99A21BBFD1
:10666000FA414BBFC6021BBFF8BB4BBF93621ABFB8
:1066700078354CBF00C219BF79AE4CBF0F2119BF8E
:10668000FD264DBFC07F18BF029F4DBF12DE17BF52
:1066900089164EBF073C17BF908D4EBF9F9916BFFE
:1066A00017044FBFD9F615BF1F7A4FBFB75315BF99
:1066B000A8EF4FBF39B014BFAF6450BF5F0C14BF19
:1066C00037D950BF2A6813BF3D4D51BF9AC312BF7F
:1066D000C2C051BFB01E12BFC63352BF6B7911BFCB
:1066E00049A652BFCDD310BF491853BFD52D10BFF7
:1066F000C78953BF84870FBFC3FA53BFDBE00EBF08
:106700003B6B54BFDA390EBF31DB54BF81920DBFF2
:10671000A44A55BFD0EA0CBF93B955BFC9420CBFBC
:10672000FE2756BF6B9A0BBFE59556BFB7F10ABF60
:10673000480357BFAD480ABF267057BF4E9F09BFD9
:106740007FDC57BF9BF508BF534858BF924B08BF2B
:10675000A1B358BF36A107BF6A1E59BF86F606BF50
:10676000AD8859BF824B06BF6AF259BF2CA005BF46
:10677000A05B5ABF84F404BF50C45ABF894804BF09
:10678000792C5BBF3D9C03BF1A945BBF9FEF02BF98
:1067900034FB5BBFB14202BFC7615CBF739501BFF1
:1067A000D1C75CBFE4E700BF532D5DBF063A00BF11
:1067B0004D925DBFB217FFBEBEF65DBFBBBAFDBE58
:1067C000A65A5EBF275DFCBE05BE5EBFF7FEFABEE1
:1067D000DB205FBF2DA0F9BE27835FBFC840F8BE96
:1067E000E9E45FBFCBE0F6BE214660BF3580F5BE71
:1067F000CFA660BF071FF4BEF20661BF43BDF2BE65
:106800008A6661BFEA5AF1BE98C561BFFBF7EFBE69
:106810001A2462BF7994EEBE108262BF6330EDBE6F
:106820007BDF62BFBBCBEBBE5A3C63BF8166EABE77
:10683000AC9863BFB700E9BE73F463BF5D9AE7BE6F
:10684000AC4F64BF7533E6BE59AA64BFFECBE4BE4D
:10685000790465BFFA63E3BE0B5E65BF6AFBE1BE08
:1068600010B765BF4F92E0BE880F66BFA928DFBE94
:10687000716766BF79BEDDBECCBE66BFC153DCBEEC
:10688000991567BF80E8DABED86B67BFB97CD9BEFF
:1068900087C167BF6B10D8BEA81668BF99A3D6BEC4
:1068A000396B68BF4136D5BE3CBF68BF67C8D3BE31
:1068B000AE1269BF095AD2BE916569BF2AEBD0BE3C
:1068C000E4B769BFCA7BCFBEA7096ABFEA0BCEBED9
:1068D000D95A6ABF8B9BCCBE7BAB6ABFAE2ACBBEFC
:1068E0008CFB6ABF53B9C9BE0C4B6BBF7C47C8BE9B
:1068F000FB996BBF29D5C6BE58E86BBF5C62C5BEAD
:1069000024366CBF15EFC3BE5E836CBF557BC2BE21
:1069100007D06CBF1E07C1BE1D1C6DBF6F92BFBEEE
:10692000A1676DBF4A1DBEBE93B26DBFAFA7BCBE0F
:10693000F2FC6DBFA031BBBEBE466EBF1EBBB9BE72
:10694000F88F6EBF2A44B8BE9ED86EBFC3CCB6BE09
:10695000B0206FBFEC54B5BE30686FBFA5DCB3BECE
:106960001BAF6FBFEF63B2BE73F56FBFCBEAB0BEB4
:10697000373B70BF3A71AFBE668070BF3CF7ADBEAB
:1069800002C570BFD47CACBE080971BF0102ABBEAA
:106990007A4C71BFC486A9BE578F71BF1F0BA8BEAA
:1069A0009FD171BF128FA6BE521372BF9F12A5BE98
:1069B000705472BFC595A3BEF89472BF8718A2BE6B
:1069C000EBD472BFE59AA0BE471473BFDF1C9FBE15
:1069D0000E5373BF789E9DBE3F9173BFAF1F9CBE89
:1069E000D9CE73BF86A09ABEDD0B74BFFE2099BEC0
:1069F0004B4874BF17A197BE228474BFD22096BEA5
:106A000062BF74BF31A094BE0BFA74BF351F93BE32
:106A10001D3475BFDD9D91BE976D75BF2C1C90BE5A
:106A20007BA675BF229A8EBEC6DE75BFC0178DBE0F
:106A30007A1676BF07958BBE974D76BFF8118ABE42
:106A40001B8476BF938E88BE07BA76BFDA0A87BEEC
:106A50005BEF76BFCE8685BE172477BF700284BEFB
:106A60003A5877BFC07D82BEC58B77BFC0F880BE65
:106A7000B7BE77BFE1E67EBE10F177BFA4DB7BBE79
:106A8000D12278BFCCCF78BEF85378BF5AC375BE39
:106A9000868478BF51B672BE7BB478BFB2A86FBE91
:106AA000D6E378BF7F9A6CBE981279BFBA8B69BE65
:106AB000C04079BF667C66BE4E6E79BF836C63BE94
:106AC000439B79BF135C60BE9DC779BF1A4B5DBE07
:106AD0005EF379BF97395ABE841E7ABF8F2757BE9F
:106AE00010497ABF011554BE02737ABFF10151BE3D
:106AF000599C7ABF60EE4DBE16C57ABF4FDA4ABECA
:106B000037ED7ABFC2C547BEBE147BBFB9B044BE25
:106B1000AB3B7BBF379B41BEFC617BBF3E853EBE2E
:106B2000B2877BBFCF6E3BBECDAC7BBFEC5738BED0
:106B30004DD17BBF984035BE31F57BBFD42832BEE6
:106B40007A187CBFA2102FBE283B7CBF04F82BBE56
:106B50003A5D7CBFFCDE28BEB07E7CBF8CC525BE06
:106B60008A9F7CBFB6AB22BEC9BF7CBF7B911FBED4
:106B70006CDF7CBFDE761CBE73FE7CBFE05B19BEA3
:106B8000DD1C7DBF834016BEAC3A7DBFCA2413BE58
:106B9000DE577DBFB70810BE74747DBF4AEC0CBED3
:106BA0006E907DBF86CF09BECCAB7DBF6EB206BEF8
:106BB0008CC67DBF029503BEB1E07DBF457700BEA8
:106BC00038FA7DBF73B2FABD24137EBFC075F4BD21
:106BD000722B7EBF7638EEBD23437EBF9AFAE7BDA7
:106BE000385A7EBF2EBCE1BDB0707EBF377DDBBDA5
:106BF0008B867EBFB93DD5BDC99B7EBFB7FDCEBDDF
:106C000069B07EBF36BDC8BD6DC47EBF397CC2BD14
:106C1000D4D77EBFC33ABCBD9DEA7EBFDAF8B5BD0E
:106C2000C9FC7EBF80B6AFBD580E7FBFBA73A9BD89
:106C3000491F7FBF8C30A3BD9D2F7FBFF9EC9CBD4A
:106C4000543F7FBF05A996BD6D4E7FBFB46490BD14
:106C5000E95C7FBF0A208ABDC76A7FBF0ADB83BDAC
:106C600008787FBF742B7BBDAB847FBF38A06EBD1F
:106C7000B1907FBF681462BD189C7FBF0E8855BD60
:106C8000E3A67FBF2FFB48BD0FB17FBFD56D3CBDD5
:106C90009EBA7FBF07E02FBD8FC37FBFCC5123BDFE
:106CA000E2CB7FBF2CC316BD98D37FBF2F340ABD64
:106CB000AFDA7FBFB949FBBC29E17FBF7B2AE2BCC9
:106CC00005E77FBFB00AC9BC43EC7FBF69EAAFBC30
:106CD000E3F07FBFB6C996BCE6F47FBF4B517BBCE7
:106CE0004AF87FBF900E49BC11FB7FBF59CB16BC41
:106CF00039FD7FBF890FC9BBC4FE7FBFC70F49BB2A
:106D0000B1FF7FBF00000080000080BFC70F493B7C
:106D1000B1FF7FBF890FC93BC4FE7FBF59CB163C73
:106D200039FD7FBF900E493C11FB7FBF4B517B3C2F
:106D30004AF87FBFB6C9963CE6F47FBF69EAAF3C2C
:106D4000E3F07FBFB00AC93C43EC7FBF7B2AE23C43
:106D500005E77FBFB949FB3C29E17FBF2F340A3DDE
:106D6000AFDA7FBF2CC3163D98D37FBFCC51233DF4
:106D7000E2CB7FBF07E02F3D8FC37FBFD56D3C3D8A
:106D80009EBA7FBF2FFB483D0FB17FBF0E88553D98
:106D9000E3A67FBF6814623D189C7FBF38A06E3D9C
:106DA000B1907FBF742B7B3DAB847FBF0ADB833DFB
:106DB00008787FBF0A208A3DC76A7FBFB464903DD0
:106DC000E95C7FBF05A9963D6D4E7FBFF9EC9C3D08
:106DD000543F7FBF8C30A33D9D2F7FBFBA73A93D29
:106DE000491F7FBF80B6AF3D580E7FBFDAF8B53D73
:106DF000C9FC7EBFC33ABC3D9DEA7EBF397CC23D23
:106E0000D4D77EBF36BDC83D6DC47EBFB7FDCE3D75
:106E100069B07EBFB93DD53DC99B7EBF377DDB3DA7
:106E20008B867EBF2EBCE13DB0707EBF9AFAE73DF7
:106E3000385A7EBF7638EE3D23437EBFC075F43DA1
:106E4000722B7EBF73B2FA3D24137EBF4577003E9E
:106E500038FA7DBF0295033EB1E07DBF6EB2063EBB
:106E60008CC67DBF86CF093ECCAB7DBF4AEC0C3EC5
:106E70006E907DBFB708103E74747DBFCA24133E68
:106E8000DE577DBF8340163EAC3A7DBFE05B193EC6
:106E9000DD1C7DBFDE761C3E73FE7CBF7B911F3EFA
:106EA0006CDF7CBFB6AB223EC9BF7CBF8CC5253E24
:106EB0008A9F7CBFFCDE283EB07E7CBF04F82B3E60
:106EC0003A5D7CBFA2102F3E283B7CBFD428323EC7
:106ED0007A187CBF9840353E31F57BBFEC57383E81
:106EE0004DD17BBFCF6E3B3ECDAC7BBF3E853E3EA2
:106EF000B2877BBF379B413EFC617BBFB9B0443E4C
:106F0000AB3B7BBFC2C5473EBE147BBF4FDA4A3E98
:106F100037ED7ABF60EE4D3E16C57ABFF101513EA6
:106F2000599C7ABF0115543E02737ABF8F27573E92
:106F300010497ABF97395A3E841E7ABF1A4B5D3E7C
:106F40005EF379BF135C603E9DC779BF836C633E7F
:106F5000439B79BF667C663E4E6E79BFBA8B693EB5
:106F6000C04079BF7F9A6C3E981279BFB2A86F3E3D
:106F7000D6E378BF51B6723E7BB478BF5AC3753E34
:106F8000868478BFCCCF783EF85378BFA4DB7B3EB5
:106F9000D12278BFE1E67E3E10F177BFC0F8803E97
:106FA000B7BE77BFC07D823EC58B77BF7002843E7F
:106FB0003A5877BFCE86853E172477BFDA0A873ED8
:106FC0005BEF76BF938E883E07BA76BFF8118A3E94
:106FD0001B8476BF07958B3E974D76BFC0178D3EBD
:106FE0007A1676BF229A8E3EC6DE75BF2C1C903E66
:106FF0007BA675BFDD9D913E976D75BF351F933E96
:107000001D3475BF31A0943E0BFA74BFD220963E5A
:1070100062BF74BF17A1973E228474BFFE20993EC1
:107020004B4874BF86A09A3EDD0B74BFAF1F9C3ED9
:10703000D9CE73BF789E9D3E3F9173BFDF1C9F3EAC
:107040000E5373BFE59AA03E471473BF8718A23E44
:10705000EBD472BFC595A33EF89472BF9F12A53EB4
:10706000705472BF128FA63E521372BF1F0BA83E00
:107070009FD171BFC486A93E578F71BF0102AB3E3D
:107080007A4C71BFD47CAC3E080971BF3CF7AD3E71
:1070900002C570BF3A71AF3E668070BFCBEAB03EAA
:1070A000373B70BFEF63B23E73F56FBFA5DCB33EF5
:1070B0001BAF6FBFEC54B53E30686FBFC3CCB63E5C
:1070C000B0206FBF2A44B83E9ED86EBF1EBBB93EEB
:1070D000F88F6EBFA031BB3EBE466EBFAFA7BC3EB1
:1070E000F2FC6DBF4A1DBE3E93B26DBF6F92BF3EB4
:1070F000A1676DBF1E07C13E1D1C6DBF557BC23E03
:1071000007D06CBF15EFC33E5E836CBF5C62C53EAB
:1071100024366CBF29D5C63E58E86BBF7C47C83EB5
:10712000FB996BBF53B9C93E0C4B6BBFAE2ACB3E2C
:107130008CFB6ABF8B9BCC3E7BAB6ABFEA0BCE3E1F
:10714000D95A6ABFCA7BCF3EA7096ABF2AEBD03E95
:10715000E4B769BF095AD23E916569BF67C8D33E9B
:10716000AE1269BF4136D53E3CBF68BF99A3D63E3B
:10717000396B68BF6B10D83EA81668BFB97CD93E82
:1071800087C167BF80E8DA3ED86B67BFC153DC3E7A
:10719000991567BF79BEDD3ECCBE66BFA928DF3E2C
:1071A000716766BF4F92E03E880F66BF6AFBE13EA3
:1071B00010B765BFFA63E33E0B5E65BFFECBE43EEE
:1071C000790465BF7533E63E59AA64BF5D9AE73E10
:1071D000AC4F64BFB700E93E73F463BF8166EA3E1B
:1071E000AC9863BFBBCBEB3E5A3C63BF6330ED3E14
:1071F0007BDF62BF7994EE3E108262BFFBF7EF3E09
:107200001A2462BFEA5AF13E98C561BF43BDF23EFF
:107210008A6661BF071FF43EF20661BF3580F53E06
:10722000CFA660BFCBE0F63E214660BFC840F83E27
:10723000E9E45FBF2DA0F93E27835FBFF7FEFA3E6A
:10724000DB205FBF275DFC3E05BE5EBFBBBAFD3ED7
:10725000A65A5EBFB217FF3EBEF65DBF063A003FBC
:107260004D925DBFE4E7003F532D5DBF7395013F35
:10727000D1C75CBFB142023FC7615CBF9FEF023F15
:1072800034FB5BBF3D9C033F1A945BBF8948043FBE
:10729000792C5BBF84F4043F50C45ABF2CA0053F37
:1072A000A05B5ABF824B063F6AF259BF86F6063F83
:1072B000AD8859BF36A1073F6A1E59BF924B083FA0
:1072C000A1B358BF9BF5083F534858BF4E9F093F95
:1072D0007FDC57BFAD480A3F267057BFB7F10A3F62
:1072E000480357BF6B9A0B3FE59556BFC9420C3F09
:1072F000FE2756BFD0EA0C3F93B955BF81920D3F90
:10730000A44A55BFDA390E3F31DB54BFDBE00E3FF4
:107310003B6B54BF84870F3FC3FA53BFD52D103F3B
:10732000C78953BFCDD3103F491853BF6B79113F65
:1073300049A652BFB01E123FC63352BF9AC3123F76
:10734000C2C051BF2A68133F3D4D51BF5F0C143F6F
:1073500037D950BF39B0143FAF6450BFB753153F52
:10736000A8EF4FBFD9F6153F1F7A4FBF9F99163F21
:1073700017044FBF073C173F908D4EBF12DE173FDB
:1073800089164EBFC07F183F029F4DBF0F21193F86
:10739000FD264DBF00C2193F79AE4CBF93621A3F24
:1073A00078354CBFC6021B3FF8BB4BBF99A21B3FB1
:1073B000FA414BBF0C421C3F7FC74ABF1FE11C3F35
:1073C000874C4ABFD17F1D3F12D149BF221E1E3FAD
:1073D000215549BF12BC1E3FB3D848BF9F591F3F1C
:1073E000CA5B48BFCBF61F3F65DE47BF9393203F84
:1073F000856047BFF92F213F2AE246BFFBCB213FE3
:10740000546346BF9967223F03E445BFD302233F3D
:10741000396445BFA99D233FF5E344BF1A38243F93
:10742000376344BF25D2243F00E243BFCB6B253FE7
:10743000516043BF0A05263F29DE42BFE39D263F38
:10744000895B42BF5636273F70D841BF61CE273F88
:10745000E15441BF0566283FDAD040BF41FD283FD7
:107460005C4C40BF1594293F67C73FBF802A2A3F25
:10747000FC413FBF82C02A3F1BBC3EBF1B562B3F77
:10748000C5353EBF4AEB2B3FF9AE3DBF0F802C3FC9
:10749000B8273DBF69142D3F03A03CBF59A82D3F1D
:1074A000D9173CBFDE3B2E3F3B8F3BBFF7CE2E3F75
:1074B00029063BBFA5612F3FA47C3ABFE6F32F3FCF
:1074C000ACF239BFBB85303F426839BF2217313F2C
:1074D00065DD38BF1DA8313F165238BFAA38323F8C
:1074E00055C637BFC9C8323F233A37BF7A58333FF2
:1074F0007FAD36BFBCE7333F6C2036BF8F76343F5D
:10750000E79235BFF304353FF30435BFE792353FCB
:107510008F7634BF6C20363FBCE733BF7FAD363F3C
:107520007A5833BF233A373FC9C832BF55C6373FB1
:10753000AA3832BF1652383F1DA831BF65DD383F2B
:10754000221731BF4268393FBB8530BFACF2393FAB
:10755000E6F32FBFA47C3A3FA5612FBF29063B3F2E
:10756000F7CE2EBF3B8F3B3FDE3B2EBFD9173C3FB4
:1075700059A82DBF03A03C3F69142DBFB8273D3F3C
:107580000F802CBFF9AE3D3F4AEB2BBFC5353E3FC8
:107590001B562BBF1BBC3E3F82C02ABFFC413F3F56
:1075A000802A2ABF67C73F3F159429BF5C4C403FE4
:1075B00041FD28BFDAD0403F056628BFE154413F76
:1075C00061CE27BF70D8413F563627BF895B423F07
:1075D000E39D26BF29DE423F0A0526BF5160433F97
:1075E000CB6B25BF00E2433F25D224BF3763443F26
:1075F0001A3824BFF5E3443FA99D23BF3964453FB2
:10760000D30223BF03E4453F996722BF5463463F3B
:10761000FBCB21BF2AE2463FF92F21BF8560473FC0
:10762000939320BF65DE473FCBF61FBFCA5B483F41
:107630009F591FBFB3D8483F12BC1EBF2155493FB9
:10764000221E1EBF12D1493FD17F1DBF874C4A3F2A
:107650001FE11CBF7FC74A3F0C421CBFFA414B3F92
:1076600099A21BBFF8BB4B3FC6021BBF78354C3FEE
:1076700093621ABF79AE4C3F00C219BFFD264D3F41
:107680000F2119BF029F4D3FC07F18BF89164E3F83
:1076900012DE17BF908D4E3F073C17BF17044F3FB8
:1076A0009F9916BF1F7A4F3FD9F615BFA8EF4F3FDE
:1076B000B75315BFAF64503F39B014BF37D9503FEF
:1076C0005F0C14BF3D4D513F2A6813BFC2C0513FEC
:1076D0009AC312BFC633523FB01E12BF49A6523FD3
:1076E0006B7911BF4918533FCDD310BFC789533FA2
:1076F000D52D10BFC3FA533F84870FBF3B6B543F58
:10770000DBE00EBF31DB543FDA390EBFA44A553FF0
:1077100081920DBF93B9553FD0EA0CBFFE27563F6B
:10772000C9420CBFE595563F6B9A0BBF4803573FC4
:10773000B7F10ABF2670573FAD480ABF7FDC573FFD
:107740004E9F09BF5348583F9BF508BFA1B3583F10
:10775000924B08BF6A1E593F36A107BFAD88593FFB
:1077600086F606BF6AF2593F824B06BFA05B5A3FBE
:107770002CA005BF50C45A3F84F404BF792C5B3F52
:10778000894804BF1A945B3F3D9C03BF34FB5B3FB9
:107790009FEF02BFC7615C3FB14202BFD1C75C3FF0
:1077A000739501BF532D5D3FE4E700BF4D925D3FF0
:1077B000063A00BFBEF65D3FB217FFBEA65A5E3F57
:1077C000BBBAFDBE05BE5E3F275DFCBEDB205F3F52
:1077D000F7FEFABE27835F3F2DA0F9BEE9E45F3FC5
:1077E000C840F8BE2146603FCBE0F6BECFA6603F62
:1077F0003580F5BEF206613F071FF4BE8A66613F21
:1078000043BDF2BE98C5613FEA5AF1BE1A24623FF9
:10781000FBF7EFBE1082623F7994EEBE7BDF623FE2
:107820006330EDBE5A3C633FBBCBEBBEAC98633FCD
:107830008166EABE73F4633FB700E9BEAC4F643FB4
:107840005D9AE7BE59AA643F7533E6BE7904653F89
:10785000FECBE4BE0B5E653FFA63E3BE10B7653F47
:107860006AFBE1BE880F663F4F92E0BE7167663FDC
:10787000A928DFBECCBE663F79BEDDBE9915673F45
:10788000C153DCBED86B673F80E8DABE87C1673F73
:10789000B97CD9BEA816683F6B10D8BE396B683F5B
:1078A00099A3D6BE3CBF683F4136D5BEAE12693FF4
:1078B00067C8D3BE9165693F095AD2BEE4B7693F34
:1078C0002AEBD0BEA7096A3FCA7BCFBED95A6A3F0E
:1078D000EA0BCEBE7BAB6A3F8B9BCCBE8CFB6A3F78
:1078E000AE2ACBBE0C4B6B3F53B9C9BEFB996B3F65
:1078F0007C47C8BE58E86B3F29D5C6BE24366C3FCE
:107900005C62C5BE5E836C3F15EFC3BE07D06C3FA3
:10791000557BC2BE1D1C6D3F1E07C1BEA1676D3FDA
:107920006F92BFBE93B26D3F4A1DBEBEF2FC6D3F6B
:10793000AFA7BCBEBE466E3FA031BBBEF88F6E3F48
:107940001EBBB9BE9ED86E3F2A44B8BEB0206F3F62
:10795000C3CCB6BE30686F3FEC54B5BE1BAF6F3FB3
:10796000A5DCB3BE73F56F3FEF63B2BE373B703F2C
:10797000CBEAB0BE6680703F3A71AFBE02C5703FC1
:107980003CF7ADBE0809713FD47CACBE7A4C713F68
:107990000102ABBE578F713FC486A9BE9FD1713F14
:1079A0001F0BA8BE5213723F128FA6BE7054723FB7
:1079B0009F12A5BEF894723FC595A3BEEBD4723F4B
:1079C0008718A2BE4714733FE59AA0BE0E53733FBB
:1079D000DF1C9FBE3F91733F789E9DBED9CE733F03
:1079E000AF1F9CBEDD0B743F86A09ABE4B48743F10
:1079F000FE2099BE2284743F17A197BE62BF743FD8
:107A0000D22096BE0BFA743F31A094BE1D34753F50
:107A1000351F93BE976D753FDD9D91BE7BA6753F6B
:107A20002C1C90BEC6DE753F229A8EBE7A16763F1B
:107A3000C0178DBE974D763F07958BBE1B84763F52
:107A4000F8118ABE07BA763F938E88BE5BEF763F09
:107A5000DA0A87BE1724773FCE8685BE3A58773F2D
:107A6000700284BEC58B773FC07D82BEB7BE773FB4
:107A7000C0F880BE10F1773FE1E67EBED122783FAC
:107A8000A4DB7BBEF853783FCCCF78BE8684783FAA
:107A90005AC375BE7BB4783F51B672BED6E3783F09
:107AA000B2A86FBE9812793F7F9A6CBEC040793FF2
:107AB000BA8B69BE4E6E793F667C66BE439B793F4A
:107AC000836C63BE9DC7793F135C60BE5EF3793FF4
:107AD0001A4B5DBE841E7A3F97395ABE10497A3FD1
:107AE0008F2757BE02737A3F011554BE599C7A3FC7
:107AF000F10151BE16C57A3F60EE4DBE37ED7A3FBB
:107B00004FDA4ABEBE147B3FC2C547BEAB3B7B3F8C
:107B1000B9B044BEFC617B3F379B41BEB2877B3F1F
:107B20003E853EBECDAC7B3FCF6E3BBE4DD17B3F55
:107B3000EC5738BE31F57B3F984035BE7A187C3F14
:107B4000D42832BE283B7C3FA2102FBE3A5D7C3F3A
:107B500004F82BBEB07E7C3FFCDE28BE8A9F7C3FB3
:107B60008CC525BEC9BF7C3FB6AB22BE6CDF7C3F57
:107B70007B911FBE73FE7C3FDE761CBEDD1C7D3F0D
:107B8000E05B19BEAC3A7D3F834016BEDE577D3FB9
:107B9000CA2413BE74747D3FB70810BE6E907D3F3B
:107BA0004AEC0CBECCAB7D3F86CF09BE8CC67D3F78
:107BB0006EB206BEB1E07D3F029503BE38FA7D3F4E
:107BC000457700BE24137E3F73B2FABD722B7E3F11
:107BD000C075F4BD23437E3F7638EEBD385A7E3FF4
:107BE0009AFAE7BDB0707E3F2EBCE1BD8B867E3F2A
:107BF000377DDBBDC99B7E3FB93DD5BD69B07E3FBA
:107C0000B7FDCEBD6DC47E3F36BDC8BDD4D77E3F67
:107C1000397CC2BD9DEA7E3FC33ABCBDC9FC7E3FF4
:107C2000DAF8B5BD580E7F3F80B6AFBD491F7F3F24
:107C3000BA73A9BD9D2F7F3F8C30A3BD543F7F3FBA
:107C4000F9EC9CBD6D4E7F3F05A996BDE95C7F3F79
:107C5000B46490BDC76A7F3F0A208ABD08787F3F21
:107C60000ADB83BDAB847F3F742B7BBDB1907F3F2C
:107C700038A06EBD189C7F3F681462BDE3A67F3FAD
:107C80000E8855BD0FB17F3F2FFB48BD9EBA7F3F89
:107C9000D56D3CBD8FC37F3F07E02FBDE2CB7F3F5B
:107CA000CC5123BD98D37F3F2CC316BDAFDA7F3FA5
:107CB0002F340ABD29E17F3FB949FBBC05E77F3F6F
:107CC0007B2AE2BC43EC7F3FB00AC9BCE3F07F3FB4
:107CD00069EAAFBCE6F47F3FB6C996BC4AF87F3F7D
:107CE0004B517BBC11FB7F3F900E49BC39FD7F3F60
:107CF00059CB16BCC4FE7F3F890FC9BBB1FF7F3F84
:107D0000C70F49BB0600525053B4F4A1A0B20010F3
:107D100008005250120000000000000000000000A7
:107D20000000000000000000000000000000000053
:107D30000000000000000000000000000000000043
:107D40000000000000000000000000000000000033
:107D50000000000000000000000000000000000023
:107D60000000000000000000000000000000000013
:107D70000000000000000000000000000000000003
:107D800000000000000000000000000000000000F3
:107D900000000000000000000000000000000000E3
:107DA00000000000000000000000000000000000D3
:107DB00000000000000000000000000000000000C3
:107DC00000000000000000000000000000000000B3
:107DD00000000000000000000000000000000000A3
:107DE0000000000000000000000000000000000093
:107DF0000000000000000000000000000000000083
:107E00000000000000000000000000000000000072
:107E10000000000000000000000000000000000062
:107E20000000000000000000000000000000000052
:107E30000000000000000000000000000000000042
:107E40000000000000000000000000000000000032
:107E50000000000000000000000000000000000022
:107E60000000000000000000000000000000000012
:107E70000000000000000000000000000000000002
:107E800000000000000000000000000000000000F2
:107E900000000000000000000000000000000000E2
:107EA00000000000000000000000000000000000D2
:107EB00000000000000000000000000000000000C2
:107EC00000000000000000000000000000000000B2
:107ED00000000000000000000000000000000000A2
:107EE0000000000000000000000000000000000092
:107EF0000000000000000000000000000000000082
:107F00000000000000000000000000000000000071
:107F10000000000000000000000000000000000061
:107F20000000000000000000000000000000000051
:107F30000000000000000000000000000000000041
:107F40000000000000000000000000000000000031
:107F50000000000000000000000000000000000021
:107F60000000000000000000000000000000000011
:107F70000000000000000000000000000000000001
:107F800000000000000000000000000000000000F1
:107F900000000000000000000000000000000000E1
:107FA00000000000000000000000000000000000D1
:107FB00000000000000000000000000000000000C1
:107FC00000000000000000000000000000000000B1
:107FD00000000000000000000000000000000000A1
:107FE0000000000000000000000000000000000091
:107FF0000000000000000000000000000000000081
:108000000000000000000000000000000000000070
:108010000000000000000000000000000000000060
:108020000000000000000000000000000000000050
:108030000000000000000000000000000000000040
:108040000000000000000000000000000000000030
:108050000000000000000000000000000000000020
:108060000000000000000000000000000000000010
:108070000000000000000000000000000000000000
:1080800000000000000000000000000000000000F0
:1080900000000000000000000000000000000000E0
:1080A00000000000000000000000000000000000D0
:1080B00000000000000000000000000000000000C0
:1080C00000000000000000000000000000000000B0
:1080D00000000000000000000000000000000000A0
:1080E0000000000000000000000000000000000090
:1080F0000000000000000000000000000000000080
:10810000000000000000000000000000000000006F
:1081100000000000000000000000803FE84587B537
:108120008DA15F3FA42BF6BE2563073FCACC55BF88
:1081300001AC743DA2E878BF1AD3D0BEDCC25CBFEC
:108140003C8640BF0B280BBF38B263BF4BABE0BDD2
:10815000E7244CBF1E47A33E788E04BF4185213FD4
:10816000661610BE0D79413F8352663E8F4C2E3FFE
:10817000464BF83E49A7E63E660D163F3C58163E74
:10818000D0F0063FE0430EBE8711B43E8670ABBE12
:108190006F00043E5C56D0BE6ECB93BDBEC0B9BE70
:1081A000293250BE9A6E77BECB807DBEDF92C3BDB2
:1081B0005B725EBEDAB1F13CCD5512BE090FD93DFE
:1081C000A9A671BD35E5033E833B053CA9C7E13D4A
:1081D000DE833C3D8CE2903DE55F633DBC11F33CAA
:1081E0005E713B3D413C13BAF8B1E63C51B082BCF4
:1081F00013CF3E3CE3D59ABC6E413D3AA1DD70BC45
:10820000AFFC86BB21470ABCB8A399BB6B6658BBC1
:108210009DAE58BB383EC0B922BDDBBA88FE353AA8
:10822000604816BA1CAA3B3A112997B828E2D839F7
:10823000D49E63386D3B2639F9612738748218382B
:10824000A0A43A37A1293036A16D09343D126EB48D
:108250003A3A11B5C7C7DF330B4645B4E67422B5C9
:10826000EC26DBB49B7EF0B4260E8F332962B93442
:10827000338B8A3506FDC63416FEA33545E5D1B4E9
:108280002C95CB34FAF945B5E758EAB4F5C045B3B7
:10829000CCAF98B460CC81352EA216357194A3353D
:1082A000FBFB8C35B67D0E351E4820350A1A8BB483
:1082B0004BD8B3B41DE29BB4E8505BB5D64BE23467
:1082C0002092F2B4F8059235CAA89334A4C4883534
:1082D000EAF21535C986A33463D1CB33EC9FB5B42C
:1082E00094D231B51E47A8B458CA85B543D79A343D
:1082F000A7232AB5B6335D353E3BD132F01248355F
:108300008B66AA34EC9DF53336FD1BB34CE601B504
:10831000C8B838B576440AB50000803FE84587B54F
:108320009B95623FB11EEBBE06B7113F35E64EBFCF
:10833000FF3E063EFD1B77BFCA8AA4BEB0EE65BFF6
:10834000CE0A2EBF4EAD21BF691C5DBF35C274BEC3
:10835000871857BF0525363E418521BF788E043FDB
:10836000C6129BBE26E1343FBE0F583D0311373F76
:1083700021C8B13EBD42103F32AE043F1A0D9F3EB0
:1083800055490B3F92EA083D774CE33E4D8249BE8A
:10839000DD8E883EAC9FAABE6ECB933DBEC0B9BEFB
:1083A0002721B4BD88499BBECE5A3BBEF0C844BE0F
:1083B000464754BE9B0E92BD693734BEA4DCD53C03
:1083C0007026EBBD86F7A93DC1934BBD6138CA3D10
:1083D0003AC6873A89D5AC3DBC11F33CE55F633DB5
:1083E0002D931A3DDC19D43CD092033D67D4813BD8
:1083F0000D79AA3C1D75FDBB2CF4213C8AAE32BC24
:1084000043E11C3BC8C914BC8AACA4BACC59B7BB65
:10841000D75C0CBB63D026BB22BDDBBA88FE35BA65
:10842000A9876FBAC68EA5389AE9B9B988D26B39CF
:10843000E37BB0B8B7EF17392B4528B6B1326238B5
:108440009F369F3601772E37E1710F3334458834DC
:10845000FD4A08B5F0B36534E67422350B46453461
:1084600039EA1D354C6B1CB45A9B97334CF5B83424
:10847000F3192E343B9691350EB61D359C10993567
:1084800071750A355B502E35BDAF05B4E1F7E134A7
:10849000C26E2DB58CB34F352EA216B57194A3358F
:1084A0009DB418B45ACE9C356CD83AB26BB22E3506
:1084B000F1CCCEB4A09A6B3471166BB5E42496342B
:1084C000006383B52FEE2F3534E32CB50E7660357F
:1084D00063819EB4724A1735EC9FB5B463D1CB3338
:1084E000619942B501ACE6B3836B8AB501F9F63305
:1084F000EA247AB5736EF734DA1812B5ABD90835B9
:10850000A1259BB48BEF3A34B48FE8B4D7DE6AB4BC
:10851000529759B5EE8B99B400000000000000009E
:10852000000000000000000000000000000000004B
:10853000000000000000000000000000000000003B
:10854000000000000000000000000000000000002B
:10855000000000000000000000000000000000001B
:10856000000000000000000000000000000000000B
:1085700000000000000000000000000000000000FB
:1085800000000000000000000000000000000000EB
:1085900000000000000000000000000000000000DB
:1085A00000000000000000000000000000000000CB
:1085B00000000000000000000000000000000000BB
:1085C00000000000000000000000000000000000AB
:1085D000000000000000000000000000000000009B
:1085E000000000000000000000000000000000008B
:1085F000000000000000000000000000000000007B
:10860000000000000000000000000000000000006A
:10861000000000000000000000000000000000005A
:10862000000000000000000000000000000000004A
:10863000000000000000000000000000000000003A
:10864000000000000000000000000000000000002A
:10865000000000000000000000000000000000001A
:10866000000000000000000000000000000000000A
:1086700000000000000000000000000000000000FA
:1086800000000000000000000000000000000000EA
:1086900000000000000000000000000000000000DA
:1086A00000000000000000000000000000000000CA
:1086B00000000000000000000000000000000000BA
:1086C00000000000000000000000000000000000AA
:1086D000000000000000000000000000000000009A
:1086E000000000000000000000000000000000008A
:1086F000000000000000000000000000000000007A
:108700000000000000000000000000000000000069
:108710000000000000000000000000000000000059
:108720000000000000000000000000000000000049
:108730000000000000000000000000000000000039
:108740000000000000000000000000000000000029
:108750000000000000000000000000000000000019
:108760000000000000000000000000000000000009
:1087700000000000000000000000000000000000F9
:1087800000000000000000000000000000000000E9
:1087900000000000000000000000000000000000D9
:1087A00000000000000000000000000000000000C9
:1087B00000000000000000000000000000000000B9
:1087C00000000000000000000000000000000000A9
:1087D0000000000000000000000000000000000099
:1087E0000000000000000000000000000000000089
:1087F0000000000000000000000000000000000079
:108800000000000000000000000000000000000068
:108810000000000000000000000000000000000058
:108820000000000000000000000000000000000048
:108830000000000000000000000000000000000038
:108840000000000000000000000000000000000028
:108850000000000000000000000000000000000018
:108860000000000000000000000000000000000008
:1088700000000000000000000000000000000000F8
:1088800000000000000000000000000000000000E8
:1088900000000000000000000000000000000000D8
:1088A00000000000000000000000000000000000C8
:1088B00000000000000000000000000000000000B8
:1088C00000000000000000000000000000000000A8
:1088D0000000000000000000000000000000000098
:1088E0000000000000000000000000000000000088
:1088F0000000000000000000000000000000000078
:108900000000000000000000000000000000000067
:1089100000000000000000000000803F2691E233CC
:10892000E202563FC73A0BBFDD40CD3EA98567BF87
:108930002AB61EBEF99876BFBF6B24BF156935BF36
:10894000448766BF880A73BE3DCF5ABFDF91903E11
:1089500066100ABF6D812C3F40A7A4BD14F8503F9C
:108960002606B63E816A2F3F0F1F203F4C6AB53E58
:108970009D19293FEC3826BD787AF73EE38AB7BEC9
:108980006AAC403EF79501BFE06AD6BD01B6EEBEC7
:10899000DFA398BE61F094BE6E75B3BE45C98EBDAF
:1089A00096558FBE4148E53DA45713BEC235513E92
:1089B0005724F5BBECFC4F3E859FAA3D72550E3EF9
:1089C000ADD2E83D9144633DB53EC43D00A341BCFA
:1089D0009D75613D2EB53DBD226C783C53BC4CBDB0
:1089E0008A5128BCA61A11BDF7C29CBC253987BC88
:1089F000CBFA87BC28BF13BBDB8F1EBCB1FC953BF9
:108A000067D361BB3A3EB73B44FBC5384B217C3B47
:108A100005889E3A7F12E73A711C873A07D9DF39F9
:108A2000F71E0B3AF152CFB8A04D343947C12BB9DC
:108A3000B0F7B137FFDCBBB8FD6228B78687EAB76D
:108A4000563FBBB622B28EB64AC945B50666CBB311
:108A5000BA4FB0335CBAF6B358D0BEB3264C253308
:108A600014A5CFB2764A29344E9424334F97593304
:108A7000C1E36EB2C02B3BB3CEE75FB3232158B343
:108A8000B67E40B3534543B3749516B3B18236B343
:108A90009FAB65B217C8D2B241E90933416BE6B268
:108AA00028125733842297B30935983148D8CCB36C
:108AB000DA3D3DB3E6933DB378F363B2669C13337E
:108AC000A3DA9A3387AD27334F78DB33C66020B300
:108AD000FECE143314C9BCB3FFB729B39C361CB304
:108AE0008BC18DB255E867339ECEA4331DFD85330F
:108AF000DF3CF733EB70D9B26918383301F9C9B3E9
:108B0000B15155B389815CB351633DB3930E533377
:108B10002A3E5433A9E5A6330000803F2691E2B3F4
:108B20001A5D593F81EF05BF07BAE33E243562BFA6
:108B3000A86FABBD28D978BF09D911BF2CA744BFF6
:108B4000645B5DBF830BB1BE330C63BF06961D3EF5
:108B5000F78525BFB95C123FE9D073BE41F0483FAD
:108B60008E77493E3A183F3F5448053F82CAFD3E42
:108B7000D5BE253FB65A0C3E030D113F9A994FBE04
:108B80009BC5AC3E22DFD7BE7F966F3DCED0F2BEF6
:108B9000919E31BEB8E4C1BE432398BE764F4BBE12
:108BA0002C449ABE94D235BC09A55EBEDD40FC3D86
:108BB0007AB6C8BDEB55363E6D47023C26BE253E13
:108BC000F490923D22A1D53DBBC4B43D2D42203D41
:108BD0009AFC913D349E1EBC6162253D1FBA07BDC3
:108BE0006F98443C54DD0EBDF66FB5BBC3FEC9BCE7
:108BF0007EAC3FBCC76F44BC4E252ABC82792ABBE1
:108C0000E62FCDBB5C02023B6FBB24BB67F93E3B4A
:108C1000DC0EB2B978550A3B07D9DF39711C873AA7
:108C2000FB5DE53984D1A53924567839FA14933798
:108C30002F6CAB38739C31B87B5480370199D5B712
:108C4000E48EC4B3FF66EBB62651E7B45F7222B57B
:108C50009634BC3393C7ED33F76095B324A99033B2
:108C6000D602D8B3AEEB043491A8BCB21BFF7F335D
:108C7000C86130B35214ADB2731F99B3473D5D3232
:108C8000397081B2CC3985333864443334F80333D6
:108C9000F121B332FBC59FB2BBFB32B38A6B80318B
:108CA0001E2554B3492A983356C7A9B178CACC3384
:108CB0001AA28232E3E381338725B6B24F640133CF
:108CC00052E08CB37D4E5333E3718CB3F5BDBA33B0
:108CD000204D0FB301D9BD33F109C2B2554551330F
:108CE000251B6BB366A76D323C82D0B374E9A13209
:108CF00033F7E6B3CC3B4F335C22B4B392AE81334F
:108D00009D4082B3BE102233D8A58DB3A31748313E
:108D1000F63EC4B36C9944B20000000000000000AD
:108D20000000000000000000000000000000000043
:108D30000000000000000000000000000000000033
:108D40000000000000000000000000000000000023
:108D50000000000000000000000000000000000013
:108D60000000000000000000000000000000000003
:108D700000000000000000000000000000000000F3
:108D800000000000000000000000000000000000E3
:108D900000000000000000000000000000000000D3
:108DA00000000000000000000000000000000000C3
:108DB00000000000000000000000000000000000B3
:108DC00000000000000000000000000000000000A3
:108DD0000000000000000000000000000000000093
:108DE0000000000000000000000000000000000083
:108DF0000000000000000000000000000000000073
:108E00000000000000000000000000000000000062
:108E10000000000000000000000000000000000052
:108E20000000000000000000000000000000000042
:108E30000000000000000000000000000000000032
:108E40000000000000000000000000000000000022
:108E50000000000000000000000000000000000012
:108E60000000000000000000000000000000000002
:108E700000000000000000000000000000000000F2
:108E800000000000000000000000000000000000E2
:108E900000000000000000000000000000000000D2
:108EA00000000000000000000000000000000000C2
:108EB00000000000000000000000000000000000B2
:108EC00000000000000000000000000000000000A2
:108ED0000000000000000000000000000000000092
:108EE0000000000000000000000000000000000082
:108EF0000000000000000000000000000000000072
:108F00000000000000000000000000000000000061
:108F10000000000000000000000000000000000051
:108F20000000000000000000000000000000000041
:108F30000000000000000000000000000000000031
:108F40000000000000000000000000000000000021
:108F50000000000000000000000000000000000011
:108F60000000000000000000000000000000000001
:108F700000000000000000000000000000000000F1
:108F800000000000000000000000000000000000E1
:108F900000000000000000000000000000000000D1
:108FA00000000000000000000000000000000000C1
:108FB00000000000000000000000000000000000B1
:108FC00000000000000000000000000000000000A1
:108FD0000000000000000000000000000000000091
:108FE0000000000000000000000000000000000081
:108FF0000000000000000000000000000000000071
:109000000000000000000000000000000000000060
:109010000000000000000000000000000000000050
:109020000000000000000000000000000000000040
:109030000000000000000000000000000000000030
:109040000000000000000000000000000000000020
:109050000000000000000000000000000000000010
:109060000000000000000000000000000000000000
:1090700000000000000000000000000000000000F0
:1090800000000000000000000000000000000000E0
:1090900000000000000000000000000000000000D0
:1090A00000000000000000000000000000000000C0
:1090B00000000000000000000000000000000000B0
:1090C00000000000000000000000000000000000A0
:1090D0000000000000000000000000000000000090
:1090E0000000000000000000000000000000000080
:1090F0000000000000000000000000000000000070
:10910000000000000000000000000000000000005F
:1091100000000000000000000000803FF9A629B513
:109120006DDE473FCFF61FBF345C603EB8C779BFE6
:109130007392E0BEB10F66BF016C67BFA9E8DABEEB
:10914000B01279BF999A6C3ED17F1DBF15D1493FAE
:10915000190F493C19FB7F3FAF67223F1CE4453F95
:109160007B727A3F8F14543E15A6643F262FE6BECD
:109170004326D53EC1AD68BF929878BEE21C78BF49
:10918000E74C4BBF46AE1ABFE1BE7EBF051EC83CD2
:109190004F1E42BF1656233F508444BE48FD763FC3
:1091A000E749E53EFCF65C3F3CB45F3F8652C63E75
:1091B00048E8663FC97073BE7F92093FA17E39BF00
:1091C000491D02BD48CA5CBFE15008BF2F071EBF42
:1091D000B3FE3EBFE83D0EBEE2E41CBF2CB9A73E85
:1091E000F5137CBE7003133F7F5F163E32D8073FF6
:1091F00046F6C43E305D8E3EDF57CC3E6C9EA0BC32
:109200003D817B3EE4635EBEF437373D27FD83BE80
:10921000D31AC8BD88C835BED1B90FBEED216EBD09
:109220001742D8BD27DBFA3CA58834BD712B803DA1
:109230006B344D3B69C0503DFFA1B23C6217C53C49
:1092400044309E3CCBA14B3BDDBE1D3C49B7B2BB7D
:10925000E8750D3B3CDAB0BB5B2F54BAC2E02EBBC5
:10926000A5B780BAFD9530BA20B7E2B92AA2063870
:10927000A094BDB8D7ABB038FD7251B6FB91B537ED
:10928000D2A0A5B21AD8E7337A3F85B469CD0434A9
:109290008C7E8235BC956AB368F787345F2BD4B374
:1092A000BDD85A33BB4E5435DD44F634117F4C35AE
:1092B0009664B833D1399E34F2BFE9B4450D0D350B
:1092C000AE5682B4B3F755353F9B01B3B2AAE8342A
:1092D0003018C9B4FD6C0034703628B587F2BB3441
:1092E000A028BFB44C890535B90738B449902E344D
:1092F000D8B4F4B499F89BB375A02EB5049C30345F
:10930000C780CCB491C0B234BF8532B46D584333FA
:109310005BB8DAB4ECB85AB40000803FF9A629353E
:10932000FDBB4B3FCC021BBF9E8E883E23BA76BF4F
:109330006F1DBEBEBCB26DBF42945BBF549C03BFE9
:10934000C9707EBF3FBCE13D446839BFBB85303F3B
:10935000C3AB22BED1BF7C3F075BF13EB6C5613FC8
:10936000BFBE683FCF35D53EF3C2793FE95760BEF7
:10937000C3C5243F4CD343BF7ACE483D57787FBF07
:10938000DA8410BF35A552BF06F671BFC4DD9FBE9B
:109390001FE56FBFFD0EA53E84E80BBF3163513F53
:1093A000EB3C743D8077783F46D41F3F5449393FAA
:1093B0008F9D693FB6D3453EF9C4503F347BC5BE4F
:1093C000AF80CB3E711D44BFBFB70EBE26A04DBFC0
:1093D00085560EBFA83904BF2F0B31BF9D7F8BBDB3
:1093E000E42C08BF47D1A73EC9E84ABE6F81033FBE
:1093F000FE5F073ECF68E93EF853A43E6DBF733E63
:10940000B8D9A73E7DD783BB2737533E98D524BE16
:109410006D89533D71A548BEED216EBDD1B90FBE1A
:10942000F689C2BD13C362BD4C969BBD1D84193C19
:1094300022B115BDD20F123D5E1E9CBB2C8F033D89
:1094400030841A3CC55D8C3C9DBE253C8EEE923B23
:109450000E51B93B730FB0BACBDCE73A29440DBBD0
:10946000174C383899FB9BBA4BD182B9FDEDB9B98D
:109470005EEAF6B8394E1DB846F9ACB71867F4364F
:1094800056D96F32BD98E93392714C345E7858B436
:10949000E351583528C012353FA68534718BEAB3A5
:1094A00055223DB5F8D4C2347FE169B4546F6735B5
:1094B000154CA0349F1D99330039AEB48A2421B5D0
:1094C000B1495DB5454802B4301487B4AC21BE340F
:1094D000ADC5C734616E08B4DB95B333D25E3FB51A
:1094E0000247E4B41722ECB4DBC23FB4A60826342A
:1094F000C489F3341DE7B63392BA05359255F1B4F9
:1095000044741CB2E3C807B5CB7634B42057243377
:10951000793A9F34BF97B934000000000000000082
:10952000000000000000000000000000000000003B
:10953000000000000000000000000000000000002B
:10954000000000000000000000000000000000001B
:10955000000000000000000000000000000000000B
:1095600000000000000000000000000000000000FB
:1095700000000000000000000000000000000000EB
:1095800000000000000000000000000000000000DB
:1095900000000000000000000000000000000000CB
:1095A00000000000000000000000000000000000BB
:1095B00000000000000000000000000000000000AB
:1095C000000000000000000000000000000000009B
:1095D000000000000000000000000000000000008B
:1095E000000000000000000000000000000000007B
:1095F000000000000000000000000000000000006B
:10960000000000000000000000000000000000005A
:10961000000000000000000000000000000000004A
:10962000000000000000000000000000000000003A
:10963000000000000000000000000000000000002A
:10964000000000000000000000000000000000001A
:10965000000000000000000000000000000000000A
:1096600000000000000000000000000000000000FA
:1096700000000000000000000000000000000000EA
:1096800000000000000000000000000000000000DA
:1096900000000000000000000000000000000000CA
:1096A00000000000000000000000000000000000BA
:1096B00000000000000000000000000000000000AA
:1096C000000000000000000000000000000000009A
:1096D000000000000000000000000000000000008A
:1096E000000000000000000000000000000000007A
:1096F000000000000000000000000000000000006A
:109700000000000000000000000000000000000059
:109710000000000000000000000000000000000049
:109720000000000000000000000000000000000039
:109730000000000000000000000000000000000029
:109740000000000000000000000000000000000019
:109750000000000000000000000000000000000009
:1097600000000000000000000000000000000000F9
:1097700000000000000000000000000000000000E9
:1097800000000000000000000000000000000000D9
:1097900000000000000000000000000000000000C9
:1097A00000000000000000000000000000000000B9
:1097B00000000000000000000000000000000000A9
:1097C0000000000000000000000000000000000099
:1097D0000000000000000000000000000000000089
:1097E0000000000000000000000000000000000079
:1097F0000000000000000000000000000000000069
:109800000000000000000000000000000000000058
:109810000000000000000000000000000000000048
:109820000000000000000000000000000000000038
:109830000000000000000000000000000000000028
:109840000000000000000000000000000000000018
:109850000000000000000000000000000000000008
:1098600000000000000000000000000000000000F8
:1098700000000000000000000000000000000000E8
:1098800000000000000000000000000000000000D8
:1098900000000000000000000000000000000000C8
:1098A00000000000000000000000000000000000B8
:1098B00000000000000000000000000000000000A8
:1098C0000000000000000000000000000000000098
:1098D0000000000000000000000000000000000088
:1098E0000000000000000000000000000000000078
:1098F0000000000000000000000000000000000068
:109900000000000000000000000000000000000057
:1099100000000000000000000000803FEE454633DC
:10992000C8C8323F223A37BFB60AC9BC3FEC7FBF36
:10993000378F3BBFDA3B2EBF0CB17FBF2FFB483DBB
:10994000149429BF66C73F3F04A9963D6C4E7F3FE4
:10995000FEE1433F23D2243F6CC47E3F38BDC8BDE7
:10996000B9F61F3F50DE47BF57B1FABDFF117EBFAA
:1099700056B74BBF3FFF1ABF1A267DBF5034163E65
:10998000CAD315BF9F494F3F90AB2E3E87A97B3F5F
:10999000880C523F191C103F1698783F35CB45BEB6
:1099A0007B0C093FB9A852BFEF4559BEEBE371BF2D
:1099B00016C04EBFA8CAFEBE6FA664BF7318653E30
:1099C000A9C5E3BEF567433F2F51643E0D424E3FAC
:1099D000F3842E3FDA1BC03EDB202E3FF94853BEF6
:1099E000BADF953EDF6E10BF604E32BE62EF06BF3B
:1099F0008E5AD9BEF12A54BEE861BCBE03CF063EE2
:109A0000B3AF05BE60EF913E2155B33D7473683E20
:109A10002C742B3E11FE923DBA3BF83DB4A44DBDD3
:109A200004BF093DF038ACBDE528C6BC3A855FBD32
:109A30002E820FBDD35F55BCB4B3A3BCC2D91A3CB0
:109A40008E9C82BBA0D43D3CD1AF393B2F72B83B3A
:109A5000AE50393BB5D16A3AB1CC903A46CE1ABA3B
:109A6000846B063913D0E7B91C7990B8A5FDFEB810
:109A70000B0600B8BCF906B785AE63B64BDA0836FC
:109A8000A8A82333CFE68DB3C3B8553324C6C1315C
:109A9000436E1A33049120B3D79BCBB3B108D632AF
:109AA0002587A3B229B751339410EDB2917462B3F4
:109AB000C0ACA1B36B76AFB252C728321732A33114
:109AC0003EC64033CA58ACB341D283B24DFCCAB390
:109AD000F2BD1BB2C8E11FB3D7BA1D33260330B3A2
:109AE0006F43C932BB0180B30FA04332D7DACAB289
:109AF0008A9255330024E82E26069D3389F8CEB28B
:109B000084DB6933E0BF26B394462533B772C1B214
:109B1000B5BF333300C3BFB10000803FEE454633CD
:109B2000223A373FC8C832BFB60AC93C3FEC7FBFB4
:109B3000DA3B2EBF378F3BBF0CB17FBF2FFB48BD39
:109B400066C73FBF1494293F04A996BD6C4E7F3F62
:109B500023D2243FFEE1433F6CC47E3F38BDC83D65
:109B600050DE473FB9F61FBF57B1FA3DFF117EBF28
:109B70003FFF1ABF56B74BBF1A267DBF503416BEE3
:109B80009F494FBFCAD3153F90AB2EBE87A97B3FDD
:109B9000191C103F880C523F1698783F35CB453E34
:109BA000B9A8523F7B0C09BFEF45593EEBE371BFAB
:109BB000A8CAFEBE16C04EBF6FA664BF731865BEAE
:109BC000F56743BFA9C5E33E2F5164BE0D424E3F2A
:109BD000DA1BC03EF3842E3FDB202E3FF948533E74
:109BE000DF6E103FBADF95BE604E323E62EF06BFB9
:109BF000F12A54BE8E5AD9BEE861BCBE03CF06BE60
:109C000060EF91BEB3AF053E2155B3BD7473683E9E
:109C100011FE923D2C742B3EBA3BF83DB4A44D3D51
:109C2000F038AC3D04BF09BDE528C63C3A855FBDB0
:109C3000D35F55BC2E820FBDB4B3A3BCC2D91ABC2E
:109C4000A0D43DBC8E9C823BD1AF39BB2F72B83BB8
:109C5000B5D16A3AAE50393BB1CC903A46CE1A3AB9
:109C600013D0E739846B06B91C799038A5FDFEB88E
:109C7000BCF906B70B0600B885AE63B64BDA08B67A
:109C8000CFE68D33A8A823B3C3B855B324C6C131DA
:109C9000049120B3436E1A33D79BCBB3B108D6B22D
:109CA00028B751B32587A3329410ED32917462B373
:109CB0006B76AFB2C0ACA1B352C728321832A3B191
:109CC000CA58AC333EC640B341D283324DFCCAB30E
:109CD000C8E11FB3F2BD1BB2D7BA1D332603303320
:109CE000BB0180336F43C9B20FA043B2D7DACAB207
:109CF0000024E82E8A92553326069D3389F8CE3209
:109D0000E0BF263384DB69B3944625B3B772C1B292
:109D100000C3BFB1B5BF3333000000000000000036
:109D20000000000000000000000000000000000033
:109D30000000000000000000000000000000000023
:109D40000000000000000000000000000000000013
:109D50000000000000000000000000000000000003
:109D600000000000000000000000000000000000F3
:109D700000000000000000000000000000000000E3
:109D800000000000000000000000000000000000D3
:109D900000000000000000000000000000000000C3
:109DA00000000000000000000000000000000000B3
:109DB00000000000000000000000000000000000A3
:109DC0000000000000000000000000000000000093
:109DD0000000000000000000000000000000000083
:109DE0000000000000000000000000000000000073
:109DF0000000000000000000000000000000000063
:109E00000000000000000000000000000000000052
:109E10000000000000000000000000000000000042
:109E20000000000000000000000000000000000032
:109E30000000000000000000000000000000000022
:109E40000000000000000000000000000000000012
:109E50000000000000000000000000000000000002
:109E600000000000000000000000000000000000F2
:109E700000000000000000000000000000000000E2
:109E800000000000000000000000000000000000D2
:109E900000000000000000000000000000000000C2
:109EA00000000000000000000000000000000000B2
:109EB00000000000000000000000000000000000A2
:109EC0000000000000000000000000000000000092
:109ED0000000000000000000000000000000000082
:109EE0000000000000000000000000000000000072
:109EF0000000000000000000000000000000000062
:109F00000000000000000000000000000000000051
:109F10000000000000000000000000000000000041
:109F20000000000000000000000000000000000031
:109F30000000000000000000000000000000000021
:109F40000000000000000000000000000000000011
:109F50000000000000000000000000000000000001
:109F600000000000000000000000000000000000F1
:109F700000000000000000000000000000000000E1
:109F800000000000000000000000000000000000D1
:109F900000000000000000000000000000000000C1
:109FA00000000000000000000000000000000000B1
:109FB00000000000000000000000000000000000A1
:109FC0000000000000000000000000000000000091
:109FD0000000000000000000000000000000000081
:109FE0000000000000000000000000000000000071
:109FF0000000000000000000000000000000000061
:10A000000000000000000000000000000000000050
:10A010000000000000000000000000000000000040
:10A020000000000000000000000000000000000030
:10A030000000000000000000000000000000000020
:10A040000000000000000000000000000000000010
:10A050000000000000000000000000000000000000
:10A0600000000000000000000000000000000000F0
:10A0700000000000000000000000000000000000E0
:10A0800000000000000000000000000000000000D0
:10A0900000000000000000000000000000000000C0
:10A0A00000000000000000000000000000000000B0
:10A0B00000000000000000000000000000000000A0
:10A0C0000000000000000000000000000000000090
:10A0D0000000000000000000000000000000000080
:10A0E0000000000000000000000000000000000070
:10A0F0000000000000000000000000000000000060
:10A10000000000000000000000000000000000004F
:10A11000000000000000000000000000000000003F
:10A12000000000000000000000000000000000002F
:10A13000000000000000000000000000000000001F
:10A14000000000000000000000000000000000000F
:10A1500000000000000000000000000000000000FF
:10A1600000000000000000000000000000000000EF
:10A1700000000000000000000000000000000000DF
:10A1800000000000000000000000000000000000CF
:10A1900000000000000000000000000000000000BF
:10A1A00000000000000000000000000000000000AF
:10A1B000000000000000000000000000000000009F
:10A1C000000000000000000000000000000000008F
:10A1D000000000000000000000000000000000007F
:10A1E000000000000000000000000000000000006F
:10A1F000000000000000000000000000000000005F
:10A20000000000000000000000000000000000004E
:10A21000000000000000000000000000000000003E
:10A22000000000000000000000000000000000002E
:10A23000000000000000000000000000000000001E
:10A24000000000000000000000000000000000000E
:10A2500000000000000000000000000000000000FE
:10A2600000000000000000000000000000000000EE
:10A2700000000000000000000000000000000000DE
:10A2800000000000000000000000000000000000CE
:10A2900000000000000000000000000000000000BE
:10A2A00000000000000000000000000000000000AE
:10A2B000000000000000000000000000000000009E
:10A2C000000000000000000000000000000000008E
:10A2D000000000000000000000000000000000007E
:10A2E000000000000000000000000000000000006E
:10A2F000000000000000000000000000000000005E
:10A30000000000000000000000000000000000004D
:10A31000000000000000000000000000000000003D
:10A32000000000000000000000000000000000002D
:10A33000000000000000000000000000000000001D
:10A34000000000000000000000000000000000000D
:10A3500000000000000000000000000000000000FD
:10A3600000000000000000000000000000000000ED
:10A3700000000000000000000000000000000000DD
:10A3800000000000000000000000000000000000CD
:10A3900000000000000000000000000000000000BD
:10A3A00000000000000000000000000000000000AD
:10A3B000000000000000000000000000000000009D
:10A3C000000000000000000000000000000000008D
:10A3D000000000000000000000000000000000007D
:10A3E000000000000000000000000000000000006D
:10A3F000000000000000000000000000000000005D
:10A40000000000000000000000000000000000004C
:10A41000000000000000000000000000000000003C
:10A42000000000000000000000000000000000002C
:10A43000000000000000000000000000000000001C
:10A44000000000000000000000000000000000000C
:10A4500000000000000000000000000000000000FC
:10A4600000000000000000000000000000000000EC
:10A4700000000000000000000000000000000000DC
:10A4800000000000000000000000000000000000CC
:10A4900000000000000000000000000000000000BC
:10A4A00000000000000000000000000000000000AC
:10A4B000000000000000000000000000000000009C
:10A4C000000000000000000000000000000000008C
:10A4D000000000000000000000000000000000007C
:10A4E000000000000000000000000000000000006C
:10A4F000000000000000000000000000000000005C
:10A50000000000000000000000000000000000004B
:10A51000000000000000000000000000000000003B
:10A52000000000000000000000000000000000002B
:10A53000000000000000000000000000000000001B
:10A54000000000000000000000000000000000000B
:10A5500000000000000000000000000000000000FB
:10A5600000000000000000000000000000000000EB
:10A5700000000000000000000000000000000000DB
:10A5800000000000000000000000000000000000CB
:10A5900000000000000000000000000000000000BB
:10A5A00000000000000000000000000000000000AB
:10A5B000000000000000000000000000000000009B
:10A5C000000000000000000000000000000000008B
:10A5D000000000000000000000000000000000007B
:10A5E000000000000000000000000000000000006B
:10A5F000000000000000000000000000000000005B
:10A60000000000000000000000000000000000004A
:10A61000000000000000000000000000000000003A
:10A62000000000000000000000000000000000002A
:10A63000000000000000000000000000000000001A
:10A64000000000000000000000000000000000000A
:10A6500000000000000000000000000000000000FA
:10A6600000000000000000000000000000000000EA
:10A6700000000000000000000000000000000000DA
:10A6800000000000000000000000000000000000CA
:10A6900000000000000000000000000000000000BA
:10A6A00000000000000000000000000000000000AA
:10A6B000000000000000000000000000000000009A
:10A6C000000000000000000000000000000000008A
:10A6D000000000000000000000000000000000007A
:10A6E000000000000000000000000000000000006A
:10A6F000000000000000000000000000000000005A
:10A700000000000000000000000000000000000049
:10A710000000000000000000000000000000000039
:10A720000000000000000000000000000000000029
:10A730000000000000000000000000000000000019
:10A740000000000000000000000000000000000009
:10A7500000000000000000000000000000000000F9
:10A7600000000000000000000000000000000000E9
:10A7700000000000000000000000000000000000D9
:10A7800000000000000000000000000000000000C9
:10A7900000000000000000000000000000000000B9
:10A7A00000000000000000000000000000000000A9
:10A7B0000000000000000000000000000000000099
:10A7C0000000000000000000000000000000000089
:10A7D0000000000000000000000000000000000079
:10A7E0000000000000000000000000000000000069
:10A7F0000000000000000000000000000000000059
:10A800000000000000000000000000000000000048
:10A810000000000000000000000000000000000038
:10A820000000000000000000000000000000000028
:10A830000000000000000000000000000000000018
:10A840000000000000000000000000000000000008
:10A8500000000000000000000000000000000000F8
:10A8600000000000000000000000000000000000E8
:10A8700000000000000000000000000000000000D8
:10A8800000000000000000000000000000000000C8
:10A8900000000000000000000000000000000000B8
:10A8A00000000000000000000000000000000000A8
:10A8B0000000000000000000000000000000000098
:10A8C0000000000000000000000000000000000088
:10A8D0000000000000000000000000000000000078
:10A8E0000000000000000000000000000000000068
:10A8F0000000000000000000000000000000000058
:10A900000000000000000000000000000000000047
:10A910000000000000000000000000000000000037
:10A920000000000000000000000000000000000027
:10A930000000000000000000000000000000000017
:10A940000000000000000000000000000000000007
:10A9500000000000000000000000000000000000F7
:10A9600000000000000000000000000000000000E7
:10A9700000000000000000000000000000000000D7
:10A9800000000000000000000000000000000000C7
:10A9900000000000000000000000000000000000B7
:10A9A00000000000000000000000000000000000A7
:10A9B0000000000000000000000000000000000097
:10A9C0000000000000000000000000000000000087
:10A9D0000000000000000000000000000000000077
:10A9E0000000000000000000000000000000000067
:10A9F0000000000000000000000000000000000057
:10AA00000000000000000000000000000000000046
:10AA10000000000000000000000000000000000036
:10AA20000000000000000000000000000000000026
:10AA30000000000000000000000000000000000016
:10AA40000000000000000000000000000000000006
:10AA500000000000000000000000000000000000F6
:10AA600000000000000000000000000000000000E6
:10AA700000000000000000000000000000000000D6
:10AA800000000000000000000000000000000000C6
:10AA900000000000000000000000000000000000B6
:10AAA00000000000000000000000000000000000A6
:10AAB0000000000000000000000000000000000096
:10AAC0000000000000000000000000000000000086
:10AAD0000000000000000000000000000000000076
:10AAE0000000000000000000000000000000000066
:10AAF0000000000000000000000000000000000056
:10AB00000000000000000000000000000000000045
:10AB10000000000000000000000000000000000035
:10AB20000000000000000000000000000000000025
:10AB30000000000000000000000000000000000015
:10AB40000000000000000000000000000000000005
:10AB500000000000000000000000000000000000F5
:10AB600000000000000000000000000000000000E5
:10AB700000000000000000000000000000000000D5
:10AB800000000000000000000000000000000000C5
:10AB900000000000000000000000000000000000B5
:10ABA00000000000000000000000000000000000A5
:10ABB0000000000000000000000000000000000095
:10ABC0000000000000000000000000000000000085
:10ABD0000000000000000000000000000000000075
:10ABE0000000000000000000000000000000000065
:10ABF0000000000000000000000000000000000055
:10AC00000000000000000000000000000000000044
:10AC10000000000000000000000000000000000034
:10AC20000000000000000000000000000000000024
:10AC30000000000000000000000000000000000014
:10AC40000000000000000000000000000000000004
:10AC500000000000000000000000000000000000F4
:10AC600000000000000000000000000000000000E4
:10AC700000000000000000000000000000000000D4
:10AC800000000000000000000000000000000000C4
:10AC900000000000000000000000000000000000B4
:10ACA00000000000000000000000000000000000A4
:10ACB0000000000000000000000000000000000094
:10ACC0000000000000000000000000000000000084
:10ACD0000000000000000000000000000000000074
:10ACE0000000000000000000000000000000000064
:10ACF0000000000000000000000000000000000054
:10AD00000000000000000000000000000000000043
:10AD10000000000000000000000000000000000033
:10AD20000000000000000000000000000000000023
:10AD30000000000000000000000000000000000013
:10AD40000000000000000000000000000000000003
:10AD500000000000000000000000000000000000F3
:10AD600000000000000000000000000000000000E3
:10AD700000000000000000000000000000000000D3
:10AD800000000000000000000000000000000000C3
:10AD900000000000000000000000000000000000B3
:10ADA00000000000000000000000000000000000A3
:10ADB0000000000000000000000000000000000093
:10ADC0000000000000000000000000000000000083
:10ADD0000000000000000000000000000000000073
:10ADE0000000000000000000000000000000000063
:10ADF0000000000000000000000000000000000053
:10AE00000000000000000000000000000000000042
:10AE10000000000000000000000000000000000032
:10AE20000000000000000000000000000000000022
:10AE30000000000000000000000000000000000012
:10AE40000000000000000000000000000000000002
:10AE500000000000000000000000000000000000F2
:10AE600000000000000000000000000000000000E2
:10AE700000000000000000000000000000000000D2
:10AE800000000000000000000000000000000000C2
:10AE900000000000000000000000000000000000B2
:10AEA00000000000000000000000000000000000A2
:10AEB0000000000000000000000000000000000092
:10AEC0000000000000000000000000000000000082
:10AED0000000000000000000000000000000000072
:10AEE0000000000000000000000000000000000062
:10AEF0000000000000000000000000000000000052
:10AF00000000000000000000000000000000000041
:10AF10000000000000000000000000000000000031
:10AF20000000000000000000000000000000000021
:10AF30000000000000000000000000000000000011
:10AF40000000000000000000000000000000000001
:10AF500000000000000000000000000000000000F1
:10AF600000000000000000000000000000000000E1
:10AF700000000000000000000000000000000000D1
:10AF800000000000000000000000000000000000C1
:10AF900000000000000000000000000000000000B1
:10AFA00000000000000000000000000000000000A1
:10AFB0000000000000000000000000000000000091
:10AFC0000000000000000000000000000000000081
:10AFD0000000000000000000000000000000000071
:10AFE0000000000000000000000000000000000061
:10AFF0000000000000000000000000000000000051
:10B000000000000000000000000000000000000040
:10B010000000000000000000000000000000000030
:10B020000000000000000000000000000000000020
:10B030000000000000000000000000000000000010
:10B040000000000000000000000000000000000000
:10B0500000000000000000000000000000000000F0
:10B0600000000000000000000000000000000000E0
:10B0700000000000000000000000000000000000D0
:10B0800000000000000000000000000000000000C0
:10B0900000000000000000000000000000000000B0
:10B0A00000000000000000000000000000000000A0
:10B0B0000000000000000000000000000000000090
:10B0C0000000000000000000000000000000000080
:10B0D0000000000000000000000000000000000070
:10B0E0000000000000000000000000000000000060
:10B0F0000000000000000000000000000000000050
:10B10000000000000000000000000000000000003F
:10B11000000000000000000000000000000000002F
:10B12000000000000000000000000000000000001F
:10B13000000000000000000000000000000000000F
:10B1400000000000000000000000000000000000FF
:10B1500000000000000000000000000000000000EF
:10B1600000000000000000000000000000000000DF
:10B1700000000000000000000000000000000000CF
:10B1800000000000000000000000000000000000BF
:10B1900000000000000000000000000000000000AF
:10B1A000000000000000000000000000000000009F
:10B1B000000000000000000000000000000000008F
:10B1C000000000000000000000000000000000007F
:10B1D000000000000000000000000000000000006F
:10B1E000000000000000000000000000000000005F
:10B1F000000000000000000000000000000000004F
:10B20000000000000000000000000000000000003E
:10B21000000000000000000000000000000000002E
:10B22000000000000000000000000000000000001E
:10B23000000000000000000000000000000000000E
:10B2400000000000000000000000000000000000FE
:10B2500000000000000000000000000000000000EE
:10B2600000000000000000000000000000000000DE
:10B2700000000000000000000000000000000000CE
:10B2800000000000000000000000000000000000BE
:10B2900000000000000000000000000000000000AE
:10B2A000000000000000000000000000000000009E
:10B2B000000000000000000000000000000000008E
:10B2C000000000000000000000000000000000007E
:10B2D000000000000000000000000000000000006E
:10B2E000000000000000000000000000000000005E
:10B2F000000000000000000000000000000000004E
:10B30000000000000000000000000000000000003D
:10B31000000000000000000000000000000000002D
:10B32000000000000000000000000000000000001D
:10B33000000000000000000000000000000000000D
:10B3400000000000000000000000000000000000FD
:10B3500000000000000000000000000000000000ED
:10B3600000000000000000000000000000000000DD
:10B3700000000000000000000000000000000000CD
:10B3800000000000000000000000000000000000BD
:10B3900000000000000000000000000000000000AD
:10B3A000000000000000000000000000000000009D
:10B3B000000000000000000000000000000000008D
:10B3C000000000000000000000000000000000007D
:10B3D000000000000000000000000000000000006D
:10B3E000000000000000000000000000000000005D
:10B3F000000000000000000000000000000000004D
:10B40000000000000000000000000000000000003C
:10B41000000000000000000000000000000000002C
:10B42000000000000000000000000000000000001C
:10B43000000000000000000000000000000000000C
:10B4400000000000000000000000000000000000FC
:10B4500000000000000000000000000000000000EC
:10B4600000000000000000000000000000000000DC
:10B4700000000000000000000000000000000000CC
:10B4800000000000000000000000000000000000BC
:10B4900000000000000000000000000000000000AC
:10B4A000000000000000000000000000000000009C
:10B4B000000000000000000000000000000000008C
:10B4C000000000000000000000000000000000007C
:10B4D000000000000000000000000000000000006C
:10B4E000000000000000000000000000000000005C
:10B4F000000000000000000000000000000000004C
:10B50000000000000000000000000000000000003B
:10B51000000000000000000000000000000000002B
:10B52000000000000000000000000000000000001B
:10B53000000000000000000000000000000000000B
:10B5400000000000000000000000000000000000FB
:10B5500000000000000000000000000000000000EB
:10B5600000000000000000000000000000000000DB
:10B5700000000000000000000000000000000000CB
:10B5800000000000000000000000000000000000BB
:10B5900000000000000000000000000000000000AB
:10B5A000000000000000000000000000000000009B
:10B5B000000000000000000000000000000000008B
:10B5C000000000000000000000000000000000007B
:10B5D000000000000000000000000000000000006B
:10B5E000000000000000000000000000000000005B
:10B5F000000000000000000000000000000000004B
:10B60000000000000000000000000000000000003A
:10B61000000000000000000000000000000000002A
:10B62000000000000000000000000000000000001A
:10B63000000000000000000000000000000000000A
:10B6400000000000000000000000000000000000FA
:10B6500000000000000000000000000000000000EA
:10B6600000000000000000000000000000000000DA
:10B6700000000000000000000000000000000000CA
:10B6800000000000000000000000000000000000BA
:10B6900000000000000000000000000000000000AA
:10B6A000000000000000000000000000000000009A
:10B6B000000000000000000000000000000000008A
:10B6C000000000000000000000000000000000007A
:10B6D000000000000000000000000000000000006A
:10B6E000000000000000000000000000000000005A
:10B6F000000000000000000000000000000000004A
:10B700000000000000000000000000000000000039
:10B710000000000000000000000000000000000029
:10B720000000000000000000000000000000000019
:10B730000000000000000000000000000000000009
:10B7400000000000000000000000000000000000F9
:10B7500000000000000000000000000000000000E9
:10B7600000000000000000000000000000000000D9
:10B7700000000000000000000000000000000000C9
:10B7800000000000000000000000000000000000B9
:10B7900000000000000000000000000000000000A9
:10B7A0000000000000000000000000000000000099
:10B7B0000000000000000000000000000000000089
:10B7C0000000000000000000000000000000000079
:10B7D0000000000000000000000000000000000069
:10B7E0000000000000000000000000000000000059
:10B7F0000000000000000000000000000000000049
:10B800000000000000000000000000000000000038
:10B810000000000000000000000000000000000028
:10B820000000000000000000000000000000000018
:10B830000000000000000000000000000000000008
:10B8400000000000000000000000000000000000F8
:10B8500000000000000000000000000000000000E8
:10B8600000000000000000000000000000000000D8
:10B8700000000000000000000000000000000000C8
:10B8800000000000000000000000000000000000B8
:10B8900000000000000000000000000000000000A8
:10B8A0000000000000000000000000000000000098
:10B8B0000000000000000000000000000000000088
:10B8C0000000000000000000000000000000000078
:10B8D0000000000000000000000000000000000068
:10B8E0000000000000000000000000000000000058
:10B8F0000000000000000000000000000000000048
:10B900000000000000000000000000000000000037
:10B910000000000000000000000000000000000027
:10B920000000000000000000000000000000000017
:10B930000000000000000000000000000000000007
:10B9400000000000000000000000000000000000F7
:10B9500000000000000000000000000000000000E7
:10B9600000000000000000000000000000000000D7
:10B9700000000000000000000000000000000000C7
:10B9800000000000000000000000000000000000B7
:10B9900000000000000000000000000000000000A7
:10B9A0000000000000000000000000000000000097
:10B9B0000000000000000000000000000000000087
:10B9C0000000000000000000000000000000000077
:10B9D0000000000000000000000000000000000067
:10B9E0000000000000000000000000000000000057
:10B9F0000000000000000000000000000000000047
:10BA00000000000000000000000000000000000036
:10BA10000000000000000000000000000000000026
:10BA20000000000000000000000000000000000016
:10BA30000000000000000000000000000000000006
:10BA400000000000000000000000000000000000F6
:10BA500000000000000000000000000000000000E6
:10BA600000000000000000000000000000000000D6
:10BA700000000000000000000000000000000000C6
:10BA800000000000000000000000000000000000B6
:10BA900000000000000000000000000000000000A6
:10BAA0000000000000000000000000000000000096
:10BAB0000000000000000000000000000000000086
:10BAC0000000000000000000000000000000000076
:10BAD0000000000000000000000000000000000066
:10BAE0000000000000000000000000000000000056
:10BAF0000000000000000000000000000000000046
:10BB00000000000000000000000000000000000035
:10BB10000000000000000000000000000000000025
:10BB20000000000000000000000000000000000015
:10BB30000000000000000000000000000000000005
:10BB400000000000000000000000000000000000F5
:10BB500000000000000000000000000000000000E5
:10BB600000000000000000000000000000000000D5
:10BB700000000000000000000000000000000000C5
:10BB800000000000000000000000000000000000B5
:10BB900000000000000000000000000000000000A5
:10BBA0000000000000000000000000000000000095
:10BBB0000000000000000000000000000000000085
:10BBC0000000000000000000000000000000000075
:10BBD0000000000000000000000000000000000065
:10BBE0000000000000000000000000000000000055
:10BBF0000000000000000000000000000000000045
:10BC00000000000000000000000000000000000034
:10BC10000000000000000000000000000000000024
:10BC20000000000000000000000000000000000014
:10BC30000000000000000000000000000000000004
:10BC400000000000000000000000000000000000F4
:10BC500000000000000000000000000000000000E4
:10BC600000000000000000000000000000000000D4
:10BC700000000000000000000000000000000000C4
:10BC800000000000000000000000000000000000B4
:10BC900000000000000000000000000000000000A4
:10BCA0000000000000000000000000000000000094
:10BCB0000000000000000000000000000000000084
:10BCC0000000000000000000000000000000000074
:10BCD0000000000000000000000000000000000064
:10BCE0000000000000000000000000000000000054
:10BCF0000000000000000000000000000000000044
:10BD00000000000000000000000000000000000033
:10BD100000000000000000000000803F031657B53F
:10BD20007C4C713F0202ABBE2FE2463FFD2F21BF8C
:10BD300034A0053FAC5B5ABF1515543E17737ABF4C
:10BD40007CB206BEAAC67DBFD800E9BE93F463BF2D
:10BD5000C9F239BF01F42FBFC9096ABFE97BCFBE61
:10BD6000733F7FBF0BED9CBD2A2477BFD986853EEC
:10BD70004EA652BF6F79113FD7F615BF1D7A4F3FC0
:10BD8000281C90BE74A6753F7014623D199C7F3FBD
:10BD90006A62C53E34366C3F60EB2B3F11AF3D3FCE
:10BDA0009C66613F56BDF23E28FE7C3FAF761C3E4E
:10BDB0005B867B3F3A843EBE1E2A5D3F06E600BF9F
:10BDC0007A66253F0A5A43BF7A49B53E12596FBF7A
:10BDD0005BD6AF3CA4D37FBFA77BA0BE00E572BFFC
:10BDE000A4AF1CBFB90C4ABF430657BFB7040ABF74
:10BDF0002E8878BFCBDE68BEF45C7DBF8FC7E03D88
:10BE00003C0365BFA8CFDD3EDB6332BFC197343F43
:10BE100009FCD6BED016653F19A4C5BDDFD57A3F53
:10BE20001DC3703EED75733F0732093F8214503FCA
:10BE3000574F453F5A2B153F92A4693F1109943E35
:10BE40002D44723F36DD02BD20B35E3FE3F4AEBE4B
:10BE50003EF3313FA0741ABFA330E43EE36749BF0D
:10BE60003FD21D3E27515FBF8B1E12BE087A5ABFBC
:10BE70001425D1BE929F3CBF27C41CBF6D9E0ABF34
:10BE8000CB993BBF0C6297BE7F9C42BFDFD205BD02
:10BE9000EA9232BF15135B3EE5390FBF9172D43E73
:10BEA0006824BDBE98990C3F8E8B1FBE51301B3F3E
:10BEB0009B4F563DA426163F86FA6A3E0541003F39
:10BEC000FCC7B63E057ABC3E2CA3D93EFBC2573E0A
:10BED0004FC8DD3E5B4F553DFB2BC73EEDE6B2BD87
:10BEE00057E09C3EEF5545BE9D3C4F3EA71B83BE91
:10BEF0000AF6C03D9AA28DBE73E350BB46FA84BEDB
:10BF0000CE20A2BD58265CBE2C3403BE03E31DBE6A
:10BF1000721619BE703DB6BDBE5416BEAD38EFBC2C
:10BF2000DB5401BEDA3B963C5854C3BD6FBD4D3D5A
:10BF3000377A7ABD4AA6873DA5CFF0BC5D718C3DAE
:10BF4000C8DA80BBA5A8793D6EC45C3C84C7423D7D
:10BF5000B32CBB3C7305043DF3C7D03C440A933C6F
:10BF6000FE54BF3C4153D63B16F5973CD558A4BA76
:10BF700006E4523CB855B6BB3684F93B39C9E7BB39
:10BF80008D6C653BEB70DBBBB85C463AC683AEBBE1
:10BF90007F3742BA934170BBE3A3AABA69590EBB7B
:10BFA0000B1CA8BA62D38ABAF7E081BACB75BDB9C7
:10BFB000BF1F28BAB764C3B61FB2B7B9F300FD38C4
:10BFC0007C9824B9BD0D033946FC5CB80B4DB138E3
:10BFD000A5951CB7D7A032380B16033624758037C9
:10BFE000BEF2C935C8C9453619ACC9B4E9D7BAB427
:10BFF000CE3638B5F7008BB4CECF68337435B63350
:10C0000003E33535163B9BB32C5D3735C0C6B2B460
:10C01000F180A334956885B402ED793235565934F0
:10C020002FB18F33ED683C35ED5FC2340E69773543
:10C03000FD9322359A904F3556751735923AE8346C
:10C0400069BE713442004234A4886BB426EE593480
:10C0500077400BB5FA12013564C70DB532BF5D35B7
:10C06000E7899AB4B02B8835540F9232EFA5783512
:10C07000E0823E3414952335CE26B4334A0D813404
:10C08000BB5F6AB4920E7A3295C017B53E911533F4
:10C09000E0EE4FB56FD88B34759A48B5E7A51035EB
:10C0A000A3180BB52CCD3A35A5AB76B403C9293509
:10C0B00093EA55B3C832C9342DE8ABB3750F693371
:10C0C0000B5AA3B4811A33B4F17C21B56CDE44B4AD
:10C0D0007F975AB57A84AFB0CC765FB5C569903496
:10C0E00079962EB57531FE344C18C5B4123E05351F
:10C0F00019F60DB45B93AB3406438FB3B1B500337F
:10C10000537557B48FF274B4F274F6B47CBAB0B409
:10C1100099993CB5240279B4FFFF7F3FB824D4B489
:10C12000A0D1713F1E0BA8BEB8D8483F14BC1EBF9B
:10C13000569F093F89DC57BF989A6C3EAD1279BF74
:10C14000C7FDCEBD88B07EBF8910D8BECA1668BFF5
:10C15000C63832BF73C637BF7CAA64BF9933E6BE08
:10C16000ADC67DBF7FB206BE2AC57ABF72EE4D3E18
:10C170003BFB5BBFA4EF023F22D224BFFFE1433F62
:10C18000BCCCB6BEAB206F3F9449FBBC29E17F3FDE
:10C190000921993E5948743FD37F183F1A9F4D3F5C
:10C1A000D689533FDF2D103FCC23773FA686853EAF
:10C1B0008B5B7F3FEB6390BDA2476B3F64B6C9BE0C
:10C1C000A5213D3F837A2CBFA00FF43EBDF860BF90
:10C1D000A0B2253EAD827CBF92EE2EBE1A0A7CBF75
:10C1E0007BF2F7BE4D9E5FBF5E5E3EBF986C2ABF7E
:10C1F0003D876BBF35D0C4BEC66F7EBF3E1B7ABDC8
:10C20000FE0675BF843C893E936E50BFA7E3103F86
:10C21000F8DD14BF41A24C3FFA5492BE2A32713F5E
:10C2200018FF1F3D5D977A3FF33FB63EABFB673F7C
:10C23000E1FC203F99CA3B3F99BF533F42D2F63EB3
:10C24000FBE36D3F973E3A3ED1E26C3F419E06BE16
:10C25000287D513F66C0D7BE049D1F3FA9A527BFBB
:10C26000349BBB3E48774EBFB0DEA23D71925CBFAF
:10C27000100C4FBE295E51BF763BE4BEBB682FBF9A
:10C280000FDC1FBFD2EFF7BEC59438BFC5F178BE33
:10C29000A9C63ABF6B0CDC3BDDE427BF384B703ED0
:10C2A000B1F703BF2D92D43E90C8A9BE7DE5073FEC
:10C2B0007AEB05BE78FB123FC9C7783D36350C3F97
:10C2C000D9F6613E23FFEC3E68B4AA3E02D0AC3EF4
:10C2D000A471C83EC52F453EBA98CA3E4AE7473DBD
:10C2E0004430B53E93C19BBD5CCE8E3E85942DBE41
:10C2F000188D3E3E6BBD66BE7F57B93D224F79BE5D
:10C300006A36A13BDF8B6ABE37CA7CBD335143BE60
:10C3100085E0D6BD8D1C0EBE9AE3FEBDB34FAABD0F
:10C3200076F2FCBDF4AD03BD4E0FDCBD74BA0C3C1F
:10C330002203A9BDEB98143DD9E65FBDA7FE4F3D92
:10C340007382EABC54FF5C3DD976F7BBE511483DEA
:10C35000DA0FE93BE32E1F3D34BC7B3CF72FDE3C7C
:10C360003140953CFD28833CCD108D3C96AEE53B9D
:10C370002571653C20AB3F3AE88B233CB4B33DBB11
:10C38000DF03CA3B08338FBB16C54C3BB27D8FBB66
:10C390003EFF893A6E366BBB9F4302B9A0C425BBF2
:10C3A000F62823BAA930CABA9BE235BAA73B50BADD
:10C3B000910512BA3F90A6B9D0EABEB975E68DB81C
:10C3C000B9C24FB999FFFC37383CB8B8DEB742382C
:10C3D000E19EF7B7372C05387BCDCCB6181F6A37EE
:10C3E000149380B4231C543640363BB438B410B593
:10C3F000BAC8F5B4E1530DB50A199333C159703475
:10C40000D70C51350E4CE7349E18863525852B34D4
:10C41000A7D82E353A3F86B38CD5EC33075AAF33C5
:10C4200011FC66B490620835E50A40B4594B733587
:10C4300052B69D3313F28835766993341A215B35F1
:10C44000592B813433B2F934AB08D3B2E1095434F7
:10C45000C144C3B4D89322341C091EB55343A3343A
:10C460003B2421B5208809359DAEE9B44CBB253568
:10C47000C74973B42A96113581D2F2B306BCAF34E2
:10C480006FE429B4B661C533E543ADB4106F3AB378
:10C49000FFFD05B5BC23E6B2030C1CB5C7E1DB33D9
:10C4A0003A050DB5B69783342F39C6B4EB90A33453
:10C4B000E8595BB492918134450800B47C52C13391
:10C4C000A07B21B430E28CB3876E8EB420D51AB431
:10C4D0008354CFB48725F2B35DB6EAB45B091AB1D1
:10C4E000D30AD0B4A468F43375208FB43D812F34BF
:10C4F000A2171BB4B7E8FB33D3D4C0B39A75743119
:10C50000654A0CB42900EDB3017680B42C8829B4B7
:10C510002D93BBB47251F0B3FFFF7F3FB824D434E6
:10C520007054723F9F12A5BE83C74A3F10421CBF82
:10C5300087920D3FAF4A55BFC97D823EDA8B77BFE8
:10C54000CE6490BD085D7FBF48D5C6BE7AE86BBF9C
:10C550009B2A2ABF1A423FBF28BE5EBF4D5DFCBE6C
:10C56000D2877BBF56853EBE8A747DBFC108103E10
:10C57000B44F64BF649AE73EC8C832BF203A373F21
:10C58000BD53DCBE9315673F7F38EEBD23437E3F2E
:10C590009827573E20497A3F4C9C033F35945B3F98
:10C5A0005E60433FD66B253F76466E3F6831BB3EAB
:10C5B00040B97F3FCE6C3C3D34DB753F11988EBE59
:10C5C00004BA513FE4BE12BF7A32173F86804EBF95
:10C5D0007D0F993E622C74BFB8E3C8BC7DBA7FBFA3
:10C5E00000B3B0BE73EF6FBFC2E020BF6B8046BF29
:10C5F0002C1358BFA7E607BFAE0478BF1B9A6BBECB
:10C60000D74D7DBF864FC13D5C6E67BF8294D03EE3
:10C6100038DF38BF00CC2C3F5AA1EDBE96495E3FB3
:10C62000036622BE8D7B773F2C69243E7BD3753F0A
:10C63000E389EA3E21C9593F6090333F70CE263FDF
:10C64000554E5D3FC6D2C53E84406E3FABECAF3D1C
:10C650009F16653F82975CBE9990433F20AEF7BE20
:10C66000D63E0E3FDE9D30BF25CE973E681950BFA7
:10C67000E033943C279F57BF54CB7CBEC77D47BF58
:10C680000D04F0BE92DA22BF80F11FBFAB5DDEBEAB
:10C690003F8D33BFBEE34DBE5B1A32BF6DFE0B3D17
:10C6A00031861DBFC1BD793E50F0F3BE7BD3CF3E76
:10C6B0007A349ABE8C89013FC1BBE9BD38020A3F7A
:10C6C000DAB67A3D1856023F6367523EDFF1DA3E32
:10C6D000227E9C3E75669F3EE155B63E538F373EA7
:10C6E000E88FB73E2B094C3DD418A43E98C37CBDBF
:10C6F000BEF5813E4E4C14BEAF2F303E7F4047BE4C
:10C7000067E2B43D557758BE71865D3CCBD14CBED7
:10C71000F4BB37BD5A212CBEB34FAABD9AE3FEBD70
:10C720008D86CFBD3CE79EBDCB30D1BD6C110DBD1C
:10C730001C9FB8BDF3F09039A37D90BDD3D4C63C07
:10C740009AB245BD864F193DB4E0DEBCF003293DE9
:10C75000610E23BCD49B1C3DF148163B9BABFE3CB9
:10C760002C721B3C3EDCB63CCD2C4B3C43F3623C74
:10C77000F640483CA642E13B5268273C8855F93ACE
:10C78000F50CF53BF7578EBAFFF59C3BCE7120BBFD
:10C790006CA52A3B78F82FBBBCEA8D3ABB0816BBC8
:10C7A000DF954539D79FD8BA319F6BB9621187BAE7
:10C7B0002FAEADB916EF0FBA098A94B9DA267AB955
:10C7C00090C843B906C198B84D2CD0B8AEDA93B62C
:10C7D000A09E2EB88FDB4A3737A551B7CA1B123738
:10C7E000DABFFCB5F21B2B3637635734B03B0EB5BE
:10C7F000C1C69833414F3AB5ACA65034EA260C3442
:10C80000A7223735C36B1935BB147C35AF32CA3418
:10C81000E5952F35BAF297B215E6AD32CEBA11B41E
:10C82000966D0EB5B577223484FF37B5254226358F
:10C8300026EEE9B48C717835D883DDB2E21667351F
:10C840005FC581344962F934237D5234BD0113B38D
:10C85000AEFB03B467F4C8B4CE120BB5D1C9DDB4D6
:10C8600077C54DB5229549B48DC647B5FB0D0B3440
:10C8700013B900B51C7CB634111E01B4155BAE347F
:10C880004D6B273435A9CD333C927A343DDD73B4FA
:10C89000D972E6337E0E03B5484B09B4CCAF1AB556
:10C8A000CE89B4B4B383FDB4FA13DCB4D7B584B481
:10C8B0002977A9B4CA919EB2727DD9B3F9E1EB335D
:10C8C000ECE71134887CC533C02FA0348E4147B3C8
:10C8D00065E0B134AB0875B40B66813424D3C3B4BE
:10C8E0004287B63339F9D3B456C878B31AFBA4B427
:10C8F0008C4603B4749D16B4C9A9ADB355532833FF
:10C900002CEE4D33B9463034D2E0623486075034D1
:10C910003BD6B834B91308340000803F03165735AE
:10C92000EDD4723F8918A2BE7FAE4C3F05C219BF3D
:10C930007379113F54A652BF2E9A8E3EDCDE75BF2E
:10C94000E45123BD00CC7FBF0655B5BE52686FBF12
:10C9500014CC21BF726346BF724858BFAFF508BF01
:10C96000A48478BF78C375BEB12F7FBF9730A33D35
:10C97000019A6BBF8147C83E65C73FBF1294293FEC
:10C98000033A00BF47925D3F62EE4DBE16C57A3F47
:10C99000CD75F43D832B7E3F9CE8DA3EF56B673F17
:10C9A0003017313F73DD383FCD81623F3294EE3E28
:10C9B000329E7C3FAAC4253E1FBC7C3F5AA922BEA2
:10C9C00031D8623FC528EDBEE69C313F734638BF83
:10C9D000933ADC3E32FB66BFAC81FA3DB8E17DBFE5
:10C9E000559A4ABE129E7ABF539AFEBEA7895DBF72
:10C9F0005DB43EBF7EAC29BF0F4C6ABFB8DEC8BE77
:10CA0000DE947DBFC36DA8BD449C76BF05AB703E70
:10CA1000433556BF11BA063FF5E51FBF2BD6423F3F
:10CA20008314B3BE02436A3FE83A2BBD4102793F0B
:10CA30007D53883E28C66D3F4AA70A3F97184A3F54
:10CA40001D5D413F9B2F123F4CB9623F21E4983E50
:10CA5000B1A16B3F5310393B70CB5B3F823891BE25
:10CA60008CBB353FF7A507BFE6DDFC3ECFE135BF08
:10CA7000D2D0723EBEF34EBFE479F6BCEC1E51BF7D
:10CA800027218EBEDD663DBFB14BF5BEB35417BF47
:10CA90006C7F1DBF44D3C8BE4AF92CBF8D4F2DBE3D
:10CAA000B9F228BFE6BC4F3D11A813BFE7E6783EB8
:10CAB000DA78E2BE4F05C73ED4108EBEC0C1F33E49
:10CAC000EA5AD6BDE682003FAB09623D5742F13ECD
:10CAD00030C63D3E8A39CA3ED4C18C3E82D7933E91
:10CAE000B1B5A33E4CB82D3EABD2A43E5E785C3DC2
:10CAF00016CC933EDB863ABD16176C3EE1FBF4BDC7
:10CB0000C752233E9E6928BE1DD1B13DF70839BEEC
:10CB100052CDB23CFBBE30BEAD38EFBCBE5416BEEB
:10CB20004E8781BDEC05E3BDF77AA4BD903F93BD70
:10CB30001B77A9BD418512BD293D98BD4EC3D1BB10
:10CB4000C33A73BD13356A3C45B32BBDCC83D63C89
:10CB50007517CEBCC68EF93CDACE37BC7D40EE3CB4
:10CB6000113F92BA8C7BC63C2B16A63BF488923CB4
:10CB7000BE65013C62D93D3C5984073C8936CE3BB9
:10CB8000B464EA3B76A91F3B9C43B03B84340A382B
:10CB9000DCF9683BD45998BAD94C053BD9B9C5BA28
:10CBA0009BFC793A45A2B2BA884C9D39F08884BA88
:10CBB0005BDDB4B7310928BA924807B9EE1FB6B9A0
:10CBC000DEE103B9B5EE23B9AEB0AFB8A71262B8D3
:10CBD000DA2731B8596335B79E2F81B7B1D68F3573
:10CBE000FCA54DB67BA0A735E998D23406B9B0B400
:10CBF000882EDD344AE522B576928C333149A43350
:10CC00000C6D3D34B2AE3035C2A4DE3450F02A355E
:10CC1000CC9AB23402C8603491A20EB4BEB924B426
:10CC200054CB38B52B8F23B46E1683B5FD552F34F6
:10CC3000C06262B53D250735F375DEB4A1141B351E
:10CC400055509B323DAD9A34541C4E3480F175B42E
:10CC50007BFAD8321CC03DB58296BFB44F2575B55E
:10CC600072773FB54D8550B5E3D25EB5B7DFDCB422
:10CC7000FF0A2AB547122AB36E5E69B49D5F0E346F
:10CC800079EB69346201AB320EEAFE34DEC7A5B43B
:10CC90004EB2F5346DC035B5AF7A633410B070B5AF
:10CCA000219DE7B3031867B55ED3ABB426E61EB586
:10CCB000C427A4B49FBC6EB4A3D184B33FA89F3350
:10CCC000090DA3345532343400A128352A04013328
:10CCD00097734F359AC989B40430383510B011B5FF
:10CCE00047D1E334EC7637B5D22E0234BF7F22B57C
:10CCF0003C69A2B3422FB5B4ACAE9CB37E6FAC31ED
:10CD0000EB9E0834541E9434F650E7341A21C43490
:10CD100049FB3A35B5E98534000000000000000009
:10CD20000000000000000000000000000000000003
:10CD300000000000000000000000000000000000F3
:10CD400000000000000000000000000000000000E3
:10CD500000000000000000000000000000000000D3
:10CD600000000000000000000000000000000000C3
:10CD700000000000000000000000000000000000B3
:10CD800000000000000000000000000000000000A3
:10CD90000000000000000000000000000000000093
:10CDA0000000000000000000000000000000000083
:10CDB0000000000000000000000000000000000073
:10CDC0000000000000000000000000000000000063
:10CDD0000000000000000000000000000000000053
:10CDE0000000000000000000000000000000000043
:10CDF0000000000000000000000000000000000033
:10CE00000000000000000000000000000000000022
:10CE10000000000000000000000000000000000012
:10CE20000000000000000000000000000000000002
:10CE300000000000000000000000000000000000F2
:10CE400000000000000000000000000000000000E2
:10CE500000000000000000000000000000000000D2
:10CE600000000000000000000000000000000000C2
:10CE700000000000000000000000000000000000B2
:10CE800000000000000000000000000000000000A2
:10CE90000000000000000000000000000000000092
:10CEA0000000000000000000000000000000000082
:10CEB0000000000000000000000000000000000072
:10CEC0000000000000000000000000000000000062
:10CED0000000000000000000000000000000000052
:10CEE0000000000000000000000000000000000042
:10CEF0000000000000000000000000000000000032
:10CF00000000000000000000000000000000000021
:10CF10000000000000000000000000000000000011
:10CF20000000000000000000000000000000000001
:10CF300000000000000000000000000000000000F1
:10CF400000000000000000000000000000000000E1
:10CF500000000000000000000000000000000000D1
:10CF600000000000000000000000000000000000C1
:10CF700000000000000000000000000000000000B1
:10CF800000000000000000000000000000000000A1
:10CF90000000000000000000000000000000000091
:10CFA0000000000000000000000000000000000081
:10CFB0000000000000000000000000000000000071
:10CFC0000000000000000000000000000000000061
:10CFD0000000000000000000000000000000000051
:10CFE0000000000000000000000000000000000041
:10CFF0000000000000000000000000000000000031
:10D000000000000000000000000000000000000020
:10D010000000000000000000000000000000000010
:10D020000000000000000000000000000000000000
:10D0300000000000000000000000000000000000F0
:10D0400000000000000000000000000000000000E0
:10D0500000000000000000000000000000000000D0
:10D0600000000000000000000000000000000000C0
:10D0700000000000000000000000000000000000B0
:10D0800000000000000000000000000000000000A0
:10D090000000000000000000000000000000000090
:10D0A0000000000000000000000000000000000080
:10D0B0000000000000000000000000000000000070
:10D0C0000000000000000000000000000000000060
:10D0D0000000000000000000000000000000000050
:10D0E0000000000000000000000000000000000040
:10D0F0000000000000000000000000000000000030
:10D10000000000000000000000000000000000001F
:10D11000000000000000000000000000000000000F
:10D1200000000000000000000000000000000000FF
:10D1300000000000000000000000000000000000EF
:10D1400000000000000000000000000000000000DF
:10D1500000000000000000000000000000000000CF
:10D1600000000000000000000000000000000000BF
:10D1700000000000000000000000000000000000AF
:10D18000000000000000000000000000000000009F
:10D19000000000000000000000000000000000008F
:10D1A000000000000000000000000000000000007F
:10D1B000000000000000000000000000000000006F
:10D1C000000000000000000000000000000000005F
:10D1D000000000000000000000000000000000004F
:10D1E000000000000000000000000000000000003F
:10D1F000000000000000000000000000000000002F
:10D20000000000000000000000000000000000001E
:10D21000000000000000000000000000000000000E
:10D2200000000000000000000000000000000000FE
:10D2300000000000000000000000000000000000EE
:10D2400000000000000000000000000000000000DE
:10D2500000000000000000000000000000000000CE
:10D2600000000000000000000000000000000000BE
:10D2700000000000000000000000000000000000AE
:10D28000000000000000000000000000000000009E
:10D29000000000000000000000000000000000008E
:10D2A000000000000000000000000000000000007E
:10D2B000000000000000000000000000000000006E
:10D2C000000000000000000000000000000000005E
:10D2D000000000000000000000000000000000004E
:10D2E000000000000000000000000000000000003E
:10D2F000000000000000000000000000000000002E
:10D30000000000000000000000000000000000001D
:10D31000000000000000000000000000000000000D
:10D3200000000000000000000000000000000000FD
:10D3300000000000000000000000000000000000ED
:10D3400000000000000000000000000000000000DD
:10D3500000000000000000000000000000000000CD
:10D3600000000000000000000000000000000000BD
:10D3700000000000000000000000000000000000AD
:10D38000000000000000000000000000000000009D
:10D39000000000000000000000000000000000008D
:10D3A000000000000000000000000000000000007D
:10D3B000000000000000000000000000000000006D
:10D3C000000000000000000000000000000000005D
:10D3D000000000000000000000000000000000004D
:10D3E000000000000000000000000000000000003D
:10D3F000000000000000000000000000000000002D
:10D40000000000000000000000000000000000001C
:10D41000000000000000000000000000000000000C
:10D4200000000000000000000000000000000000FC
:10D4300000000000000000000000000000000000EC
:10D4400000000000000000000000000000000000DC
:10D4500000000000000000000000000000000000CC
:10D4600000000000000000000000000000000000BC
:10D4700000000000000000000000000000000000AC
:10D48000000000000000000000000000000000009C
:10D49000000000000000000000000000000000008C
:10D4A000000000000000000000000000000000007C
:10D4B000000000000000000000000000000000006C
:10D4C000000000000000000000000000000000005C
:10D4D000000000000000000000000000000000004C
:10D4E000000000000000000000000000000000003C
:10D4F000000000000000000000000000000000002C
:10D50000000000000000000000000000000000001B
:10D51000000000000000000000000000000000000B
:10D5200000000000000000000000000000000000FB
:10D5300000000000000000000000000000000000EB
:10D5400000000000000000000000000000000000DB
:10D5500000000000000000000000000000000000CB
:10D5600000000000000000000000000000000000BB
:10D5700000000000000000000000000000000000AB
:10D58000000000000000000000000000000000009B
:10D59000000000000000000000000000000000008B
:10D5A000000000000000000000000000000000007B
:10D5B000000000000000000000000000000000006B
:10D5C000000000000000000000000000000000005B
:10D5D000000000000000000000000000000000004B
:10D5E000000000000000000000000000000000003B
:10D5F000000000000000000000000000000000002B
:10D60000000000000000000000000000000000001A
:10D61000000000000000000000000000000000000A
:10D6200000000000000000000000000000000000FA
:10D6300000000000000000000000000000000000EA
:10D6400000000000000000000000000000000000DA
:10D6500000000000000000000000000000000000CA
:10D6600000000000000000000000000000000000BA
:10D6700000000000000000000000000000000000AA
:10D68000000000000000000000000000000000009A
:10D69000000000000000000000000000000000008A
:10D6A000000000000000000000000000000000007A
:10D6B000000000000000000000000000000000006A
:10D6C000000000000000000000000000000000005A
:10D6D000000000000000000000000000000000004A
:10D6E000000000000000000000000000000000003A
:10D6F000000000000000000000000000000000002A
:10D700000000000000000000000000000000000019
:10D710000000000000000000000000000000000009
:10D7200000000000000000000000000000000000F9
:10D7300000000000000000000000000000000000E9
:10D7400000000000000000000000000000000000D9
:10D7500000000000000000000000000000000000C9
:10D7600000000000000000000000000000000000B9
:10D7700000000000000000000000000000000000A9
:10D780000000000000000000000000000000000099
:10D790000000000000000000000000000000000089
:10D7A0000000000000000000000000000000000079
:10D7B0000000000000000000000000000000000069
:10D7C0000000000000000000000000000000000059
:10D7D0000000000000000000000000000000000049
:10D7E0000000000000000000000000000000000039
:10D7F0000000000000000000000000000000000029
:10D800000000000000000000000000000000000018
:10D810000000000000000000000000000000000008
:10D8200000000000000000000000000000000000F8
:10D8300000000000000000000000000000000000E8
:10D8400000000000000000000000000000000000D8
:10D8500000000000000000000000000000000000C8
:10D8600000000000000000000000000000000000B8
:10D8700000000000000000000000000000000000A8
:10D880000000000000000000000000000000000098
:10D890000000000000000000000000000000000088
:10D8A0000000000000000000000000000000000078
:10D8B0000000000000000000000000000000000068
:10D8C0000000000000000000000000000000000058
:10D8D0000000000000000000000000000000000048
:10D8E0000000000000000000000000000000000038
:10D8F0000000000000000000000000000000000028
:10D900000000000000000000000000000000000017
:10D910000000000000000000000000000000000007
:10D9200000000000000000000000000000000000F7
:10D9300000000000000000000000000000000000E7
:10D9400000000000000000000000000000000000D7
:10D9500000000000000000000000000000000000C7
:10D9600000000000000000000000000000000000B7
:10D9700000000000000000000000000000000000A7
:10D980000000000000000000000000000000000097
:10D990000000000000000000000000000000000087
:10D9A0000000000000000000000000000000000077
:10D9B0000000000000000000000000000000000067
:10D9C0000000000000000000000000000000000057
:10D9D0000000000000000000000000000000000047
:10D9E0000000000000000000000000000000000037
:10D9F0000000000000000000000000000000000027
:10DA00000000000000000000000000000000000016
:10DA10000000000000000000000000000000000006
:10DA200000000000000000000000000000000000F6
:10DA300000000000000000000000000000000000E6
:10DA400000000000000000000000000000000000D6
:10DA500000000000000000000000000000000000C6
:10DA600000000000000000000000000000000000B6
:10DA700000000000000000000000000000000000A6
:10DA80000000000000000000000000000000000096
:10DA90000000000000000000000000000000000086
:10DAA0000000000000000000000000000000000076
:10DAB0000000000000000000000000000000000066
:10DAC0000000000000000000000000000000000056
:10DAD0000000000000000000000000000000000046
:10DAE0000000000000000000000000000000000036
:10DAF0000000000000000000000000000000000026
:10DB00000000000000000000000000000000000015
:10DB10000000000000000000000000000000000005
:10DB200000000000000000000000000000000000F5
:10DB300000000000000000000000000000000000E5
:10DB400000000000000000000000000000000000D5
:10DB500000000000000000000000000000000000C5
:10DB600000000000000000000000000000000000B5
:10DB700000000000000000000000000000000000A5
:10DB80000000000000000000000000000000000095
:10DB90000000000000000000000000000000000085
:10DBA0000000000000000000000000000000000075
:10DBB0000000000000000000000000000000000065
:10DBC0000000000000000000000000000000000055
:10DBD0000000000000000000000000000000000045
:10DBE0000000000000000000000000000000000035
:10DBF0000000000000000000000000000000000025
:10DC00000000000000000000000000000000000014
:10DC10000000000000000000000000000000000004
:10DC200000000000000000000000000000000000F4
:10DC300000000000000000000000000000000000E4
:10DC400000000000000000000000000000000000D4
:10DC500000000000000000000000000000000000C4
:10DC600000000000000000000000000000000000B4
:10DC700000000000000000000000000000000000A4
:10DC80000000000000000000000000000000000094
:10DC90000000000000000000000000000000000084
:10DCA0000000000000000000000000000000000074
:10DCB0000000000000000000000000000000000064
:10DCC0000000000000000000000000000000000054
:10DCD0000000000000000000000000000000000044
:10DCE0000000000000000000000000000000000034
:10DCF0000000000000000000000000000000000024
:10DD00000000000000000000000000000000000013
:10DD10000000000000000000000000000000000003
:10DD200000000000000000000000000000000000F3
:10DD300000000000000000000000000000000000E3
:10DD400000000000000000000000000000000000D3
:10DD500000000000000000000000000000000000C3
:10DD600000000000000000000000000000000000B3
:10DD700000000000000000000000000000000000A3
:10DD80000000000000000000000000000000000093
:10DD90000000000000000000000000000000000083
:10DDA0000000000000000000000000000000000073
:10DDB0000000000000000000000000000000000063
:10DDC0000000000000000000000000000000000053
:10DDD0000000000000000000000000000000000043
:10DDE0000000000000000000000000000000000033
:10DDF0000000000000000000000000000000000023
:10DE00000000000000000000000000000000000012
:10DE10000000000000000000000000000000000002
:10DE200000000000000000000000000000000000F2
:10DE300000000000000000000000000000000000E2
:10DE400000000000000000000000000000000000D2
:10DE500000000000000000000000000000000000C2
:10DE600000000000000000000000000000000000B2
:10DE700000000000000000000000000000000000A2
:10DE80000000000000000000000000000000000092
:10DE90000000000000000000000000000000000082
:10DEA0000000000000000000000000000000000072
:10DEB0000000000000000000000000000000000062
:10DEC0000000000000000000000000000000000052
:10DED0000000000000000000000000000000000042
:10DEE0000000000000000000000000000000000032
:10DEF0000000000000000000000000000000000022
:10DF00000000000000000000000000000000000011
:10DF10000000000000000000000000000000000001
:10DF200000000000000000000000000000000000F1
:10DF300000000000000000000000000000000000E1
:10DF400000000000000000000000000000000000D1
:10DF500000000000000000000000000000000000C1
:10DF600000000000000000000000000000000000B1
:10DF700000000000000000000000000000000000A1
:10DF80000000000000000000000000000000000091
:10DF90000000000000000000000000000000000081
:10DFA0000000000000000000000000000000000071
:10DFB0000000000000000000000000000000000061
:10DFC0000000000000000000000000000000000051
:10DFD0000000000000000000000000000000000041
:10DFE0000000000000000000000000000000000031
:10DFF0000000000000000000000000000000000021
:10E000000000000000000000000000000000000010
:10E010000000000000000000000000000000000000
:10E0200000000000000000000000000000000000F0
:10E0300000000000000000000000000000000000E0
:10E0400000000000000000000000000000000000D0
:10E0500000000000000000000000000000000000C0
:10E0600000000000000000000000000000000000B0
:10E0700000000000000000000000000000000000A0
:10E080000000000000000000000000000000000090
:10E090000000000000000000000000000000000080
:10E0A0000000000000000000000000000000000070
:10E0B0000000000000000000000000000000000060
:10E0C0000000000000000000000000000000000050
:10E0D0000000000000000000000000000000000040
:10E0E0000000000000000000000000000000000030
:10E0F0000000000000000000000000000000000020
:10E10000000000000000000000000000000000000F
:10E1100000000000000000000000000000000000FF
:10E1200000000000000000000000000000000000EF
:10E1300000000000000000000000000000000000DF
:10E1400000000000000000000000000000000000CF
:10E1500000000000000000000000000000000000BF
:10E1600000000000000000000000000000000000AF
:10E17000000000000000000000000000000000009F
:10E18000000000000000000000000000000000008F
:10E19000000000000000000000000000000000007F
:10E1A000000000000000000000000000000000006F
:10E1B000000000000000000000000000000000005F
:10E1C000000000000000000000000000000000004F
:10E1D000000000000000000000000000000000003F
:10E1E000000000000000000000000000000000002F
:10E1F000000000000000000000000000000000001F
:10E20000000000000000000000000000000000000E
:10E2100000000000000000000000000000000000FE
:10E2200000000000000000000000000000000000EE
:10E2300000000000000000000000000000000000DE
:10E2400000000000000000000000000000000000CE
:10E2500000000000000000000000000000000000BE
:10E2600000000000000000000000000000000000AE
:10E27000000000000000000000000000000000009E
:10E28000000000000000000000000000000000008E
:10E29000000000000000000000000000000000007E
:10E2A000000000000000000000000000000000006E
:10E2B000000000000000000000000000000000005E
:10E2C000000000000000000000000000000000004E
:10E2D000000000000000000000000000000000003E
:10E2E000000000000000000000000000000000002E
:10E2F000000000000000000000000000000000001E
:10E30000000000000000000000000000000000000D
:10E3100000000000000000000000000000000000FD
:10E3200000000000000000000000000000000000ED
:10E3300000000000000000000000000000000000DD
:10E3400000000000000000000000000000000000CD
:10E3500000000000000000000000000000000000BD
:10E3600000000000000000000000000000000000AD
:10E37000000000000000000000000000000000009D
:10E38000000000000000000000000000000000008D
:10E39000000000000000000000000000000000007D
:10E3A000000000000000000000000000000000006D
:10E3B000000000000000000000000000000000005D
:10E3C000000000000000000000000000000000004D
:10E3D000000000000000000000000000000000003D
:10E3E000000000000000000000000000000000002D
:10E3F000000000000000000000000000000000001D
:10E40000000000000000000000000000000000000C
:10E4100000000000000000000000000000000000FC
:10E4200000000000000000000000000000000000EC
:10E4300000000000000000000000000000000000DC
:10E4400000000000000000000000000000000000CC
:10E4500000000000000000000000000000000000BC
:10E4600000000000000000000000000000000000AC
:10E47000000000000000000000000000000000009C
:10E48000000000000000000000000000000000008C
:10E49000000000000000000000000000000000007C
:10E4A000000000000000000000000000000000006C
:10E4B000000000000000000000000000000000005C
:10E4C000000000000000000000000000000000004C
:10E4D000000000000000000000000000000000003C
:10E4E000000000000000000000000000000000002C
:10E4F000000000000000000000000000000000001C
:10E50000000000000000000000000000000000000B
:10E5100000000000000000000000000000000000FB
:10E5200000000000000000000000000000000000EB
:10E5300000000000000000000000000000000000DB
:10E5400000000000000000000000000000000000CB
:10E5500000000000000000000000000000000000BB
:10E5600000000000000000000000000000000000AB
:10E57000000000000000000000000000000000009B
:10E58000000000000000000000000000000000008B
:10E59000000000000000000000000000000000007B
:10E5A000000000000000000000000000000000006B
:10E5B000000000000000000000000000000000005B
:10E5C000000000000000000000000000000000004B
:10E5D000000000000000000000000000000000003B
:10E5E000000000000000000000000000000000002B
:10E5F000000000000000000000000000000000001B
:10E60000000000000000000000000000000000000A
:10E6100000000000000000000000000000000000FA
:10E6200000000000000000000000000000000000EA
:10E6300000000000000000000000000000000000DA
:10E6400000000000000000000000000000000000CA
:10E6500000000000000000000000000000000000BA
:10E6600000000000000000000000000000000000AA
:10E67000000000000000000000000000000000009A
:10E68000000000000000000000000000000000008A
:10E69000000000000000000000000000000000007A
:10E6A000000000000000000000000000000000006A
:10E6B000000000000000000000000000000000005A
:10E6C000000000000000000000000000000000004A
:10E6D000000000000000000000000000000000003A
:10E6E000000000000000000000000000000000002A
:10E6F000000000000000000000000000000000001A
:10E700000000000000000000000000000000000009
:10E7100000000000000000000000000000000000F9
:10E7200000000000000000000000000000000000E9
:10E7300000000000000000000000000000000000D9
:10E7400000000000000000000000000000000000C9
:10E7500000000000000000000000000000000000B9
:10E7600000000000000000000000000000000000A9
:10E770000000000000000000000000000000000099
:10E780000000000000000000000000000000000089
:10E790000000000000000000000000000000000079
:10E7A0000000000000000000000000000000000069
:10E7B0000000000000000000000000000000000059
:10E7C0000000000000000000000000000000000049
:10E7D0000000000000000000000000000000000039
:10E7E0000000000000000000000000000000000029
:10E7F0000000000000000000000000000000000019
:10E800000000000000000000000000000000000008
:10E8100000000000000000000000000000000000F8
:10E8200000000000000000000000000000000000E8
:10E8300000000000000000000000000000000000D8
:10E8400000000000000000000000000000000000C8
:10E8500000000000000000000000000000000000B8
:10E8600000000000000000000000000000000000A8
:10E870000000000000000000000000000000000098
:10E880000000000000000000000000000000000088
:10E890000000000000000000000000000000000078
:10E8A0000000000000000000000000000000000068
:10E8B0000000000000000000000000000000000058
:10E8C0000000000000000000000000000000000048
:10E8D0000000000000000000000000000000000038
:10E8E0000000000000000000000000000000000028
:10E8F0000000000000000000000000000000000018
:10E900000000000000000000000000000000000007
:10E9100000000000000000000000000000000000F7
:10E9200000000000000000000000000000000000E7
:10E9300000000000000000000000000000000000D7
:10E9400000000000000000000000000000000000C7
:10E9500000000000000000000000000000000000B7
:10E9600000000000000000000000000000000000A7
:10E970000000000000000000000000000000000097
:10E980000000000000000000000000000000000087
:10E990000000000000000000000000000000000077
:10E9A0000000000000000000000000000000000067
:10E9B0000000000000000000000000000000000057
:10E9C0000000000000000000000000000000000047
:10E9D0000000000000000000000000000000000037
:10E9E0000000000000000000000000000000000027
:10E9F0000000000000000000000000000000000017
:10EA00000000000000000000000000000000000006
:10EA100000000000000000000000000000000000F6
:10EA200000000000000000000000000000000000E6
:10EA300000000000000000000000000000000000D6
:10EA400000000000000000000000000000000000C6
:10EA500000000000000000000000000000000000B6
:10EA600000000000000000000000000000000000A6
:10EA70000000000000000000000000000000000096
:10EA80000000000000000000000000000000000086
:10EA90000000000000000000000000000000000076
:10EAA0000000000000000000000000000000000066
:10EAB0000000000000000000000000000000000056
:10EAC0000000000000000000000000000000000046
:10EAD0000000000000000000000000000000000036
:10EAE0000000000000000000000000000000000026
:10EAF0000000000000000000000000000000000016
:10EB00000000000000000000000000000000000005
:10EB100000000000000000000000000000000000F5
:10EB200000000000000000000000000000000000E5
:10EB300000000000000000000000000000000000D5
:10EB400000000000000000000000000000000000C5
:10EB500000000000000000000000000000000000B5
:10EB600000000000000000000000000000000000A5
:10EB70000000000000000000000000000000000095
:10EB80000000000000000000000000000000000085
:10EB90000000000000000000000000000000000075
:10EBA0000000000000000000000000000000000065
:10EBB0000000000000000000000000000000000055
:10EBC0000000000000000000000000000000000045
:10EBD0000000000000000000000000000000000035
:10EBE0000000000000000000000000000000000025
:10EBF0000000000000000000000000000000000015
:10EC00000000000000000000000000000000000004
:10EC100000000000000000000000000000000000F4
:10EC200000000000000000000000000000000000E4
:10EC300000000000000000000000000000000000D4
:10EC400000000000000000000000000000000000C4
:10EC500000000000000000000000000000000000B4
:10EC600000000000000000000000000000000000A4
:10EC70000000000000000000000000000000000094
:10EC80000000000000000000000000000000000084
:10EC90000000000000000000000000000000000074
:10ECA0000000000000000000000000000000000064
:10ECB0000000000000000000000000000000000054
:10ECC0000000000000000000000000000000000044
:10ECD0000000000000000000000000000000000034
:10ECE0000000000000000000000000000000000024
:10ECF0000000000000000000000000000000000014
:10ED00000000000000000000000000000000000003
:10ED100000000000000000000000803FB338BC335A
:10ED200006D06C3F557BC2BE6B20363FBBE733BF7E
:10ED30007A47C83EF8996BBF870E493C0DFB7FBFF1
:10ED4000ADA7BCBEEFFC6DBF1BA831BF135238BFCF
:10ED5000D65A6ABFE80BCEBE41EC7FBFAD0AC9BC34
:10ED6000AF206FBFC2CCB63EA37C3ABFA4612F3F99
:10ED700065C8D3BEAC12693F2BC316BD95D37F3F88
:10ED8000C9EAB03E343B703F68142D3F01A03C3FC0
:10ED900087C1673FB97CD93E0DB17F3F2EFB483D0F
:10EDA000674C713FF301ABBEDEBB3E3F4BC02ABF99
:10EDB000D727DF3E996666BF39297B3D68827FBFD2
:10EDC0007E0FA5BED94F72BFC35F28BFAFC940BF7A
:10EDD000DBF464BF64BCE4BE29307FBF289796BDD6
:10EDE000192373BF83FD9E3EB1A042BFACD0253F27
:10EDF00004F4E9BE8229633F6A35AFBDF6527E3F17
:10EE00001C7C983E4441733F70A1223F70B4433F45
:10EE1000843B603F86F1ED3EEACF7B3F2269C63DF1
:10EE20004C5D713F84D190BE0AC0423F67D61DBF82
:10EE300066D5EE3EF48C5ABF47D7D93DCE8A75BF12
:10EE40008ED386BE83286BBFC1E515BF33AA3DBFF5
:10EE5000B5BF4FBF15B2E9BEA5A568BFE08DE5BD42
:10EE6000FABC5DBF9D86723E200332BF462C093F2F
:10EE7000F157DBBE5D823D3FF3D4E4BD9E9B523F24
:10EE8000420E4F3E89DE463F43A6ED3EC62D1E3F55
:10EE9000ACEC223F35F3C13ECADF323F8F44D43D54
:10EEA000C892263F22BA24BEF6A9023FF656BFBE3C
:10EEB00089A89E3EC6A101BF2930B43DC1FB0BBF4E
:10EEC000AED9EFBD3DFBFFBE45AA8CBEF925C5BE40
:10EED0004394BBBEFCF46BBEE25FC6BE5AAF89BDB5
:10EEE000C74FB1BE88FB9C3D587B85BEB393393E6E
:10EEF0004BB91CBEBC86723E953C3ABD9D117A3E14
:10EF0000C663353DDC7E593E83AED73D5A451F3E34
:10EF1000D578093E7C7EB63D547F093EA4CCDA3CD0
:10EF20001478E73D9937B5BC81EDA33D0A2B58BD58
:10EF30001D21363DFE9B85BD2B1C5A3CB8C880BDAB
:10EF4000ED8118BC1A5450BD3FC0B5BC16940DBD20
:10EF5000EA17D8BC4B3397BC7FE1C6BCF8A3B2BB61
:10EF600086FC98BCE57F503BC03C45BC936BF63BB0
:10EF7000D5D1C7BB861F0B3CDDE7E4BADBF7F03B1E
:10EF80005DC85A3A6B5BAD3BF0BCFC3A2BEE4F3B95
:10EF90000A8A043B6F56C33ABC61D23AB8C9D23927
:10EFA000E425893A77531FB92D49133A271FAEB983
:10EFB000AAB9743962DEA1B991DB6938E9E55DB9B6
:10EFC000D3FD80B7ABBFF2B88D12F2B75C8652B8F2
:10EFD0004695ACB788C285B7CE2C24B79AB235B661
:10EFE000F3D64FB61CDBC4347B57FEB44EB6873421
:10EFF000F5A15833F296B3B399EB1732D0AA9EB36A
:10F000002C1191B169233833E8520F333F79923391
:10F010001ADEDE3270718B32647310B360B3BAB231
:10F02000A8B9B3B3D9891FB25299AFB35C9BA432CC
:10F0300096943AB3EB3E9632AD5470B28AE5B6B2CE
:10F04000C78FAAB2F7D48BB3B08E4EB3F2DCA9B39C
:10F05000B8D48AB34BAD77B3E3444DB38BA1DFB2E1
:10F06000886ED2B17C5B84B2983C05337C0C1CB3B7
:10F0700077EE2733CE239AB337BD97325282C7B388
:10F080007A043AB23FA1B1B3D3A3A9B29F3751B327
:10F09000682C9E304FBC89B2CF962633272A06B201
:10F0A000ECE19033DC76F1B2069C92334A4980B3AE
:10F0B0003AFD3633546AA6B3E4CA3532E2FB8EB366
:10F0C0006CA783B19A2A0DB3D6FF2E32AEE9FC307D
:10F0D0009A203933B94085324A239B33284BB030CC
:10F0E000E648A73349A8F1B2D8C87433684E55B37F
:10F0F000F060D632CBD145B39252A6319B7798B20D
:10F100007A0C4332310297327D242F3347F81F3374
:10F1100078F59D338C49FA320000803F98161433FD
:10F12000A1676D3F6F92BFBE1552383F1CA831BF1B
:10F1300028EBD03EE2B769BF27C3163D94D37FBF0B
:10F140003AF7ADBEFEC470BF7FC02ABF18BC3EBF39
:10F150000DB765BF67FBE1BE6B4E7FBF03A996BDD0
:10F16000D7CE73BFAE1F9C3EF4E344BFA89D233FA0
:10F1700042BDF2BE8866613F2EBCE1BDAD707E3FF0
:10F18000F6118A3E1884763F0B421C3F7EC74A3FE9
:10F19000D2C75C3F7395013FAB3A7D3F8340163E3B
:10F1A000C3E3783FA0A86FBE6C64503F09B014BFA2
:10F1B000CD9E093FB4DB57BF256D3B3E93AA7BBF75
:10F1C00078D64ABE76E87ABF93E50CBFA1B155BFA9
:10F1D000EB9752BF7F6F11BF01AA79BF7A4160BE22
:10F1E000C06D7CBFDFA4253E4F7F5ABF93CA043F4A
:10F1F00044D618BFC9C24C3FE31D82BEE8D5763F56
:10F20000E4D9FF3DC1E87C3F5D1FF83E992A5E3F8F
:10F21000C3B1453FA6381F3F9B22723FDDE6923EB9
:10F22000C1FE7A3F7B1FB3BDA7375F3F1129E4BE04
:10F23000BC3F233FC5143CBFF2BBA03E239C69BF2B
:10F24000420C4CBD2D4C74BF0809CCBEE22A5BBFFA
:10F2500014222EBF6EC222BFE8B35ABFD6B9A8BED1
:10F26000E7D965BF69AC613C24184FBF318CAE3E15
:10F27000A64C1BBF73591A3FB37AA7BE8C59433FA4
:10F28000F2358DBCC7724D3F4C228C3EC903393FCD
:10F29000A99D003FA84E0B3F3C78233F7BA19A3E9F
:10F2A0000F4C2B3F74F11F3DA074193F27F74EBE42
:10F2B00073C4E63E6DD4C5BE0A98823EB8B4FBBEA8
:10F2C00036BC473D79DC02BF57C209BE492FE8BEB4
:10F2D0005EEF89BEAF6EADBEA42EAFBE9E7A46BEB7
:10F2E0006506B4BEC01A3FBD6B729DBEE5DDA13D93
:10F2F000A27568BEFE4C2B3E1B7005BE568E583E56
:10F30000CB3E15BD6E045B3EA2F6233D5DED3B3E5C
:10F31000B6DAB93D8857083E1B21E93DA3C59B3DA0
:10F320004CE5E63DB790C03CA440C13D73058BBCA5
:10F33000DDDE883DA12B2CBD0C3A1A3DD75F55BDB3
:10F34000BC514B3C30994DBDFF4EBDBBCB8F26BD54
:10F35000431A84BCD844E4BCF9B0A0BC40CF7ABC0A
:10F360007A2E95BC9D10ABBB554B67BC5BB6C13AC2
:10F37000CF4D17BC058EA03B85759FBB6782BD3BFB
:10F38000D929DABADFCFA63BCF46833953C4723BC3
:10F3900096848F3AB62D143BEBB2A03A1FA6913A51
:10F3A000900C823A3D8BBF3965012B3A0E0AA8B703
:10F3B00095BCB939325123B93E372039463724B983
:10F3C000A9EF3938E572E2B87BA3BE346AAD72B8F2
:10F3D0000C9B20B7E3D0CAB73138EAB68EEBF6B64D
:10F3E000EF233EB6B5B9B0B55BDD14B518E970B31F
:10F3F0006A196133EACC6AB3C51224320ECC5AB30F
:10F40000DE026CB3201F5F33576DD4B23B60C7334D
:10F41000A5E16231922B1433681F06B3204035B347
:10F42000AA8DCAB3B14688B34EB403B4FD67FCB22B
:10F430004DF8C7B39CFE27320E2613B38809543209
:10F44000B5B4243252CEBAB22FFA9432D46484B313
:10F4500024D6B1306A46A8B3FEB646B202DD90B3F8
:10F460003991A8B1BDFF48B350EE8A329A761FB3E6
:10F47000CE7911335CD73FB3B8CE15334E897CB308
:10F480007594B3326BBC88B36587BB3124FB5FB323
:10F490001FA0DE30D93304B3A2A44832301563B2C2
:10F4A0001A7DE332BB4315B241BF113306C381B2AB
:10F4B00042DCF93276DEBAB245309932293FA0B249
:10F4C000AC4C4932827FA7B1CCD49D32FCF43632A9
:10F4D00084F41633049B8A3209D759334831D73123
:10F4E00001796533D33D65B272B52B3369DAFFB26A
:10F4F00092A79B32326009B34FF6B530F74B9FB2FB
:10F500002AB232B09220B6308B934532FBD5773297
:10F510002C12EB320BC75E320000803F981614B3FA
:10F52000F2FC6D3FAFA7BCBEA47C3A3FA4612FBFE5
:10F53000B77CD93E85C167BF732B7B3DA8847FBF55
:10F54000DD1C9FBE0B5373BFA69D23BFF2E344BFD8
:10F55000CCA660BF3280F5BE21137EBF70B2FABD6B
:10F56000B5BE77BFBFF8803E8E8D4EBF063C173FBD
:10F57000914B08BFA0B3583FCC6E3BBECAAC7B3F9B
:10F58000B8B0443EA83B7B3FAD480A3F2470573F8C
:10F59000A8EF4F3FB853153FF753783FCBCF783E96
:10F5A00079C67D3F63B206BEDF825F3FDC9FF9BE56
:10F5B00063CB213F996246BF289F9A3EB40974BF2E
:10F5C000F66190BD12587FBF3BB6DDBE38B666BF50
:10F5D000050B3CBF819C2DBF4DBC6EBF512EB8BEEC
:10F5E000C5CA7FBFA8AD163C53D16CBF3BCAC03E55
:10F5F000198338BFA3C0303F9D99D4BE3E14683FE5
:10F6000020A254BD9E937E3F9999A23E041F713F54
:10F610006606243F34BA413F2F275F3F3B8EEE3EC4
:10F62000BC5E7A3FCB58E43D3801723F67C082BE72
:10F63000B394473F74F814BF3B99013F3D5352BF09
:10F64000323F2A3E34E670BF667742BE10CF6CBFB1
:10F65000D99702BF286547BF65A63FBFA3F906BF7C
:10F66000637E5FBF603457BE977F5EBF4FE2FC3D55
:10F67000B92D3EBF8803D93EFDCE04BF64F0253FBF
:10F68000690571BE9676443F373A7C3D7A35453FF1
:10F69000705EA73E38222A3FBCFC053FBFE0F23E29
:10F6A00007A7203F7B1C713E93EA213F46C63EBC24
:10F6B000233B0C3F6D5C6ABE4AF5CA3E7509C6BE67
:10F6C000EB8E563E0507F0BE8A62A63C7AF6F1BE86
:10F6D000C77511BE2052D1BE4C8283BE997498BEAC
:10F6E000CDF0A0BE394228BE37AEA1BE586907BDD5
:10F6F000C7078BBEECBC9B3D1C6F4ABE85051A3EFE
:10F700007E9BE5BD6C363E3E3AC3FDBC50B63D3EE9
:10F710003AAC0A3DC650213EA3C59B3D1B21E93DA5
:10F720000214C23DB707863D7A50BF3D9DC8B03C2C
:10F730003DDE9F3DA7B941BCBA76633DDC9104BD77
:10F7400086CF023DE78F26BD75633F3C684921BDEA
:10F75000EF783BBBF45803BDAC4A37BCA511B6BC2F
:10F76000CDE267BC3F504EBCA87A5ABC69609FBBD3
:10F7700056372BBC0155973940A3E3BB8B29433B3C
:10F78000E8F478BB826F773BDA78C2BA290C5F3B2A
:10F79000D1BFB1B8C58B243B6721123A2F34CC3A84
:10F7A0006BF6363AAD33503A8757183AFDB89B3965
:10F7B0001CFAC9390E331A38C8595C39268C7FB8FF
:10F7C0003E73C13849FF95B8A0F7F637C2EA50B882
:10F7D0005CA887367F7BD7B7C65C16B6C4F625B75C
:10F7E0001A23EFB5023C2CB6E28900B5652B99B41B
:10F7F00005267C33E67A4D33792743330E31D632F2
:10F80000AC274DB31BC97B3317163DB36364B733C5
:10F81000F4A128B13C7914332D4C05B2A4005FB398
:10F82000A24383B336D6CDB34CA6DFB3E8CB98B3AF
:10F830001FE2C5B3CC9C8EB24E6013B3557E5132DD
:10F84000617BC3325D77EBB1814E28334E9059B363
:10F85000263F5032D045A6B37850EFB2DC3F86B396
:10F860009C7F3FB3343281B2B020CAB222900D33B4
:10F870004514B23238B15F33CA297B333219183399
:10F88000DCEA8F33D86B062F3E744033D3E8E9B2FD
:10F89000475A243215B2FBB2AC2288B2AB0305B290
:10F8A000D96AA0B271BAB132DFCC3FB1C4151F33EF
:10F8B000B8298B32C4A00B33061CC132ACC15932FB
:10F8C000D0162C324ADE05B2782C7EB2B0DF82B27E
:10F8D0009F9C24B3FEADB1B1106850B3E8C2893229
:10F8E00004FD32B3149D1A33B2B1CAB2FA9E3C334E
:10F8F000ED4DB9B1772E1C33167457313C6A9D32E9
:10F900009E44C4B0D238CDAFB09D80B2782D39B20C
:10F91000790EF7B203D622B20000803FB338BCB3F1
:10F92000F78F6E3F1EBBB9BE02A03C3F68142DBFCF
:10F9300068FBE13E0EB765BF7FB6AF3D550E7FBF9A
:10F940002A1C90BE77A675BF0A421CBF7CC74ABF5F
:10F95000762C5BBF884804BF263B7CBFA1102FBE1E
:10F9600036ED7ABF4EDA4A3E247057BFAD480A3FA3
:10F970009D9916BF16044F3FBF7D82BEC28B773F55
:10F9800098FAE73D355A7E3F7794EE3E0E82623F0D
:10F99000E154413F61CE273F0709713FD37CAC3E24
:10F9A000F1E67F3F682AE2BC0CE86B3FE9D4C6BEB3
:10F9B000A8C5373F033832BF5E34D53E2CBD68BF83
:10F9C000B49B6E3DD98B7FBF9C989DBE318873BF21
:10F9D000F2C021BFCD5546BF9EA35EBF3C3FFCBEDB
:10F9E000F0257DBFCA0713BEA11F79BFB233663EA3
:10F9F000742253BF69E70F3F666910BF337D523FE2
:10FA0000439068BE5F34783FAD2A0F3EBDED7B3F2B
:10FA1000AFE0F83EC83E5D3F6498433F5A85203FC3
:10FA2000C5836F3F1F9F9C3E2B4C7A3F96615DBD07
:10FA300047BE623F0408CEBE37882C3FCAD130BFD4
:10FA40005A62BF3E3D2361BF584CED3C51A271BF8D
:10FA500087389FBEB5AA60BF351C19BF4D7F31BF27
:10FA6000E5104BBF937BD7BE08355FBFF01FD1BDFC
:10FA700034E553BF329E5C3E79412CBF3D03F93ED5
:10FA8000E110DFBE37982C3FFF241FBECBCB413F98
:10FA9000ECBAFE3D81E83A3F8DEEB93EB11A1B3F0C
:10FAA0002D98073F684DD23E8B411B3F6B3B383E44
:10FAB0002B75173F393249BDC7D5FE3E3AC178BED6
:10FAC0006E58B23EAF2BC1BEC417313E3C6BE1BE97
:10FAD000F00AAE3A5A98DDBEEEEB10BEFBD8BBBEC4
:10FAE0001ABD74BE232F86BEE7A691BE8B6510BEDD
:10FAF000DFCE8FBEF341CDBC124D74BE26B18D3D1D
:10FB0000506630BEE111073EB2CAC7BDDD5E243E7D
:10FB10002CA8E5BC737B223EA4CCDA3C547F093E82
:10FB200073977D3D44E1C63D476D9E3DAEFE673D0A
:10FB300097399C3DBFC1A63C14D6823D9C26E8BBAC
:10FB400021B13B3DE739C4BCDF54DD3C7C6CFDBCDE
:10FB50007E39333C280CF8BC8D1220BAACC5CBBC26
:10FB60004D50EFBBC9318FBC846321BC427127BCAF
:10FB7000F8801BBC939B8FBB4234F7BB53FEF2B99A
:10FB80008624A7BBF00FD63A18083DBB0134193BB9
:10FB9000AB2DA3BA0A000F3B73977EB99F88D63A64
:10FBA000973876392D20873AD1D7BF39C5AC0D3A71
:10FBB00046F6A639C6A16639AF415F39002A5438E6
:10FBC0006A8EF23865A886B7320C54383DB2ECB76D
:10FBD0002F158B37AE52A8B755C4553635BE21B751
:10FBE0006B9B34B493FC50B622E476B4124202B557
:10FBF000457C8133DEFAA433D7B28633B4F42B3399
:10FC0000304E36B3DE0AFD31B27697B34A9EF132FA
:10FC1000DC60DBB2DDDE9032A5881032992628B395
:10FC2000F668F8B11629B4B302DE2EB3FBBE9DB35D
:10FC30006A8C34B3444AB1B2481D3931F59CD9328B
:10FC4000878F853321BFED3256F5C53360DD11B2A4
:10FC50006BF59D339A8F44B3761BD9323A034FB379
:10FC6000D33A6BB2A0A820B247B382B28B814233A1
:10FC7000A2409F3278F3AA33BF017F33A7119E338E
:10FC8000EB5EA13380981B3337656133B3684CB1A9
:10FC90004263A1316D1084B270BE26B3330D0332BE
:10FCA0009DCC63B3F9FA5733B9CA0EB3F341B533F8
:10FCB00009E55C3182C8BD33A801FD320A3B8233BD
:10FCC0005E6EE53288CCA732476092B1C01222B294
:10FCD000EC0C40B334032BB2999E97B3C5DE83324C
:10FCE000C1B791B3FFF64B3388142FB382B7883373
:10FCF00057CF14B285E55D339B4CE1314CA893326C
:10FD00003A94CAB1237BACB2F95E28B30D1527B380
:10FD10000C8C9DB30568FEB20000000000000000DE
:10FD200000000000000000000000000000000000D3
:10FD300000000000000000000000000000000000C3
:10FD400000000000000000000000000000000000B3
:10FD500000000000000000000000000000000000A3
:10FD60000000000000000000000000000000000093
:10FD70000000000000000000000000000000000083
:10FD80000000000000000000000000000000000073
:10FD90000000000000000000000000000000000063
:10FDA0000000000000000000000000000000000053
:10FDB0000000000000000000000000000000000043
:10FDC0000000000000000000000000000000000033
:10FDD0000000000000000000000000000000000023
:10FDE0000000000000000000000000000000000013
:10FDF0000000000000000000000000000000000003
:10FE000000000000000000000000000000000000F2
:10FE100000000000000000000000000000000000E2
:10FE200000000000000000000000000000000000D2
:10FE300000000000000000000000000000000000C2
:10FE400000000000000000000000000000000000B2
:10FE500000000000000000000000000000000000A2
:10FE60000000000000000000000000000000000092
:10FE70000000000000000000000000000000000082
:10FE80000000000000000000000000000000000072
:10FE90000000000000000000000000000000000062
:10FEA0000000000000000000000000000000000052
:10FEB0000000000000000000000000000000000042
:10FEC0000000000000000000000000000000000032
:10FED0000000000000000000000000000000000022
:10FEE0000000000000000000000000000000000012
:10FEF0000000000000000000000000000000000002
:10FF000000000000000000000000000000000000F1
:10FF100000000000000000000000000000000000E1
:10FF200000000000000000000000000000000000D1
:10FF300000000000000000000000000000000000C1
:10FF400000000000000000000000000000000000B1
:10FF500000000000000000000000000000000000A1
:10FF60000000000000000000000000000000000091
:10FF70000000000000000000000000000000000081
:10FF80000000000000000000000000000000000071
:10FF90000000000000000000000000000000000061
:10FFA0000000000000000000000000000000000051
:10FFB0000000000000000000000000000000000041
:10FFC0000000000000000000000000000000000031
:10FFD0000000000000000000000000000000000021
:10FFE0000000000000000000000000000000000011
:10FFF0000000000000000000000000000000000001
:020000041002E8
:1000000000000000000000000000000000000000F0
:1000100000000000000000000000000000000000E0
:1000200000000000000000000000000000000000D0
:1000300000000000000000000000000000000000C0
:1000400000000000000000000000000000000000B0
:1000500000000000000000000000000000000000A0
:100060000000000000000000000000000000000090
:100070000000000000000000000000000000000080
:100080000000000000000000000000000000000070
:100090000000000000000000000000000000000060
:1000A0000000000000000000000000000000000050
:1000B0000000000000000000000000000000000040
:1000C0000000000000000000000000000000000030
:1000D0000000000000000000000000000000000020
:1000E0000000000000000000000000000000000010
:1000F0000000000000000000000000000000000000
:1001000000000000000000000000000000000000EF
:1001100000000000000000000000000000000000DF
:1001200000000000000000000000000000000000CF
:1001300000000000000000000000000000000000BF
:1001400000000000000000000000000000000000AF
:10015000000000000000000000000000000000009F
:10016000000000000000000000000000000000008F
:10017000000000000000000000000000000000007F
:10018000000000000000000000000000000000006F
:10019000000000000000000000000000000000005F
:1001A000000000000000000000000000000000004F
:1001B000000000000000000000000000000000003F
:1001C000000000000000000000000000000000002F
:1001D000000000000000000000000000000000001F
:1001E000000000000000000000000000000000000F
:1001F00000000000000000000000000000000000FF
:1002000000000000000000000000000000000000EE
:1002100000000000000000000000000000000000DE
:1002200000000000000000000000000000000000CE
:1002300000000000000000000000000000000000BE
:1002400000000000000000000000000000000000AE
:10025000000000000000000000000000000000009E
:10026000000000000000000000000000000000008E
:10027000000000000000000000000000000000007E
:10028000000000000000000000000000000000006E
:10029000000000000000000000000000000000005E
:1002A000000000000000000000000000000000004E
:1002B000000000000000000000000000000000003E
:1002C000000000000000000000000000000000002E
:1002D000000000000000000000000000000000001E
:1002E000000000000000000000000000000000000E
:1002F00000000000000000000000000000000000FE
:1003000000000000000000000000000000000000ED
:1003100000000000000000000000000000000000DD
:1003200000000000000000000000000000000000CD
:1003300000000000000000000000000000000000BD
:1003400000000000000000000000000000000000AD
:10035000000000000000000000000000000000009D
:10036000000000000000000000000000000000008D
:10037000000000000000000000000000000000007D
:10038000000000000000000000000000000000006D
:10039000000000000000000000000000000000005D
:1003A000000000000000000000000000000000004D
:1003B000000000000000000000000000000000003D
:1003C000000000000000000000000000000000002D
:1003D000000000000000000000000000000000001D
:1003E000000000000000000000000000000000000D
:1003F00000000000000000000000000000000000FD
:1004000000000000000000000000000000000000EC
:1004100000000000000000000000000000000000DC
:1004200000000000000000000000000000000000CC
:1004300000000000000000000000000000000000BC
:1004400000000000000000000000000000000000AC
:10045000000000000000000000000000000000009C
:10046000000000000000000000000000000000008C
:10047000000000000000000000000000000000007C
:10048000000000000000000000000000000000006C
:10049000000000000000000000000000000000005C
:1004A000000000000000000000000000000000004C
:1004B000000000000000000000000000000000003C
:1004C000000000000000000000000000000000002C
:1004D000000000000000000000000000000000001C
:1004E000000000000000000000000000000000000C
:1004F00000000000000000000000000000000000FC
:1005000000000000000000000000000000000000EB
:1005100000000000000000000000000000000000DB
:1005200000000000000000000000000000000000CB
:1005300000000000000000000000000000000000BB
:1005400000000000000000000000000000000000AB
:10055000000000000000000000000000000000009B
:10056000000000000000000000000000000000008B
:10057000000000000000000000000000000000007B
:10058000000000000000000000000000000000006B
:10059000000000000000000000000000000000005B
:1005A000000000000000000000000000000000004B
:1005B000000000000000000000000000000000003B
:1005C000000000000000000000000000000000002B
:1005D000000000000000000000000000000000001B
:1005E000000000000000000000000000000000000B
:1005F00000000000000000000000000000000000FB
:1006000000000000000000000000000000000000EA
:1006100000000000000000000000000000000000DA
:1006200000000000000000000000000000000000CA
:1006300000000000000000000000000000000000BA
:1006400000000000000000000000000000000000AA
:10065000000000000000000000000000000000009A
:10066000000000000000000000000000000000008A
:10067000000000000000000000000000000000007A
:10068000000000000000000000000000000000006A
:10069000000000000000000000000000000000005A
:1006A000000000000000000000000000000000004A
:1006B000000000000000000000000000000000003A
:1006C000000000000000000000000000000000002A
:1006D000000000000000000000000000000000001A
:1006E000000000000000000000000000000000000A
:1006F00000000000000000000000000000000000FA
:1007000000000000000000000000000000000000E9
:1007100000000000000000000000000000000000D9
:1007200000000000000000000000000000000000C9
:1007300000000000000000000000000000000000B9
:1007400000000000000000000000000000000000A9
:100750000000000000000000000000000000000099
:100760000000000000000000000000000000000089
:100770000000000000000000000000000000000079
:100780000000000000000000000000000000000069
:100790000000000000000000000000000000000059
:1007A0000000000000000000000000000000000049
:1007B0000000000000000000000000000000000039
:1007C0000000000000000000000000000000000029
:1007D0000000000000000000000000000000000019
:1007E0000000000000000000000000000000000009
:1007F00000000000000000000000000000000000F9
:1008000000000000000000000000000000000000E8
:1008100000000000000000000000000000000000D8
:1008200000000000000000000000000000000000C8
:1008300000000000000000000000000000000000B8
:1008400000000000000000000000000000000000A8
:100850000000000000000000000000000000000098
:100860000000000000000000000000000000000088
:100870000000000000000000000000000000000078
:100880000000000000000000000000000000000068
:100890000000000000000000000000000000000058
:1008A0000000000000000000000000000000000048
:1008B0000000000000000000000000000000000038
:1008C0000000000000000000000000000000000028
:1008D0000000000000000000000000000000000018
:1008E0000000000000000000000000000000000008
:1008F00000000000000000000000000000000000F8
:1009000000000000000000000000000000000000E7
:1009100000000000000000000000000000000000D7
:1009200000000000000000000000000000000000C7
:1009300000000000000000000000000000000000B7
:1009400000000000000000000000000000000000A7
:100950000000000000000000000000000000000097
:100960000000000000000000000000000000000087
:100970000000000000000000000000000000000077
:100980000000000000000000000000000000000067
:100990000000000000000000000000000000000057
:1009A0000000000000000000000000000000000047
:1009B0000000000000000000000000000000000037
:1009C0000000000000000000000000000000000027
:1009D0000000000000000000000000000000000017
:1009E0000000000000000000000000000000000007
:1009F00000000000000000000000000000000000F7
:100A000000000000000000000000000000000000E6
:100A100000000000000000000000000000000000D6
:100A200000000000000000000000000000000000C6
:100A300000000000000000000000000000000000B6
:100A400000000000000000000000000000000000A6
:100A50000000000000000000000000000000000096
:100A60000000000000000000000000000000000086
:100A70000000000000000000000000000000000076
:100A80000000000000000000000000000000000066
:100A90000000000000000000000000000000000056
:100AA0000000000000000000000000000000000046
:100AB0000000000000000000000000000000000036
:100AC0000000000000000000000000000000000026
:100AD0000000000000000000000000000000000016
:100AE0000000000000000000000000000000000006
:100AF00000000000000000000000000000000000F6
:100B000000000000000000000000000000000000E5
:100B100000000000000000000000000000000000D5
:100B200000000000000000000000000000000000C5
:100B300000000000000000000000000000000000B5
:100B400000000000000000000000000000000000A5
:100B50000000000000000000000000000000000095
:100B60000000000000000000000000000000000085
:100B70000000000000000000000000000000000075
:100B80000000000000000000000000000000000065
:100B90000000000000000000000000000000000055
:100BA0000000000000000000000000000000000045
:100BB0000000000000000000000000000000000035
:100BC0000000000000000000000000000000000025
:100BD0000000000000000000000000000000000015
:100BE0000000000000000000000000000000000005
:100BF00000000000000000000000000000000000F5
:100C000000000000000000000000000000000000E4
:100C100000000000000000000000000000000000D4
:100C200000000000000000000000000000000000C4
:100C300000000000000000000000000000000000B4
:100C400000000000000000000000000000000000A4
:100C50000000000000000000000000000000000094
:100C60000000000000000000000000000000000084
:100C70000000000000000000000000000000000074
:100C80000000000000000000000000000000000064
:100C90000000000000000000000000000000000054
:100CA0000000000000000000000000000000000044
:100CB0000000000000000000000000000000000034
:100CC0000000000000000000000000000000000024
:100CD0000000000000000000000000000000000014
:100CE0000000000000000000000000000000000004
:100CF00000000000000000000000000000000000F4
:100D000000000000000000000000000000000000E3
:100D100000000000000000000000000000000000D3
:100D200000000000000000000000000000000000C3
:100D300000000000000000000000000000000000B3
:100D400000000000000000000000000000000000A3
:100D50000000000000000000000000000000000093
:100D60000000000000000000000000000000000083
:100D70000000000000000000000000000000000073
:100D80000000000000000000000000000000000063
:100D90000000000000000000000000000000000053
:100DA0000000000000000000000000000000000043
:100DB0000000000000000000000000000000000033
:100DC0000000000000000000000000000000000023
:100DD0000000000000000000000000000000000013
:100DE0000000000000000000000000000000000003
:100DF00000000000000000000000000000000000F3
:100E000000000000000000000000000000000000E2
:100E100000000000000000000000000000000000D2
:100E200000000000000000000000000000000000C2
:100E300000000000000000000000000000000000B2
:100E400000000000000000000000000000000000A2
:100E50000000000000000000000000000000000092
:100E60000000000000000000000000000000000082
:100E70000000000000000000000000000000000072
:100E80000000000000000000000000000000000062
:100E90000000000000000000000000000000000052
:100EA0000000000000000000000000000000000042
:100EB0000000000000000000000000000000000032
:100EC0000000000000000000000000000000000022
:100ED0000000000000000000000000000000000012
:100EE0000000000000000000000000000000000002
:100EF00000000000000000000000000000000000F2
:100F000000000000000000000000000000000000E1
:100F100000000000000000000000000000000000D1
:100F200000000000000000000000000000000000C1
:100F300000000000000000000000000000000000B1
:100F400000000000000000000000000000000000A1
:100F50000000000000000000000000000000000091
:100F60000000000000000000000000000000000081
:100F70000000000000000000000000000000000071
:100F80000000000000000000000000000000000061
:100F90000000000000000000000000000000000051
:100FA0000000000000000000000000000000000041
:100FB0000000000000000000000000000000000031
:100FC0000000000000000000000000000000000021
:100FD0000000000000000000000000000000000011
:100FE0000000000000000000000000000000000001
:100FF00000000000000000000000000000000000F1
:1010000000000000000000000000000000000000E0
:1010100000000000000000000000000000000000D0
:1010200000000000000000000000000000000000C0
:1010300000000000000000000000000000000000B0
:1010400000000000000000000000000000000000A0
:101050000000000000000000000000000000000090
:101060000000000000000000000000000000000080
:101070000000000000000000000000000000000070
:101080000000000000000000000000000000000060
:101090000000000000000000000000000000000050
:1010A0000000000000000000000000000000000040
:1010B0000000000000000000000000000000000030
:1010C0000000000000000000000000000000000020
:1010D0000000000000000000000000000000000010
:1010E0000000000000000000000000000000000000
:1010F00000000000000000000000000000000000F0
:1011000000000000000000000000000000000000DF
:1011100000000000000000000000000000000000CF
:1011200000000000000000000000000000000000BF
:1011300000000000000000000000000000000000AF
:10114000000000000000000000000000000000009F
:10115000000000000000000000000000000000008F
:10116000000000000000000000000000000000007F
:10117000000000000000000000000000000000006F
:10118000000000000000000000000000000000005F
:10119000000000000000000000000000000000004F
:1011A000000000000000000000000000000000003F
:1011B000000000000000000000000000000000002F
:1011C000000000000000000000000000000000001F
:1011D000000000000000000000000000000000000F
:1011E00000000000000000000000000000000000FF
:1011F00000000000000000000000000000000000EF
:1012000000000000000000000000000000000000DE
:1012100000000000000000000000000000000000CE
:1012200000000000000000000000000000000000BE
:1012300000000000000000000000000000000000AE
:10124000000000000000000000000000000000009E
:10125000000000000000000000000000000000008E
:10126000000000000000000000000000000000007E
:10127000000000000000000000000000000000006E
:10128000000000000000000000000000000000005E
:10129000000000000000000000000000000000004E
:1012A000000000000000000000000000000000003E
:1012B000000000000000000000000000000000002E
:1012C000000000000000000000000000000000001E
:1012D000000000000000000000000000000000000E
:1012E00000000000000000000000000000000000FE
:1012F00000000000000000000000000000000000EE
:1013000000000000000000000000000000000000DD
:1013100000000000000000000000000000000000CD
:1013200000000000000000000000000000000000BD
:1013300000000000000000000000000000000000AD
:10134000000000000000000000000000000000009D
:10135000000000000000000000000000000000008D
:10136000000000000000000000000000000000007D
:10137000000000000000000000000000000000006D
:10138000000000000000000000000000000000005D
:10139000000000000000000000000000000000004D
:1013A000000000000000000000000000000000003D
:1013B000000000000000000000000000000000002D
:1013C000000000000000000000000000000000001D
:1013D000000000000000000000000000000000000D
:1013E00000000000000000000000000000000000FD
:1013F00000000000000000000000000000000000ED
:1014000000000000000000000000000000000000DC
:1014100000000000000000000000000000000000CC
:1014200000000000000000000000000000000000BC
:1014300000000000000000000000000000000000AC
:10144000000000000000000000000000000000009C
:10145000000000000000000000000000000000008C
:10146000000000000000000000000000000000007C
:10147000000000000000000000000000000000006C
:10148000000000000000000000000000000000005C
:10149000000000000000000000000000000000004C
:1014A000000000000000000000000000000000003C
:1014B000000000000000000000000000000000002C
:1014C000000000000000000000000000000000001C
:1014D000000000000000000000000000000000000C
:1014E00000000000000000000000000000000000FC
:1014F00000000000000000000000000000000000EC
:1015000000000000000000000000000000000000DB
:1015100000000000000000000000000000000000CB
:1015200000000000000000000000000000000000BB
:1015300000000000000000000000000000000000AB
:10154000000000000000000000000000000000009B
:10155000000000000000000000000000000000008B
:10156000000000000000000000000000000000007B
:10157000000000000000000000000000000000006B
:10158000000000000000000000000000000000005B
:10159000000000000000000000000000000000004B
:1015A000000000000000000000000000000000003B
:1015B000000000000000000000000000000000002B
:1015C000000000000000000000000000000000001B
:1015D000000000000000000000000000000000000B
:1015E00000000000000000000000000000000000FB
:1015F00000000000000000000000000000000000EB
:1016000000000000000000000000000000000000DA
:1016100000000000000000000000000000000000CA
:1016200000000000000000000000000000000000BA
:1016300000000000000000000000000000000000AA
:10164000000000000000000000000000000000009A
:10165000000000000000000000000000000000008A
:10166000000000000000000000000000000000007A
:10167000000000000000000000000000000000006A
:10168000000000000000000000000000000000005A
:10169000000000000000000000000000000000004A
:1016A000000000000000000000000000000000003A
:1016B000000000000000000000000000000000002A
:1016C000000000000000000000000000000000001A
:1016D000000000000000000000000000000000000A
:1016E00000000000000000000000000000000000FA
:1016F00000000000000000000000000000000000EA
:1017000000000000000000000000000000000000D9
:1017100000000000000000000000000000000000C9
:1017200000000000000000000000000000000000B9
:1017300000000000000000000000000000000000A9
:101740000000000000000000000000000000000099
:101750000000000000000000000000000000000089
:101760000000000000000000000000000000000079
:101770000000000000000000000000000000000069
:101780000000000000000000000000000000000059
:101790000000000000000000000000000000000049
:1017A0000000000000000000000000000000000039
:1017B0000000000000000000000000000000000029
:1017C0000000000000000000000000000000000019
:1017D0000000000000000000000000000000000009
:1017E00000000000000000000000000000000000F9
:1017F00000000000000000000000000000000000E9
:1018000000000000000000000000000000000000D8
:1018100000000000000000000000000000000000C8
:1018200000000000000000000000000000000000B8
:1018300000000000000000000000000000000000A8
:101840000000000000000000000000000000000098
:101850000000000000000000000000000000000088
:101860000000000000000000000000000000000078
:101870000000000000000000000000000000000068
:101880000000000000000000000000000000000058
:101890000000000000000000000000000000000048
:1018A0000000000000000000000000000000000038
:1018B0000000000000000000000000000000000028
:1018C0000000000000000000000000000000000018
:1018D0000000000000000000000000000000000008
:1018E00000000000000000000000000000000000F8
:1018F00000000000000000000000000000000000E8
:1019000000000000000000000000000000000000D7
:1019100000000000000000000000000000000000C7
:1019200000000000000000000000000000000000B7
:1019300000000000000000000000000000000000A7
:101940000000000000000000000000000000000097
:101950000000000000000000000000000000000087
:101960000000000000000000000000000000000077
:101970000000000000000000000000000000000067
:101980000000000000000000000000000000000057
:101990000000000000000000000000000000000047
:1019A0000000000000000000000000000000000037
:1019B0000000000000000000000000000000000027
:1019C0000000000000000000000000000000000017
:1019D0000000000000000000000000000000000007
:1019E00000000000000000000000000000000000F7
:1019F00000000000000000000000000000000000E7
:101A000000000000000000000000000000000000D6
:101A100000000000000000000000000000000000C6
:101A200000000000000000000000000000000000B6
:101A300000000000000000000000000000000000A6
:101A40000000000000000000000000000000000096
:101A50000000000000000000000000000000000086
:101A60000000000000000000000000000000000076
:101A70000000000000000000000000000000000066
:101A80000000000000000000000000000000000056
:101A90000000000000000000000000000000000046
:101AA0000000000000000000000000000000000036
:101AB0000000000000000000000000000000000026
:101AC0000000000000000000000000000000000016
:101AD0000000000000000000000000000000000006
:101AE00000000000000000000000000000000000F6
:101AF00000000000000000000000000000000000E6
:101B000000000000000000000000000000000000D5
:101B100000000000000000000000000000000000C5
:101B200000000000000000000000000000000000B5
:101B300000000000000000000000000000000000A5
:101B40000000000000000000000000000000000095
:101B50000000000000000000000000000000000085
:101B60000000000000000000000000000000000075
:101B70000000000000000000000000000000000065
:101B80000000000000000000000000000000000055
:101B90000000000000000000000000000000000045
:101BA0000000000000000000000000000000000035
:101BB0000000000000000000000000000000000025
:101BC0000000000000000000000000000000000015
:101BD0000000000000000000000000000000000005
:101BE00000000000000000000000000000000000F5
:101BF00000000000000000000000000000000000E5
:101C000000000000000000000000000000000000D4
:101C100000000000000000000000000000000000C4
:101C200000000000000000000000000000000000B4
:101C300000000000000000000000000000000000A4
:101C40000000000000000000000000000000000094
:101C50000000000000000000000000000000000084
:101C60000000000000000000000000000000000074
:101C70000000000000000000000000000000000064
:101C80000000000000000000000000000000000054
:101C90000000000000000000000000000000000044
:101CA0000000000000000000000000000000000034
:101CB0000000000000000000000000000000000024
:101CC0000000000000000000000000000000000014
:101CD0000000000000000000000000000000000004
:101CE00000000000000000000000000000000000F4
:101CF00000000000000000000000000000000000E4
:101D000000000000000000000000000000000000D3
:101D100000000000000000000000803F797AC6B596
:101D2000A54A553F80920DBF2DD5C63E58E86BBFE2
:101D300037853EBEB3877BBFC9C832BF243A37BFA1
:101D400011497ABF912757BEBF466EBFA331BB3E34
:101D500099C312BFC4C0513F6E0AC9BC43EC7F3F58
:101D6000944B083FA0B3583F9165693F085AD23E53
:101D70008B9F7C3F8AC525BE3D8F3B3FDD3B2EBF01
:101D8000BBA86F3ED6E378BF3771AFBE688070BF27
:101D900089164EBF14DE17BF10B17FBF2DFB48BDA3
:101DA00034FB5BBFA1EF023F75BEDDBECDBE663F1B
:101DB00052EC0C3E6E907D3F1694293F66C73F3F24
:101DC0003B58773F7002843EFA94723FC495A3BE9D
:101DD00021E11C3F874C4ABF16A9963D6F4E7FBF3D
:101DE000F6FEFABEDD205FBF73F463BFB900E9BE43
:101DF000385A7EBFA0FAE73DFFE143BF26D2243F19
:101E0000271C90BE7BA6753F1BA1973E2184743F83
:101E10005563463FFACB213F6FC47E3F38BDC83D76
:101E20001C24623FFBF7EFBE0D1FF43EF30661BFBB
:101E3000CBF8B5BDCBFC7EBFCAF61FBF66DE47BF81
:101E4000D9CE73BFAE1F9CBE954D76BF09958B3E14
:101E5000E19D26BF895B423F5EB2FABD23137E3F00
:101E600003CCE43E7904653FC1F65D3FB417FF3E05
:101E70000B787F3F06DB83BDFBBB4B3FC6021BBF1E
:101E8000240BA83EA0D171BFDAE67EBE11F177BF68
:101E9000C3353EBF1A562BBFA93A7DBF7E4016BE42
:101EA00084C167BFBB7CD93E81F404BF50C45A3F94
:101EB000F651233DE3CB7F3FDDF6153F227A4F3FBE
:101EC00020AF6F3FA9DCB33E536E793F647C66BEA2
:101ED000E9F32F3FADF239BFAB102F3E273B7CBF5C
:101EE000E40BCEBED65A6ABF217057BFAA480ABFBC
:101EF00045F87FBFBA517B3C461853BFCED3103F45
:101F00006B92BFBEA5676D3F6FEE4D3E1CC57A3F1D
:101F1000EE92353F9576343FC5147B3FCBC5473EA7
:101F20000AD06C3F537BC2BE85870F3FBEFA53BFBA
:101F3000E4CB163C31FD7FBF659A0BBFDD9556BFE4
:101F400086FB6ABFA62ACBBE32F57BBFA440353ED6
:101F500069DD38BF2B17313F135C60BEACC7793FDA
:101F6000CFCCB63EBC206F3FB364503F3DB0143F72
:101F7000A9DA7F3F52340A3D5FF2593F784B06BFE2
:101F800091A3D63E2A6B68BFD3761CBE6CFE7CBF85
:101F900014802CBFBD273DBF0A5478BFD2CF78BE76
:101FA000884C71BF1302AB3EFEC119BF7DAE4C3FE2
:101FB00005A06EBDA5907F3FE2E7003F4F2D5D3F3E
:101FC0001CB7653F7BFBE13E6DE07D3FCF9403BED8
:101FD0000E53413FC7CC27BF6C89883EB0B076BF57
:101FE0004C0B9FBE2E3873BFCAA248BF73911EBF51
:101FF0007A8C7EBF1112A9BD5A4A5FBFAECBF53EA7
:102000006A4EEBBE7F12613F865CD23D8E2B7B3FDA
:102010001C751F3FA816413FDBBD6C3F35A18F3EAD
:1020200030FF683F37CC8BBEBDFB173F65E436BF42
:1020300081ECC53D958465BF8FBACCBEDF4B45BFF3
:102040000B6B39BF3B97CDBE287047BF79147F3DDE
:10205000C1BD12BF057DE63E7F7E57BED613233F2E
:10206000AD6B243EEE53163F24C3D13EFE32B73E45
:10207000709BF23E14C5803D95D9BD3EED5139BEF1
:10208000901E353EEF4A9ABEBB1983BC9B3894BE66
:10209000CA2C10BEC02741BEB1FB33BE19CC80BDD7
:1020A00030870FBEFFEF0D3D4B8196BDA305A43DCC
:1020B0006EE64ABCD0C3A03DDCFABF3CEA92513D7B
:1020C00054EE053D6830A63CD935CF3C0F8E4BBA57
:1020D0005DE8543CABEF16BC4CE7603B53C811BC09
:1020E000758F98BAB54BACBB9AC405BB3BF600BB29
:1020F000D967B0BAB76E81B9A5200EBAA96673398F
:10210000DFDDF8B88AB23E39DA518735656C82383E
:10211000CB18B33675B909370000803FEDF033B501
:10212000FE27563FC8420CBF8E9BCC3E7AAB6ABF9F
:10213000FFF72BBE3B5D7CBFDE3B2EBF3D8F3BBF21
:10214000878478BF5DC375BE588F71BFC686A93EB0
:1021500098A21BBFFB414B3FF9A896BD6D4E7F3F38
:10216000CA40F83EE8E45F3F1082623F7894EE3E5A
:10217000D4D77E3F347CC2BD67DE473FCAF61FBF5F
:10218000E41C9F3E0F5373BFCC8685BE192477BFD6
:10219000FD413FBF812A2ABFAD3A7DBF844016BEB4
:1021A000396B68BF9AA3D63E34A107BF6A1E593F58
:1021B00091EAAF3CE2F07F3FCDD3103F4818533F48
:1021C00007D06C3F567BC23EFE617B3F349B41BED5
:1021D00058C6373FAA3832BF1D5C603E9FC779BFE3
:1021E000A4DCB3BE1EAF6FBF908D4EBF083C17BFBF
:1021F000E2A67FBF088855BD512D5DBFE4E7003FD3
:10220000FACBE4BE7804653F7E38EE3D22437E3F44
:102210001A38243F3763443F0CFA743F34A0943E8D
:102220007EA6753F2B1C90BE0E05263F2ADE42BFC0
:102230004F77003E3BFA7DBF4D92E0BE890F66BFEF
:1022400033FB5BBF9FEF02BF8CC37FBF11E02F3D0D
:10225000A4EF4FBFB653153F2544B8BE9CD86E3F80
:102260009227573E0F497A3F6D20363FBEE7333FF6
:102270003BED7A3F58DA4A3E98B26D3F491DBEBEEB
:102280009FC3123FC4C051BFF849FB3C2AE17FBF46
:102290002BA005BFA05B5ABFD46B67BF7CE8DABE3A
:1022A00069907DBF4DEC0C3ED6D040BF0466283F00
:1022B000F4118ABE1A84763F88A09A3EE00B743FE0
:1022C0005763463FFFCB213FCF9B7E3FCF3DD53D60
:1022D000B298633F8166EABE2D5DFC3E06BE5EBFDE
:1022E000FCDA83BD06787FBFFDC119BF75AE4CBF58
:1022F000FBC470BF35F7ADBE921279BF829A6C3EB7
:10230000E4F32FBFADF2393F974035BE36F57B3F42
:102310008247C83E029A6B3F38DB543FE0390E3F9C
:102320003FFD7F3F17CC163C2770573FAB480ABF95
:1023300029EBD03EDDB769BFACAB22BEC0BF7CBFCE
:1023400009802CBFB1273DBF0EF177BFD5E67EBE19
:10235000735472BFA612A53ED67F1DBF1CD1493F44
:10236000BF73A9BD551F7F3F0B1FF43EF906613FA8
:102370008766613F47BDF23E4F0E7F3F5CB6AFBD03
:102380001A55493F191E1EBFC595A33EF29472BF50
:10239000C4F880BEBCBE77BF04AF3DBF50EB2BBFBF
:1023A00076DF7CBF74911FBE8C6569BF0B5AD23E2D
:1023B000459F09BF73DC573F430E493C0DFB7F3FF0
:1023C000E3E00E3F4D6B543F1DE86B3F02D5C63E28
:1023D000F0CE7B3F205638BE4161393F0C7F30BF85
:1023E000EC71693E362579BF2142AFBECF3F70BF49
:1023F000EAB04CBFE8C818BFCB657EBF36117ABDC6
:10240000D3965CBF2BB7FB3E32DBE5BE5EE0603FA0
:1024100039B4D63D27FA783F02F21C3F143D3F3FC6
:10242000211F683F8B81913EB5CA643F83A881BE5E
:10243000A051173F18562EBF6D4EEF3DA63F5CBF13
:10244000CC76B6BE595F3FBF98F92ABFBBD1CFBE8D
:10245000B67A3ABFFD75C93CB46A0CBF09C9C53E1E
:102460008BB265BE9CE1103FA307E03DBD67083F0E
:102470007085AC3E5795AD3ECCACCE3E9B03AF3D98
:1024800026B8A63E57CC01BE9A702C3EC5AE71BE92
:10249000CCC2193C50D670BE818CC4BDD8F523BEC9
:1024A000181105BEE2E180BDEFC3DCBDC7D5643CB9
:1024B000D42177BD16DB533DE86880BC8C645D3D5C
:1024C00029DC383C0AB0163D5A709F3CD07D843CD4
:1024D00063A4813C0369EC3AC08B0B3C53808CBBFA
:1024E00024C2303BD9B998BBBCC623B93B9139BB98
:1024F000C5D754BA908B90BA2A0911BAA60058B918
:10250000424B5DB9D0E14A38560130B8FCE0393869
:102510003BAC0DB6946526370000803FEDF03335B7
:102520004703573FB8F10ABF075AD23E926569BFC9
:10253000E75B19BEDE1C7DBF169429BF67C73FBF8E
:102540001C8476BFF8118ABE238474BF16A1973EFF
:102550001B3824BF3763443F7EB2FABD23137E3F4E
:10256000A628DF3E7167663F50C45A3F84F4043F9B
:1025700005E77F3F8D2AE2BC4918533FCED310BFF9
:102580005A62C53E26366CBFA04035BE33F57BBFD0
:10259000F9CE2EBF2A063BBFF95378BFCCCF78BE09
:1025A000705472BF9D12A53E12BC1EBFB2D8483FE8
:1025B000427CC2BDD2D77E3FB9CBEB3E593C633F94
:1025C000A75A5E3FBBBAFD3E1A9C7F3F7C1462BD9A
:1025D00018044F3FA19916BF2844B83EA1D86EBF3A
:1025E000F80151BE5B9C7ABFBDE733BF6C2036BF9C
:1025F0005DF379BF1A4B5DBE72F56FBFEC63B23EFF
:102600000F2119BFFB264D3F12208ABDC66A7F3FAE
:10261000C840F83EE9E45F3F99C5613FEA5AF13EA0
:102620004C1F7F3FC973A9BD81C74A3F10421CBFE1
:10263000FF01AB3E7D4C71BF859A6CBE991279BF8C
:1026400064DD38BF221731BFF9617BBF389B41BEC3
:102650009F676DBF6A92BF3E2A6813BF3A4D513FD4
:10266000D95123BDE1CB7F3FB242023FC8615C3FFD
:102670007D04653FFFCBE43EB5707E3F44BCE1BDC9
:102680005563463FFFCB21BF759E9D3E419173BF71
:10269000710284BE395877BFF6AE3DBF47EB2BBF02
:1026A000859F7CBF8EC525BE78AB6ABF859BCC3E1F
:1026B00081920DBFA24A553FAC0E49BC13FB7F3F30
:1026C000964B083FA6B3583FAF16683F6D10D83EF3
:1026D00073907D3F58EC0CBE70D8413F593627BFF0
:1026E000281C903E78A675BFDA9D91BE916D75BF8E
:1026F000825B42BFE09D26BFC6AB7DBF8BCF09BECC
:1027000088C167BFB57CD93E39A107BF6E1E593F4E
:102710006A517B3C52F87F3FE0390E3F38DB543F33
:1027200092FB6A3FAD2ACB3EAF7E7C3F08DF28BEDE
:10273000B2273D3F0C802CBFBA7D823EBC8B77BF59
:10274000D81C9FBE065373BF26E246BFF82F21BF99
:102750008F867EBF4F7DDBBD63AA64BF7B33E63EC1
:10276000799501BFDBC75C3F23E02F3D95C37F3FD9
:10277000610C143F33D9503F8BB26D3F3B1DBE3EC1
:102780009F3B7B3FBDB044BE1052383F1AA831BFBB
:10279000C18B693EC44079BFD87CACBE150971BFFE
:1027A00000424BBFA1A21BBF992F7FBFA030A3BD8A
:1027B0007E6661BF33BDF23EC5E0F6BE1E46603F99
:1027C000D964903DFC5C7F3FDFC1193F45AE4C3F73
:1027D000F638703F19E9B03E2BBE793FA15360BE79
:1027E000AA44333F519936BF1DB74D3EBD817ABFD4
:1027F0002F50B9BEA8066EBF2D914EBF7E4E15BF9D
:10280000679F7DBF49D653BD60F75ABFCFA5FB3E3A
:10281000654AE5BE91A25E3FEDFDC13D0634763FBF
:10282000DE6A173F63623E3FD155613F63F4973ED6
:1028300090C15F3FC41C63BE1747173FF8D822BF43
:10284000088B133EDFC550BF3C659BBE035F38BF9E
:10285000F92D1ABF792BD2BEB2B12BBFDEDF86BCF9
:1028600050EE04BF3CB2A23EA83B71BEA506FB3EA3
:1028700060A0753DEBCCF23E5903883E53A5A13EC6
:10288000B80AAB3EA1D5D13DF6D28E3EE8E0A1BD5F
:10289000601B1F3E590D35BEFF63E03C6C163DBE0C
:1028A000E49F74BDB09B06BEEF56BBBDAD7E70BD50
:1028B0002AC1A2BDE71D8039D33841BD146AFB3C53
:1028C0005EA080BCAFE50F3DDB637D3B98DECC3C7A
:1028D0006C752D3C94F8423CDD91163CFAB4263BD5
:1028E0000961A83BC413D3BA2687ED3A93F30EBB14
:1028F0007ECC2A39C838B2BAC7E987B95F0B0BBAA0
:10290000FA3642B92327EBB8CFEC7FB834A5B235FD
:10291000C7C409B7FC9EC7360000803F797AC63528
:102920007EDC573F509F09BF6810D83EA91668BF8C
:1029300076B206BE8DC67DBF27D224BF00E243BF5C
:102940004C4874BFFE2099BE182477BFCD86853EC3
:1029500010802CBFB7273D3FAA102FBE283B7C3FDD
:102960005962C53E25366C3FC633523FB11E123FF9
:10297000E3CB7F3FC451233D532D5D3FE6E700BFCE
:102980007F66EA3EAE9863BFD33ABCBD9EEA7EBF87
:1029900021E11CBF874C4ABF090971BFD47CACBE82
:1029A000439B79BF7E6C633EBDE733BF6A20363FF1
:1029B000972757BE10497A3FEC63B23E74F56F3FDC
:1029C00078354C3F93621A3F9F2F7F3F8630A33D5F
:1029D0001A24623F00F8EFBE255DFC3E08BE5EBFD4
:1029E000288855BDE4A67FBF3AB014BFAF6450BF7E
:1029F000A1676DBF7092BFBECDAC7BBFC76E3B3EC3
:102A00002B063BBFF5CE2E3FE9E67EBE10F1773FA9
:102A1000DE1C9F3E0F53733F05E4453F9A67223FFC
:102A2000742B7E3FB875F43DCDBE663F7FBEDDBEE4
:102A300085F6063FAF8859BFD90E49BC11FB7FBF51
:102A4000C8420CBFFD2756BF8F6569BF0B5AD2BE67
:102A5000DD577DBFC024133E72D841BF5436273F97
:102A6000391F93BE1D34753F07958B3E994D763FB8
:102A7000FF413F3F812A2A3FCDBF7C3FB0AB223E82
:102A80008CFB6A3FB32ACBBE83870F3FC4FA53BF88
:102A9000642AE23C03E77FBF3A9C03BF18945BBF04
:102AA000750465BF00CCE4BEC89B7EBFA23DD53D8A
:102AB000CD5B48BF9E591F3F188FA6BE5613723F6D
:102AC000B7A86F3EDBE3783F1A52383F1FA8313F6B
:102AD0003AED7A3F48DA4A3E9CD86E3F2D44B8BE64
:102AE0000FDE173F86164EBF08208A3DC26A7FBFA1
:102AF0002D80F5BECCA660BF1E4660BFCEE0F6BE00
:102B00000B787FBFF3DA833D978D4EBF093C173FAB
:102B100026BBB9BEFF8F6E3FCBC5473EC5147B3F7A
:102B20002617313F65DD383F77B4783F42B6723EB5
:102B30006754723F9D12A5BEC4F61F3F5EDE47BFBD
:102B40003C7DDB3D84867EBFF663E3BE0E5E65BFE3
:102B50007F2C5BBF914804BF51EC7FBF560AC93C34
:102B6000476B54BFE1E00E3F8E9BCCBE80AB6A3F0B
:102B700081911F3E66DF7C3F0D94293F5AC73F3F3E
:102B80006C16763FB1178D3E906D753FDC9D91BE02
:102B900066CE273FE55441BF9940163EBD3A7DBF02
:102BA00030EBD0BEF4B769BF92B955BFD5EA0CBFC0
:102BB0003EF87FBFDD517BBC66F259BF804B063FBC
:102BC000B128DFBE7F67663F5638EE3DDF427E3F6D
:102BD00075CA213F6F61463F140B733FCC94A03EF2
:102BE0006807783FD2BF7BBE92322F3F924A3ABFEE
:102BF000AD173E3EF2F67ABFD447BDBEBEA76CBF4E
:102C000023494EBF4E2414BF68287CBFD6065FBD43
:102C1000A6435ABF4486F53EDD3DE9BEB02E5A3F7D
:102C20003B1D953D668A723F81D30E3F1C213E3F7E
:102C30007322583FAB30A23E9173593F992338BE5F
:102C4000E448173F6D8614BF6622343EB4F042BF9D
:102C50002A4779BEE4DE2FBF2C6507BFAF53D3BE32
:102C600060241BBF62CB6CBD5EFDF7BE537B7D3E17
:102C7000F7C277BE7710D33E64D3783CC11CD33EF5
:102C80005F544B3E7136933EDBCB883E9298E63DD7
:102C9000509B6D3E23E921BD73A30D3E875F00BEAF
:102CA000F2FB1B3D309D0EBE60DA03BD949FD4BD88
:102CB000896C78BD3E5552BD046A64BD242AF8BBB8
:102CC0006C180FBD6E26843C8CF75FBCC175AE3CA2
:102CD000EF244FB87D7D823C2B2CA73B2103043C85
:102CE000B5C09F3B5AED153B1344383B562EBFB938
:102CF000FD89893A753566BA58813A39526813BAEE
:102D0000B35669B8E41A5CB9576F3EB8AD4E32B8E5
:102D10009F3222B7706FD0B50000000000000000A5
:102D200000000000000000000000000000000000A3
:102D30000000000000000000000000000000000093
:102D40000000000000000000000000000000000083
:102D50000000000000000000000000000000000073
:102D60000000000000000000000000000000000063
:102D70000000000000000000000000000000000053
:102D80000000000000000000000000000000000043
:102D90000000000000000000000000000000000033
:102DA0000000000000000000000000000000000023
:102DB0000000000000000000000000000000000013
:102DC0000000000000000000000000000000000003
:102DD00000000000000000000000000000000000F3
:102DE00000000000000000000000000000000000E3
:102DF00000000000000000000000000000000000D3
:102E000000000000000000000000000000000000C2
:102E100000000000000000000000000000000000B2
:102E200000000000000000000000000000000000A2
:102E30000000000000000000000000000000000092
:102E40000000000000000000000000000000000082
:102E50000000000000000000000000000000000072
:102E60000000000000000000000000000000000062
:102E70000000000000000000000000000000000052
:102E80000000000000000000000000000000000042
:102E90000000000000000000000000000000000032
:102EA0000000000000000000000000000000000022
:102EB0000000000000000000000000000000000012
:102EC0000000000000000000000000000000000002
:102ED00000000000000000000000000000000000F2
:102EE00000000000000000000000000000000000E2
:102EF00000000000000000000000000000000000D2
:102F000000000000000000000000000000000000C1
:102F100000000000000000000000000000000000B1
:102F200000000000000000000000000000000000A1
:102F30000000000000000000000000000000000091
:102F40000000000000000000000000000000000081
:102F50000000000000000000000000000000000071
:102F60000000000000000000000000000000000061
:102F70000000000000000000000000000000000051
:102F80000000000000000000000000000000000041
:102F90000000000000000000000000000000000031
:102FA0000000000000000000000000000000000021
:102FB0000000000000000000000000000000000011
:102FC0000000000000000000000000000000000001
:102FD00000000000000000000000000000000000F1
:102FE00000000000000000000000000000000000E1
:102FF00000000000000000000000000000000000D1
:1030000000000000000000000000000000000000C0
:1030100000000000000000000000000000000000B0
:1030200000000000000000000000000000000000A0
:103030000000000000000000000000000000000090
:103040000000000000000000000000000000000080
:103050000000000000000000000000000000000070
:103060000000000000000000000000000000000060
:103070000000000000000000000000000000000050
:103080000000000000000000000000000000000040
:103090000000000000000000000000000000000030
:1030A0000000000000000000000000000000000020
:1030B0000000000000000000000000000000000010
:1030C0000000000000000000000000000000000000
:1030D00000000000000000000000000000000000F0
:1030E00000000000000000000000000000000000E0
:1030F00000000000000000000000000000000000D0
:1031000000000000000000000000000000000000BF
:1031100000000000000000000000000000000000AF
:10312000000000000000000000000000000000009F
:10313000000000000000000000000000000000008F
:10314000000000000000000000000000000000007F
:10315000000000000000000000000000000000006F
:10316000000000000000000000000000000000005F
:10317000000000000000000000000000000000004F
:10318000000000000000000000000000000000003F
:10319000000000000000000000000000000000002F
:1031A000000000000000000000000000000000001F
:1031B000000000000000000000000000000000000F
:1031C00000000000000000000000000000000000FF
:1031D00000000000000000000000000000000000EF
:1031E00000000000000000000000000000000000DF
:1031F00000000000000000000000000000000000CF
:1032000000000000000000000000000000000000BE
:1032100000000000000000000000000000000000AE
:10322000000000000000000000000000000000009E
:10323000000000000000000000000000000000008E
:10324000000000000000000000000000000000007E
:10325000000000000000000000000000000000006E
:10326000000000000000000000000000000000005E
:10327000000000000000000000000000000000004E
:10328000000000000000000000000000000000003E
:10329000000000000000000000000000000000002E
:1032A000000000000000000000000000000000001E
:1032B000000000000000000000000000000000000E
:1032C00000000000000000000000000000000000FE
:1032D00000000000000000000000000000000000EE
:1032E00000000000000000000000000000000000DE
:1032F00000000000000000000000000000000000CE
:1033000000000000000000000000000000000000BD
:1033100000000000000000000000000000000000AD
:10332000000000000000000000000000000000009D
:10333000000000000000000000000000000000008D
:10334000000000000000000000000000000000007D
:10335000000000000000000000000000000000006D
:10336000000000000000000000000000000000005D
:10337000000000000000000000000000000000004D
:10338000000000000000000000000000000000003D
:10339000000000000000000000000000000000002D
:1033A000000000000000000000000000000000001D
:1033B000000000000000000000000000000000000D
:1033C00000000000000000000000000000000000FD
:1033D00000000000000000000000000000000000ED
:1033E00000000000000000000000000000000000DD
:1033F00000000000000000000000000000000000CD
:1034000000000000000000000000000000000000BC
:1034100000000000000000000000000000000000AC
:10342000000000000000000000000000000000009C
:10343000000000000000000000000000000000008C
:10344000000000000000000000000000000000007C
:10345000000000000000000000000000000000006C
:10346000000000000000000000000000000000005C
:10347000000000000000000000000000000000004C
:10348000000000000000000000000000000000003C
:10349000000000000000000000000000000000002C
:1034A000000000000000000000000000000000001C
:1034B000000000000000000000000000000000000C
:1034C00000000000000000000000000000000000FC
:1034D00000000000000000000000000000000000EC
:1034E00000000000000000000000000000000000DC
:1034F00000000000000000000000000000000000CC
:1035000000000000000000000000000000000000BB
:1035100000000000000000000000000000000000AB
:10352000000000000000000000000000000000009B
:10353000000000000000000000000000000000008B
:10354000000000000000000000000000000000007B
:10355000000000000000000000000000000000006B
:10356000000000000000000000000000000000005B
:10357000000000000000000000000000000000004B
:10358000000000000000000000000000000000003B
:10359000000000000000000000000000000000002B
:1035A000000000000000000000000000000000001B
:1035B000000000000000000000000000000000000B
:1035C00000000000000000000000000000000000FB
:1035D00000000000000000000000000000000000EB
:1035E00000000000000000000000000000000000DB
:1035F00000000000000000000000000000000000CB
:1036000000000000000000000000000000000000BA
:1036100000000000000000000000000000000000AA
:10362000000000000000000000000000000000009A
:10363000000000000000000000000000000000008A
:10364000000000000000000000000000000000007A
:10365000000000000000000000000000000000006A
:10366000000000000000000000000000000000005A
:10367000000000000000000000000000000000004A
:10368000000000000000000000000000000000003A
:10369000000000000000000000000000000000002A
:1036A000000000000000000000000000000000001A
:1036B000000000000000000000000000000000000A
:1036C00000000000000000000000000000000000FA
:1036D00000000000000000000000000000000000EA
:1036E00000000000000000000000000000000000DA
:1036F00000000000000000000000000000000000CA
:1037000000000000000000000000000000000000B9
:1037100000000000000000000000000000000000A9
:103720000000000000000000000000000000000099
:103730000000000000000000000000000000000089
:103740000000000000000000000000000000000079
:103750000000000000000000000000000000000069
:103760000000000000000000000000000000000059
:103770000000000000000000000000000000000049
:103780000000000000000000000000000000000039
:103790000000000000000000000000000000000029
:1037A0000000000000000000000000000000000019
:1037B0000000000000000000000000000000000009
:1037C00000000000000000000000000000000000F9
:1037D00000000000000000000000000000000000E9
:1037E00000000000000000000000000000000000D9
:1037F00000000000000000000000000000000000C9
:1038000000000000000000000000000000000000B8
:1038100000000000000000000000000000000000A8
:103820000000000000000000000000000000000098
:103830000000000000000000000000000000000088
:103840000000000000000000000000000000000078
:103850000000000000000000000000000000000068
:103860000000000000000000000000000000000058
:103870000000000000000000000000000000000048
:103880000000000000000000000000000000000038
:103890000000000000000000000000000000000028
:1038A0000000000000000000000000000000000018
:1038B0000000000000000000000000000000000008
:1038C00000000000000000000000000000000000F8
:1038D00000000000000000000000000000000000E8
:1038E00000000000000000000000000000000000D8
:1038F00000000000000000000000000000000000C8
:1039000000000000000000000000000000000000B7
:1039100000000000000000000000000000000000A7
:103920000000000000000000000000000000000097
:103930000000000000000000000000000000000087
:103940000000000000000000000000000000000077
:103950000000000000000000000000000000000067
:103960000000000000000000000000000000000057
:103970000000000000000000000000000000000047
:103980000000000000000000000000000000000037
:103990000000000000000000000000000000000027
:1039A0000000000000000000000000000000000017
:1039B0000000000000000000000000000000000007
:1039C00000000000000000000000000000000000F7
:1039D00000000000000000000000000000000000E7
:1039E00000000000000000000000000000000000D7
:1039F00000000000000000000000000000000000C7
:103A000000000000000000000000000000000000B6
:103A100000000000000000000000000000000000A6
:103A20000000000000000000000000000000000096
:103A30000000000000000000000000000000000086
:103A40000000000000000000000000000000000076
:103A50000000000000000000000000000000000066
:103A60000000000000000000000000000000000056
:103A70000000000000000000000000000000000046
:103A80000000000000000000000000000000000036
:103A90000000000000000000000000000000000026
:103AA0000000000000000000000000000000000016
:103AB0000000000000000000000000000000000006
:103AC00000000000000000000000000000000000F6
:103AD00000000000000000000000000000000000E6
:103AE00000000000000000000000000000000000D6
:103AF00000000000000000000000000000000000C6
:103B000000000000000000000000000000000000B5
:103B100000000000000000000000000000000000A5
:103B20000000000000000000000000000000000095
:103B30000000000000000000000000000000000085
:103B40000000000000000000000000000000000075
:103B50000000000000000000000000000000000065
:103B60000000000000000000000000000000000055
:103B70000000000000000000000000000000000045
:103B80000000000000000000000000000000000035
:103B90000000000000000000000000000000000025
:103BA0000000000000000000000000000000000015
:103BB0000000000000000000000000000000000005
:103BC00000000000000000000000000000000000F5
:103BD00000000000000000000000000000000000E5
:103BE00000000000000000000000000000000000D5
:103BF00000000000000000000000000000000000C5
:103C000000000000000000000000000000000000B4
:103C100000000000000000000000000000000000A4
:103C20000000000000000000000000000000000094
:103C30000000000000000000000000000000000084
:103C40000000000000000000000000000000000074
:103C50000000000000000000000000000000000064
:103C60000000000000000000000000000000000054
:103C70000000000000000000000000000000000044
:103C80000000000000000000000000000000000034
:103C90000000000000000000000000000000000024
:103CA0000000000000000000000000000000000014
:103CB0000000000000000000000000000000000004
:103CC00000000000000000000000000000000000F4
:103CD00000000000000000000000000000000000E4
:103CE00000000000000000000000000000000000D4
:103CF00000000000000000000000000000000000C4
:103D000000000000000000000000000000000000B3
:103D100000000000000000000000000000000000A3
:103D20000000000000000000000000000000000093
:103D30000000000000000000000000000000000083
:103D40000000000000000000000000000000000073
:103D50000000000000000000000000000000000063
:103D60000000000000000000000000000000000053
:103D70000000000000000000000000000000000043
:103D80000000000000000000000000000000000033
:103D90000000000000000000000000000000000023
:103DA0000000000000000000000000000000000013
:103DB0000000000000000000000000000000000003
:103DC00000000000000000000000000000000000F3
:103DD00000000000000000000000000000000000E3
:103DE00000000000000000000000000000000000D3
:103DF00000000000000000000000000000000000C3
:103E000000000000000000000000000000000000B2
:103E100000000000000000000000000000000000A2
:103E20000000000000000000000000000000000092
:103E30000000000000000000000000000000000082
:103E40000000000000000000000000000000000072
:103E50000000000000000000000000000000000062
:103E60000000000000000000000000000000000052
:103E70000000000000000000000000000000000042
:103E80000000000000000000000000000000000032
:103E90000000000000000000000000000000000022
:103EA0000000000000000000000000000000000012
:103EB0000000000000000000000000000000000002
:103EC00000000000000000000000000000000000F2
:103ED00000000000000000000000000000000000E2
:103EE00000000000000000000000000000000000D2
:103EF00000000000000000000000000000000000C2
:103F000000000000000000000000000000000000B1
:103F100000000000000000000000000000000000A1
:103F20000000000000000000000000000000000091
:103F30000000000000000000000000000000000081
:103F40000000000000000000000000000000000071
:103F50000000000000000000000000000000000061
:103F60000000000000000000000000000000000051
:103F70000000000000000000000000000000000041
:103F80000000000000000000000000000000000031
:103F90000000000000000000000000000000000021
:103FA0000000000000000000000000000000000011
:103FB0000000000000000000000000000000000001
:103FC00000000000000000000000000000000000F1
:103FD00000000000000000000000000000000000E1
:103FE00000000000000000000000000000000000D1
:103FF00000000000000000000000000000000000C1
:1040000000000000000000000000000000000000B0
:1040100000000000000000000000000000000000A0
:104020000000000000000000000000000000000090
:104030000000000000000000000000000000000080
:104040000000000000000000000000000000000070
:104050000000000000000000000000000000000060
:104060000000000000000000000000000000000050
:104070000000000000000000000000000000000040
:104080000000000000000000000000000000000030
:104090000000000000000000000000000000000020
:1040A0000000000000000000000000000000000010
:1040B0000000000000000000000000000000000000
:1040C00000000000000000000000000000000000F0
:1040D00000000000000000000000000000000000E0
:1040E00000000000000000000000000000000000D0
:1040F00000000000000000000000000000000000C0
:1041000000000000000000000000000000000000AF
:10411000000000000000000000000000000000009F
:10412000000000000000000000000000000000008F
:10413000000000000000000000000000000000007F
:10414000000000000000000000000000000000006F
:10415000000000000000000000000000000000005F
:10416000000000000000000000000000000000004F
:10417000000000000000000000000000000000003F
:10418000000000000000000000000000000000002F
:10419000000000000000000000000000000000001F
:1041A000000000000000000000000000000000000F
:1041B00000000000000000000000000000000000FF
:1041C00000000000000000000000000000000000EF
:1041D00000000000000000000000000000000000DF
:1041E00000000000000000000000000000000000CF
:1041F00000000000000000000000000000000000BF
:1042000000000000000000000000000000000000AE
:10421000000000000000000000000000000000009E
:10422000000000000000000000000000000000008E
:10423000000000000000000000000000000000007E
:10424000000000000000000000000000000000006E
:10425000000000000000000000000000000000005E
:10426000000000000000000000000000000000004E
:10427000000000000000000000000000000000003E
:10428000000000000000000000000000000000002E
:10429000000000000000000000000000000000001E
:1042A000000000000000000000000000000000000E
:1042B00000000000000000000000000000000000FE
:1042C00000000000000000000000000000000000EE
:1042D00000000000000000000000000000000000DE
:1042E00000000000000000000000000000000000CE
:1042F00000000000000000000000000000000000BE
:1043000000000000000000000000000000000000AD
:10431000000000000000000000000000000000009D
:10432000000000000000000000000000000000008D
:10433000000000000000000000000000000000007D
:10434000000000000000000000000000000000006D
:10435000000000000000000000000000000000005D
:10436000000000000000000000000000000000004D
:10437000000000000000000000000000000000003D
:10438000000000000000000000000000000000002D
:10439000000000000000000000000000000000001D
:1043A000000000000000000000000000000000000D
:1043B00000000000000000000000000000000000FD
:1043C00000000000000000000000000000000000ED
:1043D00000000000000000000000000000000000DD
:1043E00000000000000000000000000000000000CD
:1043F00000000000000000000000000000000000BD
:1044000000000000000000000000000000000000AC
:10441000000000000000000000000000000000009C
:10442000000000000000000000000000000000008C
:10443000000000000000000000000000000000007C
:10444000000000000000000000000000000000006C
:10445000000000000000000000000000000000005C
:10446000000000000000000000000000000000004C
:10447000000000000000000000000000000000003C
:10448000000000000000000000000000000000002C
:10449000000000000000000000000000000000001C
:1044A000000000000000000000000000000000000C
:1044B00000000000000000000000000000000000FC
:1044C00000000000000000000000000000000000EC
:1044D00000000000000000000000000000000000DC
:1044E00000000000000000000000000000000000CC
:1044F00000000000000000000000000000000000BC
:1045000000000000000000000000000000000000AB
:10451000000000000000000000000000000000009B
:10452000000000000000000000000000000000008B
:10453000000000000000000000000000000000007B
:10454000000000000000000000000000000000006B
:10455000000000000000000000000000000000005B
:10456000000000000000000000000000000000004B
:10457000000000000000000000000000000000003B
:10458000000000000000000000000000000000002B
:10459000000000000000000000000000000000001B
:1045A000000000000000000000000000000000000B
:1045B00000000000000000000000000000000000FB
:1045C00000000000000000000000000000000000EB
:1045D00000000000000000000000000000000000DB
:1045E00000000000000000000000000000000000CB
:1045F00000000000000000000000000000000000BB
:1046000000000000000000000000000000000000AA
:10461000000000000000000000000000000000009A
:10462000000000000000000000000000000000008A
:10463000000000000000000000000000000000007A
:10464000000000000000000000000000000000006A
:10465000000000000000000000000000000000005A
:10466000000000000000000000000000000000004A
:10467000000000000000000000000000000000003A
:10468000000000000000000000000000000000002A
:10469000000000000000000000000000000000001A
:1046A000000000000000000000000000000000000A
:1046B00000000000000000000000000000000000FA
:1046C00000000000000000000000000000000000EA
:1046D00000000000000000000000000000000000DA
:1046E00000000000000000000000000000000000CA
:1046F00000000000000000000000000000000000BA
:1047000000000000000000000000000000000000A9
:104710000000000000000000000000000000000099
:104720000000000000000000000000000000000089
:104730000000000000000000000000000000000079
:104740000000000000000000000000000000000069
:104750000000000000000000000000000000000059
:104760000000000000000000000000000000000049
:104770000000000000000000000000000000000039
:104780000000000000000000000000000000000029
:104790000000000000000000000000000000000019
:1047A0000000000000000000000000000000000009
:1047B00000000000000000000000000000000000F9
:1047C00000000000000000000000000000000000E9
:1047D00000000000000000000000000000000000D9
:1047E00000000000000000000000000000000000C9
:1047F00000000000000000000000000000000000B9
:1048000000000000000000000000000000000000A8
:104810000000000000000000000000000000000098
:104820000000000000000000000000000000000088
:104830000000000000000000000000000000000078
:104840000000000000000000000000000000000068
:104850000000000000000000000000000000000058
:104860000000000000000000000000000000000048
:104870000000000000000000000000000000000038
:104880000000000000000000000000000000000028
:104890000000000000000000000000000000000018
:1048A0000000000000000000000000000000000008
:1048B00000000000000000000000000000000000F8
:1048C00000000000000000000000000000000000E8
:1048D00000000000000000000000000000000000D8
:1048E00000000000000000000000000000000000C8
:1048F00000000000000000000000000000000000B8
:1049000000000000000000000000000000000000A7
:104910000000000000000000000000000000000097
:104920000000000000000000000000000000000087
:104930000000000000000000000000000000000077
:104940000000000000000000000000000000000067
:104950000000000000000000000000000000000057
:104960000000000000000000000000000000000047
:104970000000000000000000000000000000000037
:104980000000000000000000000000000000000027
:104990000000000000000000000000000000000017
:1049A0000000000000000000000000000000000007
:1049B00000000000000000000000000000000000F7
:1049C00000000000000000000000000000000000E7
:1049D00000000000000000000000000000000000D7
:1049E00000000000000000000000000000000000C7
:1049F00000000000000000000000000000000000B7
:104A000000000000000000000000000000000000A6
:104A10000000000000000000000000000000000096
:104A20000000000000000000000000000000000086
:104A30000000000000000000000000000000000076
:104A40000000000000000000000000000000000066
:104A50000000000000000000000000000000000056
:104A60000000000000000000000000000000000046
:104A70000000000000000000000000000000000036
:104A80000000000000000000000000000000000026
:104A90000000000000000000000000000000000016
:104AA0000000000000000000000000000000000006
:104AB00000000000000000000000000000000000F6
:104AC00000000000000000000000000000000000E6
:104AD00000000000000000000000000000000000D6
:104AE00000000000000000000000000000000000C6
:104AF00000000000000000000000000000000000B6
:104B000000000000000000000000000000000000A5
:104B10000000000000000000000000000000000095
:104B20000000000000000000000000000000000085
:104B30000000000000000000000000000000000075
:104B40000000000000000000000000000000000065
:104B50000000000000000000000000000000000055
:104B60000000000000000000000000000000000045
:104B70000000000000000000000000000000000035
:104B80000000000000000000000000000000000025
:104B90000000000000000000000000000000000015
:104BA0000000000000000000000000000000000005
:104BB00000000000000000000000000000000000F5
:104BC00000000000000000000000000000000000E5
:104BD00000000000000000000000000000000000D5
:104BE00000000000000000000000000000000000C5
:104BF00000000000000000000000000000000000B5
:104C000000000000000000000000000000000000A4
:104C10000000000000000000000000000000000094
:104C20000000000000000000000000000000000084
:104C30000000000000000000000000000000000074
:104C40000000000000000000000000000000000064
:104C50000000000000000000000000000000000054
:104C60000000000000000000000000000000000044
:104C70000000000000000000000000000000000034
:104C80000000000000000000000000000000000024
:104C90000000000000000000000000000000000014
:104CA0000000000000000000000000000000000004
:104CB00000000000000000000000000000000000F4
:104CC00000000000000000000000000000000000E4
:104CD00000000000000000000000000000000000D4
:104CE00000000000000000000000000000000000C4
:104CF00000000000000000000000000000000000B4
:104D000000000000000000000000000000000000A3
:104D100000000000000000000000803F90D884B335
:104D20005463463FFBCB21BF5EEE4D3E16C57ABFB6
:104D30006330EDBE7ADF62BF0B4B6BBF52B9C9BEA9
:104D40007A1676BFBF178D3EB01E12BFC633523FD4
:104D5000F6EC9C3D543F7F3FBB85303F4268393F76
:104D600039FA7D3F4677003E6A1E593F36A107BF9C
:104D70009E12A53E705472BFEF63B2BE73F56FBF53
:104D8000D0C75CBF729501BF72FE7CBFDD761C3E52
:104D90001B562BBFC4353E3F36FB48BD0FB17F3F8E
:104DA00012DE173F89164E3F11F1773FE2E67E3E55
:104DB0003A6B683F99A3D6BE4E92E03E880F66BF1D
:104DC000BB8B69BEBF4079BF7FC74ABF0C421CBFC7
:104DD00004E77FBF752AE23C70D841BF5536273FB4
:104DE000D62832BE7A187C3F2DA0F93E28835F3F3B
:104DF000F3FC6D3FB0A7BC3EDE0B743F87A09ABEAC
:104E0000C9420C3FFE2756BFBB3DD5BDC89B7EBFE8
:104E1000E79235BF8F7634BF6DC47EBF36BDC8BD47
:104E2000A44A55BF80920D3F18A197BE2284743FBB
:104E30006F92BF3EA2676D3F2246603FCBE0F63ED9
:104E40004DD17B3FED5738BE0A05263F29DE42BFD4
:104E50005FEAAF3CE3F07FBFD17F1DBF12D149BFF6
:104E6000429B79BF836C63BE0B5E65BFFA63E33E12
:104E700068C8D3BEAE12693FC07D823EC68B773F05
:104E800018044F3F9F99163F199C7F3F6B1462BDDA
:104E9000B8273D3F0F802CBF8240163EAB3A7DBF06
:104EA0009FEF02BF34FB5BBF668070BF3A71AFBE3D
:104EB000A0D171BF1E0BA83E834B06BF6AF2593FBB
:104EC0006DB2063E8DC67D3FA57C3A3FA5612F3F62
:104ED000E95C7F3FB264903D3C4D513F2A6813BF6F
:104EE000F7118A3E1A8476BF8B9BCCBE7AAB6ABF21
:104EF000AC9863BF8266EABE02737ABF0015543E67
:104F0000949320BF8560473F600FC93BC4FE7F3F3D
:104F1000D302233F3964453FBE147B3FC1C5473EA2
:104F20001924623FFBF7EFBE29D5C63E58E86BBF98
:104F30002C1C90BE7BA675BF491853BFCDD310BFA4
:104F40004A1F7FBFB673A93D165238BF1DA8313F17
:104F5000C275F4BD712B7E3F9AF5083F5248583F09
:104F6000EAD4723F8718A23E30686F3FEC54B5BE5A
:104F7000073A003F4E925DBFB5AB22BECABF7CBFB1
:104F8000FB413FBF802A2ABF8DC37FBF0FE02FBDEB
:104F9000FC264DBF0E21193FCDCF78BEF853783F88
:104FA000BA7CD93E89C1673FCEBE663F7ABEDD3E40
:104FB000D5E3783FB1A86FBEC5021B3FF6BB4BBF20
:104FC0002A340ABDB0DA7FBFF76528BFCAD040BF18
:104FD000795C7CBF83F72BBEFBBA5EBFB459FC3E45
:104FE000BBB2B9BE31856E3F1B8B9D3E5273733F82
:104FF000B1C4563F45C90A3FB0D27D3F0130E1BD43
:10500000167E323F0CCF35BFB897BA3D17B37CBF81
:1050100022BD0CBFEE3C51BF77FB6EBF2EFD90BE94
:105020001AC663BF070FBB3EB02EE6BEB42D543F79
:10503000B2DA2E3EDDD8663F3F7B2D3FC6F8113FEA
:10504000328C583FB19C543C636A203FD78FFDBEE1
:1050500091AA243E89FD39BF013E9DBE7E311CBF11
:105060009D2D10BF28E180BED44207BFB928123E53
:1050700066408EBE6C15C63E05F6CB3C007ECF3E2C
:1050800024226B3EE0AD7E3E7AB18B3E4DC51E3D87
:105090000AC03F3E9D76E7BD501C693D03E022BE3D
:1050A0000B5F2DBD32A2F4BDF83CA1BDF5FB43BDA5
:1050B000575483BD5FFA113CEF77F4BC3595033D3F
:1050C00081A9F0BA4722E93C07C4283CD5886C3C4A
:1050D0002DC3253C1D4E353BB180AF3B5D971BBBBF
:1050E000768EB53A2BFC32BB234CA5B9106DBDBAF8
:1050F000C70505BAD69AD3B9B57583B9D99D4936CE
:105100001C5A83B8BE775B38DB767FB693FFA73730
:105110005B63BE35D9303036FFFF7F3F0290F4B27B
:105120008460473F939320BF96395A3E831E7ABFCF
:10513000FECBE4BE780465BF3BBF68BF4136D5BE39
:10514000D02278BFA3DB7B3E00C219BF79AE4C3FB3
:105150002D340A3DAEDA7F3F5536273F70D8413FA8
:105160004CD17B3FEC57383EF106613F071FF4BE40
:105170005B62C53E23366CBF229A8EBEC5DE75BF0C
:10518000C2C051BF9AC312BFC76A7FBF09208A3D00
:10519000D8173CBF59A82D3F834016BEAB3A7D3F80
:1051A0007295013FD0C75C3F2F686F3FEB54B53E0F
:1051B0000D53733FDF1C9FBE6A9A0B3FE49556BFA9
:1051C000B8FDCEBD68B07EBFBCE733BF6B2036BF35
:1051D000375A7EBF99FAE7BD524858BF9AF5083F43
:1051E0009E12A5BE7054723F3A71AF3E6680703F0A
:1051F000782C5B3F8948043FCBAB7D3F87CF09BE0E
:10520000E5F32F3FACF239BF8930A33D9C2F7FBF20
:10521000D52D10BFC68953BF0AFA74BF31A094BE02
:10522000A1676DBF6E92BF3E2CA0F9BE27835F3F82
:1052300004F82B3E395D7C3F67C73F3F1494293FFC
:105240009DBA7F3FD06D3C3D8F8D4E3F073C17BFD1
:105250006F02843E395877BFCA7BCFBEA6096ABFAA
:10526000AC9863BF8166EABE15C57ABF5FEE4D3E5E
:10527000D30223BF3964453F890E49BC10FB7F3FF1
:10528000221E1E3F2055493F4D6E793F637C663E8E
:105290007067663FA828DFBE7FE8DA3ED76B67BF3E
:1052A000B1A86FBED5E378BF7FC74ABF0C421CBF11
:1052B000E3F07FBF68EAAF3C00E243BF25D2243F62
:1052C000B8B044BEAA3B7B3F7894EE3E0F82623F6B
:1052D0008AFB6A3FAC2ACB3E06BA763F938E88BEE5
:1052E000B653153FA7EF4FBF691462BD189C7FBF2F
:1052F0001B562BBFC5353EBFC9BF7CBFB6AB22BE58
:10530000A65A5EBFBBBAFD3E9F31BBBEBE466E3FD6
:10531000FE20993E4948743F30DB543FD8390E3F58
:10532000C8FC7E3FDCF8B5BD1552383F1DA831BF23
:105330004577003E39FA7DBF834B06BF6BF259BFFC
:105340007B4C71BF0102ABBE578F71BFC486A93EB3
:1053500085F606BFAC88593F74B2FA3D21137E3FF3
:1053600054C6373FA938323F9DEA7E3FC03ABC3D24
:10537000A44A553F81920DBF87A09A3EDE0B74BFB1
:105380001EBBB9BEF88F6EBFBDF65DBFB117FFBEC5
:105390006ADF7CBF7A911F3E49EB2BBFF9AE3D3FE0
:1053A00030A06EBDB1907F3F3AB0143FAF64503F24
:1053B0001984763FF6118A3E0A4B6B3F52B9C9BE3B
:1053C000FDF7EF3E1B2462BF279B41BEE8617BBF18
:1053D000BC5F43BF4C6B25BFC5E87FBFEB07C9BCB3
:1053E000CB384BBF919B1B3F7C9872BEEB95783FAF
:1053F0006A3DD93E107E673FAB80653FDA06E03EEE
:10540000506B783F925762BEAE5A1D3F8E1947BF10
:10541000348914BCE5277CBF456E1EBF640C41BFB8
:10542000990B71BFB20749BE68F056BFE4B2DB3ECC
:1054300051BDBFBE0080563FDD22673E7F3C5B3FD3
:1054400020592E3F697A003F29474C3F8C780CBD8C
:105450003D170F3F207EFBBE5929EF3D4B4A2CBF25
:10546000FD2499BE261E0ABF5DC501BF164A53BE64
:10547000D195E9BEA5260C3E63366BBE1D6BAB3ED7
:105480006D7AD43C9ECDAC3E3E53413E21914D3E83
:1054900070D65D3EC494F63C4960143ECCDDB1BD8F
:1054A000B55C333D278DF3BD8B22F1BC58CAB2BD2C
:1054B000819A5FBDDF8E0EBDC48032BD9C5D9E3B78
:1054C000A2AFA4BC0EB3A53C390BF2BADF7E903C70
:1054D0008B8ABA3BC455103C4E48B63BBADEF03A14
:1054E00036E43B3BFA008DBADC48453A82E6A6BA80
:1054F0004A60C3B8163728BAB6B240B96F1633B986
:1055000004CDAAB836AEC1B6831E8BB74ECD423796
:10551000E6FD5AB5A00B3E36FFFF7F3F0290F43206
:10552000CA5B483F9F591FBF657C663E4E6E79BF80
:10553000C053DCBE991567BF870F66BF4E92E0BEB1
:105540005DF379BF194B5D3EF82F21BF29E2463F3D
:1055500051CB16BC39FD7F3FD17F1D3F12D1493F52
:10556000D5E3783FB1A86F3EA716683F6B10D8BE51
:10557000FECBE43E780465BF001554BE01737ABFCC
:10558000386445BFD30223BFE5F47FBFB4C996BCDE
:10559000F9414BBF98A21B3FCBCF78BEF753783F62
:1055A00066C8D33EAE12693F72F4633FB700E93E6E
:1055B00037ED7A3F4EDA4ABE24D2243F00E243BFA1
:1055C0007E2AE23C04E77FBF00C219BF79AE4CBF20
:1055D000B6BE77BFC0F880BEA6096ABFCA7BCF3E01
:1055E0006230EDBE7ADF623F379B413EFB617B3F1D
:1055F000885B423FE39D263F97D37F3F2FC3163DF5
:1056000088164E3F12DE17BFCE86853E162477BF22
:10561000AD2ACBBE8BFB6ABF97C561BFE95AF1BE0D
:105620004CD17BBFEC57383E056628BFD9D0403FF0
:10563000D76D3CBD9DBA7F3FD9F6153F1F7A4F3FCE
:105640001A84763FF7118A3E57E86B3F28D5C6BECD
:105650003480F53ECEA660BFA1102FBE273B7CBF95
:10566000FC413FBF7F2A2ABF189C7FBF681462BDE0
:1056700036D950BF5F0C143F229A8EBEC6DE753FEE
:10568000547BC23E06D06C3F26835F3F2CA0F93E80
:10569000899F7C3F8AC525BE49EB2B3FF8AE3DBFB5
:1056A0000ADB833D07787FBFB01E12BFC63352BFEF
:1056B0001D3475BF351F93BE93B26DBF491DBE3EED
:1056C000BBBAFDBEA65A5E3FDC761C3E72FE7C3F36
:1056D000D8173C3F58A82D3F6C4E7F3F06A9963DFA
:1056E000C689533FD42D10BF17A1973E218474BFA4
:1056F0001EBBB9BEF88F6EBF542D5DBFE4E700BF7F
:10570000DE577DBFCA24133EA4612FBFA47C3A3F5D
:10571000BC73A9BD481F7F3FD8390E3F30DB543FD3
:10572000D8CE733FAF1F9C3E2F686F3FEB54B5BE82
:10573000A0EF023F34FB5BBF87CF09BECCAB7DBF80
:1057400065DD38BF231731BF9CEA7EBFC43ABCBDBC
:10575000FD2756BFC8420C3FE49AA0BE4514733FD4
:10576000C9EAB03E353B703F4FC45A3F84F4043F12
:1057700039FA7D3F457700BECAC8323F233A37BF6A
:10578000B6FDCE3D69B07EBFAD480ABF247057BF9D
:105790006E5472BF9E12A5BE070971BFD27CAC3E8B
:1057A00086F606BFAD88593F7338EE3D24437E3FF1
:1057B000E692353F8E76343FAE707E3F2DBCE13DA4
:1057C000A3B3583F934B08BFB686A93E458F71BF20
:1057D0009F0AA8BEE7D071BF5F4558BFBCF308BFA2
:1057E0000B7B7EBF4973DB3D0B0A36BFA1D1333F34
:1057F0009A2EF4BD74E17D3F1DF8053F136B593FB0
:10580000D19F6F3F6523AD3EE878703F9529A2BEDA
:1058100013DD083F09CB53BFBFD3C3BD858878BF15
:105820003D6B2BBFA5C230BFBB616FBF5623F8BD18
:10583000C12649BFCDCFF23E4CFD9DBE4D84543FA5
:105840008D9B863E88D94D3F97B32A3FB819E13EDC
:1058500002BD3D3F326887BD564AFD3E0A27F1BE74
:105860001CDEAD3DBD6B1CBF7F958EBE413BF1BEC6
:1058700018CCE3BE6E232EBE2D2DC6BEC420FB3D2C
:10588000447541BEE4CE8F3EE3E2B33CBCA58C3E02
:10589000A1EF183E879F233E6B1D2B3E510FCB3C43
:1058A00039A2E03DAFFF81BDC8F7093DF89DAFBD0E
:1058B00027839BBC9A867DBD0E1814BD3E35CBBC9C
:1058C0009C09E9BC61C5033BC21856BC0974443C41
:1058D000173AD6BAE5BF293C753E3D3B3608A73B93
:1058E000CB1A3A3BFB2E963AE3DDB93ACF87DCB9C7
:1058F0003FE4C23903460BBA9C8581B7EA4883B9B5
:10590000044065B8DA677EB81368A7B7F18B64B650
:10591000B06E2DB61F1DBE350000803F90D8843379
:105920002155493F221E1EBF52B6723E7BB478BF3E
:1059300066C8D3BEAE1269BF593C63BFBACBEBBEDB
:10594000B1877BBF3E853E3E056628BFDAD0403F2B
:10595000088855BDE3A67F3F2B68133F3D4D513F5F
:105960001D34753F351F933EBF466E3FA031BBBE11
:105970007395013FD1C75CBF85CF09BECBAB7DBF5F
:1059800054C637BFAA3832BFC89B7EBFB83DD5BD0D
:10599000A1B358BF924B083FD37CACBE0809713FFE
:1059A0008818A23EEBD4723F93B9553FD1EA0C3F21
:1059B0004A1F7F3FB973A9BD3B8F3B3FDE3B2EBFE4
:1059C0007C911F3E6BDF7CBF2CA0F9BE27835FBF9D
:1059D00024366CBF5B62C5BE07BA76BF948E883E24
:1059E00012DE17BF89164E3FC349FB3C29E17F3FBA
:1059F0001A38243F3863443F02737A3F0215543EFD
:105A000010B7653F6AFBE1BE79BEDD3ECCBE66BF26
:105A1000194B5DBE5DF379BF03E445BF996722BFB3
:105A2000E3F07FBF5FEAAFBC79AE4CBF01C2193F64
:105A3000700284BE3B58773F54B9C93E0C4B6B3F54
:105A4000CFA6603F3580F53EB07E7C3FFBDE28BEB2
:105A50000F802C3FB8273DBF05A9963D6D4E7FBFF7
:105A6000DBE00EBF3B6B54BF3F9173BF779E9DBE83
:105A7000373B70BFCCEAB03E824B06BF6BF2593F5A
:105A80009BFAE73D395A7E3FBCE7333F6C20363FF7
:105A900038FA7D3F4677003E1A945B3F3C9C03BF3B
:105AA000C3CCB63EB0206FBF17A197BE218474BF90
:105AB00049A652BF6B7911BFAC847FBF7C2B7B3D65
:105AC000FC413FBF802A2A3F984035BE32F57B3FDC
:105AD000FBF7EF3E1924623FA6096A3FCA7BCF3E1F
:105AE000D022783FA3DB7BBE0C421C3F7FC74ABF5E
:105AF00069CB16BC39FD7FBFCBF61FBF65DE47BF44
:105B0000C04079BFB98B69BEA81668BF6C10D83E7B
:105B10005D9AE7BEAC4F643FC1C5473EBE147B3FB4
:105B2000885B423FE39D263F8EC37F3F09E02F3DC8
:105B3000A8EF4F3FB75315BF229A8E3EC7DE75BF01
:105B40007092BFBEA1676DBFBEF65DBFB117FFBE4D
:105B5000DD577DBFCB24133EBA8530BF4168393F46
:105B6000397CC2BDD3D77E3FAE480A3F2670573F2F
:105B7000A0D1713F1F0BA83E5313723F138FA6BED7
:105B8000B6F10A3F470357BFC73ABCBD9BEA7EBF89
:105B9000E5F32FBFABF239BFAC3A7DBF824016BEF2
:105BA000A85A5EBFBDBAFD3E1F07C1BE1F1C6D3F98
:105BB000BF178D3E7916763F1E7A4F3FD8F6153FB8
:105BC000E3CB7F3FD25123BD19DE423FFD0426BF08
:105BD000B2D94A3E78EC7ABF5130E6BE3AA764BFEC
:105BE0000FB767BFE672D9BEA94F79BF1560663E91
:105BF000D56420BF7B26473FB39148BC1C5C7F3FE8
:105C000014E51A3F774A4A3F11C9753F61AF7C3EA0
:105C100073D8663F0BF6CABE0573EB3E523F5CBFBE
:105C2000045C2BBE397972BF1ED833BF9C0021BFE4
:105C300049766ABFD60672BD2DF43ABFC543003F10
:105C4000988B81BE00A94E3F46D4903EB7363F3F69
:105C5000C916233FC4DDC43EAF8C2D3F0F3EABBD04
:105C6000BBA6DE3E8D05E0BEFF60823D97280BBFE0
:105C7000A0967EBEFA02D0BE73DBC2BE65DC10BE4B
:105C8000070FA5BE7B64D33DD5361EBEF0AA693E84
:105C900057A77C3C48695F3E9C57E83DCF2C003EAF
:105CA00018DAFF3D7758AE3C29DAA53DCBEC33BD81
:105CB0003B74D23C2C6973BDD11737BCA2AA2DBD51
:105CC0000D5BBABC23E38CBC8D4291BC4B2FAB392E
:105CD0006C2C05BC1739D93B6B3FA8BAC14EBB3BF6
:105CE0007FB7AC3AB028353B4AB5AD3AB1392C3A1A
:105CF0009263263A90C90AB9C83A2939B83D49B9D8
:105D00000F4936360710ABB82F6449B730378AB71A
:105D100052C440B6121C59B500000000000000003B
:105D20000000000000000000000000000000000073
:105D30000000000000000000000000000000000063
:105D40000000000000000000000000000000000053
:105D50000000000000000000000000000000000043
:105D60000000000000000000000000000000000033
:105D70000000000000000000000000000000000023
:105D80000000000000000000000000000000000013
:105D90000000000000000000000000000000000003
:105DA00000000000000000000000000000000000F3
:105DB00000000000000000000000000000000000E3
:105DC00000000000000000000000000000000000D3
:105DD00000000000000000000000000000000000C3
:105DE00000000000000000000000000000000000B3
:105DF00000000000000000000000000000000000A3
:105E00000000000000000000000000000000000092
:105E10000000000000000000000000000000000082
:105E20000000000000000000000000000000000072
:105E30000000000000000000000000000000000062
:105E40000000000000000000000000000000000052
:105E50000000000000000000000000000000000042
:105E60000000000000000000000000000000000032
:105E70000000000000000000000000000000000022
:105E80000000000000000000000000000000000012
:105E90000000000000000000000000000000000002
:105EA00000000000000000000000000000000000F2
:105EB00000000000000000000000000000000000E2
:105EC00000000000000000000000000000000000D2
:105ED00000000000000000000000000000000000C2
:105EE00000000000000000000000000000000000B2
:105EF00000000000000000000000000000000000A2
:105F00000000000000000000000000000000000091
:105F10000000000000000000000000000000000081
:105F20000000000000000000000000000000000071
:105F30000000000000000000000000000000000061
:105F40000000000000000000000000000000000051
:105F50000000000000000000000000000000000041
:105F60000000000000000000000000000000000031
:105F70000000000000000000000000000000000021
:105F80000000000000000000000000000000000011
:105F90000000000000000000000000000000000001
:105FA00000000000000000000000000000000000F1
:105FB00000000000000000000000000000000000E1
:105FC00000000000000000000000000000000000D1
:105FD00000000000000000000000000000000000C1
:105FE00000000000000000000000000000000000B1
:105FF00000000000000000000000000000000000A1
:106000000000000000000000000000000000000090
:106010000000000000000000000000000000000080
:106020000000000000000000000000000000000070
:106030000000000000000000000000000000000060
:106040000000000000000000000000000000000050
:106050000000000000000000000000000000000040
:106060000000000000000000000000000000000030
:106070000000000000000000000000000000000020
:106080000000000000000000000000000000000010
:106090000000000000000000000000000000000000
:1060A00000000000000000000000000000000000F0
:1060B00000000000000000000000000000000000E0
:1060C00000000000000000000000000000000000D0
:1060D00000000000000000000000000000000000C0
:1060E00000000000000000000000000000000000B0
:1060F00000000000000000000000000000000000A0
:10610000000000000000000000000000000000008F
:10611000000000000000000000000000000000007F
:10612000000000000000000000000000000000006F
:10613000000000000000000000000000000000005F
:10614000000000000000000000000000000000004F
:10615000000000000000000000000000000000003F
:10616000000000000000000000000000000000002F
:10617000000000000000000000000000000000001F
:10618000000000000000000000000000000000000F
:1061900000000000000000000000000000000000FF
:1061A00000000000000000000000000000000000EF
:1061B00000000000000000000000000000000000DF
:1061C00000000000000000000000000000000000CF
:1061D00000000000000000000000000000000000BF
:1061E00000000000000000000000000000000000AF
:1061F000000000000000000000000000000000009F
:10620000000000000000000000000000000000008E
:10621000000000000000000000000000000000007E
:10622000000000000000000000000000000000006E
:10623000000000000000000000000000000000005E
:10624000000000000000000000000000000000004E
:10625000000000000000000000000000000000003E
:10626000000000000000000000000000000000002E
:10627000000000000000000000000000000000001E
:10628000000000000000000000000000000000000E
:1062900000000000000000000000000000000000FE
:1062A00000000000000000000000000000000000EE
:1062B00000000000000000000000000000000000DE
:1062C00000000000000000000000000000000000CE
:1062D00000000000000000000000000000000000BE
:1062E00000000000000000000000000000000000AE
:1062F000000000000000000000000000000000009E
:10630000000000000000000000000000000000008D
:10631000000000000000000000000000000000007D
:10632000000000000000000000000000000000006D
:10633000000000000000000000000000000000005D
:10634000000000000000000000000000000000004D
:10635000000000000000000000000000000000003D
:10636000000000000000000000000000000000002D
:10637000000000000000000000000000000000001D
:10638000000000000000000000000000000000000D
:1063900000000000000000000000000000000000FD
:1063A00000000000000000000000000000000000ED
:1063B00000000000000000000000000000000000DD
:1063C00000000000000000000000000000000000CD
:1063D00000000000000000000000000000000000BD
:1063E00000000000000000000000000000000000AD
:1063F000000000000000000000000000000000009D
:10640000000000000000000000000000000000008C
:10641000000000000000000000000000000000007C
:10642000000000000000000000000000000000006C
:10643000000000000000000000000000000000005C
:10644000000000000000000000000000000000004C
:10645000000000000000000000000000000000003C
:10646000000000000000000000000000000000002C
:10647000000000000000000000000000000000001C
:10648000000000000000000000000000000000000C
:1064900000000000000000000000000000000000FC
:1064A00000000000000000000000000000000000EC
:1064B00000000000000000000000000000000000DC
:1064C00000000000000000000000000000000000CC
:1064D00000000000000000000000000000000000BC
:1064E00000000000000000000000000000000000AC
:1064F000000000000000000000000000000000009C
:10650000000000000000000000000000000000008B
:10651000000000000000000000000000000000007B
:10652000000000000000000000000000000000006B
:10653000000000000000000000000000000000005B
:10654000000000000000000000000000000000004B
:10655000000000000000000000000000000000003B
:10656000000000000000000000000000000000002B
:10657000000000000000000000000000000000001B
:10658000000000000000000000000000000000000B
:1065900000000000000000000000000000000000FB
:1065A00000000000000000000000000000000000EB
:1065B00000000000000000000000000000000000DB
:1065C00000000000000000000000000000000000CB
:1065D00000000000000000000000000000000000BB
:1065E00000000000000000000000000000000000AB
:1065F000000000000000000000000000000000009B
:10660000000000000000000000000000000000008A
:10661000000000000000000000000000000000007A
:10662000000000000000000000000000000000006A
:10663000000000000000000000000000000000005A
:10664000000000000000000000000000000000004A
:10665000000000000000000000000000000000003A
:10666000000000000000000000000000000000002A
:10667000000000000000000000000000000000001A
:10668000000000000000000000000000000000000A
:1066900000000000000000000000000000000000FA
:1066A00000000000000000000000000000000000EA
:1066B00000000000000000000000000000000000DA
:1066C00000000000000000000000000000000000CA
:1066D00000000000000000000000000000000000BA
:1066E00000000000000000000000000000000000AA
:1066F000000000000000000000000000000000009A
:106700000000000000000000000000000000000089
:106710000000000000000000000000000000000079
:106720000000000000000000000000000000000069
:106730000000000000000000000000000000000059
:106740000000000000000000000000000000000049
:106750000000000000000000000000000000000039
:106760000000000000000000000000000000000029
:106770000000000000000000000000000000000019
:106780000000000000000000000000000000000009
:1067900000000000000000000000000000000000F9
:1067A00000000000000000000000000000000000E9
:1067B00000000000000000000000000000000000D9
:1067C00000000000000000000000000000000000C9
:1067D00000000000000000000000000000000000B9
:1067E00000000000000000000000000000000000A9
:1067F0000000000000000000000000000000000099
:106800000000000000000000000000000000000088
:106810000000000000000000000000000000000078
:106820000000000000000000000000000000000068
:106830000000000000000000000000000000000058
:106840000000000000000000000000000000000048
:106850000000000000000000000000000000000038
:106860000000000000000000000000000000000028
:106870000000000000000000000000000000000018
:106880000000000000000000000000000000000008
:1068900000000000000000000000000000000000F8
:1068A00000000000000000000000000000000000E8
:1068B00000000000000000000000000000000000D8
:1068C00000000000000000000000000000000000C8
:1068D00000000000000000000000000000000000B8
:1068E00000000000000000000000000000000000A8
:1068F0000000000000000000000000000000000098
:106900000000000000000000000000000000000087
:106910000000000000000000000000000000000077
:106920000000000000000000000000000000000067
:106930000000000000000000000000000000000057
:106940000000000000000000000000000000000047
:106950000000000000000000000000000000000037
:106960000000000000000000000000000000000027
:106970000000000000000000000000000000000017
:106980000000000000000000000000000000000007
:1069900000000000000000000000000000000000F7
:1069A00000000000000000000000000000000000E7
:1069B00000000000000000000000000000000000D7
:1069C00000000000000000000000000000000000C7
:1069D00000000000000000000000000000000000B7
:1069E00000000000000000000000000000000000A7
:1069F0000000000000000000000000000000000097
:106A00000000000000000000000000000000000086
:106A10000000000000000000000000000000000076
:106A20000000000000000000000000000000000066
:106A30000000000000000000000000000000000056
:106A40000000000000000000000000000000000046
:106A50000000000000000000000000000000000036
:106A60000000000000000000000000000000000026
:106A70000000000000000000000000000000000016
:106A80000000000000000000000000000000000006
:106A900000000000000000000000000000000000F6
:106AA00000000000000000000000000000000000E6
:106AB00000000000000000000000000000000000D6
:106AC00000000000000000000000000000000000C6
:106AD00000000000000000000000000000000000B6
:106AE00000000000000000000000000000000000A6
:106AF0000000000000000000000000000000000096
:106B00000000000000000000000000000000000085
:106B10000000000000000000000000000000000075
:106B20000000000000000000000000000000000065
:106B30000000000000000000000000000000000055
:106B40000000000000000000000000000000000045
:106B50000000000000000000000000000000000035
:106B60000000000000000000000000000000000025
:106B70000000000000000000000000000000000015
:106B80000000000000000000000000000000000005
:106B900000000000000000000000000000000000F5
:106BA00000000000000000000000000000000000E5
:106BB00000000000000000000000000000000000D5
:106BC00000000000000000000000000000000000C5
:106BD00000000000000000000000000000000000B5
:106BE00000000000000000000000000000000000A5
:106BF0000000000000000000000000000000000095
:106C00000000000000000000000000000000000084
:106C10000000000000000000000000000000000074
:106C20000000000000000000000000000000000064
:106C30000000000000000000000000000000000054
:106C40000000000000000000000000000000000044
:106C50000000000000000000000000000000000034
:106C60000000000000000000000000000000000024
:106C70000000000000000000000000000000000014
:106C80000000000000000000000000000000000004
:106C900000000000000000000000000000000000F4
:106CA00000000000000000000000000000000000E4
:106CB00000000000000000000000000000000000D4
:106CC00000000000000000000000000000000000C4
:106CD00000000000000000000000000000000000B4
:106CE00000000000000000000000000000000000A4
:106CF0000000000000000000000000000000000094
:106D00000000000000000000000000000000000083
:106D10000000000000000000000000000000000073
:106D20000000000000000000000000000000000063
:106D30000000000000000000000000000000000053
:106D40000000000000000000000000000000000043
:106D50000000000000000000000000000000000033
:106D60000000000000000000000000000000000023
:106D70000000000000000000000000000000000013
:106D80000000000000000000000000000000000003
:106D900000000000000000000000000000000000F3
:106DA00000000000000000000000000000000000E3
:106DB00000000000000000000000000000000000D3
:106DC00000000000000000000000000000000000C3
:106DD00000000000000000000000000000000000B3
:106DE00000000000000000000000000000000000A3
:106DF0000000000000000000000000000000000093
:106E00000000000000000000000000000000000082
:106E10000000000000000000000000000000000072
:106E20000000000000000000000000000000000062
:106E30000000000000000000000000000000000052
:106E40000000000000000000000000000000000042
:106E50000000000000000000000000000000000032
:106E60000000000000000000000000000000000022
:106E70000000000000000000000000000000000012
:106E80000000000000000000000000000000000002
:106E900000000000000000000000000000000000F2
:106EA00000000000000000000000000000000000E2
:106EB00000000000000000000000000000000000D2
:106EC00000000000000000000000000000000000C2
:106ED00000000000000000000000000000000000B2
:106EE00000000000000000000000000000000000A2
:106EF0000000000000000000000000000000000092
:106F00000000000000000000000000000000000081
:106F10000000000000000000000000000000000071
:106F20000000000000000000000000000000000061
:106F30000000000000000000000000000000000051
:106F40000000000000000000000000000000000041
:106F50000000000000000000000000000000000031
:106F60000000000000000000000000000000000021
:106F70000000000000000000000000000000000011
:106F80000000000000000000000000000000000001
:106F900000000000000000000000000000000000F1
:106FA00000000000000000000000000000000000E1
:106FB00000000000000000000000000000000000D1
:106FC00000000000000000000000000000000000C1
:106FD00000000000000000000000000000000000B1
:106FE00000000000000000000000000000000000A1
:106FF0000000000000000000000000000000000091
:107000000000000000000000000000000000000080
:107010000000000000000000000000000000000070
:107020000000000000000000000000000000000060
:107030000000000000000000000000000000000050
:107040000000000000000000000000000000000040
:107050000000000000000000000000000000000030
:107060000000000000000000000000000000000020
:107070000000000000000000000000000000000010
:107080000000000000000000000000000000000000
:1070900000000000000000000000000000000000F0
:1070A00000000000000000000000000000000000E0
:1070B00000000000000000000000000000000000D0
:1070C00000000000000000000000000000000000C0
:1070D00000000000000000000000000000000000B0
:1070E00000000000000000000000000000000000A0
:1070F0000000000000000000000000000000000090
:10710000000000000000000000000000000000007F
:10711000000000000000000000000000000000006F
:10712000000000000000000000000000000000005F
:10713000000000000000000000000000000000004F
:10714000000000000000000000000000000000003F
:10715000000000000000000000000000000000002F
:10716000000000000000000000000000000000001F
:10717000000000000000000000000000000000000F
:1071800000000000000000000000000000000000FF
:1071900000000000000000000000000000000000EF
:1071A00000000000000000000000000000000000DF
:1071B00000000000000000000000000000000000CF
:1071C00000000000000000000000000000000000BF
:1071D00000000000000000000000000000000000AF
:1071E000000000000000000000000000000000009F
:1071F000000000000000000000000000000000008F
:10720000000000000000000000000000000000007E
:10721000000000000000000000000000000000006E
:10722000000000000000000000000000000000005E
:10723000000000000000000000000000000000004E
:10724000000000000000000000000000000000003E
:10725000000000000000000000000000000000002E
:10726000000000000000000000000000000000001E
:10727000000000000000000000000000000000000E
:1072800000000000000000000000000000000000FE
:1072900000000000000000000000000000000000EE
:1072A00000000000000000000000000000000000DE
:1072B00000000000000000000000000000000000CE
:1072C00000000000000000000000000000000000BE
:1072D00000000000000000000000000000000000AE
:1072E000000000000000000000000000000000009E
:1072F000000000000000000000000000000000008E
:10730000000000000000000000000000000000007D
:10731000000000000000000000000000000000006D
:10732000000000000000000000000000000000005D
:10733000000000000000000000000000000000004D
:10734000000000000000000000000000000000003D
:10735000000000000000000000000000000000002D
:10736000000000000000000000000000000000001D
:10737000000000000000000000000000000000000D
:1073800000000000000000000000000000000000FD
:1073900000000000000000000000000000000000ED
:1073A00000000000000000000000000000000000DD
:1073B00000000000000000000000000000000000CD
:1073C00000000000000000000000000000000000BD
:1073D00000000000000000000000000000000000AD
:1073E000000000000000000000000000000000009D
:1073F000000000000000000000000000000000008D
:10740000000000000000000000000000000000007C
:10741000000000000000000000000000000000006C
:10742000000000000000000000000000000000005C
:10743000000000000000000000000000000000004C
:10744000000000000000000000000000000000003C
:10745000000000000000000000000000000000002C
:10746000000000000000000000000000000000001C
:10747000000000000000000000000000000000000C
:1074800000000000000000000000000000000000FC
:1074900000000000000000000000000000000000EC
:1074A00000000000000000000000000000000000DC
:1074B00000000000000000000000000000000000CC
:1074C00000000000000000000000000000000000BC
:1074D00000000000000000000000000000000000AC
:1074E000000000000000000000000000000000009C
:1074F000000000000000000000000000000000008C
:10750000000000000000000000000000000000007B
:10751000000000000000000000000000000000006B
:10752000000000000000000000000000000000005B
:10753000000000000000000000000000000000004B
:10754000000000000000000000000000000000003B
:10755000000000000000000000000000000000002B
:10756000000000000000000000000000000000001B
:10757000000000000000000000000000000000000B
:1075800000000000000000000000000000000000FB
:1075900000000000000000000000000000000000EB
:1075A00000000000000000000000000000000000DB
:1075B00000000000000000000000000000000000CB
:1075C00000000000000000000000000000000000BB
:1075D00000000000000000000000000000000000AB
:1075E000000000000000000000000000000000009B
:1075F000000000000000000000000000000000008B
:10760000000000000000000000000000000000007A
:10761000000000000000000000000000000000006A
:10762000000000000000000000000000000000005A
:10763000000000000000000000000000000000004A
:10764000000000000000000000000000000000003A
:10765000000000000000000000000000000000002A
:10766000000000000000000000000000000000001A
:10767000000000000000000000000000000000000A
:1076800000000000000000000000000000000000FA
:1076900000000000000000000000000000000000EA
:1076A00000000000000000000000000000000000DA
:1076B00000000000000000000000000000000000CA
:1076C00000000000000000000000000000000000BA
:1076D00000000000000000000000000000000000AA
:1076E000000000000000000000000000000000009A
:1076F000000000000000000000000000000000008A
:107700000000000000000000000000000000000079
:107710000000000000000000000000000000000069
:107720000000000000000000000000000000000059
:107730000000000000000000000000000000000049
:107740000000000000000000000000000000000039
:107750000000000000000000000000000000000029
:107760000000000000000000000000000000000019
:107770000000000000000000000000000000000009
:1077800000000000000000000000000000000000F9
:1077900000000000000000000000000000000000E9
:1077A00000000000000000000000000000000000D9
:1077B00000000000000000000000000000000000C9
:1077C00000000000000000000000000000000000B9
:1077D00000000000000000000000000000000000A9
:1077E0000000000000000000000000000000000099
:1077F0000000000000000000000000000000000089
:107800000000000000000000000000000000000078
:107810000000000000000000000000000000000068
:107820000000000000000000000000000000000058
:107830000000000000000000000000000000000048
:107840000000000000000000000000000000000038
:107850000000000000000000000000000000000028
:107860000000000000000000000000000000000018
:107870000000000000000000000000000000000008
:1078800000000000000000000000000000000000F8
:1078900000000000000000000000000000000000E8
:1078A00000000000000000000000000000000000D8
:1078B00000000000000000000000000000000000C8
:1078C00000000000000000000000000000000000B8
:1078D00000000000000000000000000000000000A8
:1078E0000000000000000000000000000000000098
:1078F0000000000000000000000000000000000088
:107900000000000000000000000000000000000077
:107910000000000000000000000000000000000067
:107920000000000000000000000000000000000057
:107930000000000000000000000000000000000047
:107940000000000000000000000000000000000037
:107950000000000000000000000000000000000027
:107960000000000000000000000000000000000017
:107970000000000000000000000000000000000007
:1079800000000000000000000000000000000000F7
:1079900000000000000000000000000000000000E7
:1079A00000000000000000000000000000000000D7
:1079B00000000000000000000000000000000000C7
:1079C00000000000000000000000000000000000B7
:1079D00000000000000000000000000000000000A7
:1079E0000000000000000000000000000000000097
:1079F0000000000000000000000000000000000087
:107A00000000000000000000000000000000000076
:107A10000000000000000000000000000000000066
:107A20000000000000000000000000000000000056
:107A30000000000000000000000000000000000046
:107A40000000000000000000000000000000000036
:107A50000000000000000000000000000000000026
:107A60000000000000000000000000000000000016
:107A70000000000000000000000000000000000006
:107A800000000000000000000000000000000000F6
:107A900000000000000000000000000000000000E6
:107AA00000000000000000000000000000000000D6
:107AB00000000000000000000000000000000000C6
:107AC00000000000000000000000000000000000B6
:107AD00000000000000000000000000000000000A6
:107AE0000000000000000000000000000000000096
:107AF0000000000000000000000000000000000086
:107B00000000000000000000000000000000000075
:107B10000000000000000000000000000000000065
:107B20000000000000000000000000000000000055
:107B30000000000000000000000000000000000045
:107B40000000000000000000000000000000000035
:107B50000000000000000000000000000000000025
:107B60000000000000000000000000000000000015
:107B70000000000000000000000000000000000005
:107B800000000000000000000000000000000000F5
:107B900000000000000000000000000000000000E5
:107BA00000000000000000000000000000000000D5
:107BB00000000000000000000000000000000000C5
:107BC00000000000000000000000000000000000B5
:107BD00000000000000000000000000000000000A5
:107BE0000000000000000000000000000000000095
:107BF0000000000000000000000000000000000085
:107C00000000000000000000000000000000000074
:107C10000000000000000000000000000000000064
:107C20000000000000000000000000000000000054
:107C30000000000000000000000000000000000044
:107C40000000000000000000000000000000000034
:107C50000000000000000000000000000000000024
:107C60000000000000000000000000000000000014
:107C70000000000000000000000000000000000004
:107C800000000000000000000000000000000000F4
:107C900000000000000000000000000000000000E4
:107CA00000000000000000000000000000000000D4
:107CB00000000000000000000000000000000000C4
:107CC00000000000000000000000000000000000B4
:107CD00000000000000000000000000000000000A4
:107CE0000000000000000000000000000000000094
:107CF0000000000000000000000000000000000084
:107D00000000000000000000000000000000000073
:107D10000000000000000000000000000000000063
:107D20000000000000000000000000000000000053
:107D30000000000000000000000000000000000043
:107D40000000000000000000000000000000000033
:107D50000000000000000000000000000000000023
:107D60000000000000000000000000000000000013
:107D70000000000000000000000000000000000003
:107D800000000000000000000000000000000000F3
:107D900000000000000000000000000000000000E3
:107DA00000000000000000000000000000000000D3
:107DB00000000000000000000000000000000000C3
:107DC00000000000000000000000000000000000B3
:107DD00000000000000000000000000000000000A3
:107DE0000000000000000000000000000000000093
:107DF0000000000000000000000000000000000083
:107E00000000000000000000000000000000000072
:107E10000000000000000000000000000000000062
:107E20000000000000000000000000000000000052
:107E30000000000000000000000000000000000042
:107E40000000000000000000000000000000000032
:107E50000000000000000000000000000000000022
:107E60000000000000000000000000000000000012
:107E70000000000000000000000000000000000002
:107E800000000000000000000000000000000000F2
:107E900000000000000000000000000000000000E2
:107EA00000000000000000000000000000000000D2
:107EB00000000000000000000000000000000000C2
:107EC00000000000000000000000000000000000B2
:107ED00000000000000000000000000000000000A2
:107EE0000000000000000000000000000000000092
:107EF0000000000000000000000000000000000082
:107F00000000000000000000000000000000000071
:107F10000000000000000000000000000000000061
:107F20000000000000000000000000000000000051
:107F30000000000000000000000000000000000041
:107F40000000000000000000000000000000000031
:107F50000000000000000000000000000000000021
:107F60000000000000000000000000000000000011
:107F70000000000000000000000000000000000001
:107F800000000000000000000000000000000000F1
:107F900000000000000000000000000000000000E1
:107FA00000000000000000000000000000000000D1
:107FB00000000000000000000000000000000000C1
:107FC00000000000000000000000000000000000B1
:107FD00000000000000000000000000000000000A1
:107FE0000000000000000000000000000000000091
:107FF0000000000000000000000000000000000081
:108000000000000000000000000000000000000070
:108010000000000000000000000000000000000060
:108020000000000000000000000000000000000050
:108030000000000000000000000000000000000040
:108040000000000000000000000000000000000030
:108050000000000000000000000000000000000020
:108060000000000000000000000000000000000010
:108070000000000000000000000000000000000000
:1080800000000000000000000000000000000000F0
:1080900000000000000000000000000000000000E0
:1080A00000000000000000000000000000000000D0
:1080B00000000000000000000000000000000000C0
:1080C00000000000000000000000000000000000B0
:1080D00000000000000000000000000000000000A0
:1080E0000000000000000000000000000000000090
:1080F0000000000000000000000000000000000080
:10810000000000000000000000000000000000006F
:10811000000000000000000000000000000000005F
:10812000000000000000000000000000000000004F
:10813000000000000000000000000000000000003F
:10814000000000000000000000000000000000002F
:10815000000000000000000000000000000000001F
:10816000000000000000000000000000000000000F
:1081700000000000000000000000000000000000FF
:1081800000000000000000000000000000000000EF
:1081900000000000000000000000000000000000DF
:1081A00000000000000000000000000000000000CF
:1081B00000000000000000000000000000000000BF
:1081C00000000000000000000000000000000000AF
:1081D000000000000000000000000000000000009F
:1081E000000000000000000000000000000000008F
:1081F000000000000000000000000000000000007F
:10820000000000000000000000000000000000006E
:10821000000000000000000000000000000000005E
:10822000000000000000000000000000000000004E
:10823000000000000000000000000000000000003E
:10824000000000000000000000000000000000002E
:10825000000000000000000000000000000000001E
:10826000000000000000000000000000000000000E
:1082700000000000000000000000000000000000FE
:1082800000000000000000000000000000000000EE
:1082900000000000000000000000000000000000DE
:1082A00000000000000000000000000000000000CE
:1082B00000000000000000000000000000000000BE
:1082C00000000000000000000000000000000000AE
:1082D000000000000000000000000000000000009E
:1082E000000000000000000000000000000000008E
:1082F000000000000000000000000000000000007E
:10830000000000000000000000000000000000006D
:10831000000000000000000000000000000000005D
:10832000000000000000000000000000000000004D
:10833000000000000000000000000000000000003D
:10834000000000000000000000000000000000002D
:10835000000000000000000000000000000000001D
:10836000000000000000000000000000000000000D
:1083700000000000000000000000000000000000FD
:1083800000000000000000000000000000000000ED
:1083900000000000000000000000000000000000DD
:1083A00000000000000000000000000000000000CD
:1083B00000000000000000000000000000000000BD
:1083C00000000000000000000000000000000000AD
:1083D000000000000000000000000000000000009D
:1083E000000000000000000000000000000000008D
:1083F000000000000000000000000000000000007D
:10840000000000000000000000000000000000006C
:10841000000000000000000000000000000000005C
:10842000000000000000000000000000000000004C
:10843000000000000000000000000000000000003C
:10844000000000000000000000000000000000002C
:10845000000000000000000000000000000000001C
:10846000000000000000000000000000000000000C
:1084700000000000000000000000000000000000FC
:1084800000000000000000000000000000000000EC
:1084900000000000000000000000000000000000DC
:1084A00000000000000000000000000000000000CC
:1084B00000000000000000000000000000000000BC
:1084C00000000000000000000000000000000000AC
:1084D000000000000000000000000000000000009C
:1084E000000000000000000000000000000000008C
:1084F000000000000000000000000000000000007C
:10850000000000000000000000000000000000006B
:10851000000000000000000000000000000000005B
:10852000000000000000000000000000000000004B
:10853000000000000000000000000000000000003B
:10854000000000000000000000000000000000002B
:10855000000000000000000000000000000000001B
:10856000000000000000000000000000000000000B
:1085700000000000000000000000000000000000FB
:1085800000000000000000000000000000000000EB
:1085900000000000000000000000000000000000DB
:1085A00000000000000000000000000000000000CB
:1085B00000000000000000000000000000000000BB
:1085C00000000000000000000000000000000000AB
:1085D000000000000000000000000000000000009B
:1085E000000000000000000000000000000000008B
:1085F000000000000000000000000000000000007B
:10860000000000000000000000000000000000006A
:10861000000000000000000000000000000000005A
:10862000000000000000000000000000000000004A
:10863000000000000000000000000000000000003A
:10864000000000000000000000000000000000002A
:10865000000000000000000000000000000000001A
:10866000000000000000000000000000000000000A
:1086700000000000000000000000000000000000FA
:1086800000000000000000000000000000000000EA
:1086900000000000000000000000000000000000DA
:1086A00000000000000000000000000000000000CA
:1086B00000000000000000000000000000000000BA
:1086C00000000000000000000000000000000000AA
:1086D000000000000000000000000000000000009A
:1086E000000000000000000000000000000000008A
:1086F000000000000000000000000000000000007A
:108700000000000000000000000000000000000069
:108710000000000000000000000000000000000059
:108720000000000000000000000000000000000049
:108730000000000000000000000000000000000039
:108740000000000000000000000000000000000029
:108750000000000000000000000000000000000019
:108760000000000000000000000000000000000009
:1087700000000000000000000000000000000000F9
:1087800000000000000000000000000000000000E9
:1087900000000000000000000000000000000000D9
:1087A00000000000000000000000000000000000C9
:1087B00000000000000000000000000000000000B9
:1087C00000000000000000000000000000000000A9
:1087D0000000000000000000000000000000000099
:1087E0000000000000000000000000000000000089
:1087F0000000000000000000000000000000000079
:108800000000000000000000000000000000000068
:108810000000000000000000000000000000000058
:108820000000000000000000000000000000000048
:108830000000000000000000000000000000000038
:108840000000000000000000000000000000000028
:108850000000000000000000000000000000000018
:108860000000000000000000000000000000000008
:1088700000000000000000000000000000000000F8
:1088800000000000000000000000000000000000E8
:1088900000000000000000000000000000000000D8
:1088A00000000000000000000000000000000000C8
:1088B00000000000000000000000000000000000B8
:1088C00000000000000000000000000000000000A8
:1088D0000000000000000000000000000000000098
:1088E0000000000000000000000000000000000088
:1088F0000000000000000000000000000000000078
:108900000000000000000000000000000000000067
:108910000000000000000000000000000000000057
:108920000000000000000000000000000000000047
:108930000000000000000000000000000000000037
:108940000000000000000000000000000000000027
:108950000000000000000000000000000000000017
:108960000000000000000000000000000000000007
:1089700000000000000000000000000000000000F7
:1089800000000000000000000000000000000000E7
:1089900000000000000000000000000000000000D7
:1089A00000000000000000000000000000000000C7
:1089B00000000000000000000000000000000000B7
:1089C00000000000000000000000000000000000A7
:1089D0000000000000000000000000000000000097
:1089E0000000000000000000000000000000000087
:1089F0000000000000000000000000000000000077
:108A00000000000000000000000000000000000066
:108A10000000000000000000000000000000000056
:108A20000000000000000000000000000000000046
:108A30000000000000000000000000000000000036
:108A40000000000000000000000000000000000026
:108A50000000000000000000000000000000000016
:108A60000000000000000000000000000000000006
:108A700000000000000000000000000000000000F6
:108A800000000000000000000000000000000000E6
:108A900000000000000000000000000000000000D6
:108AA00000000000000000000000000000000000C6
:108AB00000000000000000000000000000000000B6
:108AC00000000000000000000000000000000000A6
:108AD0000000000000000000000000000000000096
:108AE0000000000000000000000000000000000086
:108AF0000000000000000000000000000000000076
:108B00000000000000000000000000000000000065
:108B10000000000000000000000000000000000055
:108B20000000000000000000000000000000000045
:108B30000000000000000000000000000000000035
:108B40000000000000000000000000000000000025
:108B50000000000000000000000000000000000015
:108B60000000000000000000000000000000000005
:108B700000000000000000000000000000000000F5
:108B800000000000000000000000000000000000E5
:108B900000000000000000000000000000000000D5
:108BA00000000000000000000000000000000000C5
:108BB00000000000000000000000000000000000B5
:108BC00000000000000000000000000000000000A5
:108BD0000000000000000000000000000000000095
:108BE0000000000000000000000000000000000085
:108BF0000000000000000000000000000000000075
:108C00000000000000000000000000000000000064
:108C10000000000000000000000000000000000054
:108C20000000000000000000000000000000000044
:108C30000000000000000000000000000000000034
:108C40000000000000000000000000000000000024
:108C50000000000000000000000000000000000014
:108C60000000000000000000000000000000000004
:108C700000000000000000000000000000000000F4
:108C800000000000000000000000000000000000E4
:108C900000000000000000000000000000000000D4
:108CA00000000000000000000000000000000000C4
:108CB00000000000000000000000000000000000B4
:108CC00000000000000000000000000000000000A4
:108CD0000000000000000000000000000000000094
:108CE0000000000000000000000000000000000084
:108CF0000000000000000000000000000000000074
:108D00000000000000000000000000000000000063
:108D10000000000000000000000000000000000053
:108D20000000000000000000000000000000000043
:108D30000000000000000000000000000000000033
:108D40000000000000000000000000000000000023
:108D50000000000000000000000000000000000013
:108D60000000000000000000000000000000000003
:108D700000000000000000000000000000000000F3
:108D800000000000000000000000000000000000E3
:108D900000000000000000000000000000000000D3
:108DA00000000000000000000000000000000000C3
:108DB00000000000000000000000000000000000B3
:108DC00000000000000000000000000000000000A3
:108DD0000000000000000000000000000000000093
:108DE0000000000000000000000000000000000083
:108DF0000000000000000000000000000000000073
:108E00000000000000000000000000000000000062
:108E10000000000000000000000000000000000052
:108E20000000000000000000000000000000000042
:108E30000000000000000000000000000000000032
:108E40000000000000000000000000000000000022
:108E50000000000000000000000000000000000012
:108E60000000000000000000000000000000000002
:108E700000000000000000000000000000000000F2
:108E800000000000000000000000000000000000E2
:108E900000000000000000000000000000000000D2
:108EA00000000000000000000000000000000000C2
:108EB00000000000000000000000000000000000B2
:108EC00000000000000000000000000000000000A2
:108ED0000000000000000000000000000000000092
:108EE0000000000000000000000000000000000082
:108EF0000000000000000000000000000000000072
:108F00000000000000000000000000000000000061
:108F10000000000000000000000000000000000051
:108F20000000000000000000000000000000000041
:108F30000000000000000000000000000000000031
:108F40000000000000000000000000000000000021
:108F50000000000000000000000000000000000011
:108F60000000000000000000000000000000000001
:108F700000000000000000000000000000000000F1
:108F800000000000000000000000000000000000E1
:108F900000000000000000000000000000000000D1
:108FA00000000000000000000000000000000000C1
:108FB00000000000000000000000000000000000B1
:108FC00000000000000000000000000000000000A1
:108FD0000000000000000000000000000000000091
:108FE0000000000000000000000000000000000081
:108FF0000000000000000000000000000000000071
:109000000000000000000000000000000000000060
:109010000000000000000000000000000000000050
:109020000000000000000000000000000000000040
:109030000000000000000000000000000000000030
:109040000000000000000000000000000000000020
:109050000000000000000000000000000000000010
:109060000000000000000000000000000000000000
:1090700000000000000000000000000000000000F0
:1090800000000000000000000000000000000000E0
:1090900000000000000000000000000000000000D0
:1090A00000000000000000000000000000000000C0
:1090B00000000000000000000000000000000000B0
:1090C00000000000000000000000000000000000A0
:1090D0000000000000000000000000000000000090
:1090E0000000000000000000000000000000000080
:1090F0000000000000000000000000000000000070
:10910000000000000000000000000000000000005F
:10911000000000000000000000000000000000004F
:10912000000000000000000000000000000000003F
:10913000000000000000000000000000000000002F
:10914000000000000000000000000000000000001F
:10915000000000000000000000000000000000000F
:1091600000000000000000000000000000000000FF
:1091700000000000000000000000000000000000EF
:1091800000000000000000000000000000000000DF
:1091900000000000000000000000000000000000CF
:1091A00000000000000000000000000000000000BF
:1091B00000000000000000000000000000000000AF
:1091C000000000000000000000000000000000009F
:1091D000000000000000000000000000000000008F
:1091E000000000000000000000000000000000007F
:1091F000000000000000000000000000000000006F
:10920000000000000000000000000000000000005E
:10921000000000000000000000000000000000004E
:10922000000000000000000000000000000000003E
:10923000000000000000000000000000000000002E
:10924000000000000000000000000000000000001E
:10925000000000000000000000000000000000000E
:1092600000000000000000000000000000000000FE
:1092700000000000000000000000000000000000EE
:1092800000000000000000000000000000000000DE
:1092900000000000000000000000000000000000CE
:1092A00000000000000000000000000000000000BE
:1092B00000000000000000000000000000000000AE
:1092C000000000000000000000000000000000009E
:1092D000000000000000000000000000000000008E
:1092E000000000000000000000000000000000007E
:1092F000000000000000000000000000000000006E
:10930000000000000000000000000000000000005D
:10931000000000000000000000000000000000004D
:10932000000000000000000000000000000000003D
:10933000000000000000000000000000000000002D
:10934000000000000000000000000000000000001D
:10935000000000000000000000000000000000000D
:1093600000000000000000000000000000000000FD
:1093700000000000000000000000000000000000ED
:1093800000000000000000000000000000000000DD
:1093900000000000000000000000000000000000CD
:1093A00000000000000000000000000000000000BD
:1093B00000000000000000000000000000000000AD
:1093C000000000000000000000000000000000009D
:1093D000000000000000000000000000000000008D
:1093E000000000000000000000000000000000007D
:1093F000000000000000000000000000000000006D
:10940000000000000000000000000000000000005C
:10941000000000000000000000000000000000004C
:10942000000000000000000000000000000000003C
:10943000000000000000000000000000000000002C
:10944000000000000000000000000000000000001C
:10945000000000000000000000000000000000000C
:1094600000000000000000000000000000000000FC
:1094700000000000000000000000000000000000EC
:1094800000000000000000000000000000000000DC
:1094900000000000000000000000000000000000CC
:1094A00000000000000000000000000000000000BC
:1094B00000000000000000000000000000000000AC
:1094C000000000000000000000000000000000009C
:1094D000000000000000000000000000000000008C
:1094E000000000000000000000000000000000007C
:1094F000000000000000000000000000000000006C
:10950000000000000000000000000000000000005B
:10951000000000000000000000000000000000004B
:10952000000000000000000000000000000000003B
:10953000000000000000000000000000000000002B
:10954000000000000000000000000000000000001B
:10955000000000000000000000000000000000000B
:1095600000000000000000000000000000000000FB
:1095700000000000000000000000000000000000EB
:1095800000000000000000000000000000000000DB
:1095900000000000000000000000000000000000CB
:1095A00000000000000000000000000000000000BB
:1095B00000000000000000000000000000000000AB
:1095C000000000000000000000000000000000009B
:1095D000000000000000000000000000000000008B
:1095E000000000000000000000000000000000007B
:1095F000000000000000000000000000000000006B
:10960000000000000000000000000000000000005A
:10961000000000000000000000000000000000004A
:10962000000000000000000000000000000000003A
:10963000000000000000000000000000000000002A
:10964000000000000000000000000000000000001A
:10965000000000000000000000000000000000000A
:1096600000000000000000000000000000000000FA
:1096700000000000000000000000000000000000EA
:1096800000000000000000000000000000000000DA
:1096900000000000000000000000000000000000CA
:1096A00000000000000000000000000000000000BA
:1096B00000000000000000000000000000000000AA
:1096C000000000000000000000000000000000009A
:1096D000000000000000000000000000000000008A
:1096E000000000000000000000000000000000007A
:1096F000000000000000000000000000000000006A
:109700000000000000000000000000000000000059
:109710000000000000000000000000000000000049
:109720000000000000000000000000000000000039
:109730000000000000000000000000000000000029
:109740000000000000000000000000000000000019
:109750000000000000000000000000000000000009
:1097600000000000000000000000000000000000F9
:1097700000000000000000000000000000000000E9
:1097800000000000000000000000000000000000D9
:1097900000000000000000000000000000000000C9
:1097A00000000000000000000000000000000000B9
:1097B00000000000000000000000000000000000A9
:1097C0000000000000000000000000000000000099
:1097D0000000000000000000000000000000000089
:1097E0000000000000000000000000000000000079
:1097F0000000000000000000000000000000000069
:109800000000000000000000000000000000000058
:109810000000000000000000000000000000000048
:109820000000000000000000000000000000000038
:109830000000000000000000000000000000000028
:109840000000000000000000000000000000000018
:109850000000000000000000000000000000000008
:1098600000000000000000000000000000000000F8
:1098700000000000000000000000000000000000E8
:1098800000000000000000000000000000000000D8
:1098900000000000000000000000000000000000C8
:1098A00000000000000000000000000000000000B8
:1098B00000000000000000000000000000000000A8
:1098C0000000000000000000000000000000000098
:1098D0000000000000000000000000000000000088
:1098E0000000000000000000000000000000000078
:1098F0000000000000000000000000000000000068
:109900000000000000000000000000000000000057
:109910000000000000000000000000000000000047
:109920000000000000000000000000000000000037
:109930000000000000000000000000000000000027
:109940000000000000000000000000000000000017
:109950000000000000000000000000000000000007
:1099600000000000000000000000000000000000F7
:1099700000000000000000000000000000000000E7
:1099800000000000000000000000000000000000D7
:1099900000000000000000000000000000000000C7
:1099A00000000000000000000000000000000000B7
:1099B00000000000000000000000000000000000A7
:1099C0000000000000000000000000000000000097
:1099D0000000000000000000000000000000000087
:1099E0000000000000000000000000000000000077
:1099F0000000000000000000000000000000000067
:109A00000000000000000000000000000000000056
:109A10000000000000000000000000000000000046
:109A20000000000000000000000000000000000036
:109A30000000000000000000000000000000000026
:109A40000000000000000000000000000000000016
:109A50000000000000000000000000000000000006
:109A600000000000000000000000000000000000F6
:109A700000000000000000000000000000000000E6
:109A800000000000000000000000000000000000D6
:109A900000000000000000000000000000000000C6
:109AA00000000000000000000000000000000000B6
:109AB00000000000000000000000000000000000A6
:109AC0000000000000000000000000000000000096
:109AD0000000000000000000000000000000000086
:109AE0000000000000000000000000000000000076
:109AF0000000000000000000000000000000000066
:109B00000000000000000000000000000000000055
:109B10000000000000000000000000000000000045
:109B20000000000000000000000000000000000035
:109B30000000000000000000000000000000000025
:109B40000000000000000000000000000000000015
:109B50000000000000000000000000000000000005
:109B600000000000000000000000000000000000F5
:109B700000000000000000000000000000000000E5
:109B800000000000000000000000000000000000D5
:109B900000000000000000000000000000000000C5
:109BA00000000000000000000000000000000000B5
:109BB00000000000000000000000000000000000A5
:109BC0000000000000000000000000000000000095
:109BD0000000000000000000000000000000000085
:109BE0000000000000000000000000000000000075
:109BF0000000000000000000000000000000000065
:109C00000000000000000000000000000000000054
:109C10000000000000000000000000000000000044
:109C20000000000000000000000000000000000034
:109C30000000000000000000000000000000000024
:109C40000000000000000000000000000000000014
:109C50000000000000000000000000000000000004
:109C600000000000000000000000000000000000F4
:109C700000000000000000000000000000000000E4
:109C800000000000000000000000000000000000D4
:109C900000000000000000000000000000000000C4
:109CA00000000000000000000000000000000000B4
:109CB00000000000000000000000000000000000A4
:109CC0000000000000000000000000000000000094
:109CD0000000000000000000000000000000000084
:109CE0000000000000000000000000000000000074
:109CF0000000000000000000000000000000000064
:109D00000000000000000000000000000000000053
:109D100000000000000000000200803F437141B5D8
:109D2000A8CC563F20460BBF1FEBD03EE5B769BF1E
:109D30004A041EBEFBEE7CBF7DC02ABF10BC3EBFE6
:109D4000BE0977BFD44886BECCCE73BFA31F9C3E4E
:109D5000D31922BFAF23463F55BCE1BDA9707E3F5A
:109D6000C27FE53E7CD7643FD3C75C3F7795013F18
:109D70002FBF7F3F0A2736BDAF64503F3EB014BFB0
:109D8000AAECBB3EEA216EBF5FDA4ABE2EED7ABF77
:109D9000A91033BFD3F336BF8EC779BF025C60BE54
:109DA0005B1870BF5CA7B13E0D2119BFF2264D3F75
:109DB000BDFD86BD77717F3F26A0F93E2A835F3FB8
:109DC0002953623F5446EF3ECEFC7E3FE8F8B5BDD6
:109DD0002893493F0ACF1DBF058FA63E511372BF7E
:109DE000B24977BE476C78BF21063BBFEBCE2EBF92
:109DF000DA067CBFB7B433BE4CE86BBF1AD5C63E9B
:109E0000B7DA0FBF4BC2533F0EEBAFBCE0F07F3F62
:109E10000DA1063FA1BD593FDC6B673F87E8DA3EE5
:109E200044B97D3F0F4108BE865B423FE79D26BF98
:109E300001DD903E188A75BFE19D91BE8A6D75BFA8
:109E4000DD9C42BF775126BF7CC67DBF65B206BE92
:109E5000C04067BF219EDB3E834B06BF61F2593F86
:109E6000FE79BC3CA7EE7F3FD52D103FCD89533FF7
:109E7000560F6C3FD81BC63E35F57B3FA54035BE1F
:109E800071C13A3F5E182FBF3BC3753E7F8478BFD8
:109E9000254DA7BE7CF271BF06D149BFC47F1DBF4F
:109EA00094057FBFB3D7B2BD112462BFEBF7EF3E7D
:109EB00093F0F8BE14B45F3FE71F8A3DCB6A7F3F43
:109EC0009671193FD3EA4C3F3D3B703FCFEAB03E1D
:109ED00084B1793F6AE461BEC1C8323F223A37BFDC
:109EE000F74F493E02017BBFAAA7BCBEDFFC6DBF96
:109EF000F59E50BF4C5E14BF82C37FBF0EE02FBDE6
:109F0000DA945CBF16EC013F09CCE4BE7904653FEE
:109F10005BDBE43D90657E3F9C67223F0BE4453F61
:109F200071ED733F27609B3E55EF763FDE0A87BE9B
:109F300081752A3F14FF3EBFBE761C3E62FE7CBF89
:109F4000A3A2D1BEBC8E69BF3F0357BFB0F10ABF09
:109F5000EAFF7FBFCA0CC93AEA9556BF6A9A0B3F1F
:109F60009633D0BEDAE0693F6D911F3E6EDF7C3FD5
:109F7000560B2B3FFB783E3F0C24773FC686853E31
:109F800013B0733F1FDF9CBEF3CB213F526346BF2C
:109F9000A09CDE3DB27B7EBF7B33E6BE59AA64BF88
:109FA0009DFA5CBFB13E01BF8ABA7FBFAC6D3C3D3C
:109FB0002D2A50BFF501153FAA31BBBEC1466E3FE9
:109FC00066644C3E46D97A3FF957333FFDAC363F85
:109FD00079D9793FFCCF5E3EFDE76F3FF359B2BEC2
:109FE0008AB9183F4B444DBFB1AD833D65207FBF5B
:109FF000919FF9BEF5B45EBFC05561BF2658EDBE56
:10A00000BDA07CBFD069B73DD34746BF85B81B3FD5
:10A0100016D6A1BEC6636C3FC6C06F3E7D496F3F7A
:10A02000E155313F653E253F0530693F00CC243E78
:10A03000F692533F9B16B3BED8EEF73E491637BF94
:10A040005C89863C3FCD52BFA5CDD1BEB21429BF9D
:10A050005EED27BFA0379EBE6B6F29BFB718B83D16
:10A060009F92EBBEB693CA3E838B1CBE606C053FCD
:10A07000BC0B0C3ECFB7EA3E4F6CA13EB686893E84
:10A080009AB9B23E577E3B3D449E873E184E01BE74
:10A090009056003E3EFF50BEB1BB99BB47B043BE99
:10A0A0001032ACBDCACFFBBD65BED5BDB89B32BDBD
:10A0B0000F52A8BD7C4E743C868E32BD3DEC273DD0
:10A0C000AD1022BCF8F5243D4BF4143C975CD63C13
:10A0D00017A3653C2EA7323C8D56313C985E743AEE
:10A0E000FD1BB63B2DFC41BB7C7AD93A6F3944BB92
:10A0F0001829FAB816FBE0BAD14FF6B957D923BAE6
:10A10000D43798B9DBC1DFB8D279CBB8A316B6374C
:10A11000648884B7468D88370000803F543DACB5D5
:10A12000C639573F3E9D0ABF5FC8D33EAD1269BFD7
:10A13000BAB214BE52497DBF006628BFD1D040BF1D
:10A14000A8FA75BFF4D88DBE123475BF2C1F933E8C
:10A15000805126BFDF9C423F90CF09BEC6AB7D3FFA
:10A160009DC6D83E29EC673FA1B3583F944B083FAA
:10A170003AFC7F3F27ED2FBC91B9553FD2EA0CBF87
:10A18000E2C3CE3E50326ABF81911FBE64DF7CBF06
:10A1900088752ABF12FF3EBFFCB976BF8D8E88BE80
:10A1A0003F6674BF0C61983E163824BF2F63443F4E
:10A1B000A6D0FDBDBD067E3F74BEDD3ECDBE663F72
:10A1C00017275A3FE3F5053FE4F07F3F8DEAAFBC28
:10A1D0000D33543F3C340FBF4AB9C93E084B6BBFE7
:10A1E000916B2ABEFF6D7CBF08802CBFAF273DBF9F
:10A1F000077277BF1E4083BE359173BF6D9E9D3E33
:10A20000D41922BFB323463FADFAE7BD355A7E3F8E
:10A21000C1AFE23EA18A653F1C945B3F3E9C033F79
:10A2200001DE7F3FACEC03BD45A6523F6C7911BF08
:10A23000BEA8C43ECF5C6CBF984035BE26F57BBF40
:10A240006F852EBFB74A3BBFC42278BF9DDB7BBE64
:10A25000FCB472BF27D7A23ECAF61FBF5FDE473FDE
:10A26000DB1DD2BD2CA67E3F5E9AE73EAF4F643F1A
:10A27000A6FA5C3FB63E013F8FC37F3F2BE02FBD68
:10A280004513513F50BA13BF6392BF3E9A676DBFEB
:10A29000441040BEDD747BBFB08530BF386839BF25
:10A2A0002FCC78BF902F71BE99D171BF150BA83EEE
:10A2B00007CF1DBF2693493FD23ABCBDA0EA7E3FDF
:10A2C000267EEC3E000E633FAA5A5E3FBBBAFD3EBF
:10A2D0008FA17F3F76CE5BBD177A4F3FD7F615BF74
:10A2E0006076BA3E616B6EBF45DA4ABE28ED7ABF32
:10A2F000BD8032BF408037BF456E79BF677C66BE88
:10A3000016E770BF0F3AAD3E9DA21BBFFC414B3F0D
:10A310003952A6BD8D277F3FF05AF13E9BC5613F64
:10A3200019B45F3F88F0F83EFE777F3F1DDB83BDA9
:10A33000C7DA4D3FEE2E18BFDE54B53E20686FBF22
:10A340004B9E55BE0F5E7ABF897634BFE49235BF0F
:10A3500005097ABF75C25BBE7AF56FBFEF63B23E87
:10A36000987119BFCFEA4C3FAE6490BDE85C7F3F67
:10A370008D30F63E8076603FE506613FF31EF43E89
:10A38000E6467F3F15CB99BD71354C3F8F621ABFB2
:10A39000122EB03EE35D70BF105C60BEA3C779BFF4
:10A3A000006736BF29A033BF489C7ABFEC0151BE7D
:10A3B000A9FC6EBF7688B73E083C17BF938D4E3F11
:10A3C000CCE574BDCB8A7F3F44FEFA3E36205F3F2A
:10A3D0006F4F623F5942EF3E08007F3FACACAFBDCC
:10A3E000BA6B4A3F2B7A1CBF5DC7AA3EB5F970BF56
:10A3F000C76D6ABE7A7A78BFB65D37BF96BC30BF8C
:10A400001BDE78BFA76C44BE62616ABF95CBB93EC4
:10A41000716E11BF322B4B3FBDA941BDEE61763F3E
:10A420001D2DF23E83FA513F9D86523FCCD1D83E3E
:10A43000B8AB643FF257B1BDB3782D3F6D1909BF7A
:10A440004A91883EF77A47BFB5053FBED72941BF3D
:10A45000340707BF83C1FEBE1C1A28BF7062FABD55
:10A4600077CB0FBFF7266B3E7C6D9FBE14DAE33EC1
:10A47000704196BC97C2F43EEDCE573EF08EB63E8C
:10A48000E121A13E8198213E1E60953EBECF00BDD8
:10A4900001C63E3E40211ABE199C753D2EDE39BED6
:10A4A00050C818BD4DAB13BEDF33AABD6E239DBD92
:10A4B0002B81A8BD0D076CBCEADF61BDED60BE3C21
:10A4C00054C4BFBCF5360C3DA0AB48BACED8E23C74
:10A4D00013B7163C88DF783C29F51F3CAB279C3B23
:10A4E00086E1CC3B149642BAD3EA2C3BBCDF0EBBD0
:10A4F0000EA2083AF3DED6BA5CF955B92CE345BA98
:10A50000AE9870B9BE665AB9E283CEB861B98CB75D
:10A510000FD8A9B7500B1F37FFFF7F3FC417EBB50C
:10A5200061A6573F08F409BF93A3D63E376B68BFB7
:10A53000F55D0BBE2B9E7DBF060526BF23DE42BF09
:10A54000C1DC74BF886095BE138476BFF2118A3E69
:10A550008A752ABF15FF3E3FB8AB22BEC4BF7C3F01
:10A5600028E3CB3E93D36A3F3A6B543FDAE00E3F89
:10A57000A5EE7F3F8C7ABC3C4DC45A3F83F404BFA8
:10A58000E846E13E5AE365BF9DFAE7BD325A7EBF19
:10A59000027E21BFC7A246BF3F1473BFE09AA0BE90
:10A5A000FC0978BF4A617D3EF4CE2EBF24063B3FB6
:10A5B0006EE339BE1CBF7B3F1B07C13E1B1C6D3FBA
:10A5C0004913513F4FBA133F9CBA7F3FC56D3C3D85
:10A5D00093C45D3FF3C5FFBEB4CBEB3E563C63BFB7
:10A5E000DF19B9BDBFF37EBF1AE11CBF804C4ABF63
:10A5F000CB2A71BF72BFABBE476E79BF5A7C663E35
:10A60000AC1033BFDAF3363FF20151BE569C7A3FAD
:10A61000E510B63E81446F3F029F4D3FBF7F183F1C
:10A62000EB637F3F5D428D3DCBA6603F3480F5BE3E
:10A630008A30F63E847660BF0A208ABDBE6A7FBF3C
:10A64000EF2E18BFCDDA4DBFA7206FBFBECCB6BE70
:10A65000C4B07ABF2D784F3E203A37BFC5C8323FCD
:10A66000220468BE9957793F0202AB3E7A4C713F93
:10A67000DD0E4A3F83301D3F9BEA7E3FB33ABC3D2F
:10A680008F6A633F2E19EBBE013A003F46925DBFD1
:10A69000F42636BD1FBF7FBF236813BF344D51BFA3
:10A6A0001BF66CBF44C1C1BE48D17BBFE357383EE7
:10A6B000C04A3BBF77852E3FE1E67EBE12F1773F71
:10A6C000F2DB9F3EBF33733F5563463FF9CB213FDB
:10A6D000BD4E7E3F8619EB3D7F0F663F4992E0BE3F
:10A6E0005B4A053FFE8F5ABF45EAAFBCD6F07FBF3D
:10A6F0005E8D0EBF3FA354BF74AB6ABF8A9BCCBEB6
:10A70000AECF7CBF9F1E213EFF413FBF822A2A3F22
:10A710008AD38ABEF068763F36A0943E0BFA743F27
:10A72000E59C423F7E51263F62907D3F3CEC0C3ED3
:10A730003E95683FF2ECD5BEA6480A3F187057BF59
:10A74000AD13C93AE2FF7FBF4B9F09BF7EDC57BF05
:10A75000064168BF1A5AD7BED3AB7DBF87CF093E2B
:10A760004E1F43BF7AB8253FCB2096BE5EBF743FD5
:10A770004E50893E169F763F0FBC3E3F73C02A3F26
:10A78000ADAF7C3F9D38243E86FB6A3FA82ACBBEF6
:10A7900040340F3F123354BF1C0BC93C4CEC7FBFFD
:10A7A0008F9E04BF78F85ABF03B765BF61FBE1BE57
:10A7B00075657EBF69DBE43D28E246BFFB2F213F84
:10A7C000BE59A1BEB1F4723FF5DA7B3E1522783F47
:10A7D00062BE3A3F77152F3FAD9E7B3F4B643B3EB9
:10A7E000681E6D3F0130C0BE9ED9133F969150BF89
:10A7F000E12B423D0E027FBF80C5FDBE7CD05CBF19
:10A8000011FC60BF2E56EABE3E1F7BBFC436B33D6F
:10A8100091AD45BF9ECF183F2235A6BE7D42683F11
:10A82000ABC8583E1A416C3FEAF9283FE0E4253FA7
:10A8300088D5603F47F33C3EBCC64E3FCC9D9CBE96
:10A84000ECB7FB3E8E2829BFC376603DEC7B46BF4C
:10A85000D583B1BE860823BFC6CC15BFD4E5A4BE40
:10A860008F021BBF72D5233DCDDEDFBEBBF8A43EF9
:10A870009C9A2FBE8EA9E43E6096AA3D1ABBCF3E9D
:10A880002A607B3E1835813EFD47923E6F10893D20
:10A89000364C673EF31EA3BD52DCF03D29511ABE73
:10A8A000C305643C8FDC17BE121B54BD34F2CDBD12
:10A8B00008EE93BD58D22BBDBDE274BD9B6A283B08
:10A8C00064070BBDEE30C33CA0692CBC14EDD13C39
:10A8D00067B64F3B0E258F3CF048F23B0E6B023CB7
:10A8E00022BEC73B2EA1CE3A5E26553B077C8BBAD3
:10A8F00071A68E3AC784AEBA1F9BBE38A79C4BBACE
:10A9000064B70DB98F9792B91CF6B2B879B75DB834
:10A910001213B6B785579C35FDFF7F3F28EB04B671
:10A920007612583F7D4A09BFB47CD93E83C167BFC8
:10A930002C0602BE82ED7DBFA59D23BFEFE344BF81
:10A9400018B073BF1BDF9CBEB0BE77BFBCF8803EA3
:10A9500074852EBFBC4A3B3FCC6E3BBEC8AC7B3F30
:10A96000E7D7BE3E298D6D3FA5EF4F3FB553153F4D
:10A9700075967F3F5C5A683D23835F3F29A0F9BEEF
:10A98000336EF33ECB3661BFB26490BDE35C7FBFF4
:10A99000F12E18BFCFDA4DBF97D86EBF2444B8BE92
:10A9A00007017BBF1150493E61DD38BF1E17313FA3
:10A9B000E53C74BE8F9C783FC395A33EF594723FEF
:10A9C0006421473FD0E1203F355A7E3F94FAE73D6E
:10A9D0008A3B663F8ADDDFBE7F4B063F65F259BF8B
:10A9E000033062BCBAF97FBFC5420CBFF72756BF20
:10A9F0002A3C69BF4211D3BE6E747DBFB108103EC0
:10AA0000E49C42BF8051263FD12096BE5EBF743F7A
:10AA1000C0CC873EC2D4763FF8AE3D3F48EB2B3FDB
:10AA2000414C7C3F5D842D3E20366C3F5962C5BE53
:10AA30002C71123F4FFA51BF02E02F3D87C37FBFF9
:10AA4000EAC5FFBE8FC45DBF73DF62BF5C30EDBE81
:10AA5000DE167FBF2295AC3DF5BB4BBFC3021B3F4B
:10AA600069A7B1BE6518703F8F27573E0F497A3FDF
:10AA700028A0333F0267363F4B6E793F607C663ECD
:10AA8000F56D713F6C44AABE1D1E1E3F1A5549BF8D
:10AA900081DDCB3D75BA7EBF6B33E6BE51AA64BF84
:10AAA000B1C75BBFF54503BF01E77FBF652AE23C45
:10AAB0000E3354BF3A340F3F8B9BCCBE7BAB6A3F07
:10AAC0003B041E3E03EF7C3F40FD283F594C403F76
:10AAD000AEC2753F2D5B8F3EBDDE753F1D9A8EBEAB
:10AAE000B048293FE70940BF76911F3E60DF7CBF39
:10AAF00024E3CBBE8ED36ABFBFFA53BF83870FBF99
:10AB00002BE47FBF3BBAEEBC37FB5BBFA1EF023F3C
:10AB1000FCE6E6BE167D643F3CBDC83D6BC47E3F8F
:10AB200002CF1D3F2293493F6E4C713FF601AB3E71
:10AB3000CC84793F78F464BEB3E7333F612036BFFD
:10AB4000A1B0583ED6337ABFC9EAB0BE373B70BF1A
:10AB50000D7F4BBFC0521BBF600E7FBF87B6AFBD1E
:10AB6000FE0D63BF247EEC3E023A00BF47925D3F7C
:10AB70000099293DBBC77F3FA41E123FB433523F0B
:10AB8000400F6C3FC41BC63E355D7C3FFFF72BBEBC
:10AB900074F23D3FC4A02BBF9D8E883E13BA76BF92
:10ABA0008D6095BECDDC74BF7E5B42BFDB9D26BF52
:10ABB0002A667DBFBF9611BE8F6569BF0A5AD23E15
:10ABC000D7960CBFDBF0553F26507BBC86F77F3F06
:10ABD000ACF3053F7B235A3F9F02663FB585E03EBD
:10ABE0006E3F7E3F25B9E4BD2A1C473F835C20BFF2
:10ABF000AFE0A33E41CA71BF8A7471BEC66A77BF17
:10AC0000FAE836BFB5C12FBF6D1F77BF0FC747BE6C
:10AC1000434069BFD020B33E61F212BF8722463F56
:10AC200022AF8BBDD5C2713F7088E03EA37E503FFE
:10AC30004F6A483F34A3E03E4DC55C3FD04343BD1F
:10AC400051722B3FC772F5BEDEE6943EA28638BF36
:10AC500017CA06BE358B36BFBEC0E8BED68DFABE5B
:10AC6000374716BFF9721DBE276C04BF5798293E9F
:10AC7000FDD59CBED224BC3E87FF59BD294ED23E95
:10AC8000FFA2183E4E4DA33E785E7D3E1E89213EBA
:10AC9000A941753EFEB8C039DC60253E0373D1BDC5
:10ACA0006001823DF4FB09BEC77E68BC47D1E5BDAB
:10ACB00017435ABD17BC83BD093569BDCEE996BCA3
:10ACC000DA7324BDEE242A3C5BF79ABCD1CAA53CBA
:10ACD00046CF56BBFCFB8E3CE32F843BA947253C6B
:10ACE0009A64A73B2832713B1EDD5F3B90B550391B
:10ACF0009AE6C43A55345BBAEB77C339C63234BAF4
:10AD0000E590B1B743A7A2B9FDBE79B8EA31AAB8B8
:10AD1000A8FAA6B75838F7B6FDFF7F3F28EB04B670
:10AD2000087E583F9FA008BFBD53DC3E951567BF06
:10AD30002657F1BD58377EBFF42F21BF24E246BF0E
:10AD4000C07472BF3A54A4BECFE378BFACA86F3EC4
:10AD5000C38032BF4580373FFB1454BEFD727A3F3B
:10AD600068A7B13E6318703FF7414B3F97A21B3F66
:10AD7000C3F37E3FDC19B93D6FF4633FB300E9BE16
:10AD80003099023F8A2E5CBF6C2AE2BCFFE67FBF8F
:10AD9000618D0EBF41A354BFA0096ABFC47BCFBE63
:10ADA00052497DBFB0B2143E845B42BFE09D263F56
:10ADB000FDE096BED0A1743FCD86853E1424773F3A
:10ADC000FA5B3C3F6D5E2D3F4AD17B3FEB57383EEF
:10ADD000298D6D3FE7D7BEBED6F6153F1B7A4FBF14
:10ADE0006AB8803D667E7FBF2D80F5BEC8A660BF75
:10ADF00013B45FBF85F0F8BE129C7FBF6A14623D3A
:10AE0000FE9E50BF555E143F527BC2BE04D06C3FC5
:10AE1000C79C303EE2297C3F48EB2B3FF8AE3D3FDC
:10AE2000219F763F4F50893E1834753F311F93BEA6
:10AE30003C1A283FE71241BFD8761C3E6BFE7CBF10
:10AE400026E3CBBE8DD36ABFC18953BFD02D10BFBF
:10AE500031D77FBFAC7B10BD4F2D5DBFE2E7003F18
:10AE60001F7EECBEFA0D633FB773A93D481F7F3FBD
:10AE700054121A3F07724C3F2C686F3FEA54B53E9C
:10AE800034D97A3F61644CBE5FDD383F1D1731BF56
:10AE90009C49773E496C78BFE09AA0BE3E1473BFD0
:10AEA00028A445BF3EB522BF34FA7DBF417700BE1E
:10AEB00028EC67BFA2C6D83EAE480ABF2670573FEF
:10AEC0007D53FBBB12FE7F3F84F6063FAC88593FA3
:10AED000883B663F89DDDF3EA6707E3F23BCE1BD37
:10AEE0001E1D483F3AA81FBF160BA83E95D171BF43
:10AEF0001D0468BE925779BF692036BFB9E733BFDA
:10AF000005097ABF68C25BBE04C570BF3EF7AD3E9F
:10AF100086301DBFDE0E4A3F3CBDC8BD6BC47E3FC0
:10AF2000C27FE53E74D7643F6D2C5B3F8348043F8E
:10AF3000E8F27F3F0F5AA3BC87B9553FC9EA0CBF5F
:10AF40004011D33E2B3C69BF4EEC0CBE6E907DBFD2
:10AF5000091F25BF3CA143BFE50B74BF8AA09ABE61
:10AF600054A577BF4BBB813EF3CE2EBF23063B3F9C
:10AF7000421040BED9747B3F8F31BB3EAB466E3F23
:10AF80000E524E3F0E8D173FE45C7F3FAD64903D07
:10AF90002996613F320CF2BE315DFC3E11BE5EBFB0
:10AFA000A8B442BDEEB57FBF93C312BFB7C051BFB7
:10AFB0003E0F6CBFC41BC6BEAE7E7CBFF6DE283E15
:10AFC0001CFF3EBF8D752A3F57178DBEBE15763FBD
:10AFD000D2588F3EA5BE753FA4BC3F3F908A293F03
:10AFE000E6897C3F1020243E32496B3FD402C8BE24
:10AFF0008D65113F1AD951BFCFF62E3D7E707EBFB1
:10B000008617FCBE45225CBF7EB65EBFBA54ECBE5E
:10B01000672679BFFC19963D872246BF61F2123F31
:10B02000032AAFBEC603623F17F0353EC163683FD7
:10B030004FA61D3F2A1E273FD425563FBE285C3E03
:10B040001DB4483F6E3381BE6748FF3E0FA518BF51
:10B050001D99C53D34FA37BF3C698EBE92751BBF42
:10B06000101602BF53D4A9BE32070BBF178108BC0C
:10B07000BC1ED1BE5B107F3E315D3CBE6B00BE3E50
:10B08000CDF2133DE34DB33E9F97393ED3506C3E16
:10B09000EE0B673E3F8AA43DDDFD3E3EFC8D2BBDA1
:10B0A000F609D83D7260D7BDC4CACD3CBFDCE1BD56
:10B0B000638DE3BC7A54A1BD894D40BDB3FB17BD80
:10B0C000F8E928BD55908FBB3BA3CBBC3F55483C0E
:10B0D000024118BC00F4773CD5FE0B39DBFD313C56
:10B0E0006D7A603BDA1BAD3B4A944B3B940CBC3A07
:10B0F0003171DF3A2F156AB93CAB1D3AE00203BA51
:10B10000B725C93811159BB92460D1B7AB7FCCB82E
:10B1100018877EB7690B79B7FFFF7F3FC417EBB580
:10B1200015E9583F6DF607BFA828DF3E6D6766BF7B
:10B13000B59CDEBDAB7B7EBF0CBC1EBFAED848BF8E
:10B14000CC2A71BF72BFABBE56F379BF154B5D3EC3
:10B15000FE6636BF25A0333F759A6CBE9312793FC9
:10B160003E54A43EC474723F5363463FFACB213F22
:10B17000C0067E3F94D0FD3DA616683F6710D8BE3E
:10B180001B460B3FA3CC56BF8D517B3C44F87FBF81
:10B190008C9E04BF6EF85ABF51AA64BF6C33E6BEE2
:10B1A00044E17EBF8E5BBF3DF4414BBF96A21B3F87
:10B1B0005220B3BE56D26F3F60EE4D3E13C57A3F6C
:10B1C0007BCE303FE122393FCF22783FA6DB7B3E6A
:10B1D0001DB0733F1BDF9CBE23D2243FFCE143BF65
:10B1E0008B7A0E3E7D827DBF22EBD0BEDCB769BF7D
:10B1F0003FA354BF608D0EBF21E17FBF8B49FBBCD5
:10B200009DFA5CBFB43E013F5E30EDBE78DF623F29
:10B21000CE0EA03D8B377F3FBF7F183F029F4D3F33
:10B220006B6B6E3F7076BA3EAF877B3F34853EBE18
:10B2300095D33B3F24F22DBFCB86853E0E2477BFAE
:10B24000886095BEBFDC74BFDA5441BF5ACE27BFB9
:10B25000FCEE7CBF2E041EBE074B6BBF52B9C93E2D
:10B2600018CC11BF176D523FDF6D3CBD9EBA7F3FBA
:10B2700020AEFB3E82EF5E3FEF06613F091FF43ECA
:10B28000687E7F3F5CB880BDA1EF4F3FB15315BFD3
:10B2900040C1C13E1AF66CBF9E102FBE1D3B7CBF45
:10B2A000560B2BBFF7783EBF761676BFBA178DBE0A
:10B2B000B2FA75BFFDD88D3E83C02ABF1CBC3E3F8D
:10B2C00067842DBE464C7C3F517BC23E07D06C3F0D
:10B2D000372A503F0302153FA2847F3F822B7B3DDC
:10B2E000E7D6603FA4CFF4BEE9FEFA3ED0205FBFB0
:10B2F000A5B442BDDFB57FBFAE1E12BFC03352BF83
:10B3000095726BBF7400C9BE6FDF7CBF7E911F3E1C
:10B31000F01241BF421A283F36A094BE0BFA743F88
:10B32000D748863EC709773FCF173C3F52A82D3FED
:10B33000439A7B3F0CFA3C3EB0466E3F9631BBBE13
:10B34000ED2E183FCEDA4DBFE3EC9C3D523F7FBF60
:10B3500088E2EDBEDAB062BF5A2D5DBFE7E700BFFD
:10B3600004DE7FBF85EC033D396B54BFD7E00E3F51
:10B370008433D0BEC9E0693FA108103E61747D3FAF
:10B38000F91E253F2CA1433FD3CE733FAA1F9C3EFD
:10B39000080A783F64617DBEBF85303F4B6839BF86
:10B3A0005D644C3E3CD97ABF9EDCB3BE0EAF6FBF2E
:10B3B000F97E4BBFB0521BBF9DEA7EBFD83ABCBDE1
:10B3C0001A7D64BFF8E6E63E294804BFD22B5B3FF6
:10B3D000AD368A3C73F27F3F96920B3FDA89563F37
:10B3E000391E683FCB39D73E20A37D3F484B00BE76
:10B3F0005B98453FD6A721BFE2BCA23E605371BF18
:10B40000E4F56BBE32B676BF90E833BF7EA030BFA6
:10B41000AF0874BF307C56BE7D4268BF2235A63E61
:10B420001A0116BF4C663E3FCE06CBBD6A6F6B3F1E
:10B4300081E7C83E4A9E4E3FA7863B3F8449EA3E8D
:10B44000F4D7523F64A4A5BA216F283FDADFD3BEF8
:10B45000444DA13E293127BF71C696BDEAF229BFEE
:10B46000C805C1BE7176F3BE440F03BF83C339BEA6
:10B470001412EFBE1D33D53D5FDE96BE5107953EDB
:10B480004985A5BDFB70AF3EA7C1C13DD9378E3EF2
:10B49000D34C3E3EF0B61A3E9546423E34B1BF3CD8
:10B4A000E62E0A3E6B2881BDF7747B3D368FC2BD08
:10B4B000963A973AF60CABBD2899FEBC857651BDFD
:10B4C00026D817BD684798BC3FE9E1BC9B722C3B6E
:10B4D0008ABC66BCF440313C730C78BB93D9263CE3
:10B4E000552DA73A6D09CA3BEA1A1B3B3EFC213B8E
:10B4F000CF89DA3ADBCADC39290D433AD55C7CB90D
:10B500000DB55039A4F679B9A5B25E37B3AAD0B853
:10B51000FF060AB76DC5A8B70000803F543DACB523
:10B520009D53593FE74B07BF6DFBE13E0DB765BF2C
:10B530006ADDCBBD79BA7EBF05421CBF79C74ABF61
:10B540004FD26FBF5120B3BE2CED7ABF4BDA4A3ECB
:10B55000AF373ABFCFAA2F3FB87D82BEC18B773FAE
:10B5600004E1963ED2A1743FE254413F61CE273FB1
:10B57000AFCF7C3FA81E213E58E86B3F25D5C6BE05
:10B5800051BA133F451351BF5CA06E3DA9907FBFD8
:10B59000A4CFF4BEE9D660BFFBBD5EBF1B5DFCBEA1
:10B5A000C1C77FBF0B99293DBF8953BFD32D103F22
:10B5B000E1C3CEBE4F326A3FBF08103E73747D3F79
:10B5C0002D85243FAC22443F0F53733FE21C9F3E26
:10B5D000939C783FDE3C74BEC8C8323F1D3A37BFEB
:10B5E0006BC25B3EFB087ABFF701ABBE6F4C71BF0D
:10B5F0001E1D48BF39A81FBF19437EBF5A38EEBD74
:10B60000BA9667BFAD32DA3EB3F10ABF4703573F80
:10B6100005398ABCACF67F3F3E9C033F1C945B3FE0
:10B62000A1C6633FB2B3E93E481F7F3FA373A9BDE4
:10B630000C634D3F6DD018BF9C31BB3EB4466EBF0E
:10B6400061E339BE14BF7BBF07802CBFAE273DBF6F
:10B65000E36876BF7FD38ABEC0DE75BF259A8E3E73
:10B66000590B2BBF00793E3FD22832BE7D187C3F5C
:10B67000ECD7BE3E308D6D3F8F8D4E3F093C173F5E
:10B68000F0467F3F1FCB993D74DF623F5630EDBEE1
:10B6900016EC013FD1945CBFB10AC9BC34EC7FBF4A
:10B6A000D2960CBFCDF055BF346B68BF8DA3D6BE0C
:10B6B000BF067EBFA6D0FD3D2BE246BFFC2F213F3B
:10B6C000294DA7BE90F2713F7F6C633E469B793F48
:10B6D000302F343FB8D9353F8F12793F839A6C3E73
:10B6E000F8B4723F26D7A2BEC902233F2C6445BFDF
:10B6F000F840083E32B97DBF065AD2BE886569BFA0
:10B7000047A354BF628D0EBFB3DA7FBF11340ABDA9
:10B710009CC45DBFFBC5FF3EF05AF1BE9BC5613FB7
:10B7200080FD863D7A717F3FAF53153FA2EF4F3FBB
:10B73000B6A96C3F3D35C33E9F7E7C3FEDDE28BE03
:10B74000E609403FAF4829BF2D1F933E173475BF10
:10B75000E54886BECD0977BF418F3BBFE13B2EBF99
:10B76000EC4E7BBF082643BEB0206FBFC1CCB63EB7
:10B77000B4B21ABFBEF84B3FCE3ABCBD8DEA7E3F95
:10B78000BA7FE53E6ED7643F9A5B5A3F2AA0053FD9
:10B7900015FE7F3F6D53FBBB5648583F9FF508BFD2
:10B7A0009B73DE3E2F9366BF3B7DDBBD7A867EBFFB
:10B7B000FBCE1DBF1A9349BF698070BF3E71AFBEFB
:10B7C000CA877ABF878B523EDFDC38BF9E16313F77
:10B7D000355D7DBEEF05783FD7979A3E2CFE733FCF
:10B7E000BF7F423F9738263F0CC67C3F3C27193E1F
:10B7F000F47D6A3FADE3C9BEF55C113F191D51BF31
:10B80000F35D4D3D57577DBF5F7DF4BE0C805CBF3F
:10B8100093555ABFFFF6F2BEEE6176BFBDA9413D1A
:10B82000613D47BFEA0B0A3FB1EDBBBEA95B593F83
:10B83000483C083E4434633F3B640F3FBF4E283FC3
:10B8400094E6483FE0EF7F3EE4DD403F85C243BEE3
:10B85000889D003F9CD905BF25A80D3E824827BF83
:10B86000CA0754BE490612BF66B4DABEE0C2ABBE18
:10B87000287DF3BED7FE54BD9C24BFBED1AF373E5A
:10B88000BE5641BE2624983E62F730BB013C963E30
:10B89000C564FF3DC463513EB6D82E3E4F05B03D52
:10B8A0009CE7173EED905CBC0AC9B83DEFB28BBD7A
:10B8B000744AF53CF0B29FBD715E39BC39B170BDC0
:10B8C000BFD6E6BC8F41F9BC39E6DABCA365EFBB55
:10B8D0001D678BBCA560A63B29CEEBBBEB58053C96
:10B8E000576389BAD170CB3B574CAA3A28844F3B57
:10B8F000EBDEB63ACBE3833A67854C3A7BC15D38E1
:10B90000043A8F395E6519B911A24F38FEF4B5B803
:10B910007204BBB38789BBB70200803F437141B556
:10B92000A0BD593F0DA106BF06CCE43E750465BF1E
:10B93000AB19B9BDC0F37EBFF6C119BF72AE4CBF23
:10B940005F6B6EBF6576BABE3ED17BBFE957383EAE
:10B9500062F23DBFBBA02B3F149A8EBEC2DE753F84
:10B960005950893E239F763FDD173C3F5AA82D3F13
:10B97000EB4E7B3F0D26433E33686F3FE754B5BE29
:10B9800061F21B3FC7044BBFDDFDCE3D61B07EBF02
:10B990007BDDDFBE843B66BF454858BF93F508BFDB
:10B9A0002AFC7FBF6AEC2FBC6D2C5BBF8848043F2C
:10B9B000A1B3E9BE9FC6633FB030A33D9E2F7F3F3A
:10B9C0001D8D173F1F524E3FA5676D3F7592BF3EBD
:10B9D000474C7C3F51842DBE68C73F3F0E9429BF22
:10B9E000C3DF933E1C1775BF620284BE2D5877BF1C
:10B9F000AB373ABFC8AA2FBF08C57ABF4AEE4DBEC3
:10BA0000D75D70BF132EB03E1D1E1EBF2255493F8D
:10BA100059DBE4BD8B657E3F87E8DA3EDC6B673F30
:10BA2000AACC563F20460B3FE4F07F3FFEEAAF3CF6
:10BA3000DB945C3F14EC01BF7794EE3E038262BF5F
:10BA400048428DBDDC637FBFAD5315BF9AEF4FBF3A
:10BA5000C85C6CBFB8A8C4BEC1BF7CBFC4AB223E2B
:10BA6000B49641BF6C82273FFA2099BE5148743F7B
:10BA70005F617D3E0A0A783F1752383F22A8313F66
:10BA8000DB337A3FB6B0583E744C713FF001ABBE29
:10BA90003645203F759F47BF76B2FA3D11137EBFF2
:10BAA000F1ECD5BE3D9568BF9C4A55BF78920DBF5D
:10BAB000FDDD7FBF42EC03BDBFF65DBFBE17FF3E9D
:10BAC0003B6EF3BED836613F3DA06E3DB8907F3FE0
:10BAD000EC15133F1387513F044B6B3F58B9C93ED8
:10BAE000CB2B7D3F1FCE17BE4660433FBB6B25BFB0
:10BAF000B05D9E3E277273BF48B672BE6EB478BF0B
:10BB0000026736BF23A033BF479B79BF736C63BE08
:10BB1000FA3372BFF2D0A53E9C6722BF0BE4453FCB
:10BB2000084108BE42B97D3F1FEBD03EE0B7693FF8
:10BB300047C2533FB4DA0F3F7DC37F3F4DE02F3DF7
:10BB400005525F3F8E4FFABEC040F83EDFE45FBF54
:10BB5000A8B442BDE8B57FBFD2D310BF4A1853BFC7
:10BB600058326ABFE6C3CEBE6F907DBF59EC0C3E23
:10BB7000212445BF4850233FC095A3BEED94723F9A
:10BB80000A04683E9057793F8876343FE692353F05
:10BB900049FB783FBD216E3E4914733FE09AA0BE39
:10BBA0002885243FA52244BFB824133ECB577DBF30
:10BBB00022E3CBBE81D36ABFCC3352BFAF1E12BFCC
:10BBC0009EA17FBF29CE5BBD2DA660BF867FF53EBF
:10BBD000E107FDBEC1885E3F86BA163D3FC57F3F87
:10BBE00006780E3F6C83543FB8C2683FC77FD33E90
:10BBF000E43A7D3FABAA01BE7ADA453F435A20BF03
:10BC00000E3FA73E787C6FBF5DF059BE612976BFBD
:10BC100001382EBFCA1833BF7D496FBFC6C06FBE83
:10BC2000CDF566BFA31D933EB31E1ABFB2C7333F07
:10BC30002DCF0DBEACFD623F64BBAB3EF6C04B3FAB
:10BC400070D22B3F2565F43EF890463F31F94C3DCC
:10BC5000E1D7233F9D81AEBE6B33AC3E3DBB13BFEE
:10BC6000159F81BC8E4B1BBF155D98BE92A2E8BE8E
:10BC70002DE7DDBE1E694FBEB59FD2BE0856453DBD
:10BC8000AA3F8DBE7EF85F3E7531CCBD604D8D3EC6
:10BC900045B5493D0704703EC6F9063E10C50D3E48
:10BCA000268D133E04981A3DC377DD3DDED807BDCF
:10BCB0008E74613D6BAC80BD06B0213CE6C171BDA8
:10BCC000A99080BCFB3A1DBD0383B7BC007F85BC37
:10BCD0001D1091BCB7BBAEBA89FE1DBC20F3A33BBF
:10BCE0006D9F53BB7A21B13B369859385250603B17
:10BCF000EBEC723A2205BE3A29BA383AF6A5B139C8
:10BD00009A3FA13919370AB8D545A438F96880B8DF
:10BD10007D8D05370F31B2B7000000000000000034
:10BD20000000000000000000000000000000000013
:10BD30000000000000000000000000000000000003
:10BD400000000000000000000000000000000000F3
:10BD500000000000000000000000000000000000E3
:10BD600000000000000000000000000000000000D3
:10BD700000000000000000000000000000000000C3
:10BD800000000000000000000000000000000000B3
:10BD900000000000000000000000000000000000A3
:10BDA0000000000000000000000000000000000093
:10BDB0000000000000000000000000000000000083
:10BDC0000000000000000000000000000000000073
:10BDD0000000000000000000000000000000000063
:10BDE0000000000000000000000000000000000053
:10BDF0000000000000000000000000000000000043
:10BE00000000000000000000000000000000000032
:10BE10000000000000000000000000000000000022
:10BE20000000000000000000000000000000000012
:10BE30000000000000000000000000000000000002
:10BE400000000000000000000000000000000000F2
:10BE500000000000000000000000000000000000E2
:10BE600000000000000000000000000000000000D2
:10BE700000000000000000000000000000000000C2
:10BE800000000000000000000000000000000000B2
:10BE900000000000000000000000000000000000A2
:10BEA0000000000000000000000000000000000092
:10BEB0000000000000000000000000000000000082
:10BEC0000000000000000000000000000000000072
:10BED0000000000000000000000000000000000062
:10BEE0000000000000000000000000000000000052
:10BEF0000000000000000000000000000000000042
:10BF00000000000000000000000000000000000031
:10BF10000000000000000000000000000000000021
:10BF20000000000000000000000000000000000011
:10BF30000000000000000000000000000000000001
:10BF400000000000000000000000000000000000F1
:10BF500000000000000000000000000000000000E1
:10BF600000000000000000000000000000000000D1
:10BF700000000000000000000000000000000000C1
:10BF800000000000000000000000000000000000B1
:10BF900000000000000000000000000000000000A1
:10BFA0000000000000000000000000000000000091
:10BFB0000000000000000000000000000000000081
:10BFC0000000000000000000000000000000000071
:10BFD0000000000000000000000000000000000061
:10BFE0000000000000000000000000000000000051
:10BFF0000000000000000000000000000000000041
:10C000000000000000000000000000000000000030
:10C010000000000000000000000000000000000020
:10C020000000000000000000000000000000000010
:10C030000000000000000000000000000000000000
:10C0400000000000000000000000000000000000F0
:10C0500000000000000000000000000000000000E0
:10C0600000000000000000000000000000000000D0
:10C0700000000000000000000000000000000000C0
:10C0800000000000000000000000000000000000B0
:10C0900000000000000000000000000000000000A0
:10C0A0000000000000000000000000000000000090
:10C0B0000000000000000000000000000000000080
:10C0C0000000000000000000000000000000000070
:10C0D0000000000000000000000000000000000060
:10C0E0000000000000000000000000000000000050
:10C0F0000000000000000000000000000000000040
:10C10000000000000000000000000000000000002F
:10C11000000000000000000000000000000000001F
:10C12000000000000000000000000000000000000F
:10C1300000000000000000000000000000000000FF
:10C1400000000000000000000000000000000000EF
:10C1500000000000000000000000000000000000DF
:10C1600000000000000000000000000000000000CF
:10C1700000000000000000000000000000000000BF
:10C1800000000000000000000000000000000000AF
:10C19000000000000000000000000000000000009F
:10C1A000000000000000000000000000000000008F
:10C1B000000000000000000000000000000000007F
:10C1C000000000000000000000000000000000006F
:10C1D000000000000000000000000000000000005F
:10C1E000000000000000000000000000000000004F
:10C1F000000000000000000000000000000000003F
:10C20000000000000000000000000000000000002E
:10C21000000000000000000000000000000000001E
:10C22000000000000000000000000000000000000E
:10C2300000000000000000000000000000000000FE
:10C2400000000000000000000000000000000000EE
:10C2500000000000000000000000000000000000DE
:10C2600000000000000000000000000000000000CE
:10C2700000000000000000000000000000000000BE
:10C2800000000000000000000000000000000000AE
:10C29000000000000000000000000000000000009E
:10C2A000000000000000000000000000000000008E
:10C2B000000000000000000000000000000000007E
:10C2C000000000000000000000000000000000006E
:10C2D000000000000000000000000000000000005E
:10C2E000000000000000000000000000000000004E
:10C2F000000000000000000000000000000000003E
:10C30000000000000000000000000000000000002D
:10C31000000000000000000000000000000000001D
:10C32000000000000000000000000000000000000D
:10C3300000000000000000000000000000000000FD
:10C3400000000000000000000000000000000000ED
:10C3500000000000000000000000000000000000DD
:10C3600000000000000000000000000000000000CD
:10C3700000000000000000000000000000000000BD
:10C3800000000000000000000000000000000000AD
:10C39000000000000000000000000000000000009D
:10C3A000000000000000000000000000000000008D
:10C3B000000000000000000000000000000000007D
:10C3C000000000000000000000000000000000006D
:10C3D000000000000000000000000000000000005D
:10C3E000000000000000000000000000000000004D
:10C3F000000000000000000000000000000000003D
:10C40000000000000000000000000000000000002C
:10C41000000000000000000000000000000000001C
:10C42000000000000000000000000000000000000C
:10C4300000000000000000000000000000000000FC
:10C4400000000000000000000000000000000000EC
:10C4500000000000000000000000000000000000DC
:10C4600000000000000000000000000000000000CC
:10C4700000000000000000000000000000000000BC
:10C4800000000000000000000000000000000000AC
:10C49000000000000000000000000000000000009C
:10C4A000000000000000000000000000000000008C
:10C4B000000000000000000000000000000000007C
:10C4C000000000000000000000000000000000006C
:10C4D000000000000000000000000000000000005C
:10C4E000000000000000000000000000000000004C
:10C4F000000000000000000000000000000000003C
:10C50000000000000000000000000000000000002B
:10C51000000000000000000000000000000000001B
:10C52000000000000000000000000000000000000B
:10C5300000000000000000000000000000000000FB
:10C5400000000000000000000000000000000000EB
:10C5500000000000000000000000000000000000DB
:10C5600000000000000000000000000000000000CB
:10C5700000000000000000000000000000000000BB
:10C5800000000000000000000000000000000000AB
:10C59000000000000000000000000000000000009B
:10C5A000000000000000000000000000000000008B
:10C5B000000000000000000000000000000000007B
:10C5C000000000000000000000000000000000006B
:10C5D000000000000000000000000000000000005B
:10C5E000000000000000000000000000000000004B
:10C5F000000000000000000000000000000000003B
:10C60000000000000000000000000000000000002A
:10C61000000000000000000000000000000000001A
:10C62000000000000000000000000000000000000A
:10C6300000000000000000000000000000000000FA
:10C6400000000000000000000000000000000000EA
:10C6500000000000000000000000000000000000DA
:10C6600000000000000000000000000000000000CA
:10C6700000000000000000000000000000000000BA
:10C6800000000000000000000000000000000000AA
:10C69000000000000000000000000000000000009A
:10C6A000000000000000000000000000000000008A
:10C6B000000000000000000000000000000000007A
:10C6C000000000000000000000000000000000006A
:10C6D000000000000000000000000000000000005A
:10C6E000000000000000000000000000000000004A
:10C6F000000000000000000000000000000000003A
:10C700000000000000000000000000000000000029
:10C710000000000000000000000000000000000019
:10C720000000000000000000000000000000000009
:10C7300000000000000000000000000000000000F9
:10C7400000000000000000000000000000000000E9
:10C7500000000000000000000000000000000000D9
:10C7600000000000000000000000000000000000C9
:10C7700000000000000000000000000000000000B9
:10C7800000000000000000000000000000000000A9
:10C790000000000000000000000000000000000099
:10C7A0000000000000000000000000000000000089
:10C7B0000000000000000000000000000000000079
:10C7C0000000000000000000000000000000000069
:10C7D0000000000000000000000000000000000059
:10C7E0000000000000000000000000000000000049
:10C7F0000000000000000000000000000000000039
:10C800000000000000000000000000000000000028
:10C810000000000000000000000000000000000018
:10C820000000000000000000000000000000000008
:10C8300000000000000000000000000000000000F8
:10C8400000000000000000000000000000000000E8
:10C8500000000000000000000000000000000000D8
:10C8600000000000000000000000000000000000C8
:10C8700000000000000000000000000000000000B8
:10C8800000000000000000000000000000000000A8
:10C890000000000000000000000000000000000098
:10C8A0000000000000000000000000000000000088
:10C8B0000000000000000000000000000000000078
:10C8C0000000000000000000000000000000000068
:10C8D0000000000000000000000000000000000058
:10C8E0000000000000000000000000000000000048
:10C8F0000000000000000000000000000000000038
:10C900000000000000000000000000000000000027
:10C910000000000000000000000000000000000017
:10C920000000000000000000000000000000000007
:10C9300000000000000000000000000000000000F7
:10C9400000000000000000000000000000000000E7
:10C9500000000000000000000000000000000000D7
:10C9600000000000000000000000000000000000C7
:10C9700000000000000000000000000000000000B7
:10C9800000000000000000000000000000000000A7
:10C990000000000000000000000000000000000097
:10C9A0000000000000000000000000000000000087
:10C9B0000000000000000000000000000000000077
:10C9C0000000000000000000000000000000000067
:10C9D0000000000000000000000000000000000057
:10C9E0000000000000000000000000000000000047
:10C9F0000000000000000000000000000000000037
:10CA00000000000000000000000000000000000026
:10CA10000000000000000000000000000000000016
:10CA20000000000000000000000000000000000006
:10CA300000000000000000000000000000000000F6
:10CA400000000000000000000000000000000000E6
:10CA500000000000000000000000000000000000D6
:10CA600000000000000000000000000000000000C6
:10CA700000000000000000000000000000000000B6
:10CA800000000000000000000000000000000000A6
:10CA90000000000000000000000000000000000096
:10CAA0000000000000000000000000000000000086
:10CAB0000000000000000000000000000000000076
:10CAC0000000000000000000000000000000000066
:10CAD0000000000000000000000000000000000056
:10CAE0000000000000000000000000000000000046
:10CAF0000000000000000000000000000000000036
:10CB00000000000000000000000000000000000025
:10CB10000000000000000000000000000000000015
:10CB20000000000000000000000000000000000005
:10CB300000000000000000000000000000000000F5
:10CB400000000000000000000000000000000000E5
:10CB500000000000000000000000000000000000D5
:10CB600000000000000000000000000000000000C5
:10CB700000000000000000000000000000000000B5
:10CB800000000000000000000000000000000000A5
:10CB90000000000000000000000000000000000095
:10CBA0000000000000000000000000000000000085
:10CBB0000000000000000000000000000000000075
:10CBC0000000000000000000000000000000000065
:10CBD0000000000000000000000000000000000055
:10CBE0000000000000000000000000000000000045
:10CBF0000000000000000000000000000000000035
:10CC00000000000000000000000000000000000024
:10CC10000000000000000000000000000000000014
:10CC20000000000000000000000000000000000004
:10CC300000000000000000000000000000000000F4
:10CC400000000000000000000000000000000000E4
:10CC500000000000000000000000000000000000D4
:10CC600000000000000000000000000000000000C4
:10CC700000000000000000000000000000000000B4
:10CC800000000000000000000000000000000000A4
:10CC90000000000000000000000000000000000094
:10CCA0000000000000000000000000000000000084
:10CCB0000000000000000000000000000000000074
:10CCC0000000000000000000000000000000000064
:10CCD0000000000000000000000000000000000054
:10CCE0000000000000000000000000000000000044
:10CCF0000000000000000000000000000000000034
:10CD00000000000000000000000000000000000023
:10CD10000000000000000000000000000000000013
:10CD20000000000000000000000000000000000003
:10CD300000000000000000000000000000000000F3
:10CD400000000000000000000000000000000000E3
:10CD500000000000000000000000000000000000D3
:10CD600000000000000000000000000000000000C3
:10CD700000000000000000000000000000000000B3
:10CD800000000000000000000000000000000000A3
:10CD90000000000000000000000000000000000093
:10CDA0000000000000000000000000000000000083
:10CDB0000000000000000000000000000000000073
:10CDC0000000000000000000000000000000000063
:10CDD0000000000000000000000000000000000053
:10CDE0000000000000000000000000000000000043
:10CDF0000000000000000000000000000000000033
:10CE00000000000000000000000000000000000022
:10CE10000000000000000000000000000000000012
:10CE20000000000000000000000000000000000002
:10CE300000000000000000000000000000000000F2
:10CE400000000000000000000000000000000000E2
:10CE500000000000000000000000000000000000D2
:10CE600000000000000000000000000000000000C2
:10CE700000000000000000000000000000000000B2
:10CE800000000000000000000000000000000000A2
:10CE90000000000000000000000000000000000092
:10CEA0000000000000000000000000000000000082
:10CEB0000000000000000000000000000000000072
:10CEC0000000000000000000000000000000000062
:10CED0000000000000000000000000000000000052
:10CEE0000000000000000000000000000000000042
:10CEF0000000000000000000000000000000000032
:10CF00000000000000000000000000000000000021
:10CF10000000000000000000000000000000000011
:10CF20000000000000000000000000000000000001
:10CF300000000000000000000000000000000000F1
:10CF400000000000000000000000000000000000E1
:10CF500000000000000000000000000000000000D1
:10CF600000000000000000000000000000000000C1
:10CF700000000000000000000000000000000000B1
:10CF800000000000000000000000000000000000A1
:10CF90000000000000000000000000000000000091
:10CFA0000000000000000000000000000000000081
:10CFB0000000000000000000000000000000000071
:10CFC0000000000000000000000000000000000061
:10CFD0000000000000000000000000000000000051
:10CFE0000000000000000000000000000000000041
:10CFF0000000000000000000000000000000000031
:10D000000000000000000000000000000000000020
:10D010000000000000000000000000000000000010
:10D020000000000000000000000000000000000000
:10D0300000000000000000000000000000000000F0
:10D0400000000000000000000000000000000000E0
:10D0500000000000000000000000000000000000D0
:10D0600000000000000000000000000000000000C0
:10D0700000000000000000000000000000000000B0
:10D0800000000000000000000000000000000000A0
:10D090000000000000000000000000000000000090
:10D0A0000000000000000000000000000000000080
:10D0B0000000000000000000000000000000000070
:10D0C0000000000000000000000000000000000060
:10D0D0000000000000000000000000000000000050
:10D0E0000000000000000000000000000000000040
:10D0F0000000000000000000000000000000000030
:10D10000000000000000000000000000000000001F
:10D11000000000000000000000000000000000000F
:10D1200000000000000000000000000000000000FF
:10D1300000000000000000000000000000000000EF
:10D1400000000000000000000000000000000000DF
:10D1500000000000000000000000000000000000CF
:10D1600000000000000000000000000000000000BF
:10D1700000000000000000000000000000000000AF
:10D18000000000000000000000000000000000009F
:10D19000000000000000000000000000000000008F
:10D1A000000000000000000000000000000000007F
:10D1B000000000000000000000000000000000006F
:10D1C000000000000000000000000000000000005F
:10D1D000000000000000000000000000000000004F
:10D1E000000000000000000000000000000000003F
:10D1F000000000000000000000000000000000002F
:10D20000000000000000000000000000000000001E
:10D21000000000000000000000000000000000000E
:10D2200000000000000000000000000000000000FE
:10D2300000000000000000000000000000000000EE
:10D2400000000000000000000000000000000000DE
:10D2500000000000000000000000000000000000CE
:10D2600000000000000000000000000000000000BE
:10D2700000000000000000000000000000000000AE
:10D28000000000000000000000000000000000009E
:10D29000000000000000000000000000000000008E
:10D2A000000000000000000000000000000000007E
:10D2B000000000000000000000000000000000006E
:10D2C000000000000000000000000000000000005E
:10D2D000000000000000000000000000000000004E
:10D2E000000000000000000000000000000000003E
:10D2F000000000000000000000000000000000002E
:10D30000000000000000000000000000000000001D
:10D31000000000000000000000000000000000000D
:10D3200000000000000000000000000000000000FD
:10D3300000000000000000000000000000000000ED
:10D3400000000000000000000000000000000000DD
:10D3500000000000000000000000000000000000CD
:10D3600000000000000000000000000000000000BD
:10D3700000000000000000000000000000000000AD
:10D38000000000000000000000000000000000009D
:10D39000000000000000000000000000000000008D
:10D3A000000000000000000000000000000000007D
:10D3B000000000000000000000000000000000006D
:10D3C000000000000000000000000000000000005D
:10D3D000000000000000000000000000000000004D
:10D3E000000000000000000000000000000000003D
:10D3F000000000000000000000000000000000002D
:10D40000000000000000000000000000000000001C
:10D41000000000000000000000000000000000000C
:10D4200000000000000000000000000000000000FC
:10D4300000000000000000000000000000000000EC
:10D4400000000000000000000000000000000000DC
:10D4500000000000000000000000000000000000CC
:10D4600000000000000000000000000000000000BC
:10D4700000000000000000000000000000000000AC
:10D48000000000000000000000000000000000009C
:10D49000000000000000000000000000000000008C
:10D4A000000000000000000000000000000000007C
:10D4B000000000000000000000000000000000006C
:10D4C000000000000000000000000000000000005C
:10D4D000000000000000000000000000000000004C
:10D4E000000000000000000000000000000000003C
:10D4F000000000000000000000000000000000002C
:10D50000000000000000000000000000000000001B
:10D51000000000000000000000000000000000000B
:10D5200000000000000000000000000000000000FB
:10D5300000000000000000000000000000000000EB
:10D5400000000000000000000000000000000000DB
:10D5500000000000000000000000000000000000CB
:10D5600000000000000000000000000000000000BB
:10D5700000000000000000000000000000000000AB
:10D58000000000000000000000000000000000009B
:10D59000000000000000000000000000000000008B
:10D5A000000000000000000000000000000000007B
:10D5B000000000000000000000000000000000006B
:10D5C000000000000000000000000000000000005B
:10D5D000000000000000000000000000000000004B
:10D5E000000000000000000000000000000000003B
:10D5F000000000000000000000000000000000002B
:10D60000000000000000000000000000000000001A
:10D61000000000000000000000000000000000000A
:10D6200000000000000000000000000000000000FA
:10D6300000000000000000000000000000000000EA
:10D6400000000000000000000000000000000000DA
:10D6500000000000000000000000000000000000CA
:10D6600000000000000000000000000000000000BA
:10D6700000000000000000000000000000000000AA
:10D68000000000000000000000000000000000009A
:10D69000000000000000000000000000000000008A
:10D6A000000000000000000000000000000000007A
:10D6B000000000000000000000000000000000006A
:10D6C000000000000000000000000000000000005A
:10D6D000000000000000000000000000000000004A
:10D6E000000000000000000000000000000000003A
:10D6F000000000000000000000000000000000002A
:10D700000000000000000000000000000000000019
:10D710000000000000000000000000000000000009
:10D7200000000000000000000000000000000000F9
:10D7300000000000000000000000000000000000E9
:10D7400000000000000000000000000000000000D9
:10D7500000000000000000000000000000000000C9
:10D7600000000000000000000000000000000000B9
:10D7700000000000000000000000000000000000A9
:10D780000000000000000000000000000000000099
:10D790000000000000000000000000000000000089
:10D7A0000000000000000000000000000000000079
:10D7B0000000000000000000000000000000000069
:10D7C0000000000000000000000000000000000059
:10D7D0000000000000000000000000000000000049
:10D7E0000000000000000000000000000000000039
:10D7F0000000000000000000000000000000000029
:10D800000000000000000000000000000000000018
:10D810000000000000000000000000000000000008
:10D8200000000000000000000000000000000000F8
:10D8300000000000000000000000000000000000E8
:10D8400000000000000000000000000000000000D8
:10D8500000000000000000000000000000000000C8
:10D8600000000000000000000000000000000000B8
:10D8700000000000000000000000000000000000A8
:10D880000000000000000000000000000000000098
:10D890000000000000000000000000000000000088
:10D8A0000000000000000000000000000000000078
:10D8B0000000000000000000000000000000000068
:10D8C0000000000000000000000000000000000058
:10D8D0000000000000000000000000000000000048
:10D8E0000000000000000000000000000000000038
:10D8F0000000000000000000000000000000000028
:10D900000000000000000000000000000000000017
:10D910000000000000000000000000000000000007
:10D9200000000000000000000000000000000000F7
:10D9300000000000000000000000000000000000E7
:10D9400000000000000000000000000000000000D7
:10D9500000000000000000000000000000000000C7
:10D9600000000000000000000000000000000000B7
:10D9700000000000000000000000000000000000A7
:10D980000000000000000000000000000000000097
:10D990000000000000000000000000000000000087
:10D9A0000000000000000000000000000000000077
:10D9B0000000000000000000000000000000000067
:10D9C0000000000000000000000000000000000057
:10D9D0000000000000000000000000000000000047
:10D9E0000000000000000000000000000000000037
:10D9F0000000000000000000000000000000000027
:10DA00000000000000000000000000000000000016
:10DA10000000000000000000000000000000000006
:10DA200000000000000000000000000000000000F6
:10DA300000000000000000000000000000000000E6
:10DA400000000000000000000000000000000000D6
:10DA500000000000000000000000000000000000C6
:10DA600000000000000000000000000000000000B6
:10DA700000000000000000000000000000000000A6
:10DA80000000000000000000000000000000000096
:10DA90000000000000000000000000000000000086
:10DAA0000000000000000000000000000000000076
:10DAB0000000000000000000000000000000000066
:10DAC0000000000000000000000000000000000056
:10DAD0000000000000000000000000000000000046
:10DAE0000000000000000000000000000000000036
:10DAF0000000000000000000000000000000000026
:10DB00000000000000000000000000000000000015
:10DB10000000000000000000000000000000000005
:10DB200000000000000000000000000000000000F5
:10DB300000000000000000000000000000000000E5
:10DB400000000000000000000000000000000000D5
:10DB500000000000000000000000000000000000C5
:10DB600000000000000000000000000000000000B5
:10DB700000000000000000000000000000000000A5
:10DB80000000000000000000000000000000000095
:10DB90000000000000000000000000000000000085
:10DBA0000000000000000000000000000000000075
:10DBB0000000000000000000000000000000000065
:10DBC0000000000000000000000000000000000055
:10DBD0000000000000000000000000000000000045
:10DBE0000000000000000000000000000000000035
:10DBF0000000000000000000000000000000000025
:10DC00000000000000000000000000000000000014
:10DC10000000000000000000000000000000000004
:10DC200000000000000000000000000000000000F4
:10DC300000000000000000000000000000000000E4
:10DC400000000000000000000000000000000000D4
:10DC500000000000000000000000000000000000C4
:10DC600000000000000000000000000000000000B4
:10DC700000000000000000000000000000000000A4
:10DC80000000000000000000000000000000000094
:10DC90000000000000000000000000000000000084
:10DCA0000000000000000000000000000000000074
:10DCB0000000000000000000000000000000000064
:10DCC0000000000000000000000000000000000054
:10DCD0000000000000000000000000000000000044
:10DCE0000000000000000000000000000000000034
:10DCF0000000000000000000000000000000000024
:10DD00000000000000000000000000000000000013
:10DD10000000000000000000000000000000000003
:10DD200000000000000000000000000000000000F3
:10DD300000000000000000000000000000000000E3
:10DD400000000000000000000000000000000000D3
:10DD500000000000000000000000000000000000C3
:10DD600000000000000000000000000000000000B3
:10DD700000000000000000000000000000000000A3
:10DD80000000000000000000000000000000000093
:10DD90000000000000000000000000000000000083
:10DDA0000000000000000000000000000000000073
:10DDB0000000000000000000000000000000000063
:10DDC0000000000000000000000000000000000053
:10DDD0000000000000000000000000000000000043
:10DDE0000000000000000000000000000000000033
:10DDF0000000000000000000000000000000000023
:10DE00000000000000000000000000000000000012
:10DE10000000000000000000000000000000000002
:10DE200000000000000000000000000000000000F2
:10DE300000000000000000000000000000000000E2
:10DE400000000000000000000000000000000000D2
:10DE500000000000000000000000000000000000C2
:10DE600000000000000000000000000000000000B2
:10DE700000000000000000000000000000000000A2
:10DE80000000000000000000000000000000000092
:10DE90000000000000000000000000000000000082
:10DEA0000000000000000000000000000000000072
:10DEB0000000000000000000000000000000000062
:10DEC0000000000000000000000000000000000052
:10DED0000000000000000000000000000000000042
:10DEE0000000000000000000000000000000000032
:10DEF0000000000000000000000000000000000022
:10DF00000000000000000000000000000000000011
:10DF10000000000000000000000000000000000001
:10DF200000000000000000000000000000000000F1
:10DF300000000000000000000000000000000000E1
:10DF400000000000000000000000000000000000D1
:10DF500000000000000000000000000000000000C1
:10DF600000000000000000000000000000000000B1
:10DF700000000000000000000000000000000000A1
:10DF80000000000000000000000000000000000091
:10DF90000000000000000000000000000000000081
:10DFA0000000000000000000000000000000000071
:10DFB0000000000000000000000000000000000061
:10DFC0000000000000000000000000000000000051
:10DFD0000000000000000000000000000000000041
:10DFE0000000000000000000000000000000000031
:10DFF0000000000000000000000000000000000021
:10E000000000000000000000000000000000000010
:10E010000000000000000000000000000000000000
:10E0200000000000000000000000000000000000F0
:10E0300000000000000000000000000000000000E0
:10E0400000000000000000000000000000000000D0
:10E0500000000000000000000000000000000000C0
:10E0600000000000000000000000000000000000B0
:10E0700000000000000000000000000000000000A0
:10E080000000000000000000000000000000000090
:10E090000000000000000000000000000000000080
:10E0A0000000000000000000000000000000000070
:10E0B0000000000000000000000000000000000060
:10E0C0000000000000000000000000000000000050
:10E0D0000000000000000000000000000000000040
:10E0E0000000000000000000000000000000000030
:10E0F0000000000000000000000000000000000020
:10E10000000000000000000000000000000000000F
:10E1100000000000000000000000000000000000FF
:10E1200000000000000000000000000000000000EF
:10E1300000000000000000000000000000000000DF
:10E1400000000000000000000000000000000000CF
:10E1500000000000000000000000000000000000BF
:10E1600000000000000000000000000000000000AF
:10E17000000000000000000000000000000000009F
:10E18000000000000000000000000000000000008F
:10E19000000000000000000000000000000000007F
:10E1A000000000000000000000000000000000006F
:10E1B000000000000000000000000000000000005F
:10E1C000000000000000000000000000000000004F
:10E1D000000000000000000000000000000000003F
:10E1E000000000000000000000000000000000002F
:10E1F000000000000000000000000000000000001F
:10E20000000000000000000000000000000000000E
:10E2100000000000000000000000000000000000FE
:10E2200000000000000000000000000000000000EE
:10E2300000000000000000000000000000000000DE
:10E2400000000000000000000000000000000000CE
:10E2500000000000000000000000000000000000BE
:10E2600000000000000000000000000000000000AE
:10E27000000000000000000000000000000000009E
:10E28000000000000000000000000000000000008E
:10E29000000000000000000000000000000000007E
:10E2A000000000000000000000000000000000006E
:10E2B000000000000000000000000000000000005E
:10E2C000000000000000000000000000000000004E
:10E2D000000000000000000000000000000000003E
:10E2E000000000000000000000000000000000002E
:10E2F000000000000000000000000000000000001E
:10E30000000000000000000000000000000000000D
:10E3100000000000000000000000000000000000FD
:10E3200000000000000000000000000000000000ED
:10E3300000000000000000000000000000000000DD
:10E3400000000000000000000000000000000000CD
:10E3500000000000000000000000000000000000BD
:10E3600000000000000000000000000000000000AD
:10E37000000000000000000000000000000000009D
:10E38000000000000000000000000000000000008D
:10E39000000000000000000000000000000000007D
:10E3A000000000000000000000000000000000006D
:10E3B000000000000000000000000000000000005D
:10E3C000000000000000000000000000000000004D
:10E3D000000000000000000000000000000000003D
:10E3E000000000000000000000000000000000002D
:10E3F000000000000000000000000000000000001D
:10E40000000000000000000000000000000000000C
:10E4100000000000000000000000000000000000FC
:10E4200000000000000000000000000000000000EC
:10E4300000000000000000000000000000000000DC
:10E4400000000000000000000000000000000000CC
:10E4500000000000000000000000000000000000BC
:10E4600000000000000000000000000000000000AC
:10E47000000000000000000000000000000000009C
:10E48000000000000000000000000000000000008C
:10E49000000000000000000000000000000000007C
:10E4A000000000000000000000000000000000006C
:10E4B000000000000000000000000000000000005C
:10E4C000000000000000000000000000000000004C
:10E4D000000000000000000000000000000000003C
:10E4E000000000000000000000000000000000002C
:10E4F000000000000000000000000000000000001C
:10E50000000000000000000000000000000000000B
:10E5100000000000000000000000000000000000FB
:10E5200000000000000000000000000000000000EB
:10E5300000000000000000000000000000000000DB
:10E5400000000000000000000000000000000000CB
:10E5500000000000000000000000000000000000BB
:10E5600000000000000000000000000000000000AB
:10E57000000000000000000000000000000000009B
:10E58000000000000000000000000000000000008B
:10E59000000000000000000000000000000000007B
:10E5A000000000000000000000000000000000006B
:10E5B000000000000000000000000000000000005B
:10E5C000000000000000000000000000000000004B
:10E5D000000000000000000000000000000000003B
:10E5E000000000000000000000000000000000002B
:10E5F000000000000000000000000000000000001B
:10E60000000000000000000000000000000000000A
:10E6100000000000000000000000000000000000FA
:10E6200000000000000000000000000000000000EA
:10E6300000000000000000000000000000000000DA
:10E6400000000000000000000000000000000000CA
:10E6500000000000000000000000000000000000BA
:10E6600000000000000000000000000000000000AA
:10E67000000000000000000000000000000000009A
:10E68000000000000000000000000000000000008A
:10E69000000000000000000000000000000000007A
:10E6A000000000000000000000000000000000006A
:10E6B000000000000000000000000000000000005A
:10E6C000000000000000000000000000000000004A
:10E6D000000000000000000000000000000000003A
:10E6E000000000000000000000000000000000002A
:10E6F000000000000000000000000000000000001A
:10E700000000000000000000000000000000000009
:10E7100000000000000000000000000000000000F9
:10E7200000000000000000000000000000000000E9
:10E7300000000000000000000000000000000000D9
:10E7400000000000000000000000000000000000C9
:10E7500000000000000000000000000000000000B9
:10E7600000000000000000000000000000000000A9
:10E770000000000000000000000000000000000099
:10E780000000000000000000000000000000000089
:10E790000000000000000000000000000000000079
:10E7A0000000000000000000000000000000000069
:10E7B0000000000000000000000000000000000059
:10E7C0000000000000000000000000000000000049
:10E7D0000000000000000000000000000000000039
:10E7E0000000000000000000000000000000000029
:10E7F0000000000000000000000000000000000019
:10E800000000000000000000000000000000000008
:10E8100000000000000000000000000000000000F8
:10E8200000000000000000000000000000000000E8
:10E8300000000000000000000000000000000000D8
:10E8400000000000000000000000000000000000C8
:10E8500000000000000000000000000000000000B8
:10E8600000000000000000000000000000000000A8
:10E870000000000000000000000000000000000098
:10E880000000000000000000000000000000000088
:10E890000000000000000000000000000000000078
:10E8A0000000000000000000000000000000000068
:10E8B0000000000000000000000000000000000058
:10E8C0000000000000000000000000000000000048
:10E8D0000000000000000000000000000000000038
:10E8E0000000000000000000000000000000000028
:10E8F0000000000000000000000000000000000018
:10E900000000000000000000000000000000000007
:10E9100000000000000000000000000000000000F7
:10E9200000000000000000000000000000000000E7
:10E9300000000000000000000000000000000000D7
:10E9400000000000000000000000000000000000C7
:10E9500000000000000000000000000000000000B7
:10E9600000000000000000000000000000000000A7
:10E970000000000000000000000000000000000097
:10E980000000000000000000000000000000000087
:10E990000000000000000000000000000000000077
:10E9A0000000000000000000000000000000000067
:10E9B0000000000000000000000000000000000057
:10E9C0000000000000000000000000000000000047
:10E9D0000000000000000000000000000000000037
:10E9E0000000000000000000000000000000000027
:10E9F0000000000000000000000000000000000017
:10EA00000000000000000000000000000000000006
:10EA100000000000000000000000000000000000F6
:10EA200000000000000000000000000000000000E6
:10EA300000000000000000000000000000000000D6
:10EA400000000000000000000000000000000000C6
:10EA500000000000000000000000000000000000B6
:10EA600000000000000000000000000000000000A6
:10EA70000000000000000000000000000000000096
:10EA80000000000000000000000000000000000086
:10EA90000000000000000000000000000000000076
:10EAA0000000000000000000000000000000000066
:10EAB0000000000000000000000000000000000056
:10EAC0000000000000000000000000000000000046
:10EAD0000000000000000000000000000000000036
:10EAE0000000000000000000000000000000000026
:10EAF0000000000000000000000000000000000016
:10EB00000000000000000000000000000000000005
:10EB100000000000000000000000000000000000F5
:10EB200000000000000000000000000000000000E5
:10EB300000000000000000000000000000000000D5
:10EB400000000000000000000000000000000000C5
:10EB500000000000000000000000000000000000B5
:10EB600000000000000000000000000000000000A5
:10EB70000000000000000000000000000000000095
:10EB80000000000000000000000000000000000085
:10EB90000000000000000000000000000000000075
:10EBA0000000000000000000000000000000000065
:10EBB0000000000000000000000000000000000055
:10EBC0000000000000000000000000000000000045
:10EBD0000000000000000000000000000000000035
:10EBE0000000000000000000000000000000000025
:10EBF0000000000000000000000000000000000015
:10EC00000000000000000000000000000000000004
:10EC100000000000000000000000000000000000F4
:10EC200000000000000000000000000000000000E4
:10EC300000000000000000000000000000000000D4
:10EC400000000000000000000000000000000000C4
:10EC500000000000000000000000000000000000B4
:10EC600000000000000000000000000000000000A4
:10EC70000000000000000000000000000000000094
:10EC80000000000000000000000000000000000084
:10EC90000000000000000000000000000000000074
:10ECA0000000000000000000000000000000000064
:10ECB0000000000000000000000000000000000054
:10ECC0000000000000000000000000000000000044
:10ECD0000000000000000000000000000000000034
:10ECE0000000000000000000000000000000000024
:10ECF0000000000000000000000000000000000014
:10ED00000000000000000000000000000000000003
:10ED100000000000000000000000000000000000F3
:10ED200000000000000000000000000000000000E3
:10ED300000000000000000000000000000000000D3
:10ED400000000000000000000000000000000000C3
:10ED500000000000000000000000000000000000B3
:10ED600000000000000000000000000000000000A3
:10ED70000000000000000000000000000000000093
:10ED80000000000000000000000000000000000083
:10ED90000000000000000000000000000000000073
:10EDA0000000000000000000000000000000000063
:10EDB0000000000000000000000000000000000053
:10EDC0000000000000000000000000000000000043
:10EDD0000000000000000000000000000000000033
:10EDE0000000000000000000000000000000000023
:10EDF0000000000000000000000000000000000013
:10EE00000000000000000000000000000000000002
:10EE100000000000000000000000000000000000F2
:10EE200000000000000000000000000000000000E2
:10EE300000000000000000000000000000000000D2
:10EE400000000000000000000000000000000000C2
:10EE500000000000000000000000000000000000B2
:10EE600000000000000000000000000000000000A2
:10EE70000000000000000000000000000000000092
:10EE80000000000000000000000000000000000082
:10EE90000000000000000000000000000000000072
:10EEA0000000000000000000000000000000000062
:10EEB0000000000000000000000000000000000052
:10EEC0000000000000000000000000000000000042
:10EED0000000000000000000000000000000000032
:10EEE0000000000000000000000000000000000022
:10EEF0000000000000000000000000000000000012
:10EF00000000000000000000000000000000000001
:10EF100000000000000000000000000000000000F1
:10EF200000000000000000000000000000000000E1
:10EF300000000000000000000000000000000000D1
:10EF400000000000000000000000000000000000C1
:10EF500000000000000000000000000000000000B1
:10EF600000000000000000000000000000000000A1
:10EF70000000000000000000000000000000000091
:10EF80000000000000000000000000000000000081
:10EF90000000000000000000000000000000000071
:10EFA0000000000000000000000000000000000061
:10EFB0000000000000000000000000000000000051
:10EFC0000000000000000000000000000000000041
:10EFD0000000000000000000000000000000000031
:10EFE0000000000000000000000000000000000021
:10EFF0000000000000000000000000000000000011
:10F000000000000000000000000000000000000000
:10F0100000000000000000000000000000000000F0
:10F0200000000000000000000000000000000000E0
:10F0300000000000000000000000000000000000D0
:10F0400000000000000000000000000000000000C0
:10F0500000000000000000000000000000000000B0
:10F0600000000000000000000000000000000000A0
:10F070000000000000000000000000000000000090
:10F080000000000000000000000000000000000080
:10F090000000000000000000000000000000000070
:10F0A0000000000000000000000000000000000060
:10F0B0000000000000000000000000000000000050
:10F0C0000000000000000000000000000000000040
:10F0D0000000000000000000000000000000000030
:10F0E0000000000000000000000000000000000020
:10F0F0000000000000000000000000000000000010
:10F1000000000000000000000000000000000000FF
:10F1100000000000000000000000000000000000EF
:10F1200000000000000000000000000000000000DF
:10F1300000000000000000000000000000000000CF
:10F1400000000000000000000000000000000000BF
:10F1500000000000000000000000000000000000AF
:10F16000000000000000000000000000000000009F
:10F17000000000000000000000000000000000008F
:10F18000000000000000000000000000000000007F
:10F19000000000000000000000000000000000006F
:10F1A000000000000000000000000000000000005F
:10F1B000000000000000000000000000000000004F
:10F1C000000000000000000000000000000000003F
:10F1D000000000000000000000000000000000002F
:10F1E000000000000000000000000000000000001F
:10F1F000000000000000000000000000000000000F
:10F2000000000000000000000000000000000000FE
:10F2100000000000000000000000000000000000EE
:10F2200000000000000000000000000000000000DE
:10F2300000000000000000000000000000000000CE
:10F2400000000000000000000000000000000000BE
:10F2500000000000000000000000000000000000AE
:10F26000000000000000000000000000000000009E
:10F27000000000000000000000000000000000008E
:10F28000000000000000000000000000000000007E
:10F29000000000000000000000000000000000006E
:10F2A000000000000000000000000000000000005E
:10F2B000000000000000000000000000000000004E
:10F2C000000000000000000000000000000000003E
:10F2D000000000000000000000000000000000002E
:10F2E000000000000000000000000000000000001E
:10F2F000000000000000000000000000000000000E
:10F3000000000000000000000000000000000000FD
:10F3100000000000000000000000000000000000ED
:10F3200000000000000000000000000000000000DD
:10F3300000000000000000000000000000000000CD
:10F3400000000000000000000000000000000000BD
:10F3500000000000000000000000000000000000AD
:10F36000000000000000000000000000000000009D
:10F37000000000000000000000000000000000008D
:10F38000000000000000000000000000000000007D
:10F39000000000000000000000000000000000006D
:10F3A000000000000000000000000000000000005D
:10F3B000000000000000000000000000000000004D
:10F3C000000000000000000000000000000000003D
:10F3D000000000000000000000000000000000002D
:10F3E000000000000000000000000000000000001D
:10F3F000000000000000000000000000000000000D
:10F4000000000000000000000000000000000000FC
:10F4100000000000000000000000000000000000EC
:10F4200000000000000000000000000000000000DC
:10F4300000000000000000000000000000000000CC
:10F4400000000000000000000000000000000000BC
:10F4500000000000000000000000000000000000AC
:10F46000000000000000000000000000000000009C
:10F47000000000000000000000000000000000008C
:10F48000000000000000000000000000000000007C
:10F49000000000000000000000000000000000006C
:10F4A000000000000000000000000000000000005C
:10F4B000000000000000000000000000000000004C
:10F4C000000000000000000000000000000000003C
:10F4D000000000000000000000000000000000002C
:10F4E000000000000000000000000000000000001C
:10F4F000000000000000000000000000000000000C
:10F5000000000000000000000000000000000000FB
:10F5100000000000000000000000000000000000EB
:10F5200000000000000000000000000000000000DB
:10F5300000000000000000000000000000000000CB
:10F5400000000000000000000000000000000000BB
:10F5500000000000000000000000000000000000AB
:10F56000000000000000000000000000000000009B
:10F57000000000000000000000000000000000008B
:10F58000000000000000000000000000000000007B
:10F59000000000000000000000000000000000006B
:10F5A000000000000000000000000000000000005B
:10F5B000000000000000000000000000000000004B
:10F5C000000000000000000000000000000000003B
:10F5D000000000000000000000000000000000002B
:10F5E000000000000000000000000000000000001B
:10F5F000000000000000000000000000000000000B
:10F6000000000000000000000000000000000000FA
:10F6100000000000000000000000000000000000EA
:10F6200000000000000000000000000000000000DA
:10F6300000000000000000000000000000000000CA
:10F6400000000000000000000000000000000000BA
:10F6500000000000000000000000000000000000AA
:10F66000000000000000000000000000000000009A
:10F67000000000000000000000000000000000008A
:10F68000000000000000000000000000000000007A
:10F69000000000000000000000000000000000006A
:10F6A000000000000000000000000000000000005A
:10F6B000000000000000000000000000000000004A
:10F6C000000000000000000000000000000000003A
:10F6D000000000000000000000000000000000002A
:10F6E000000000000000000000000000000000001A
:10F6F000000000000000000000000000000000000A
:10F7000000000000000000000000000000000000F9
:10F7100000000000000000000000000000000000E9
:10F7200000000000000000000000000000000000D9
:10F7300000000000000000000000000000000000C9
:10F7400000000000000000000000000000000000B9
:10F7500000000000000000000000000000000000A9
:10F760000000000000000000000000000000000099
:10F770000000000000000000000000000000000089
:10F780000000000000000000000000000000000079
:10F790000000000000000000000000000000000069
:10F7A0000000000000000000000000000000000059
:10F7B0000000000000000000000000000000000049
:10F7C0000000000000000000000000000000000039
:10F7D0000000000000000000000000000000000029
:10F7E0000000000000000000000000000000000019
:10F7F0000000000000000000000000000000000009
:10F8000000000000000000000000000000000000F8
:10F8100000000000000000000000000000000000E8
:10F8200000000000000000000000000000000000D8
:10F8300000000000000000000000000000000000C8
:10F8400000000000000000000000000000000000B8
:10F8500000000000000000000000000000000000A8
:10F860000000000000000000000000000000000098
:10F870000000000000000000000000000000000088
:10F880000000000000000000000000000000000078
:10F890000000000000000000000000000000000068
:10F8A0000000000000000000000000000000000058
:10F8B0000000000000000000000000000000000048
:10F8C0000000000000000000000000000000000038
:10F8D0000000000000000000000000000000000028
:10F8E0000000000000000000000000000000000018
:10F8F0000000000000000000000000000000000008
:10F9000000000000000000000000000000000000F7
:10F9100000000000000000000000000000000000E7
:10F9200000000000000000000000000000000000D7
:10F9300000000000000000000000000000000000C7
:10F9400000000000000000000000000000000000B7
:10F9500000000000000000000000000000000000A7
:10F960000000000000000000000000000000000097
:10F970000000000000000000000000000000000087
:10F980000000000000000000000000000000000077
:10F990000000000000000000000000000000000067
:10F9A0000000000000000000000000000000000057
:10F9B0000000000000000000000000000000000047
:10F9C0000000000000000000000000000000000037
:10F9D0000000000000000000000000000000000027
:10F9E0000000000000000000000000000000000017
:10F9F0000000000000000000000000000000000007
:10FA000000000000000000000000000000000000F6
:10FA100000000000000000000000000000000000E6
:10FA200000000000000000000000000000000000D6
:10FA300000000000000000000000000000000000C6
:10FA400000000000000000000000000000000000B6
:10FA500000000000000000000000000000000000A6
:10FA60000000000000000000000000000000000096
:10FA70000000000000000000000000000000000086
:10FA80000000000000000000000000000000000076
:10FA90000000000000000000000000000000000066
:10FAA0000000000000000000000000000000000056
:10FAB0000000000000000000000000000000000046
:10FAC0000000000000000000000000000000000036
:10FAD0000000000000000000000000000000000026
:10FAE0000000000000000000000000000000000016
:10FAF0000000000000000000000000000000000006
:10FB000000000000000000000000000000000000F5
:10FB100000000000000000000000000000000000E5
:10FB200000000000000000000000000000000000D5
:10FB300000000000000000000000000000000000C5
:10FB400000000000000000000000000000000000B5
:10FB500000000000000000000000000000000000A5
:10FB60000000000000000000000000000000000095
:10FB70000000000000000000000000000000000085
:10FB80000000000000000000000000000000000075
:10FB90000000000000000000000000000000000065
:10FBA0000000000000000000000000000000000055
:10FBB0000000000000000000000000000000000045
:10FBC0000000000000000000000000000000000035
:10FBD0000000000000000000000000000000000025
:10FBE0000000000000000000000000000000000015
:10FBF0000000000000000000000000000000000005
:10FC000000000000000000000000000000000000F4
:10FC100000000000000000000000000000000000E4
:10FC200000000000000000000000000000000000D4
:10FC300000000000000000000000000000000000C4
:10FC400000000000000000000000000000000000B4
:10FC500000000000000000000000000000000000A4
:10FC60000000000000000000000000000000000094
:10FC70000000000000000000000000000000000084
:10FC80000000000000000000000000000000000074
:10FC90000000000000000000000000000000000064
:10FCA0000000000000000000000000000000000054
:10FCB0000000000000000000000000000000000044
:10FCC0000000000000000000000000000000000034
:10FCD0000000000000000000000000000000000024
:10FCE0000000000000000000000000000000000014
:10FCF0000000000000000000000000000000000004
:10FD000000000000000000000000000000000000F3
:10FD100000000000000000000100803F64F3A7B372
:10FD2000BB23463FD71922BF4DDA4A3E38ED7ABF92
:10FD30004D46EFBE265362BF58E86BBF28D5C6BEFE
:10FD40001B8A75BF0FDD903ED52D10BFC689533F6E
:10FD5000B7D7B23DA4057F3FCAC8323F233A373FE9
:10FD600089657E3F76DBE43D4803573FB8F10ABF23
:10FD70001EDF9C3E1FB073BFA131BBBEBE466EBF2F
:10FD800012525FBFA44FFABE7A187CBFD428323E0D
:10FD900029EA26BF0B1A423FBD0AC9BC43EC7F3F8C
:10FDA00085301D3FDD0E4A3F449B793F836C633EA7
:10FDB0005431653F0F18E4BE085AD23E916569BFC1
:10FDC000ABC484BE3B3E77BFA7EF4FBFB65315BF52
:10FDD0006C7E7FBF6CB8803D3B8F3BBFDD3B2E3FD1
:10FDE000F55D0BBE319E7D3F2CA0053FA15B5A3FC8
:10FDF0008FB0713FFFC8A83E6780703F3B71AFBEB8
:10FE00003299023F8F2E5CBFE25B19BEDD1C7DBFC5
:10FE10006DF23DBFBEA02BBF0EB17FBF2EFB48BD14
:10FE2000D5DA4DBFF42E183FA6DB7BBED122783F3A
:10FE3000A3C6D83E2AEC673FCDBE663F7ABEDD3E04
:10FE40003CCC783F962F71BE92621A3F78354CBFFA
:10FE5000910A1DBDD0CF7FBF149429BF66C73FBF95
:10FE6000BDAF7CBFAD3824BE4D925DBF063A003FAA
:10FE7000D898B4BEB88B6F3FC595A33EF994723F36
:10FE800017E9583F6FF6073F39FA7D3F467700BEC6
:10FE9000DE3C303F86AD39BF00A9963D6D4E7FBF39
:10FEA000EE1513BF0F8751BF1A8476BFF7118ABEB4
:10FEB0003C836ABFCA53CD3EB900E9BE73F4633FC9
:10FEC000A2B0583EDE337A3FCB5B483FA0591F3F7C
:10FED000C2F97F3F083062BC00E2433F25D224BF15
:10FEE00013FA3C3E539A7BBF3580F5BECEA660BF69
:10FEF000F2416DBFD54CC0BE228474BF16A1973E9F
:10FF0000B43E0DBF2C82553FB3FDCE3D6AB07E3F5F
:10FF1000FB4B353FD0BD343F6DC47E3F35BDC83D42
:10FF2000FB12553F38E60DBFD220963E62BF74BF2C
:10FF300049C1C1BE24F66CBFF20661BF081FF4BE02
:10FF4000EB747BBF4810403E1A3824BF3763443FF0
:10FF500023ED2FBC38FC7F3FCAF61F3F65DE473FCD
:10FF60001C5E7A3F589E553EAD98633F8366EABE5D
:10FF70002CE3CB3E96D36ABF08958BBE974D76BFD8
:10FF800054FA51BF307112BF523F7FBFF4EC9C3D19
:10FF9000E12239BF7BCE303F77B2FABD23137E3FDB
:10FFA000A2A0083F0D7E583FEDD4723F8818A23EB4
:10FFB00082446F3FE610B6BEB017FF3EBDF65DBF90
:10FFC000525227BE328F7CBF4E4C40BF35FD28BFFA
:10FFD00082D67FBF587B10BD57B94BBFC5001B3FB2
:10FFE00060176EBE85F0783F2D0EDF3E1A4C663FDF
:10FFF0004CFF673F241DD73EAD5A773F454C7EBE30
:020000041003E7
:100000001ED8163FBB5B4DBF58B453BDE8767DBFCD
:100010006DAA29BF049F3ABF091A77BFC79D12BEB8
:10002000D77753BFFF9DFC3E3F1BA4BECA1F633F53
:100030008C599C3E02B25D3F8CDD413F87A4EB3E74
:100040003C9B563F5F3AF1BDE4CA0A3F735416BF6A
:10005000EF58363DD2453EBF32FCCCBEABCC0DBFD7
:100060009DB518BF340022BE222CFFBE12DD673EB4
:10007000F0EB57BE16A4DA3EC611BB3D1D72CA3E58
:100080001EFB883ED4C7533EFCCF8C3E2AE6F8BB0D
:10009000ECF6283ED43312BEC6D2EB3CB0E229BE09
:1000A0002C107EBDD80BE1BD45DCAEBDDB2208BD0A
:1000B000926F7ABDBDE9A23CE25EC0BCD2D9153DCB
:1000C000894E543BB4A7E53C5DF54D3C53BC473CE1
:1000D000FCA2283C4030643A5D6A9B3BA04155BB82
:1000E00087D85B3A64753CBB35B613BA1ABFADBA54
:1000F00083B711BA8AE998B9D17677B91D054B381B
:10010000BD574DB8EA4E7C38B5E88C3395EE9F3735
:100110003E12E735A8920C360000803FADB0FCB32C
:10012000CEA2463F067E21BFEF01513E599C7ABFC9
:100130003019EBBE946A63BF7AAB6ABF8A9BCCBEB0
:10014000239F76BF4F50893E5F0C14BF36D9503F76
:1001500090FD863D7B717F3FDE3B2E3F3B8F3B3FDB
:1001600085827D3F8C7A0E3E782C5B3F894804BFA8
:10017000143AAD3E17E770BFC486A9BE568F71BF53
:1001800015275ABFE1F505BF8BC67DBF6CB2063E91
:10019000D3AA2FBFB6373A3F09A996BD6D4E7F3F10
:1001A0003071123F55FA513F7A16763FC0178D3E97
:1001B00095726B3F7700C9BE7894EE3E108262BFA5
:1001C000185049BE0D017BBF386445BFD30223BF21
:1001D00011FE7FBF5D53FBBB65DE47BFCAF61F3F05
:1001E000A6B058BEDD337A3F5C9AE73EAC4F643F21
:1001F000D7E0693F8B33D03E1724773FCE8685BE4C
:1002000053A5153FF3B44FBF39A06EBDAF907FBF6C
:1002100048CA2CBFEBE33CBFAB3A7DBF844016BE5F
:100220008E2E5CBF3199023FCCEAB0BE363B703FA8
:10023000E4D0A53EF433723F6A1E593F36A1073F12
:10024000C1067E3F92D0FDBD2217313F64DD38BF2D
:100250002E52A63D86277FBFCCD310BF481853BF70
:100260001B8A75BF10DD90BE24366CBF5A62C53E36
:100270002A0CF2BE2296613F359B413EFC617B3FDA
:10028000AB22443F2C85243F49F87F3F48517B3CBB
:10029000F916493F266D1EBF125C603E9CC779BFB0
:1002A0000C18E4BE533165BFAD1269BF67C8D3BE39
:1002B00051A577BF49BB813E083C17BF8F8D4E3F8C
:1002C000A6414F3D0CAC7F3F1A562B3FC5353E3FF4
:1002D00002EF7C3F37041E3E522D5D3FE4E700BF36
:1002E000D598B43EB78B6FBF8618A2BEE9D472BF53
:1002F000781258BF7F4A09BF23437EBF7038EE3D56
:10030000C88032BF4980373FDDF8B5BDC8FC7E3FAD
:100310003A340F3F0F33543F09FA743F30A0943EF4
:1003200023F66C3F48C1C1BE3380F53ECEA660BF08
:100330006BE339BE20BF7BBF28DE42BF0A0526BF64
:10034000A6EE7FBFB07ABCBC874C4ABF1EE11C3F03
:10035000220468BE9957793F4D92E03E860F663F72
:100360000241683F115AD73ED022783FA4DB7BBEC2
:1003700073D0183F10634DBF02E02FBD8FC37FBF06
:1003800056DF29BFC0843FBF889F7CBF8DC525BE77
:10039000C2285EBF4769FE3E2944B8BE9DD86E3F65
:1003A000B85D9E3E3A72733F4803573FB7F10A3F2C
:1003B000AF7B7E3FC49CDEBDBBE7333F6A2036BFC8
:1003C000CA9CC53D35CE7EBF76920DBF954A55BFBE
:1003D0009C6574BFAB6098BE81AF6DBFD41ABE3E42
:1003E000C8E5F8BE6BAA5F3FB013323E8FFA7B3F81
:1003F000F15F413F0253273FF4457F3F49B1FA3C4B
:10040000068C4A3F40991ABFC19B6D3EABC276BF76
:1004100037C5D9BEF28063BF4CD261BF799CD5BECF
:100420008D356FBF3A006B3EABA211BFB0A2403F0B
:1004300063AC043DAEED6A3FF63A153F48DE2A3F15
:100440009794553FA8E3123EC254323F8E9AC8BEDD
:1004500007ED8B3E534F31BFCF5B53BEECCA26BF77
:100460003B0804BF0687ADBE476B0BBF149E623DC1
:10047000F2AFACBE8828AC3EAE122DBDE7A5CE3E95
:10048000F5463D3EA3FB903E4928863E20D1AB3D3C
:10049000D017503EA5BEA2BD99F9A93D1A0616BEB9
:1004A0009908ACBCD8D1FEBD2DF38CBDD2BA77BDB6
:1004B000FE9383BD288C21BB705E0EBD7DE5D53CCF
:1004C0003851DFBB3657E03CFCBCF33BC6DD813C1A
:1004D000FE6D183CCB0F933BF15FB73B2132AEBAB8
:1004E0002628EF3A0CAE1BBB650127B8FAB5BCBA9B
:1004F000ED90D6B92F8AF9B93CA078B9644B33B8DE
:100500008A698EB8FB0A1D380796ECB6A0CC9337E3
:10051000F6155335F69F29360000803F28E6ECB2E9
:100520006621473FD2E120BF8E27573E10497ABF50
:10053000FBE6E6BE147D64BF906569BF095AD2BE72
:1005400051A577BF4ABB813E12DE17BF88164E3FCA
:10055000F826363D2ABF7F3F1494293F67C73F3FA7
:10056000086E7C3F8D6B2A3EDB205F3FF7FEFABEB4
:100570008A62BD3ED5D76DBF17A197BE218474BFD7
:1005800046A354BF658D0EBFC8FC7EBFD9F8B53DEC
:10059000430C38BF71F0313F74B2FABD23137E3F74
:1005A000E84B073F9C53593F9FD1713F1F0BA83E1B
:1005B00017E7703F163AADBE83F4043F50C45ABFEC
:1005C000054108BE3FB97DBFACF239BFE5F32FBF8F
:1005D0008C377FBFCE0EA0BD491853BFCCD3103F80
:1005E000955E92BEED50753F557BC23E07D06C3F85
:1005F0008976603F9230F63E31F57B3F994035BEBB
:100600006882273FB79641BF2A340A3DAEDA7FBFE2
:1006100055121ABF08724CBFF75378BFCCCF78BEC3
:10062000034168BF125AD73E6BFBE1BE10B7653F6E
:100630005DE4613E84B1793FB4D8483F12BC1E3FAF
:1006400039FC7F3F19ED2FBC3864453FD30223BFEF
:1006500065644C3E39D97ABFBBCBEBBE593C63BF16
:100660003C836ABFCA53CDBE5BEF76BFDA0A873ED2
:1006700054A515BFF4B44F3F6A14623D199C7F3FE7
:10068000C0A02B3F6DF23D3F6CDF7C3F79911F3E58
:1006900096C45D3FF3C5FFBE2844B83E9DD86EBFEB
:1006A00020DF9CBE1EB073BFFE2756BFC9420CBFE1
:1006B0007FBA7EBF86DDCB3D6C2036BFBCE7333FC3
:1006C00074DBE4BD88657E3F4F9F093F7EDC573F6A
:1006D00004B5723F31D7A23E72F56F3FEF63B2BEF1
:1006E0003299023F8E2E5CBFCB2413BEDE577DBFF6
:1006F00099D33BBF29F22DBFC86A7FBF0A208ABDAC
:10070000108751BFEE15133FBF178DBE7A16763F87
:10071000638EC73E3BC16B3F97C5613FE75AF13ED1
:10072000E9747B3F4B1040BECA6B253F516043BF0D
:10073000957ABC3CA7EE7FBF0D421CBF80C74ABF65
:100740004BFB78BFAC216EBE991567BFC153DC3E31
:100750002C09DDBE44EA663F809A6C3E9612793FD2
:10076000128A4A3FA0911C3FE3F07F3F7DEAAFBC75
:1007700038A1433F051F25BF389B413EFD617BBF2C
:1007800085A9F0BEEAF461BFF9996BBF7B47C8BE8B
:100790001A3276BF6D568C3E2A6813BF3D4D513FCD
:1007A0009AFD863D7C717F3F5AA82D3FD9173C3F6B
:1007B00058497D3FAFB2143EC5615C3FB14202BFB4
:1007C0005920B33E5BD26FBF7C18A2BEDAD472BF91
:1007D000CBA557BFA7F309BF676D7EBF47B9E13D02
:1007E000672734BFDAD1353F1FE5CEBD2F927E3F5C
:1007F0000DC70B3F5922563F82FD723FDC3E9D3EA6
:1008000056DF6D3F5AADB6BE5242FE3EFAAC5BBFFC
:1008100099AE1BBE6B3279BFFA1739BF55C227BFDD
:10082000E8EB75BFBD905FBDCC2644BF33DD0C3F08
:10083000326679BEC3A7623F6051B53E4EF54F3F69
:100840000236403F5F33C83E618C483F512022BE94
:10085000A833F33ED4C912BF6669093CFEF22EBF2D
:10086000298BC3BED233F8BE04A308BFCDFCF8BDAC
:100870009AF8DABE3E94563E3C5D2FBEC15EBC3E49
:10088000BD3EA73D4F03A83E3BBC603E42E7293E2C
:1008900043525F3E4B49E6BB9F8F023ED33EE1BDD4
:1008A0004A87B83CD845FEBD40F233BDF9A9A4BD86
:1008B0003A7573BDD4CFC8BCEEB52ABD6F924A3C21
:1008C000891483BC426EBE3C61DDAF3AC3078F3CE6
:1008D0009643E83BE136F63BFAC2BA3B13E94A3AA3
:1008E000CAE7273B2566CBBA1744003A4C8EB1BA0B
:1008F000701C57B98B881BBAD35556B9FDF305B98F
:100900009092A1B896581D374BF65BB7CE776537F6
:10091000B10B45B414173236FFFF7F3F52D82F3248
:10092000849F473F3B4520BF194B5D3E5DF379BF38
:10093000C3AFE2BE9F8A65BFA71668BF6B10D8BE63
:10094000929C78BFE73C743E98A21BBFF9414B3F95
:10095000967ABC3CA6EE7F3F24D2243F00E2433F80
:1009600047287B3F4D3B463E7ADF623F6230EDBE1B
:10097000CA53CD3E3B836ABFCE8685BE162477BF61
:10098000E3C84EBFDEEA16BF9DBA7FBFD26D3C3DC5
:10099000F00940BFB748293FA2102FBE273B7C3F3C
:1009A000DC90F73E9615603F06D06C3F557BC23E0B
:1009B0001B8A753F0FDD90BEAF1E123FC53352BF7D
:1009C00069428DBDEB637FBF58A82DBFD8173CBFD0
:1009D000D72B7DBF3DCE17BE532D5DBFE4E7003F53
:1009E0008488B7BEB9FC6E3FAF1F9C3ED9CE733F23
:1009F0002B82553FB33E0D3F9CEA7E3FC33ABCBDC0
:100A0000420C383F71F031BF4577003E37FA7DBF69
:100A1000E1F505BF15275ABF070971BFD37CACBEEE
:100A20008BF271BF254DA73E924B08BFA1B3583F33
:100A30009919EB3DC14E7E3F6B20363FBCE7333FFB
:100A40002CA67E3FC71DD23D4603573FB6F10ABFD5
:100A5000C159A13EAAF472BFEE63B2BE72F56FBF78
:100A6000B7C75BBFF84503BF6E907DBF49EC0C3E36
:100A7000D3AA2FBFB6373A3F8C30A3BD9D2F7F3FFF
:100A8000B7DA0F3F54C2533F61BF743FD220963E46
:100A9000D4D76D3F8A62BDBE265DFC3E04BE5EBFFC
:100AA000AC3824BEBCAF7CBFC4353EBF1A562BBF8A
:100AB00078967FBF655A68BDAF6450BF39B0143FA8
:100AC0008AD38ABEEB68763F7B47C83EFA996B3F74
:100AD0002196613F280CF23ECBAC7B3FCE6E3BBEF5
:100AE00029EA263F0A1A42BF2F340A3DAEDA7FBFF9
:100AF000947119BFCBEA4CBF11F177BFE2E67EBE1D
:100B0000323C69BF4811D33E5D9AE7BEAC4F643FAB
:100B1000888B523EBF877A3F02E4453F9867223F69
:100B200037FC7F3FF5EC2F3C2055493F221E1EBF6E
:100B30002204683E9A5779BF7ABEDDBECDBE66BF3D
:100B400045EA66BF2E09DDBEBF4079BFBA8B693E5C
:100B500005CF1DBF2893493FA10E493C0EFB7F3FA7
:100B600042B5223F2CA4453F589C7A3FEF01513EAD
:100B70002122643F9D4DE8BE0A5AD23E926569BF6C
:100B8000223680BEF7D777BFFC264DBF0F2119BF95
:100B900035D77FBFBB7B103D6FD841BF5536273F50
:100BA0006AE339BE20BF7B3F44BDF23E8A66613FA7
:100BB0003AC16B3F608EC73E954D763F06958BBE22
:100BC000595E143F049F50BF2AA06EBD9F907FBF07
:100BD00046A02BBFE7F13DBF86BC7CBF9AA922BED1
:100BE000C5825EBF1201FD3E4991BCBEB3E06D3FC0
:100BF00050B6963E9B5C743F2E7A533F74300F3F45
:100C0000D5F67D3F958BA5BD605B383F7F722EBFCB
:100C1000DC4E093E02DF79BFFA6C00BFEB4356BFE2
:100C2000D60367BF64EFAABEC61165BFC1E8983E90
:100C30006391FEBE1FA2453FFEF7BC3D9AA0613FF7
:100C40008D88183F9DF1193F4F494B3F9C67B93D37
:100C50006C32213F2676CBBE10AB633E197225BFA6
:100C6000CBCF55BEE8AB14BFE30FEFBEB34B92BE84
:100C700083DEF1BEFCB2773D0A3190BEAB99953E62
:100C8000B95FFABCBE6DAC3E7DCD1B3E1FBB6A3E5C
:100C90007DE6543EB29C873DD2DE203EE23778BDF1
:100CA00098C8813D7178DFBD36D160BC7786B9BD0B
:100CB00062C441BD925832BD98A831BD862540BB63
:100CC000689FBDBC0D3F843CC381A1BB12A7893C7A
:100CD0000B0D813BCA741C3C441EA53BE8C1353B4F
:100CE000915B413BFB7007BACC37793ACBCE8DBADA
:100CF000A1F8E9378E6724BA4B5515B980F44BB982
:100D000042349DB894A8A8B7B6BB90B7E97B00372A
:100D1000BD699DB560951D36FFFF7F3F52D82FB24C
:100D2000271D483F41A81FBF826C633E429B79BF8D
:100D3000A173DEBE309366BFCBBE66BF78BEDDBE9C
:100D4000DB8479BF85F4643E9F591FBFC95B483F70
:100D50002010C93AECFF7F3FCAF61F3F65DE473FD0
:100D600083B1793F5CE4613E7067663FA828DFBECF
:100D70002D09DD3E44EA66BF657C66BE4D6E79BFD7
:100D80004D9A48BFE40A1FBFB0FF7FBFE60F493B43
:100D9000849F47BF3B45203F125C60BE9DC7793FA3
:100DA0008DDDDF3E8D3B663F9915673FC053DC3ECE
:100DB0009957793F210468BE11BC1E3FB3D848BF84
:100DC000C1CB96BB4DFF7FBF939320BF846047BFCD
:100DD00090DD79BFA6D35EBE870F66BF4E92E03E20
:100DE000319EDBBECA40673FBA8B693EBF40793F48
:100DF000F916493F266D1E3FC3FE7F3F810FC9BBD9
:100E00006621473FD2E120BF194B5D3E5DF379BFBC
:100E1000ED46E1BE5DE365BFD76B67BF7FE8DABE35
:100E2000BE2979BF2F136B3E221E1EBF2155493F9D
:100E30003553FB3B12FE7F3FF82F213F29E2463F0F
:100E400003097A3F69C25B3E0FB7653F69FBE1BEAC
:100E5000AC32DA3EC09667BF7E9A6CBE971279BFFD
:100E6000299349BF05CF1DBF39FD7FBF62CB163C1B
:100E7000CEA246BF067E213F97395ABE841E7A3FD6
:100E8000C3AFE23E9F8A653F86C1673FB87CD93ECB
:100E900049FB783FA9216EBED07F1D3F11D149BFCC
:100EA00006ED2FBC38FC7FBFFBCB21BF536346BF91
:100EB000DD337ABFA3B058BE0B5E65BFFA63E33E75
:100EC000A2C6D8BE29EC673FB1A86F3ED5E3783FF4
:100ED000DB0E4A3F83301D3F0FFB7F3F890E49BC2D
:100EE000BA23463FD61922BF8E27573E10497ABFF4
:100EF0000E18E4BE543165BFA81668BF6B10D8BE8B
:100F00003BCC78BF942F713E1FE11CBF874C4A3FFA
:100F1000F52F623CC0F97F3F9867223F02E4453FCE
:100F20001B5E7A3F589E553E7804653FFDCBE4BE7C
:100F3000135AD73E034168BF52B672BE7BB478BF26
:100F4000138A4ABFA2911CBF4AF87FBF48517B3C1D
:100F50002CA445BF42B5223F001554BE00737A3F12
:100F6000C97FE53E79D7643F396B683F99A3D63E88
:100F7000949C783FE83C74BE0D421C3F80C74ABF3A
:100F800036398ABCACF67FBFD20223BF386445BF76
:100F9000BF877ABF888B52BE58AA64BF7333E63EC0
:100FA000FEECD5BE4C95683F58C3753E8684783FAD
:100FB000CB044B3F5EF21B3FE4F47F3FABC996BCD2
:100FC0002724453F4C5023BFE301513E489C7ABF44
:100FD00058E6E6BE737C64BF3ABC68BF8133D5BEB9
:100FE000926178BFF03E773E20901BBFD9294B3FDE
:100FF000CE2BA33C8BAA7F3F6A3A233F886C443FA9
:101000006D85793F79804E3E965B623F119FE5BECC
:10101000BB5BD13E297865BF86CA72BEB25172BF32
:10102000CFCC43BFEA7215BF8C6F71BF09F2A53CEC
:10103000EA9034BFE784163FA47D36BEC2395E3FD6
:1010400070A7C43EC71F413F77473A3F6F43A93E51
:101050007ED4383F52653ABE1FE2D33ED33D0BBF2C
:10106000F8A268BC68F21DBF3BCAB3BE3002D7BE4F
:10107000A4EFEEBE9EAFC2BDDF03B9BEB41C3D3EC1
:10108000AABF0EBEB2BD9D3E42968A3DF789883EFC
:10109000E606323E5405073E445F2C3E526887BB4D
:1010A0000FFEC53DE913A6BDB7AF943C42ECB7BDFA
:1010B0002E69F0BCB5506ABD8A5722BD255092BC3E
:1010C00095FEDFBC30D1E43BC0052DBC65DC643C43
:1010D000D8348D39A32E293CE3B0723B4937903B7D
:1010E000EE77403BA9611A3AE3D5A73A14D62CBA59
:1010F00043C68639322316BA9CB17BB8E8D274B99C
:1011000011F581B80AFB43B8E74D9EB796ABF334AF
:10111000868208B647A4DE350000803F28E6EC3220
:101120004E9A483FE50A1FBFBB8B693EC04079BF5E
:10113000AD32DABEC19667BF0B5E65BFFA63E3BE30
:101140001C5E7ABF589E553ED30223BF3964453F8B
:10115000145AA3BCF8F27F3FC6021B3FF8BB4B3FBB
:10116000040A783F56617D3EE4B7693F2AEBD0BE62
:10117000217EEC3EFB0D63BF369B41BEFB617BBF16
:101180000B1A42BF29EA26BFE1CB7FBFCA5123BD5C
:10119000E3C84EBFDEEA163F938E88BE07BA763F9D
:1011A000628EC73E3BC16B3FCFA6603F3580F53EA8
:1011B000444C7C3F5F842DBE82C02A3F1BBC3EBF97
:1011C000ECE5743DC18A7FBF9AC312BFC2C051BF54
:1011D000EC5075BF945E92BE93B26DBF4A1DBE3E89
:1011E0004A69FEBEC3285E3FE05B193EDD1C7D3FC1
:1011F000C14A3B3F78852E3F9D2F7F3F8E30A33DD8
:1012000047A3543F658D0EBFAF1F9C3ED9CE73BF21
:10121000D698B4BEB78B6FBF1A945BBF3D9C03BF1B
:10122000B2D37DBFC323053EAA3832BF55C6373F70
:1012300087DDCBBD7FBA7E3FAD480A3F2670573F62
:10124000F333723FE6D0A53E7A4C713FFF01ABBE4F
:101250006EF6073F16E958BF2CBCE1BDAF707EBFEC
:10126000332F34BFB7D935BF722B7EBFBF75F4BDE6
:1012700016275ABFE2F5053F3A71AFBE6780703F4F
:10128000C259A13EACF4723FFD27563FC9420C3F04
:10129000C6F37E3FD819B9BD4168393FBA8530BF22
:1012A0008C7A0E3E84827DBF739501BFD1C75CBF2F
:1012B0005DB46EBFB2FFB8BE228474BF17A1973E63
:1012C000DC8010BF1851533FB064903DE95C7F3F14
:1012D00048CA2C3FECE33C3FC8BF7C3FB7AB223E43
:1012E00012525F3FA44FFABE567BC23E07D06CBF7E
:1012F000FCD88DBEB4FA75BFB06450BF3AB014BF0D
:101300000DAC7FBFAE414F3D5C4C40BF41FD283F1F
:1013100052CC36BE52E37B3FE75AF13E97C5613F60
:1013200094D36A3F2CE3CB3E3A58773F6F0284BE9A
:1013300074D0183F10634DBFBB49FBBC2AE17FBF8F
:10134000051F25BF38A143BF37ED7ABF4FDA4ABE2C
:10135000202264BF9B4DE83E4136D5BE3ABF683F70
:10136000E53C743E929C783F874C4A3F20E11C3F0D
:101370003AFC7F3FEAEC2FBC2AE2463FF92F21BF1F
:10138000A7D35E3E91DD79BFA828DFBE706766BF38
:101390002F9366BFA173DEBE9DC779BF115C603E0F
:1013A000D3E120BF6721473F8BCB16BC3AFD7F3F7F
:1013B00083301D3FDC0E4A3F79B4783F51B6723E10
:1013C0004E95683FFFECD5BE4E9AE73E9D4F64BFF9
:1013D000D7634CBE89D87ABF79DF43BF05D024BF1D
:1013E00018D97FBFEDAFEEBCA50E4DBFE20E193F81
:1013F000011B83BE0E2C773F6E1FCC3E231D6A3F20
:1014000016E7603F228AEF3EB9A9793F25C436BE70
:10141000B033263F69B63DBF361E443D2C8179BFAF
:10142000575F0FBFCF4A48BF192468BFB41885BEA5
:10143000885159BF7A40B33E3336DDBE1A12463F5B
:1014400023050B3ECDE8553FBE2D173F17DE093F64
:10145000E9283E3FF75B523DA845103FABF6C5BEBD
:10146000573A3A3E1FF916BF67574BBE559702BF12
:101470002E7CD2BEF63676BE35B6CDBEF9CD693DF0
:10148000AA626EBE82277B3E6443C8BC1A4F8C3E64
:10149000C069F53D58BA3A3EB4B8233E5758583D56
:1014A0007BA4F23D0AD931BD8FE3433D040DA0BDBD
:1014B00013AFFEBB90B582BD605CFDBC6C45FABC51
:1014C00058D0E5BC4E0849BB82DC72BCC7BF183C93
:1014D000A21F61BB769B1F3C513FF53A8E39B23B50
:1014E000E95B253B3694D33A59D1BB3A318C18B9D4
:1014F0002CEEEB39837EE5B9F0B301388EA97AB9C9
:1015000058CC27B8C4798BB80F7A94B709C8E2B61B
:101510008C102BB6C1244C350000803FADB0FC339D
:10152000FA16493F266D1EBFB3A86F3ED5E378BFBC
:10153000FCECD5BE4C9568BF71F463BFB600E9BE44
:1015400047287BBF4D3B463EE39D26BF885B423F1D
:10155000EE9829BDCCC77F3FD9F6153F1F7A4F3F84
:101560001B32763F6E568C3E07D06C3F557BC2BE19
:1015700022AEFB3E81EF5EBFDC761CBE72FE7CBFFE
:10158000C04A3BBF77852EBF481F7FBFB773A9BD39
:101590002B8255BFB33E0D3FE39AA0BE4714733F65
:1015A00049B4AE3EC6A2703FAD88593F86F6063FAD
:1015B00087657E3F75DBE4BD6B20363FBCE733BFFC
:1015C00093D0FD3DC1067EBF884804BF782C5BBF29
:1015D000B78B6FBFD598B4BEDC0B74BF87A09A3EA3
:1015E000B7DA0FBF55C2533FB864903DE95C7F3F07
:1015F000BA352C3F676B3D3FB07E7C3FFCDE283E1A
:101600008976603F9230F6BE7B47C83EF9996BBF42
:10161000DE4886BECB0977BF029F4DBFBF7F18BF94
:101620002AE47FBF40BAEE3C366344BF1A38243FF9
:10163000878B52BEC1877A3FFB63E33E0B5E653FFB
:10164000CA40673F319EDB3E429B793F816C63BE5F
:10165000D2E1203F652147BF870E493C0FFB7FBF8A
:101660005EF21BBFCB044BBFD02278BFA1DB7BBE99
:10167000D7E069BF8B33D03E7894EEBE1082623FD4
:101680006DE3393E20BF7B3F5B4C403F40FD283F30
:1016900090A17F3F4ECE5B3D3C4D513F296813BF2B
:1016A000935E923EEC5075BFAFA7BCBEF1FC6DBF20
:1016B000E15F5DBFFE9000BF74747DBFB908103E4E
:1016C0007CCE30BFE222393F367CC2BDD3D77E3FCD
:1016D0003C9D0A3FC639573F5113723F118FA63EBA
:1016E0008DB0713FFDC8A8BE4E9F093F7EDC57BF3D
:1016F0008ADDCBBD7EBA7EBF1DA831BF155238BF73
:10170000309E7DBFF05D0BBED0C75CBF7395013FBF
:101710006D76BABE6C6B6E3F30A0943E09FA743F92
:1017200053FA513F3071123FAF907F3F35A06EBDED
:10173000C0843F3F57DF29BF9640353E31F57BBF20
:1017400086A9F0BEE9F461BFD85A6ABFE80BCEBEE5
:10175000F5D777BF2236803EC4021BBFF6BB4B3F96
:1017600032398A3CAAF67F3FFACB213F5363463F8A
:1017700091DD793FA8D35E3ECCBE663F7ABEDDBE2A
:10178000EC46E13E5DE365BF902757BE0E497ABF48
:10179000252445BF495023BF42EC7FBFA60AC9BCE0
:1017A000CCEA4CBF9471193F710284BE3B58773F1D
:1017B0000E72CA3E5C236B3FF006613F051FF43E8C
:1017C000454C7C3F62842DBE0E562B3FB8353EBF44
:1017D0002FFD863DC6707FBFEED110BF8F1553BF62
:1017E000B65B74BF7E5A98BE4F046FBF11B7B63E4A
:1017F000D32003BF88895B3F3145033EB2467D3F1E
:101800006519363FDA3A323F08597C3F6E9CD93D24
:10181000BAB4553F39F405BF5850A83EEF336BBFFB
:1018200099AE9CBE298769BFE4044ABFCD4F04BF6F
:101830003D2D6ABF6439A43D7F4225BF1B6B1B3F12
:10184000768200BEDC51563FD7C9CA3E58B6313FFA
:101850008FA8303F0A2F8F3E070A283FFFEB42BE7A
:101860001FEBB73EB77700BF9A4BCEBC00FD0BBF56
:10187000FD8D9FBE4065B8BEA907CCBE06239DBDA9
:101880003ECE99BE4D001F3E0512E9BD1640803E7A
:10189000E42B553D12FD583E0AEE073E4A29D43D41
:1018A000E235013E273918BA9EDB923D659969BD44
:1018B00016D3713C852880BD464996BCA16E21BDDA
:1018C000C456CEBC7F8450BCB79B8CBC6A58633B6B
:1018D000221CDBBB50FE003C39005EB9E658BC3B25
:1018E0009371E73A4D911E3B8EC9B53A7BA9CB392E
:1018F00001ED173AE8D87CB9AB27F63851A05CB9AE
:101900001FB74DB73E94A0B8015269B727A458B786
:10191000CC1031B6E92F65B40100803F64F3A733E2
:101920002A93493F06CF1DBF5DC3753E868478BFAD
:10193000A9A2D1BECC8E69BF0F8262BF7894EEBEE1
:1019400052E37BBF50CC363E7F2A2ABFFC413F3F4B
:1019500068B880BD6E7E7F3FCDD3103F4918533F9E
:10196000282A743FCFE0993E1CAF6F3FA5DCB3BE81
:10197000634A053F09905ABF7138EEBD23437EBFCD
:10198000332F34BFB7D935BF38FA7DBF457700BE96
:10199000B8C75BBFF845033F2944B8BE9ED86E3F29
:1019A0008E60953ECADC743FC3C0513F9BC3123F5B
:1019B00092A17F3F45CE5BBDDAD0403F056628BF90
:1019C0004C10403EEA747BBF8066EABEAC9863BFB1
:1019D0004C9568BFFDECD5BE971279BF809A6C3EDE
:1019E00041A81FBF271D483F47CB16BC3AFD7F3F8C
:1019F0005FF21B3FCD044B3F11F1773FE3E67E3EA4
:101A00003C836A3FC953CDBE44BDF23E8A6661BF86
:101A10005E842DBE434C7CBFF8AE3DBF49EB2BBF6F
:101A2000BF557FBFE58693BD3B6B54BFDCE00E3FE7
:101A3000B75D9EBE3A72733F3A71AF3E6780703FAA
:101A40009D53593FE94B073F8B867E3F337DDBBD7E
:101A50004A80373FC78032BF87CF093ECBAB7DBFBF
:101A6000B53E01BFA2FA5CBFF2FC6DBFAEA7BCBE23
:101A70001C8A75BF11DD903E39B014BFB064503F71
:101A80000027363D2BBF7F3FE49D263F895B423FC9
:101A90000E017B3F1A50493E59AA643F7333E6BE9C
:101AA000AD32DA3EC19667BF826C63BE429B79BF9E
:101AB000CEA246BF067E21BFE6F47FBFA3C996BC77
:101AC00009724CBF56121A3F700284BE3B58773FD2
:101AD0007700C93E96726B3F2146603FCBE0F63EF1
:101AE000BDAF7C3FAB3824BE59A82D3FD8173CBFB3
:101AF0002F52A63D87277FBFD1EA0CBF93B955BFB0
:101B000005B572BF32D7A2BE7A4C71BF0202AB3E9E
:101B10007F4A09BF7A12583F35BDC83D6DC47E3F2C
:101B20007CCE303FE222393FDE577D3FCC24133E4E
:101B3000C4285E3F4A69FEBE1E07C13E1E1C6DBF23
:101B40006F568CBE1C3276BF18044FBF9E9916BFCD
:101B500037D77FBFC17B103D00E243BF25D2243F72
:101B60008A8B52BEC1877A3F6AFBE13E11B7653F5F
:101B70003193663FA473DE3E851E7A3F97395ABE85
:101B80004A50233F262445BF6D2AE23C03E77FBF2E
:101B9000F42E18BFD4DA4DBF07BA76BF928E88BE36
:101BA000D55C6CBFCAA8C43EF9FEFABEDD205F3F1B
:101BB00069E91A3EBB0D7D3FA37C3A3FA4612F3FEC
:101BC000C8F37E3FDF19B93D3803573FADF10ABF77
:101BD000AE4CA73EE0F171BFED8CA6BE321072BFD5
:101BE0005CC356BF15400BBF87DE7EBF44E3B53DE7
:101BF0009E8C3ABFD1E62E3FF7171CBEFE647C3F99
:101C0000BC24F93E64475E3FBF306A3F03B2C33E27
:101C1000402F733F29CB85BE17CF143F49A548BF3E
:101C20009C86CDBC013C76BFC6C519BF5B343ABFAC
:101C3000F89865BFE3CB49BEFC7A4CBFF480C43E44
:101C400040E6BFBEF350423F9B0B273EBE4B483F92
:101C5000B9A9113FBAE4F53E02D82E3F7D13CE3C20
:101C60004CCDFF3ED47DB9BE89781A3EECB506BF97
:101C70000A2B37BE9AFDE1BE1527B4BE7B0A4FBEC4
:101C8000E260ABBECEED443D12E442BE62724B3E1A
:101C900019EFB1BCD1535E3E2A7EB83D4CAC113E2B
:101CA0005B73F33DC55F2D3D60FDB13DD69FEDBC3F
:101CB000DF4C113D79A35BBDCD0463BB847F31BD97
:101CC00010909CBC7B19AABC2A8F8DBCABC739BBBA
:101CD000CB6314BCECC0A23BC18414BB3A3BAD3B0C
:101CE0009247493A29C03D3B1198963A0BB8633A5E
:101CF0008B88243A9CB231B746394439FF171FB953
:101D00005E259137FB8D9EB8A8C307B7E7CF90B784
:101D1000A47822B67ADBA3B5000000000000000022
:101D200000000000000000000000000000000000B3
:101D300000000000000000000000000000000000A3
:101D40000000000000000000000000000000000093
:101D50000000000000000000000000000000000083
:101D60000000000000000000000000000000000073
:101D70000000000000000000000000000000000063
:101D80000000000000000000000000000000000053
:101D90000000000000000000000000000000000043
:101DA0000000000000000000000000000000000033
:101DB0000000000000000000000000000000000023
:101DC0000000000000000000000000000000000013
:101DD0000000000000000000000000000000000003
:101DE00000000000000000000000000000000000F3
:101DF00000000000000000000000000000000000E3
:101E000000000000000000000000000000000000D2
:101E100000000000000000000000000000000000C2
:101E200000000000000000000000000000000000B2
:101E300000000000000000000000000000000000A2
:101E40000000000000000000000000000000000092
:101E50000000000000000000000000000000000082
:101E60000000000000000000000000000000000072
:101E70000000000000000000000000000000000062
:101E80000000000000000000000000000000000052
:101E90000000000000000000000000000000000042
:101EA0000000000000000000000000000000000032
:101EB0000000000000000000000000000000000022
:101EC0000000000000000000000000000000000012
:101ED0000000000000000000000000000000000002
:101EE00000000000000000000000000000000000F2
:101EF00000000000000000000000000000000000E2
:101F000000000000000000000000000000000000D1
:101F100000000000000000000000000000000000C1
:101F200000000000000000000000000000000000B1
:101F300000000000000000000000000000000000A1
:101F40000000000000000000000000000000000091
:101F50000000000000000000000000000000000081
:101F60000000000000000000000000000000000071
:101F70000000000000000000000000000000000061
:101F80000000000000000000000000000000000051
:101F90000000000000000000000000000000000041
:101FA0000000000000000000000000000000000031
:101FB0000000000000000000000000000000000021
:101FC0000000000000000000000000000000000011
:101FD0000000000000000000000000000000000001
:101FE00000000000000000000000000000000000F1
:101FF00000000000000000000000000000000000E1
:1020000000000000000000000000000000000000D0
:1020100000000000000000000000000000000000C0
:1020200000000000000000000000000000000000B0
:1020300000000000000000000000000000000000A0
:102040000000000000000000000000000000000090
:102050000000000000000000000000000000000080
:102060000000000000000000000000000000000070
:102070000000000000000000000000000000000060
:102080000000000000000000000000000000000050
:102090000000000000000000000000000000000040
:1020A0000000000000000000000000000000000030
:1020B0000000000000000000000000000000000020
:1020C0000000000000000000000000000000000010
:1020D0000000000000000000000000000000000000
:1020E00000000000000000000000000000000000F0
:1020F00000000000000000000000000000000000E0
:1021000000000000000000000000000000000000CF
:1021100000000000000000000000803F6E6B90B5E2
:10212000177F653F5405E0BE22F41B3F11D647BF21
:1021300091654F3EA8EA74BF74096FBE6D926EBF81
:102140002EB41ABFEBDB37BF265E55BFA728BDBE36
:102150000E2261BF98AC043DD6833EBF2AAACB3E77
:102160002AF8F0BE13B1263F97E704BE9A7C3F3FA2
:10217000F5F24A3EA4F52E3FF760E33EBBDFFA3EA0
:10218000F3C0103F888D673EC3CD0D3F825C27BDF5
:10219000B4D0DD3E234781BEC1CA7E3E6CA9BEBE1F
:1021A000A6045A3D0CA8C8BE06B7DDBDE7C8A7BE49
:1021B000A1AE54BE8FF759BE98D673BE497EAEBD50
:1021C000B6DB57BE5A81BF3CFE9F17BECD07C03D50
:1021D0008A3199BDC69DF83D434037BCF890E83D33
:1021E0002A0B003DB83CAC3DF1624D3D8C8B433D2C
:1021F000C6724C3DC189813C99F91C3DBE48BABBB1
:10220000931FBD3C6DC181BC26331F3CCC848CBC6C
:102210003BBF583A35965CBCBE2D60BBE14A07BC5B
:102220006E328CBB51EC77BB92075DBBA9AC74BA24
:10223000FC8103BB5EC7C339883A6CBA53182F3A86
:1022400064558AB98D17053A2051E6B6E2B38A394A
:102250006E1E3938A46ECB38E664DE37C09CB737C3
:10226000E4A5E436D9A4CB35275A82B4C03080B473
:10227000C2E606B5C3CA0FB41ABD21B4D53C4CB5ED
:10228000E70ADBB4DB903EB5EE0768B432EEDE332E
:10229000506B363530780F35B71EB63565DE1A33DC
:1022A000C8468D3576C542B53BDDA233DA5253B50B
:1022B0003C271FB596B5D432805BB9B4DBBB823501
:1022C000A72506351BD6A135F56D90359C2417350D
:1022D000A66759353166ACB43C09BAB3836B2DB5EA
:1022E000A29665B5AE7526B4BCAA6CB5C0D9363514
:1022F000870361B4C33F95351DF80E35FE5F4B353E
:10230000CA6C38351B03C0B34DEFF933064545B5EC
:10231000DBAE3BB5AB8D34B50000803F6E6B90B546
:102320001D2D683F62B0D4BE4592253F72F13FBF7C
:10233000B6738B3E507070BF4F5910BED84773BFF5
:10234000B40803BFEE6949BF412E45BF05BAF9BEC7
:10235000763C5FBF868DF2BD85B84EBF17D57A3EFD
:1023600057141ABF403E083FFC839DBEC4AC313FAA
:102370000C130F3C7227363F62C3903EB709193FDA
:102380001C94EE3E02BFC83ED309093FCEB1173EB2
:10239000807AFD3ECC23A3BD6CA9BE3EC1CA7EBEE1
:1023A0002575543EEF65ACBE450B2D3DDC5FAFBEE1
:1023B000B5F1B7BDAF2891BE13EB2DBEABE33FBE69
:1023C000559D47BEAE22ABBD2E6A33BE44F28C3B58
:1023D000A53703BE5116803D7F4094BD7EA5B43D18
:1023E0004753BBBCDDAEB13DC9EE413CB1B48B3D02
:1023F0001CA8F23CE8D7303D711D083D642BA33C7E
:102400004FF5E33CAE414A3B0F59993C53A0CABB40
:1024100004EC213C156916BCBE2D603BE14A07BCAB
:1024200012465CB99D03BBBB5F3ACEBA62D94CBBC6
:10243000F7E2D0BA6726A7BA5BA08EBA5ABB8EB9AC
:102440006C7013BA6A6EDC38CBA762B9421A2039B5
:102450006E1B60B85561C13817625BB6828B0F384E
:102460008F2712368E8EDE36479AB3B4A8AA8833E9
:102470009B50EDB4AC1E9334A0372D35BE07E73426
:102480002AB15B35A839D832A8D34D3428971A34ED
:10249000C2FB47B401A1623565DE1A33B71EB635FB
:1024A000A6B5BD34ADE7A435B4C674349D4A4B35EA
:1024B000F1C5A1B4293A093514194EB5ECAE393538
:1024C000F6535EB5B6658735FB341CB57E138F3584
:1024D0001630D6B4B3E84F35E2110BB5B55DD43440
:1024E000666760B52BAC7F3489C28DB5DA63BE34C4
:1024F0005EA886B50A7B0C3520EA51B5992E0535C4
:1025000068F62DB52D8A8334FA9247B5D200FBB216
:10251000385181B50B50F4B30000000000000000FA
:1025200000000000000000000000000000000000AB
:10253000000000000000000000000000000000009B
:10254000000000000000000000000000000000008B
:10255000000000000000000000000000000000007B
:10256000000000000000000000000000000000006B
:10257000000000000000000000000000000000005B
:10258000000000000000000000000000000000004B
:10259000000000000000000000000000000000003B
:1025A000000000000000000000000000000000002B
:1025B000000000000000000000000000000000001B
:1025C000000000000000000000000000000000000B
:1025D00000000000000000000000000000000000FB
:1025E00000000000000000000000000000000000EB
:1025F00000000000000000000000000000000000DB
:1026000000000000000000000000000000000000CA
:1026100000000000000000000000000000000000BA
:1026200000000000000000000000000000000000AA
:10263000000000000000000000000000000000009A
:10264000000000000000000000000000000000008A
:10265000000000000000000000000000000000007A
:10266000000000000000000000000000000000006A
:10267000000000000000000000000000000000005A
:10268000000000000000000000000000000000004A
:10269000000000000000000000000000000000003A
:1026A000000000000000000000000000000000002A
:1026B000000000000000000000000000000000001A
:1026C000000000000000000000000000000000000A
:1026D00000000000000000000000000000000000FA
:1026E00000000000000000000000000000000000EA
:1026F00000000000000000000000000000000000DA
:1027000000000000000000000000000000000000C9
:1027100000000000000000000000000000000000B9
:1027200000000000000000000000000000000000A9
:102730000000000000000000000000000000000099
:102740000000000000000000000000000000000089
:102750000000000000000000000000000000000079
:102760000000000000000000000000000000000069
:102770000000000000000000000000000000000059
:102780000000000000000000000000000000000049
:102790000000000000000000000000000000000039
:1027A0000000000000000000000000000000000029
:1027B0000000000000000000000000000000000019
:1027C0000000000000000000000000000000000009
:1027D00000000000000000000000000000000000F9
:1027E00000000000000000000000000000000000E9
:1027F00000000000000000000000000000000000D9
:1028000000000000000000000000000000000000C8
:1028100000000000000000000000000000000000B8
:1028200000000000000000000000000000000000A8
:102830000000000000000000000000000000000098
:102840000000000000000000000000000000000088
:102850000000000000000000000000000000000078
:102860000000000000000000000000000000000068
:102870000000000000000000000000000000000058
:102880000000000000000000000000000000000048
:102890000000000000000000000000000000000038
:1028A0000000000000000000000000000000000028
:1028B0000000000000000000000000000000000018
:1028C0000000000000000000000000000000000008
:1028D00000000000000000000000000000000000F8
:1028E00000000000000000000000000000000000E8
:1028F00000000000000000000000000000000000D8
:1029000000000000000000000000000000000000C7
:1029100000000000000000000000803FA2440434DA
:10292000C6AC5C3FF89C00BF8010FA3E78B65CBF36
:102930002CEA44BCB3B47ABFB883FDBE507B53BF0E
:10294000BC4153BF878CE8BE585F6ABFD21CB83CFD
:102950006ECB40BFD797ED3EC5C5CCBE1B8D3F3F6C
:10296000697AF33CE4934E3F2FC3D03E03D6243F15
:10297000F2FC213F1A17A83EC1D8283FF4B704BD86
:1029800089E9013FCE08A9BE86BD7C3EF10DFBBEA4
:102990005C24F7BC9B6BFBBE34C277BE0166B9BE3C
:1029A0006514AFBE00E72ABE3C70A7BEA49DC53C1F
:1029B000772F6BBEF25A213EF405CCBD72AF573E65
:1029C0009ACF863C76AF433E9B11B73D08F8013E57
:1029D0003BCCE53D9C82523DFF36C43DBF9A1ABCBC
:1029E0005D52743D8C9830BD24D1B63C04374EBD49
:1029F000B77091BBD4EE23BD322C8CBC2700BDBC7C
:102A0000D32F96BC89C200BC38BC5ABC5ED2D73A20
:102A1000DE0FE5BB6947AE3BFDC70ABBD684A73BCB
:102A20004F36EC39D66A593B96F99B3A09DDC73ADD
:102A30009BDE803A701FCE3967F30C3AB967A7B8AE
:102A40000EF5523955F128B9493B26384FDCD7B835
:102A50008884DBB67A8929B850AE01B70D0F1EB74E
:102A6000C61B12B6CE8264B5339030B2C5B486B3FD
:102A70006B2CDC32E03AE8B3B8D6A7B35C4CB03389
:102A80003E836F325A5401340FD63E33AB981EB199
:102A900093D6BFB2CB86B1B36A8197B37EEAA0B3B7
:102AA0003F2589B36E814EB3C6C620B331F210B351
:102AB000188FB2B16936C7B256B01D33E68FE1B296
:102AC000FAE089338A7B78B34AD04533DD56C3B305
:102AD0001245E830C0D8A4B3A42CE4B1C59085B2A7
:102AE000754E4C334AF0F132D9A7EE3334746E3060
:102AF0004027EB33BE4791B3DBF02B33B397C7B31B
:102B0000AED59DB28D8A1DB364156231B7B83B3323
:102B10008B4FAD33FB0582330000803FA24404B4E9
:102B2000C7C35F3F4C51F6BE25B6073FD64F56BFD1
:102B300086FE753DBE407ABF09D6D2BE43E35EBF76
:102B40004E6F43BF97420DBF0FAE68BF2D96E5BDD8
:102B5000144452BF962CA83EE9C909BF63E5273F3C
:102B6000AF5917BEB2394B3F05CE743E3542393F9F
:102B70004FB4053FF068F83EEDFB233FB44D243ED3
:102B8000EADD153F5A001EBE928FCB3E54CEC1BE29
:102B9000B225183EE621F0BE9E00AEBD41B1DABEC0
:102BA000C5DC7ABEDF1195BEADA49CBE23B2F1BDDB
:102BB0006B4F8DBEBD89193DB7A33FBE2F210E3E81
:102BC000DA94A3BDC291323E0E1C3B3C3E891E3EB0
:102BD0008FD5893DCEDDD33D20E2AD3DA4E2393D28
:102BE00034B8963DBBBE6CBA2843443DA15CDEBC04
:102BF000C10CAD3CAF6B0CBD2ABDB83A2506EBBC91
:102C0000EC570FBCD1D892BCA73034BC7DCEFDBBF5
:102C100000090FBCFDC77DBAD684A7BBFDC70A3B20
:102C2000C01909BB2F4E2B3BE25EADB936CAF93A4B
:102C3000CA94B439293E833A2A24D339096ABF3960
:102C4000BB778339301B7A38CAF7DE38EA3AF6B7F1
:102C5000D410F637BAA7EFB7CE4A6D366DA743B793
:102C60008D480CB5D3E818B6DF084DB38041343336
:102C7000CB0F8233771CC8338BA7CDB33D3882335B
:102C80005EE3C3B33D8CAB33077F39B33CA537322A
:102C9000968DA0B3BD5033B356EADCB335EF543153
:102CA000E1E457B3697B85334E11B832D9ED433334
:102CB000C195B132096A49B24EA930B36DB39FB222
:102CC000BA6DA3B33CED2F33CC8130B3C160C833B0
:102CD00047395E32AB87A2333A234B3222A14F32BF
:102CE00062DE5AB30D14B8B2E952EDB36AF8493254
:102CF0006FDFE7B3F575963397626CB3975EB633C3
:102D0000282F8EB2473921330AE51EB3F8E7C9B23E
:102D1000D19FC8B3CC9D23B3000000000000000089
:102D200000000000000000000000000000000000A3
:102D30000000000000000000000000000000000093
:102D40000000000000000000000000000000000083
:102D50000000000000000000000000000000000073
:102D60000000000000000000000000000000000063
:102D70000000000000000000000000000000000053
:102D80000000000000000000000000000000000043
:102D90000000000000000000000000000000000033
:102DA0000000000000000000000000000000000023
:102DB0000000000000000000000000000000000013
:102DC0000000000000000000000000000000000003
:102DD00000000000000000000000000000000000F3
:102DE00000000000000000000000000000000000E3
:102DF00000000000000000000000000000000000D3
:102E000000000000000000000000000000000000C2
:102E100000000000000000000000000000000000B2
:102E200000000000000000000000000000000000A2
:102E30000000000000000000000000000000000092
:102E40000000000000000000000000000000000082
:102E50000000000000000000000000000000000072
:102E60000000000000000000000000000000000062
:102E70000000000000000000000000000000000052
:102E80000000000000000000000000000000000042
:102E90000000000000000000000000000000000032
:102EA0000000000000000000000000000000000022
:102EB0000000000000000000000000000000000012
:102EC0000000000000000000000000000000000002
:102ED00000000000000000000000000000000000F2
:102EE00000000000000000000000000000000000E2
:102EF00000000000000000000000000000000000D2
:102F000000000000000000000000000000000000C1
:102F100000000000000000000000000000000000B1
:102F200000000000000000000000000000000000A1
:102F30000000000000000000000000000000000091
:102F40000000000000000000000000000000000081
:102F50000000000000000000000000000000000071
:102F60000000000000000000000000000000000061
:102F70000000000000000000000000000000000051
:102F80000000000000000000000000000000000041
:102F90000000000000000000000000000000000031
:102FA0000000000000000000000000000000000021
:102FB0000000000000000000000000000000000011
:102FC0000000000000000000000000000000000001
:102FD00000000000000000000000000000000000F1
:102FE00000000000000000000000000000000000E1
:102FF00000000000000000000000000000000000D1
:1030000000000000000000000000000000000000C0
:1030100000000000000000000000000000000000B0
:1030200000000000000000000000000000000000A0
:103030000000000000000000000000000000000090
:103040000000000000000000000000000000000080
:103050000000000000000000000000000000000070
:103060000000000000000000000000000000000060
:103070000000000000000000000000000000000050
:103080000000000000000000000000000000000040
:103090000000000000000000000000000000000030
:1030A0000000000000000000000000000000000020
:1030B0000000000000000000000000000000000010
:1030C0000000000000000000000000000000000000
:1030D00000000000000000000000000000000000F0
:1030E00000000000000000000000000000000000E0
:1030F00000000000000000000000000000000000D0
:1031000000000000000000000000000000000000BF
:1031100000000000000000000000803F76023E3505
:1031200065C73F3F149429BF5BB2FA3D1C137EBFB5
:10313000C6D310BF3B1853BFE55378BFB7CF78BE97
:103140004C3C63BFAACBEB3E2A44B8BE99D86E3F35
:10315000F163B23E7BF56F3F9CC5613FF05AF13E93
:103160008912793F759A6CBE1868133F264D51BF7E
:1031700038BCE1BDA8707EBFEFAE3DBF3FEB2BBFBB
:1031800020F97FBF270D49BC2AD041BF302F273FF0
:10319000A8BA09BE52857D3FF1FD0D3F8B81543F9A
:1031A000A195763F00FC813E05CE623FF253E4BE1E
:1031B000FF29BB3E44026ABF05C3A7BE6C6E6ABF4F
:1031C000F11C56BF6FB1EBBE071A68BF087B503EBB
:1031D000983206BFE8A9393F37C5AA3DA1BB583F81
:1031E0003764153F10C70A3F98883B3F4B51933CCB
:1031F000CA75013FBDDCD9BEBA36AF3D4FA613BF7D
:10320000E72B8CBE8275D7BED9B4CFBEACEBE5BD83
:1032100063C19DBEC3FD193EE31AD4BD3804803E90
:10322000D78C893D2AEA473EF835073E2031993D43
:103230005796D63D0FB7B5BC3555303D2BC26DBD49
:10324000BA6882BB714A3DBD70EDA6BCBDED9EBCA7
:103250006DEA82BC85581ABA9547D5BB6306AF3B69
:10326000AA4328BA91B0823B8293713AB4BEBE3A67
:10327000B0A41D3AC1B23639EB86293953DCA0B867
:10328000A3C75537F49CFCB704958AB4CA6359B5F3
:10329000676ECE3450315732C4BF7AB5BC48BBB329
:1032A000C70F6CB46E2C67B38094C4B3B1C56AB554
:1032B0002CD6D4B49DD529B5827734344CFE92B443
:1032C000EF5BFE346A0031B57B13D9336E7B2DB5CD
:1032D00026E24F346D6B01B49AB933356ED333B4F3
:1032E000C0520B35FDAB12B541E1D033AF5CA2B497
:1032F000918CA3349060183407503335F7815CB358
:103300003FA1D834D8E8C1B469929A33481241B386
:103310004D1BCD345FC2A2340000803F76023EB523
:1033200000E2433F23D224BFA5102F3E203B7CBFA9
:10333000DBE700BF472D5DBFF60871BFC77CACBEA1
:1033400064F56FBFE663B23E205DFCBE03BE5E3F28
:10335000DC6E3B3ED4AC7B3F08E4453F9C67223F9C
:1033600002FB7F3F4E0E49BC5BD8413F413627BF31
:10337000B9AB223EC1BF7CBF349C03BF0E945BBF80
:103380007D1172BFCE8DA6BE6ACE6EBF4E3CB83EDA
:1033900055BBF6BE1E24603FA371473EFDAA7A3F8F
:1033A000A917473FBC571F3F29D77D3FB467C7BC0C
:1033B00085CD3C3F62F226BFAE22123E894A76BFDF
:1033C000EC3500BF9C1250BF18E061BFFD3C95BEBC
:1033D000FBB454BF6820AA3EB152CDBEF510403FA9
:1033E0007CEC283EB87B473FCEE2133F9DD2E63EC1
:1033F000C913293F4547C7BC4D32DD3E117BC8BECE
:10340000295F8A3D24B4FEBE1F9966BEBA13B6BEBC
:103410007758A7BE190FD4BD380480BEE31AD43D37
:1034200082BAC2BDD7A83B3E4631083D929F173EA7
:10343000B18FAE3DA4D0843DBED3933DC96168BB7E
:10344000C1320B3DDC4E01BD13B5613B4EC0E4BC47
:10345000E8E10EBCF99E5BBC0D0304BCB22A20BBA4
:10346000325373BB80A1D03A39054BBA6EAAC93A20
:1034700095891739CFB11F3A1494163979EADF3894
:10348000A2ED0838D29EF8B50A9623359F0E1FB5D7
:103490009F236BB426D0A93430DC41B5ADC020B534
:1034A000D22D1BB4B50A3B344FA25A35EBFFB1B451
:1034B00098ED2B3402C243B568217DB46A5A6A3450
:1034C00020B607354B8C2A35724E2F357AFE1FB346
:1034D000FD342AB4790D30B4D29FDCB414D714353E
:1034E0007A6330345B6E4535B4A29E34098AFA3370
:1034F000EE48A6B492080CB4ECBF1CB5C552B0346B
:10350000865725B47A5E0B355EF0AF334509BE327F
:10351000D117BFB44301B3B40000000000000000A5
:10352000000000000000000000000000000000009B
:10353000000000000000000000000000000000008B
:10354000000000000000000000000000000000007B
:10355000000000000000000000000000000000006B
:10356000000000000000000000000000000000005B
:10357000000000000000000000000000000000004B
:10358000000000000000000000000000000000003B
:10359000000000000000000000000000000000002B
:1035A000000000000000000000000000000000001B
:1035B000000000000000000000000000000000000B
:1035C00000000000000000000000000000000000FB
:1035D00000000000000000000000000000000000EB
:1035E00000000000000000000000000000000000DB
:1035F00000000000000000000000000000000000CB
:1036000000000000000000000000000000000000BA
:1036100000000000000000000000000000000000AA
:10362000000000000000000000000000000000009A
:10363000000000000000000000000000000000008A
:10364000000000000000000000000000000000007A
:10365000000000000000000000000000000000006A
:10366000000000000000000000000000000000005A
:10367000000000000000000000000000000000004A
:10368000000000000000000000000000000000003A
:10369000000000000000000000000000000000002A
:1036A000000000000000000000000000000000001A
:1036B000000000000000000000000000000000000A
:1036C00000000000000000000000000000000000FA
:1036D00000000000000000000000000000000000EA
:1036E00000000000000000000000000000000000DA
:1036F00000000000000000000000000000000000CA
:1037000000000000000000000000000000000000B9
:1037100000000000000000000000000000000000A9
:103720000000000000000000000000000000000099
:103730000000000000000000000000000000000089
:103740000000000000000000000000000000000079
:103750000000000000000000000000000000000069
:103760000000000000000000000000000000000059
:103770000000000000000000000000000000000049
:103780000000000000000000000000000000000039
:103790000000000000000000000000000000000029
:1037A0000000000000000000000000000000000019
:1037B0000000000000000000000000000000000009
:1037C00000000000000000000000000000000000F9
:1037D00000000000000000000000000000000000E9
:1037E00000000000000000000000000000000000D9
:1037F00000000000000000000000000000000000C9
:1038000000000000000000000000000000000000B8
:1038100000000000000000000000000000000000A8
:103820000000000000000000000000000000000098
:103830000000000000000000000000000000000088
:103840000000000000000000000000000000000078
:103850000000000000000000000000000000000068
:103860000000000000000000000000000000000058
:103870000000000000000000000000000000000048
:103880000000000000000000000000000000000038
:103890000000000000000000000000000000000028
:1038A0000000000000000000000000000000000018
:1038B0000000000000000000000000000000000008
:1038C00000000000000000000000000000000000F8
:1038D00000000000000000000000000000000000E8
:1038E00000000000000000000000000000000000D8
:1038F00000000000000000000000000000000000C8
:1039000000000000000000000000000000000000B7
:1039100000000000000000000000803FDE5C9DB35E
:103920001594293F67C73FBF73B2FABD25137EBF09
:103930004B1853BFCED310BFFA5378BFCECF783ECB
:10394000BBCBEBBE5A3C633F2944B83E9DD86E3F8B
:1039500073F56F3FEF63B23E9AC5613FEC5AF1BE1B
:10396000829A6C3E9B1279BF2B6813BF3D4D51BFAD
:10397000B0707EBF2DBCE1BDF7AE3DBF48EB2B3F25
:103980002E0E493C82FA7F3F8AD5413FD633273FEE
:10399000ED9B7D3FE7C609BE741D0E3FB2B054BF1C
:1039A0006F3882BE450877BF149063BF4A17E5BEE3
:1039B000114E6BBF6533BC3EB52BA9BE79666C3F1B
:1039C0000278EE3E75A2583F6BAB6B3F7EAF533E25
:1039D0009A243D3F60B608BF3669AE3D615A5DBF6F
:1039E00077E50DBFAFBF18BF50933FBF4A7E963CEF
:1039F00058C4DDBECCC7033F9924B13D6D46153F89
:103A00001987D73E57378C3EC8AFCC3EE193E2BD15
:103A100077C7143E6D6A98BE55D9C7BD303D71BE9B
:103A200003A436BE7C547BBD2A0EEEBD51DB863D21
:103A3000431899BC6ECAB43D76220D3D504C3E3DB4
:103A40008EC50E3DAAB7443B5A2E6B3C25E95FBCA0
:103A5000AA04C9B9088D2ABCBA037EBB897650BBBB
:103A60008F710CBBDFC9B439FF9BE6B92616363A15
:103A7000E81A9838BE288339EA4970381687E33740
:103A8000747B143717657DB60F6BB6332F328FB446
:103A900087C9B6B14689EE32A30590B3E1158D31E1
:103AA00002585D3330F733B397F8C0B29EE43EB3AB
:103AB0001E93BB3237F79B33F692A633D769973202
:103AC000557E89B2E15E20328DA652B27E4CC6335D
:103AD000548C2833DB9862338B30DAB218C99031BA
:103AE0008AAA89B32CAD7633221396B24F548D3304
:103AF00037D2C8B2C0134532DFDC96B3974D82325D
:103B0000F52976B3E9DB433360F8E9B2258DAA32B3
:103B1000A34451B331337EB20000803FDE5C9DB3DD
:103B2000DE3B2E3F3B8F3BBF07A996BD6F4E7FBF4D
:103B300067DE47BFCCF61FBFAE3A7DBF8440163E5E
:103B4000CDD310BF4918533F125C603E9DC7793FEB
:103B5000532D5D3FE4E7003F0DFA743F33A094BE60
:103B60005192E03E8A0F66BF2A44B8BE9ED86EBF0F
:103B700093B26DBF4A1DBEBED56B67BF7DE8DA3E0E
:103B800030A09ABE550B743F6059FC3EB1BA5E3FFF
:103B90000303793FB28B6C3EB2B0543F741D0EBF2D
:103BA0004C55223E86397CBF66BD1CBFF2D748BF4C
:103BB0001B7D7CBFBAF1ADBD35093ABFF89C283FEB
:103BC0005D3542BCE842773FFCEE2E3FF28C263F4B
:103BD0005DF0683F87F964BDB61A0D3FA7EF2BBFB4
:103BE0006877E0BD14974EBF26AD1CBF19B0DCBE90
:103BF000777D28BFB2AD0E3E382A9BBE4270013F92
:103C00006D3A0F3E25F3F63EEFB3BD3E0EFA3E3E53
:103C100027F99E3E3B5EECBD55D9C73D303D71BE98
:103C20001EDDA0BD409A2FBE2CE501BE78A52BBDA0
:103C30004CE5A1BD7D36323D144566BC88D2653D5C
:103C4000574A9C3C3C3CF03CD6F89F3CBB0F5E3B4B
:103C5000A2D2073C4EAECEBBD6D6003AB182A3BBB1
:103C6000B974BCBA7C21D5BA927557BAA243A9B728
:103C700075BA3EB9407E4339A564523646C484388D
:103C80002166F7363572CF3670579534405606B3F5
:103C9000DCC43031DFDDF132E1158D31A30590B3A5
:103CA000ECEA6D334C671D33680C4E33918F6532EF
:103CB000FACC4C2FC4DCA233256F453394688B3388
:103CC000BA0E9FB2A5E63CB0234096B307108433EA
:103CD000206557313B0B8D334CB080B2C9E0B3B295
:103CE0001EADB6B32E616132774ABDB2F55A8A3342
:103CF000D891B5325EA882B25ED37DB356A82FB3F9
:103D0000067181B393B532339D33C4326AEBD4323A
:103D1000B1ED2AB24A7D56B3000000000000000059
:103D20000000000000000000000000000000000093
:103D30000000000000000000000000000000000083
:103D40000000000000000000000000000000000073
:103D50000000000000000000000000000000000063
:103D60000000000000000000000000000000000053
:103D70000000000000000000000000000000000043
:103D80000000000000000000000000000000000033
:103D90000000000000000000000000000000000023
:103DA0000000000000000000000000000000000013
:103DB0000000000000000000000000000000000003
:103DC00000000000000000000000000000000000F3
:103DD00000000000000000000000000000000000E3
:103DE00000000000000000000000000000000000D3
:103DF00000000000000000000000000000000000C3
:103E000000000000000000000000000000000000B2
:103E100000000000000000000000000000000000A2
:103E20000000000000000000000000000000000092
:103E30000000000000000000000000000000000082
:103E40000000000000000000000000000000000072
:103E50000000000000000000000000000000000062
:103E60000000000000000000000000000000000052
:103E70000000000000000000000000000000000042
:103E80000000000000000000000000000000000032
:103E90000000000000000000000000000000000022
:103EA0000000000000000000000000000000000012
:103EB0000000000000000000000000000000000002
:103EC00000000000000000000000000000000000F2
:103ED00000000000000000000000000000000000E2
:103EE00000000000000000000000000000000000D2
:103EF00000000000000000000000000000000000C2
:103F000000000000000000000000000000000000B1
:103F100000000000000000000000000000000000A1
:103F20000000000000000000000000000000000091
:103F30000000000000000000000000000000000081
:103F40000000000000000000000000000000000071
:103F50000000000000000000000000000000000061
:103F60000000000000000000000000000000000051
:103F70000000000000000000000000000000000041
:103F80000000000000000000000000000000000031
:103F90000000000000000000000000000000000021
:103FA0000000000000000000000000000000000011
:103FB0000000000000000000000000000000000001
:103FC00000000000000000000000000000000000F1
:103FD00000000000000000000000000000000000E1
:103FE00000000000000000000000000000000000D1
:103FF00000000000000000000000000000000000C1
:1040000000000000000000000000000000000000B0
:1040100000000000000000000000000000000000A0
:104020000000000000000000000000000000000090
:104030000000000000000000000000000000000080
:104040000000000000000000000000000000000070
:104050000000000000000000000000000000000060
:104060000000000000000000000000000000000050
:104070000000000000000000000000000000000040
:104080000000000000000000000000000000000030
:104090000000000000000000000000000000000020
:1040A0000000000000000000000000000000000010
:1040B0000000000000000000000000000000000000
:1040C00000000000000000000000000000000000F0
:1040D00000000000000000000000000000000000E0
:1040E00000000000000000000000000000000000D0
:1040F00000000000000000000000000000000000C0
:1041000000000000000000000000000000000000AF
:10411000000000000000000000000000000000009F
:10412000000000000000000000000000000000008F
:10413000000000000000000000000000000000007F
:10414000000000000000000000000000000000006F
:10415000000000000000000000000000000000005F
:10416000000000000000000000000000000000004F
:10417000000000000000000000000000000000003F
:10418000000000000000000000000000000000002F
:10419000000000000000000000000000000000001F
:1041A000000000000000000000000000000000000F
:1041B00000000000000000000000000000000000FF
:1041C00000000000000000000000000000000000EF
:1041D00000000000000000000000000000000000DF
:1041E00000000000000000000000000000000000CF
:1041F00000000000000000000000000000000000BF
:1042000000000000000000000000000000000000AE
:10421000000000000000000000000000000000009E
:10422000000000000000000000000000000000008E
:10423000000000000000000000000000000000007E
:10424000000000000000000000000000000000006E
:10425000000000000000000000000000000000005E
:10426000000000000000000000000000000000004E
:10427000000000000000000000000000000000003E
:10428000000000000000000000000000000000002E
:10429000000000000000000000000000000000001E
:1042A000000000000000000000000000000000000E
:1042B00000000000000000000000000000000000FE
:1042C00000000000000000000000000000000000EE
:1042D00000000000000000000000000000000000DE
:1042E00000000000000000000000000000000000CE
:1042F00000000000000000000000000000000000BE
:1043000000000000000000000000000000000000AD
:10431000000000000000000000000000000000009D
:10432000000000000000000000000000000000008D
:10433000000000000000000000000000000000007D
:10434000000000000000000000000000000000006D
:10435000000000000000000000000000000000005D
:10436000000000000000000000000000000000004D
:10437000000000000000000000000000000000003D
:10438000000000000000000000000000000000002D
:10439000000000000000000000000000000000001D
:1043A000000000000000000000000000000000000D
:1043B00000000000000000000000000000000000FD
:1043C00000000000000000000000000000000000ED
:1043D00000000000000000000000000000000000DD
:1043E00000000000000000000000000000000000CD
:1043F00000000000000000000000000000000000BD
:1044000000000000000000000000000000000000AC
:10441000000000000000000000000000000000009C
:10442000000000000000000000000000000000008C
:10443000000000000000000000000000000000007C
:10444000000000000000000000000000000000006C
:10445000000000000000000000000000000000005C
:10446000000000000000000000000000000000004C
:10447000000000000000000000000000000000003C
:10448000000000000000000000000000000000002C
:10449000000000000000000000000000000000001C
:1044A000000000000000000000000000000000000C
:1044B00000000000000000000000000000000000FC
:1044C00000000000000000000000000000000000EC
:1044D00000000000000000000000000000000000DC
:1044E00000000000000000000000000000000000CC
:1044F00000000000000000000000000000000000BC
:1045000000000000000000000000000000000000AB
:10451000000000000000000000000000000000009B
:10452000000000000000000000000000000000008B
:10453000000000000000000000000000000000007B
:10454000000000000000000000000000000000006B
:10455000000000000000000000000000000000005B
:10456000000000000000000000000000000000004B
:10457000000000000000000000000000000000003B
:10458000000000000000000000000000000000002B
:10459000000000000000000000000000000000001B
:1045A000000000000000000000000000000000000B
:1045B00000000000000000000000000000000000FB
:1045C00000000000000000000000000000000000EB
:1045D00000000000000000000000000000000000DB
:1045E00000000000000000000000000000000000CB
:1045F00000000000000000000000000000000000BB
:1046000000000000000000000000000000000000AA
:10461000000000000000000000000000000000009A
:10462000000000000000000000000000000000008A
:10463000000000000000000000000000000000007A
:10464000000000000000000000000000000000006A
:10465000000000000000000000000000000000005A
:10466000000000000000000000000000000000004A
:10467000000000000000000000000000000000003A
:10468000000000000000000000000000000000002A
:10469000000000000000000000000000000000001A
:1046A000000000000000000000000000000000000A
:1046B00000000000000000000000000000000000FA
:1046C00000000000000000000000000000000000EA
:1046D00000000000000000000000000000000000DA
:1046E00000000000000000000000000000000000CA
:1046F00000000000000000000000000000000000BA
:1047000000000000000000000000000000000000A9
:104710000000000000000000000000000000000099
:104720000000000000000000000000000000000089
:104730000000000000000000000000000000000079
:104740000000000000000000000000000000000069
:104750000000000000000000000000000000000059
:104760000000000000000000000000000000000049
:104770000000000000000000000000000000000039
:104780000000000000000000000000000000000029
:104790000000000000000000000000000000000019
:1047A0000000000000000000000000000000000009
:1047B00000000000000000000000000000000000F9
:1047C00000000000000000000000000000000000E9
:1047D00000000000000000000000000000000000D9
:1047E00000000000000000000000000000000000C9
:1047F00000000000000000000000000000000000B9
:1048000000000000000000000000000000000000A8
:104810000000000000000000000000000000000098
:104820000000000000000000000000000000000088
:104830000000000000000000000000000000000078
:104840000000000000000000000000000000000068
:104850000000000000000000000000000000000058
:104860000000000000000000000000000000000048
:104870000000000000000000000000000000000038
:104880000000000000000000000000000000000028
:104890000000000000000000000000000000000018
:1048A0000000000000000000000000000000000008
:1048B00000000000000000000000000000000000F8
:1048C00000000000000000000000000000000000E8
:1048D00000000000000000000000000000000000D8
:1048E00000000000000000000000000000000000C8
:1048F00000000000000000000000000000000000B8
:1049000000000000000000000000000000000000A7
:104910000000000000000000000000000000000097
:104920000000000000000000000000000000000087
:104930000000000000000000000000000000000077
:104940000000000000000000000000000000000067
:104950000000000000000000000000000000000057
:104960000000000000000000000000000000000047
:104970000000000000000000000000000000000037
:104980000000000000000000000000000000000027
:104990000000000000000000000000000000000017
:1049A0000000000000000000000000000000000007
:1049B00000000000000000000000000000000000F7
:1049C00000000000000000000000000000000000E7
:1049D00000000000000000000000000000000000D7
:1049E00000000000000000000000000000000000C7
:1049F00000000000000000000000000000000000B7
:104A000000000000000000000000000000000000A6
:104A10000000000000000000000000000000000096
:104A20000000000000000000000000000000000086
:104A30000000000000000000000000000000000076
:104A40000000000000000000000000000000000066
:104A50000000000000000000000000000000000056
:104A60000000000000000000000000000000000046
:104A70000000000000000000000000000000000036
:104A80000000000000000000000000000000000026
:104A90000000000000000000000000000000000016
:104AA0000000000000000000000000000000000006
:104AB00000000000000000000000000000000000F6
:104AC00000000000000000000000000000000000E6
:104AD00000000000000000000000000000000000D6
:104AE00000000000000000000000000000000000C6
:104AF00000000000000000000000000000000000B6
:104B000000000000000000000000000000000000A5
:104B10000000000000000000000000000000000095
:104B20000000000000000000000000000000000085
:104B30000000000000000000000000000000000075
:104B40000000000000000000000000000000000065
:104B50000000000000000000000000000000000055
:104B60000000000000000000000000000000000045
:104B70000000000000000000000000000000000035
:104B80000000000000000000000000000000000025
:104B90000000000000000000000000000000000015
:104BA0000000000000000000000000000000000005
:104BB00000000000000000000000000000000000F5
:104BC00000000000000000000000000000000000E5
:104BD00000000000000000000000000000000000D5
:104BE00000000000000000000000000000000000C5
:104BF00000000000000000000000000000000000B5
:104C000000000000000000000000000000000000A4
:104C10000000000000000000000000000000000094
:104C20000000000000000000000000000000000084
:104C30000000000000000000000000000000000074
:104C40000000000000000000000000000000000064
:104C50000000000000000000000000000000000054
:104C60000000000000000000000000000000000044
:104C70000000000000000000000000000000000034
:104C80000000000000000000000000000000000024
:104C90000000000000000000000000000000000014
:104CA0000000000000000000000000000000000004
:104CB00000000000000000000000000000000000F4
:104CC00000000000000000000000000000000000E4
:104CD00000000000000000000000000000000000D4
:104CE00000000000000000000000000000000000C4
:104CF00000000000000000000000000000000000B4
:104D000000000000000000000000000000000000A3
:104D10000000000000000000000000000000000093
:104D20000000000000000000000000000000000083
:104D30000000000000000000000000000000000073
:104D40000000000000000000000000000000000063
:104D50000000000000000000000000000000000053
:104D60000000000000000000000000000000000043
:104D70000000000000000000000000000000000033
:104D80000000000000000000000000000000000023
:104D90000000000000000000000000000000000013
:104DA0000000000000000000000000000000000003
:104DB00000000000000000000000000000000000F3
:104DC00000000000000000000000000000000000E3
:104DD00000000000000000000000000000000000D3
:104DE00000000000000000000000000000000000C3
:104DF00000000000000000000000000000000000B3
:104E000000000000000000000000000000000000A2
:104E10000000000000000000000000000000000092
:104E20000000000000000000000000000000000082
:104E30000000000000000000000000000000000072
:104E40000000000000000000000000000000000062
:104E50000000000000000000000000000000000052
:104E60000000000000000000000000000000000042
:104E70000000000000000000000000000000000032
:104E80000000000000000000000000000000000022
:104E90000000000000000000000000000000000012
:104EA0000000000000000000000000000000000002
:104EB00000000000000000000000000000000000F2
:104EC00000000000000000000000000000000000E2
:104ED00000000000000000000000000000000000D2
:104EE00000000000000000000000000000000000C2
:104EF00000000000000000000000000000000000B2
:104F000000000000000000000000000000000000A1
:104F10000000000000000000000000000000000091
:104F20000000000000000000000000000000000081
:104F30000000000000000000000000000000000071
:104F40000000000000000000000000000000000061
:104F50000000000000000000000000000000000051
:104F60000000000000000000000000000000000041
:104F70000000000000000000000000000000000031
:104F80000000000000000000000000000000000021
:104F90000000000000000000000000000000000011
:104FA0000000000000000000000000000000000001
:104FB00000000000000000000000000000000000F1
:104FC00000000000000000000000000000000000E1
:104FD00000000000000000000000000000000000D1
:104FE00000000000000000000000000000000000C1
:104FF00000000000000000000000000000000000B1
:1050000000000000000000000000000000000000A0
:105010000000000000000000000000000000000090
:105020000000000000000000000000000000000080
:105030000000000000000000000000000000000070
:105040000000000000000000000000000000000060
:105050000000000000000000000000000000000050
:105060000000000000000000000000000000000040
:105070000000000000000000000000000000000030
:105080000000000000000000000000000000000020
:105090000000000000000000000000000000000010
:1050A0000000000000000000000000000000000000
:1050B00000000000000000000000000000000000F0
:1050C00000000000000000000000000000000000E0
:1050D00000000000000000000000000000000000D0
:1050E00000000000000000000000000000000000C0
:1050F00000000000000000000000000000000000B0
:10510000000000000000000000000000000000009F
:10511000000000000000000000000000000000008F
:10512000000000000000000000000000000000007F
:10513000000000000000000000000000000000006F
:10514000000000000000000000000000000000005F
:10515000000000000000000000000000000000004F
:10516000000000000000000000000000000000003F
:10517000000000000000000000000000000000002F
:10518000000000000000000000000000000000001F
:10519000000000000000000000000000000000000F
:1051A00000000000000000000000000000000000FF
:1051B00000000000000000000000000000000000EF
:1051C00000000000000000000000000000000000DF
:1051D00000000000000000000000000000000000CF
:1051E00000000000000000000000000000000000BF
:1051F00000000000000000000000000000000000AF
:10520000000000000000000000000000000000009E
:10521000000000000000000000000000000000008E
:10522000000000000000000000000000000000007E
:10523000000000000000000000000000000000006E
:10524000000000000000000000000000000000005E
:10525000000000000000000000000000000000004E
:10526000000000000000000000000000000000003E
:10527000000000000000000000000000000000002E
:10528000000000000000000000000000000000001E
:10529000000000000000000000000000000000000E
:1052A00000000000000000000000000000000000FE
:1052B00000000000000000000000000000000000EE
:1052C00000000000000000000000000000000000DE
:1052D00000000000000000000000000000000000CE
:1052E00000000000000000000000000000000000BE
:1052F00000000000000000000000000000000000AE
:10530000000000000000000000000000000000009D
:10531000000000000000000000000000000000008D
:10532000000000000000000000000000000000007D
:10533000000000000000000000000000000000006D
:10534000000000000000000000000000000000005D
:10535000000000000000000000000000000000004D
:10536000000000000000000000000000000000003D
:10537000000000000000000000000000000000002D
:10538000000000000000000000000000000000001D
:10539000000000000000000000000000000000000D
:1053A00000000000000000000000000000000000FD
:1053B00000000000000000000000000000000000ED
:1053C00000000000000000000000000000000000DD
:1053D00000000000000000000000000000000000CD
:1053E00000000000000000000000000000000000BD
:1053F00000000000000000000000000000000000AD
:10540000000000000000000000000000000000009C
:10541000000000000000000000000000000000008C
:10542000000000000000000000000000000000007C
:10543000000000000000000000000000000000006C
:10544000000000000000000000000000000000005C
:10545000000000000000000000000000000000004C
:10546000000000000000000000000000000000003C
:10547000000000000000000000000000000000002C
:10548000000000000000000000000000000000001C
:10549000000000000000000000000000000000000C
:1054A00000000000000000000000000000000000FC
:1054B00000000000000000000000000000000000EC
:1054C00000000000000000000000000000000000DC
:1054D00000000000000000000000000000000000CC
:1054E00000000000000000000000000000000000BC
:1054F00000000000000000000000000000000000AC
:10550000000000000000000000000000000000009B
:10551000000000000000000000000000000000008B
:10552000000000000000000000000000000000007B
:10553000000000000000000000000000000000006B
:10554000000000000000000000000000000000005B
:10555000000000000000000000000000000000004B
:10556000000000000000000000000000000000003B
:10557000000000000000000000000000000000002B
:10558000000000000000000000000000000000001B
:10559000000000000000000000000000000000000B
:1055A00000000000000000000000000000000000FB
:1055B00000000000000000000000000000000000EB
:1055C00000000000000000000000000000000000DB
:1055D00000000000000000000000000000000000CB
:1055E00000000000000000000000000000000000BB
:1055F00000000000000000000000000000000000AB
:10560000000000000000000000000000000000009A
:10561000000000000000000000000000000000008A
:10562000000000000000000000000000000000007A
:10563000000000000000000000000000000000006A
:10564000000000000000000000000000000000005A
:10565000000000000000000000000000000000004A
:10566000000000000000000000000000000000003A
:10567000000000000000000000000000000000002A
:10568000000000000000000000000000000000001A
:10569000000000000000000000000000000000000A
:1056A00000000000000000000000000000000000FA
:1056B00000000000000000000000000000000000EA
:1056C00000000000000000000000000000000000DA
:1056D00000000000000000000000000000000000CA
:1056E00000000000000000000000000000000000BA
:1056F00000000000000000000000000000000000AA
:105700000000000000000000000000000000000099
:105710000000000000000000000000000000000089
:105720000000000000000000000000000000000079
:105730000000000000000000000000000000000069
:105740000000000000000000000000000000000059
:105750000000000000000000000000000000000049
:105760000000000000000000000000000000000039
:105770000000000000000000000000000000000029
:105780000000000000000000000000000000000019
:105790000000000000000000000000000000000009
:1057A00000000000000000000000000000000000F9
:1057B00000000000000000000000000000000000E9
:1057C00000000000000000000000000000000000D9
:1057D00000000000000000000000000000000000C9
:1057E00000000000000000000000000000000000B9
:1057F00000000000000000000000000000000000A9
:105800000000000000000000000000000000000098
:105810000000000000000000000000000000000088
:105820000000000000000000000000000000000078
:105830000000000000000000000000000000000068
:105840000000000000000000000000000000000058
:105850000000000000000000000000000000000048
:105860000000000000000000000000000000000038
:105870000000000000000000000000000000000028
:105880000000000000000000000000000000000018
:105890000000000000000000000000000000000008
:1058A00000000000000000000000000000000000F8
:1058B00000000000000000000000000000000000E8
:1058C00000000000000000000000000000000000D8
:1058D00000000000000000000000000000000000C8
:1058E00000000000000000000000000000000000B8
:1058F00000000000000000000000000000000000A8
:105900000000000000000000000000000000000097
:105910000000000000000000000000000000000087
:105920000000000000000000000000000000000077
:105930000000000000000000000000000000000067
:105940000000000000000000000000000000000057
:105950000000000000000000000000000000000047
:105960000000000000000000000000000000000037
:105970000000000000000000000000000000000027
:105980000000000000000000000000000000000017
:105990000000000000000000000000000000000007
:1059A00000000000000000000000000000000000F7
:1059B00000000000000000000000000000000000E7
:1059C00000000000000000000000000000000000D7
:1059D00000000000000000000000000000000000C7
:1059E00000000000000000000000000000000000B7
:1059F00000000000000000000000000000000000A7
:105A00000000000000000000000000000000000096
:105A10000000000000000000000000000000000086
:105A20000000000000000000000000000000000076
:105A30000000000000000000000000000000000066
:105A40000000000000000000000000000000000056
:105A50000000000000000000000000000000000046
:105A60000000000000000000000000000000000036
:105A70000000000000000000000000000000000026
:105A80000000000000000000000000000000000016
:105A90000000000000000000000000000000000006
:105AA00000000000000000000000000000000000F6
:105AB00000000000000000000000000000000000E6
:105AC00000000000000000000000000000000000D6
:105AD00000000000000000000000000000000000C6
:105AE00000000000000000000000000000000000B6
:105AF00000000000000000000000000000000000A6
:105B00000000000000000000000000000000000095
:105B10000000000000000000000000000000000085
:105B20000000000000000000000000000000000075
:105B30000000000000000000000000000000000065
:105B40000000000000000000000000000000000055
:105B50000000000000000000000000000000000045
:105B60000000000000000000000000000000000035
:105B70000000000000000000000000000000000025
:105B80000000000000000000000000000000000015
:105B90000000000000000000000000000000000005
:105BA00000000000000000000000000000000000F5
:105BB00000000000000000000000000000000000E5
:105BC00000000000000000000000000000000000D5
:105BD00000000000000000000000000000000000C5
:105BE00000000000000000000000000000000000B5
:105BF00000000000000000000000000000000000A5
:105C00000000000000000000000000000000000094
:105C10000000000000000000000000000000000084
:105C20000000000000000000000000000000000074
:105C30000000000000000000000000000000000064
:105C40000000000000000000000000000000000054
:105C50000000000000000000000000000000000044
:105C60000000000000000000000000000000000034
:105C70000000000000000000000000000000000024
:105C80000000000000000000000000000000000014
:105C90000000000000000000000000000000000004
:105CA00000000000000000000000000000000000F4
:105CB00000000000000000000000000000000000E4
:105CC00000000000000000000000000000000000D4
:105CD00000000000000000000000000000000000C4
:105CE00000000000000000000000000000000000B4
:105CF00000000000000000000000000000000000A4
:105D00000000000000000000000000000000000093
:105D100000000000000000000100803FF049C3B314
:105D20005048743F012199BECF33523FB61E12BF77
:105D30002CE11C3F974C4ABF0564B23E90F56FBF03
:105D40003488553D0CA77FBF11E77EBE40F177BF79
:105D5000A1F606BFDA8859BF97D841BF783627BF6A
:105D6000B5FB6ABFD22ACBBEEC9B7EBFD83DD5BD6A
:105D70004EED7ABF61DA4A3E2D4660BFD7E0F63E6F
:105D8000291731BF6BDD383F0564E3BE165E653F02
:105D900088911FBE83DF7C3F9940163ECE3A7D3FFF
:105DA000C328DF3E8C67663F94612F3F937C3A3F68
:105DB0003B205F3F42FEFA3EF5707A3F4313543E6C
:105DC0001DD37E3FA178C2BDBDDF6B3FE9CDC6BE0E
:105DD0006F53433FE26025BF4AE6083F223058BF79
:105DE0009BEA833E912B77BFB8AE2FBDE77B7FBF89
:105DF00016AEADBEC55F70BFB1A31ABF023F4BBFA9
:105E0000E92250BF268B13BF3A6972BFE9DE9CBE00
:105E100071547EBF3FD115BCBDD872BF5C55933E57
:105E20003C1C51BF34860E3F7D5D1CBF32D9453FBF
:105E30009B4CB3BE658C6A3FC01375BDFE51793F64
:105E40002B4D6E3EECF8703FCCEAFF3EA08B523FEC
:105E50005E72373FEE35213F30F95C3FCAE6C33E04
:105E6000AB4B6D3F226CD83DDD4F673F032632BE02
:105E700013284C3F72DCDBBE0B0E1F3FE20123BF39
:105E800043E9C93E990A47BF78E80F3E9B2B57BFAD
:105E90009C26EABDB4A752BF25CBB0BE39E63ABFB7
:105EA000B5ED07BF533A13BF72DA27BFEAE7C0BEAA
:105EB000B40036BFC82221BE343332BFD187753D0E
:105EC000A72B1EBFABE5813ECA77FABE8323D03E27
:105ED00028A6A7BE69B7013F31A11BBEE7970C3FBB
:105EE0003F20943C6C1C093F161B2A3EAA62F23EDE
:105EF000D02D8F3E58D2BF3EC2E5B33E9D07823EB5
:105F0000F245C23E8FAE013E13F6BB3E3876DD3B16
:105F100086B1A43EDB3BC1BD5290813EB5242DBE6F
:105F20007575303ED1185BBE9C95B83D5CF46ABE79
:105F3000E5F17D3C518D60BE8B5A38BDD91142BE12
:105F40008299B3BDB2DE16BECCB2E4BD0DBDCCBDF0
:105F5000EC8BF2BD2C645CBD44C4E3BD36BD60BCBB
:105F6000A6F4C0BDEA408D3CD92693BD97FE1A3DEC
:105F7000C81C45BD7653463DAC95D6BC9FCB4E3D27
:105F8000B3D205BCA05C3D3DF08EA13BBDDA1B3D0C
:105F90007723553CE6CAE63C2A8C883C0AA8963C06
:105FA000479C8A3CDDB5223C0675743C5AE4613B53
:105FB000E19E403CA0D36CBA821B083CD6B659BBCC
:105FC000F5A9A93B635D8ABB78E0303B651F86BBC2
:105FD000E4F87E3A7D515EBB024B7FB818E022BBED
:105FE000766F10BAAB14D4BA150031BAD4C671BAF0
:105FF000E62D1CBA2932E6B988A0E4B904471DB9D8
:10600000BAB38FB92C80FBB6ABF91AB98F273038E9
:106010003E698BB8FC533738E7A7C2B7EC33EF378C
:10602000D659ACB6ACFC5B37CC4036B4E3816E36A7
:106030003F907D328C5E82B493A7CDB41CDC35B525
:1060400040F222B4626D8BB3366CEC34AED7B3340D
:1060500009695F358EFC983452B74E3502CAB033A9
:1060600022A9CF3422A483331E10A7B1952BAD34BF
:1060700057B52DB4A3D34135542642B3A5DD883599
:106080006BAF5434D4F48C35875CBF34F2995A35F5
:1060900089389A34D901F73465701EB29CC94634E8
:1060A0003294D8B472780734064840B5574E9D34C0
:1060B000E1245BB584411A351D6F37B5512558353C
:1060C00088E8DCB49D746435A35328B4B4483535EE
:1060D000D5AC79B3187DBC345D4138B4A747B6322E
:1060E0007E24F0B48A3339B4DB3D4BB5A1ED27B43F
:1060F000248980B55A1B3633928D80B52921A73467
:106100007F144CB570E60735C570F6B4DC4D0B3521
:10611000B26751B47D21AF34FEFF7F3FE095C8B335
:1061200062BF743FD12096BEC9FA533F87870FBF25
:106130009F93203F916047BF621DBE3EAEB26DBFD0
:10614000E473A93D721F7FBFBC395ABEB61E7ABF29
:106150002BFFFABE0D215FBF696839BFE28530BFF2
:10616000A60465BF2DCCE4BED87E7CBF18DF28BE58
:10617000A8C67DBF7EB2063E4BBF68BF5136D53E36
:1061800004423FBF882A2A3F89F404BF5CC45A3FB7
:10619000B4DB7BBEE722783F63FB483D30B17F3FF5
:1061A00051F7AD3E1AC5703FF0C1193F62AE4C3F8A
:1061B0007F034F3F2F99163F5211723FB18DA63E7C
:1061C000EFD57F3FA4310A3D101B773FEC8185BEA0
:1061D00056A5583F934208BFA323273FC1C241BFE2
:1061E000BAE6CD3E88306ABFCCF5ED3DEAFB7DBF17
:1061F000650A38BE70677BBF1C3BEBBEFEB062BF5A
:10620000F1BB32BF100E36BF7AF55FBF5DF6F2BE4E
:10621000DA4C79BFB78949BE588D7CBF67FEC63D51
:106220001C8069BF6B1EC33E91F341BF6F2C213FA1
:106230002B9309BF1E0E523F9B248BBE00E86F3F7D
:106240005CB0733CC032783F11B2973EF1696A3F4F
:106250002B020C3F1119483F0A8D3E3F18B5143FE1
:106260007E175F3F918AAA3E2F066B3FB7317E3D76
:10627000C4C2613FB48853BEF9C4443F775CE5BEF5
:10628000FE64173FB6FA23BF1EF7BC3EC9A244BF47
:1062900071D0FE3DB64752BF00B1F2BD06834CBF80
:1062A0006A75ACBEF9E034BFE2E202BF57A40EBF8C
:1062B00030C320BFD4B6BCBE07052EBFCD4E25BE11
:1062C0009EA12ABF0523303DE84618BFECAC663ED0
:1062D000A317F4BE1F4ABD3EB5FEA7BEDD88EE3E45
:1062E00009892ABE7565023F1B4D17BC636A003FD2
:1062F000B7EC033ED818E63E8217723E960FBA3EC0
:10630000C51D9D3E6B61833EF93CAD3E2903123EA7
:10631000DDC0AA3E75C60A3DB5D4983EF23273BDC3
:10632000D7B1773EBE5F05BEC465313E749633BEBD
:106330005292D03DF07F47BEF70A123D051944BE88
:10634000F5189FBC6A712EBE345575BD86B00CBE63
:10635000B563ADBD0B42CABD4EE3C1BD608E75BD18
:10636000E836BDBDC8F3CEBC9D3BA6BD5C42233B19
:10637000D15784BD984DB43CF8CF3CBD7379083DEE
:1063800004EEE7BC0C64193DE46657BC40A4133D21
:106390001B05D4BA39DCFD3C5E9EC53B883BC53C41
:1063A0002019263C9E99893CEDED3A3CD658273C75
:1063B00084642F3C01FBA13B6E41113CBCD99D3A4A
:1063C000AA0DD83B71BE8DBAE5F48F3BBCB20EBBB3
:1063D0002805283BC3F71EBBF6A8A03AC5C60DBBCF
:1063E00097C7C13965CADABA6AECBEB8406295BAD5
:1063F00062038FB9346634BA9A1F97B989BDBCB9A4
:10640000E5916DB92DB421B91BB019B9159B3DB8F3
:10641000620CA6B83705A932576711B8BA253537C7
:10642000600D3BB76FCB02372C1AF2B5F1352A3627
:106430000798B534D8BC09B518050034A95388B5F8
:106440006F3DF7B3E9E971B4EB5D3034F0342635D4
:10645000B91C2A3536477B3512406A3513074E354D
:1064600046E34235C4A5EF3447EBAC3416749034A0
:10647000B724C4B36977B134D08CAEB40F051035EE
:106480000CF5B5B4F6BF4035F7E16FB449304A3585
:106490007CE0F8B3A3BF283563E0EFB3E240E43417
:1064A00061286BB4A7608834B932C7B433B84A34B2
:1064B000082900B57BDC763431F900B5770BA934B7
:1064C0006BEFCEB48414C23471D587B42C0BAA34CC
:1064D00070C22DB484494634C89B30B44812B832D7
:1064E00001A08BB456BAD1B3DCE2D4B4CA2E00B446
:1064F0000B1D06B55DA12EB33E8C09B525E8C13351
:106500005D1AE4B48A0156340DAF95B466D4703484
:106510004F251DB4E7621D34FEFF7F3FE095C8B3F1
:106520001C34753F361F93BE98B9553FD5EA0CBF52
:106530002338243F456344BF67B9C93E274B6BBF2F
:10654000B1FAE73D615A7EBFC34035BE63F57BBFFC
:10655000939AE7BEDD4F64BFE28530BF696839BFFB
:10656000D35A5EBFEBBAFDBE766E79BF897C66BE3C
:1065700024787FBF17DB833D84F56FBFFA63B23E9B
:1065800081354CBF99621A3F103C17BF9A8D4E3F20
:106590001302ABBE8F4C713F63FB48BD30B17F3FF0
:1065A0006EC3753EA084783FA242023FAE615C3F5D
:1065B0004E173C3FDAA72D3FA10D663F7490E03E99
:1065C000DA9A7C3F77C2253E6AD77D3F379003BE7B
:1065D00078A8693F64DDD0BEC1C2413FA32327BF75
:1065E0007486093F86B557BFE96D8B3E990876BF23
:1065F00023E87ABCAE8C7FBFB5419ABE317673BFBB
:10660000FFAF0FBF25D152BF78F045BF166C20BF3A
:1066100015476BBFA138C1BE588D7CBF67FEC6BD94
:10662000815978BFCD6E423E80205FBFC404EB3EEF
:10663000F22D33BF40E92F3FC5E3F0BE75D55A3F79
:10664000499F50BEB4AF723F7E0E9D3D8998753F05
:106650007E2EB13ECC94633F18B5143F0A8D3E3F69
:10666000D4D7423FC51E0A3FB8365F3F2B86963EC1
:106670006CBD673F005BFA3C7A3A5C3FA82E68BE6F
:10668000375D3E3F4CFDE8BECC82113F368A22BFCB
:10669000E5AEB43E958940BF00B1F23D06834CBFE4
:1066A000BB59E6BD3A4D46BF5764A3BE85822FBF96
:1066B00082D0F7BEEA430BBFE64518BFE2A7BBBED8
:1066C0007D3425BF995730BE27C122BF4BD59F3C93
:1066D000DD7F12BF5E95433EDD88EEBEB5FEA73E70
:1066E0000F78A9BE3CC9D73E63D53BBE2617EF3E07
:1066F00003711EBD5E8BEE3EDFE3B73D4528D93EFC
:106700009168443E7ABAB33E8ABE853EEA1C843E16
:10671000199D973E57E2203EB5D4983EF232733D24
:106720004D068C3E13B9D5BCF3CD693E6056BEBD57
:106730003F522F3ED2330DBEADB0E13DA07A24BE14
:106740001926563D1B3627BEB8CB343B8F7319BE76
:10675000C3AE0FBDAF4400BE608E75BD4EE3C1BD7C
:10676000FC2394BDFB9480BD72A097BDF7A708BD24
:106770000D988ABD612013BC330366BDBE08143C6E
:106780002B112DBD879FA73C3B97E7BCB180D43C24
:10679000E90482BC6770DA3C5E9EC5BB883BC53CA1
:1067A0005B996C3AC48CA03CBD25A63BBDBD6C3C3E
:1067B000894DE33BDC381C3CA453E93BA484B13B4A
:1067C0001FFDCC3B5DCF193B7D4DA03B1F40AD393C
:1067D0001E86613B1D8B4DBAC5C60D3BF6A8A0BAFF
:1067E000D1009B3A82D5A1BAD761083A387285BAEE
:1067F00002C10B3917E23EBA1FCB54B8EC51F0B9C5
:106800008E7FE0B8A54684B9CF36CDB8E0B2F7B8F0
:106810008F0A8AB85A9238B8576711B8BA2535B76F
:10682000A23164B796989AB415944BB6A0CC3A3579
:1068300045C1EA34DFD8E7B40E2A2A35176D57B5BB
:106840008F702834FA2555B405F4B633A06D2A3577
:106850007ED7E434DD858C3513074E3512406A351A
:1068600057E74F350DF2BE344D09D734949106B435
:10687000676E25B4757DA4B4D48C23B5947F20B401
:1068800096CB4EB5E4814E3420D923B5A8C7043544
:106890001DC587B4C7971D3563E0EF33E240E4348C
:1068A000D287AD342948C033C1DFA934123F91B437
:1068B000481B0E34DFBC09B5EE73FBB3DEF616B52C
:1068C0008B18A5B4D5B8E6B42191BEB4AD3C52B492
:1068D000E4B382B4D54009334812B8B2C89B30340F
:1068E0008D557234BAED2D343835DD34D90A323352
:1068F0003E680135C47913B4D9CCE434693EA0B400
:106900009A72953445D8CAB484DED733DD5EB8B404
:1069100016E42CB3DE2A5AB40100803FF049C3B319
:106920007FA6753F2F1C90BE2F70573FB4480ABFFB
:106930006ECE273FF05441BF5B36D53E58BF68BF8F
:10694000E124133E07587DBFD30810BEA5747DBF58
:1069500093C8D3BEDE1269BF783627BF97D841BF30
:106960006E0357BFD0F10ABFB96D75BFF19D91BEDF
:10697000C9FF7FBFB40F49BBD3DE75BF2A9A8E3ED5
:1069800086DC57BF539F093F0D6628BFE3D0403FC9
:10699000ACA3D6BE4E6B683F994016BECE3A7D3F43
:1069A00059EC0C3E8C907D3FF559D23E7B65693F9A
:1069B0006B9D263FFD5A423F2394563F47990B3F1C
:1069C000942F753F7D1C933E6DF57F3F3B08C93B7F
:1069D0004006763F720E8DBE2230583F4AE608BF11
:1069E000BDDE283FA32940BFE2D3D73EA3D567BF72
:1069F000621B193E71B27CBF027B09BE34107DBFA1
:106A0000CF34D0BEE1EB68BF453B25BF54F141BF59
:106A1000A0C454BF095A0BBFBDD872BF5C5593BE0A
:106A2000130D7DBF3F1015BC60A072BFA27F893ED1
:106A3000478D54BF67AF053F0F7725BF86203B3F8B
:106A40004FE2D2BE35B8603F959516BE797C733F54
:106A5000307F003E2018723FCAE6C33E30F95C3FEB
:106A6000F4531A3F3B46363F28A9443F8BAA013FC7
:106A70001CAE5D3F86FA873E7DBB633F7CDE323CC9
:106A80008EE9563F23BD70BE0F06393F3F29E7BE52
:106A9000AF5E0D3F75E41EBF25CBB03E39E63ABF71
:106AA000E8CCF93DEDEE45BF8902C7BDB8FC3FBF5C
:106AB000A70896BE88A52ABF934FE6BE82DB08BF13
:106AC000E1750EBFC41DBDBED7861BBFEDE340BE42
:106AD000FA6C1ABF949E17BCE7970CBF31A11B3EFE
:106AE0009526E9BEE8A6903EE455ABBEF662BF3EF1
:106AF000B2024EBE9611D83E1A0C8DBDD226DB3E98
:106B0000BE8D4D3DAE30CB3ED040163E4E54AC3ED9
:106B10009E325C3E71AA833E5290813EB5242D3E4A
:106B2000D138863E3C46A83D6D637C3EB7AE943B73
:106B30001424593E817F6DBD44D1293EF446D1BD18
:106B4000E403EB3DB07302BE95F0843D1E560ABED1
:106B50006082AC3C1D7203BE36BD60BC44C4E3BD64
:106B600044AD1BBD4C0EB4BD4F9654BD41D27FBD4C
:106B7000360468BD7E0F1CBDF4175EBDF5B78CBC36
:106B80000C4040BDD52684BA0DB817BD01F1233C99
:106B9000A2D4D8BCB8B0843C2A8C88BC0AA8963C45
:106BA0008C1A0CBCF8A6903C738025BBD075773C42
:106BB000427DB83AA0CE3F3CD705673BB3BA063C0E
:106BC00004698B3B51CEA83B7008853B7323343B53
:106BD000C1435C3BAB068D3A18E0223B024B7F3849
:106BE000F075D83A9E1DE7B98406803A2EA31BBAE9
:106BF0004EB9023A005B0FBA971D54390C45D9B90A
:106C00000E72413820B58DB9EBF594B7060820B95E
:106C100007FB01B824AB99B8E7A7C2B7EC33EFB7CD
:106C2000DADE41B7370907B70EB660B6877FA1B580
:106C30000CA37C3454D284B3DF4D4935A6895FB4AC
:106C4000706A2D34E85612B3759A95B45D500035CC
:106C5000B81272B49A41643502CAB03352B74E3595
:106C6000E7BB8E342C619A344F6EFF33C5FCA0B461
:106C70000FD0A0B454A135B544234AB529FA38B58C
:106C8000B20F85B5D04BD6B4A5936EB548C197B2B7
:106C9000DBBA04B5A0656F3465701E329CC94634FA
:106CA000E0B5D9348D0200B4B13F1235AC8B13B5C9
:106CB000FE13D934F00675B5A20BB933D6458DB5A0
:106CC000A70C7FB4469D75B56C81D8B4706117B5BB
:106CD000C40FAEB4BD891DB4A747B6B25D41383408
:106CE0002369D2349E3994342CD64B359EF61B340E
:106CF000315A7E35E7F41BB400E47035A66CF5B468
:106D0000581A2D355BA52DB57F17A3346A2627B5F4
:106D100010D9A3321AC9CBB4000000000000000053
:106D20000000000000000000000000000000000063
:106D30000000000000000000000000000000000053
:106D40000000000000000000000000000000000043
:106D50000000000000000000000000000000000033
:106D60000000000000000000000000000000000023
:106D70000000000000000000000000000000000013
:106D80000000000000000000000000000000000003
:106D900000000000000000000000000000000000F3
:106DA00000000000000000000000000000000000E3
:106DB00000000000000000000000000000000000D3
:106DC00000000000000000000000000000000000C3
:106DD00000000000000000000000000000000000B3
:106DE00000000000000000000000000000000000A3
:106DF0000000000000000000000000000000000093
:106E00000000000000000000000000000000000082
:106E10000000000000000000000000000000000072
:106E20000000000000000000000000000000000062
:106E30000000000000000000000000000000000052
:106E40000000000000000000000000000000000042
:106E50000000000000000000000000000000000032
:106E60000000000000000000000000000000000022
:106E70000000000000000000000000000000000012
:106E80000000000000000000000000000000000002
:106E900000000000000000000000000000000000F2
:106EA00000000000000000000000000000000000E2
:106EB00000000000000000000000000000000000D2
:106EC00000000000000000000000000000000000C2
:106ED00000000000000000000000000000000000B2
:106EE00000000000000000000000000000000000A2
:106EF0000000000000000000000000000000000092
:106F00000000000000000000000000000000000081
:106F10000000000000000000000000000000000071
:106F20000000000000000000000000000000000061
:106F30000000000000000000000000000000000051
:106F40000000000000000000000000000000000041
:106F50000000000000000000000000000000000031
:106F60000000000000000000000000000000000021
:106F70000000000000000000000000000000000011
:106F80000000000000000000000000000000000001
:106F900000000000000000000000000000000000F1
:106FA00000000000000000000000000000000000E1
:106FB00000000000000000000000000000000000D1
:106FC00000000000000000000000000000000000C1
:106FD00000000000000000000000000000000000B1
:106FE00000000000000000000000000000000000A1
:106FF0000000000000000000000000000000000091
:107000000000000000000000000000000000000080
:107010000000000000000000000000000000000070
:107020000000000000000000000000000000000060
:107030000000000000000000000000000000000050
:107040000000000000000000000000000000000040
:107050000000000000000000000000000000000030
:107060000000000000000000000000000000000020
:107070000000000000000000000000000000000010
:107080000000000000000000000000000000000000
:1070900000000000000000000000000000000000F0
:1070A00000000000000000000000000000000000E0
:1070B00000000000000000000000000000000000D0
:1070C00000000000000000000000000000000000C0
:1070D00000000000000000000000000000000000B0
:1070E00000000000000000000000000000000000A0
:1070F0000000000000000000000000000000000090
:10710000000000000000000000000000000000007F
:10711000000000000000000000000000000000006F
:10712000000000000000000000000000000000005F
:10713000000000000000000000000000000000004F
:10714000000000000000000000000000000000003F
:10715000000000000000000000000000000000002F
:10716000000000000000000000000000000000001F
:10717000000000000000000000000000000000000F
:1071800000000000000000000000000000000000FF
:1071900000000000000000000000000000000000EF
:1071A00000000000000000000000000000000000DF
:1071B00000000000000000000000000000000000CF
:1071C00000000000000000000000000000000000BF
:1071D00000000000000000000000000000000000AF
:1071E000000000000000000000000000000000009F
:1071F000000000000000000000000000000000008F
:10720000000000000000000000000000000000007E
:10721000000000000000000000000000000000006E
:10722000000000000000000000000000000000005E
:10723000000000000000000000000000000000004E
:10724000000000000000000000000000000000003E
:10725000000000000000000000000000000000002E
:10726000000000000000000000000000000000001E
:10727000000000000000000000000000000000000E
:1072800000000000000000000000000000000000FE
:1072900000000000000000000000000000000000EE
:1072A00000000000000000000000000000000000DE
:1072B00000000000000000000000000000000000CE
:1072C00000000000000000000000000000000000BE
:1072D00000000000000000000000000000000000AE
:1072E000000000000000000000000000000000009E
:1072F000000000000000000000000000000000008E
:10730000000000000000000000000000000000007D
:10731000000000000000000000000000000000006D
:10732000000000000000000000000000000000005D
:10733000000000000000000000000000000000004D
:10734000000000000000000000000000000000003D
:10735000000000000000000000000000000000002D
:10736000000000000000000000000000000000001D
:10737000000000000000000000000000000000000D
:1073800000000000000000000000000000000000FD
:1073900000000000000000000000000000000000ED
:1073A00000000000000000000000000000000000DD
:1073B00000000000000000000000000000000000CD
:1073C00000000000000000000000000000000000BD
:1073D00000000000000000000000000000000000AD
:1073E000000000000000000000000000000000009D
:1073F000000000000000000000000000000000008D
:10740000000000000000000000000000000000007C
:10741000000000000000000000000000000000006C
:10742000000000000000000000000000000000005C
:10743000000000000000000000000000000000004C
:10744000000000000000000000000000000000003C
:10745000000000000000000000000000000000002C
:10746000000000000000000000000000000000001C
:10747000000000000000000000000000000000000C
:1074800000000000000000000000000000000000FC
:1074900000000000000000000000000000000000EC
:1074A00000000000000000000000000000000000DC
:1074B00000000000000000000000000000000000CC
:1074C00000000000000000000000000000000000BC
:1074D00000000000000000000000000000000000AC
:1074E000000000000000000000000000000000009C
:1074F000000000000000000000000000000000008C
:10750000000000000000000000000000000000007B
:10751000000000000000000000000000000000006B
:10752000000000000000000000000000000000005B
:10753000000000000000000000000000000000004B
:10754000000000000000000000000000000000003B
:10755000000000000000000000000000000000002B
:10756000000000000000000000000000000000001B
:10757000000000000000000000000000000000000B
:1075800000000000000000000000000000000000FB
:1075900000000000000000000000000000000000EB
:1075A00000000000000000000000000000000000DB
:1075B00000000000000000000000000000000000CB
:1075C00000000000000000000000000000000000BB
:1075D00000000000000000000000000000000000AB
:1075E000000000000000000000000000000000009B
:1075F000000000000000000000000000000000008B
:10760000000000000000000000000000000000007A
:10761000000000000000000000000000000000006A
:10762000000000000000000000000000000000005A
:10763000000000000000000000000000000000004A
:10764000000000000000000000000000000000003A
:10765000000000000000000000000000000000002A
:10766000000000000000000000000000000000001A
:10767000000000000000000000000000000000000A
:1076800000000000000000000000000000000000FA
:1076900000000000000000000000000000000000EA
:1076A00000000000000000000000000000000000DA
:1076B00000000000000000000000000000000000CA
:1076C00000000000000000000000000000000000BA
:1076D00000000000000000000000000000000000AA
:1076E000000000000000000000000000000000009A
:1076F000000000000000000000000000000000008A
:107700000000000000000000000000000000000079
:107710000000000000000000000000000000000069
:107720000000000000000000000000000000000059
:107730000000000000000000000000000000000049
:107740000000000000000000000000000000000039
:107750000000000000000000000000000000000029
:107760000000000000000000000000000000000019
:107770000000000000000000000000000000000009
:1077800000000000000000000000000000000000F9
:1077900000000000000000000000000000000000E9
:1077A00000000000000000000000000000000000D9
:1077B00000000000000000000000000000000000C9
:1077C00000000000000000000000000000000000B9
:1077D00000000000000000000000000000000000A9
:1077E0000000000000000000000000000000000099
:1077F0000000000000000000000000000000000089
:107800000000000000000000000000000000000078
:107810000000000000000000000000000000000068
:107820000000000000000000000000000000000058
:107830000000000000000000000000000000000048
:107840000000000000000000000000000000000038
:107850000000000000000000000000000000000028
:107860000000000000000000000000000000000018
:107870000000000000000000000000000000000008
:1078800000000000000000000000000000000000F8
:1078900000000000000000000000000000000000E8
:1078A00000000000000000000000000000000000D8
:1078B00000000000000000000000000000000000C8
:1078C00000000000000000000000000000000000B8
:1078D00000000000000000000000000000000000A8
:1078E0000000000000000000000000000000000098
:1078F0000000000000000000000000000000000088
:107900000000000000000000000000000000000077
:107910000000000000000000000000000000000067
:107920000000000000000000000000000000000057
:107930000000000000000000000000000000000047
:107940000000000000000000000000000000000037
:107950000000000000000000000000000000000027
:107960000000000000000000000000000000000017
:107970000000000000000000000000000000000007
:1079800000000000000000000000000000000000F7
:1079900000000000000000000000000000000000E7
:1079A00000000000000000000000000000000000D7
:1079B00000000000000000000000000000000000C7
:1079C00000000000000000000000000000000000B7
:1079D00000000000000000000000000000000000A7
:1079E0000000000000000000000000000000000097
:1079F0000000000000000000000000000000000087
:107A00000000000000000000000000000000000076
:107A10000000000000000000000000000000000066
:107A20000000000000000000000000000000000056
:107A30000000000000000000000000000000000046
:107A40000000000000000000000000000000000036
:107A50000000000000000000000000000000000026
:107A60000000000000000000000000000000000016
:107A70000000000000000000000000000000000006
:107A800000000000000000000000000000000000F6
:107A900000000000000000000000000000000000E6
:107AA00000000000000000000000000000000000D6
:107AB00000000000000000000000000000000000C6
:107AC00000000000000000000000000000000000B6
:107AD00000000000000000000000000000000000A6
:107AE0000000000000000000000000000000000096
:107AF0000000000000000000000000000000000086
:107B00000000000000000000000000000000000075
:107B10000000000000000000000000000000000065
:107B20000000000000000000000000000000000055
:107B30000000000000000000000000000000000045
:107B40000000000000000000000000000000000035
:107B50000000000000000000000000000000000025
:107B60000000000000000000000000000000000015
:107B70000000000000000000000000000000000005
:107B800000000000000000000000000000000000F5
:107B900000000000000000000000000000000000E5
:107BA00000000000000000000000000000000000D5
:107BB00000000000000000000000000000000000C5
:107BC00000000000000000000000000000000000B5
:107BD00000000000000000000000000000000000A5
:107BE0000000000000000000000000000000000095
:107BF0000000000000000000000000000000000085
:107C00000000000000000000000000000000000074
:107C10000000000000000000000000000000000064
:107C20000000000000000000000000000000000054
:107C30000000000000000000000000000000000044
:107C40000000000000000000000000000000000034
:107C50000000000000000000000000000000000024
:107C60000000000000000000000000000000000014
:107C70000000000000000000000000000000000004
:107C800000000000000000000000000000000000F4
:107C900000000000000000000000000000000000E4
:107CA00000000000000000000000000000000000D4
:107CB00000000000000000000000000000000000C4
:107CC00000000000000000000000000000000000B4
:107CD00000000000000000000000000000000000A4
:107CE0000000000000000000000000000000000094
:107CF0000000000000000000000000000000000084
:107D00000000000000000000000000000000000073
:107D10000000000000000000000000000000000063
:107D20000000000000000000000000000000000053
:107D30000000000000000000000000000000000043
:107D40000000000000000000000000000000000033
:107D50000000000000000000000000000000000023
:107D60000000000000000000000000000000000013
:107D70000000000000000000000000000000000003
:107D800000000000000000000000000000000000F3
:107D900000000000000000000000000000000000E3
:107DA00000000000000000000000000000000000D3
:107DB00000000000000000000000000000000000C3
:107DC00000000000000000000000000000000000B3
:107DD00000000000000000000000000000000000A3
:107DE0000000000000000000000000000000000093
:107DF0000000000000000000000000000000000083
:107E00000000000000000000000000000000000072
:107E10000000000000000000000000000000000062
:107E20000000000000000000000000000000000052
:107E30000000000000000000000000000000000042
:107E40000000000000000000000000000000000032
:107E50000000000000000000000000000000000022
:107E60000000000000000000000000000000000012
:107E70000000000000000000000000000000000002
:107E800000000000000000000000000000000000F2
:107E900000000000000000000000000000000000E2
:107EA00000000000000000000000000000000000D2
:107EB00000000000000000000000000000000000C2
:107EC00000000000000000000000000000000000B2
:107ED00000000000000000000000000000000000A2
:107EE0000000000000000000000000000000000092
:107EF0000000000000000000000000000000000082
:107F00000000000000000000000000000000000071
:107F10000000000000000000000000000000000061
:107F20000000000000000000000000000000000051
:107F30000000000000000000000000000000000041
:107F40000000000000000000000000000000000031
:107F50000000000000000000000000000000000021
:107F60000000000000000000000000000000000011
:107F70000000000000000000000000000000000001
:107F800000000000000000000000000000000000F1
:107F900000000000000000000000000000000000E1
:107FA00000000000000000000000000000000000D1
:107FB00000000000000000000000000000000000C1
:107FC00000000000000000000000000000000000B1
:107FD00000000000000000000000000000000000A1
:107FE0000000000000000000000000000000000091
:107FF0000000000000000000000000000000000081
:108000000000000000000000000000000000000070
:108010000000000000000000000000000000000060
:108020000000000000000000000000000000000050
:108030000000000000000000000000000000000040
:108040000000000000000000000000000000000030
:108050000000000000000000000000000000000020
:108060000000000000000000000000000000000010
:108070000000000000000000000000000000000000
:1080800000000000000000000000000000000000F0
:1080900000000000000000000000000000000000E0
:1080A00000000000000000000000000000000000D0
:1080B00000000000000000000000000000000000C0
:1080C00000000000000000000000000000000000B0
:1080D00000000000000000000000000000000000A0
:1080E0000000000000000000000000000000000090
:1080F0000000000000000000000000000000000080
:10810000000000000000000000000000000000006F
:10811000000000000000000000000000000000005F
:10812000000000000000000000000000000000004F
:10813000000000000000000000000000000000003F
:10814000000000000000000000000000000000002F
:10815000000000000000000000000000000000001F
:10816000000000000000000000000000000000000F
:1081700000000000000000000000000000000000FF
:1081800000000000000000000000000000000000EF
:1081900000000000000000000000000000000000DF
:1081A00000000000000000000000000000000000CF
:1081B00000000000000000000000000000000000BF
:1081C00000000000000000000000000000000000AF
:1081D000000000000000000000000000000000009F
:1081E000000000000000000000000000000000008F
:1081F000000000000000000000000000000000007F
:10820000000000000000000000000000000000006E
:10821000000000000000000000000000000000005E
:10822000000000000000000000000000000000004E
:10823000000000000000000000000000000000003E
:10824000000000000000000000000000000000002E
:10825000000000000000000000000000000000001E
:10826000000000000000000000000000000000000E
:1082700000000000000000000000000000000000FE
:1082800000000000000000000000000000000000EE
:1082900000000000000000000000000000000000DE
:1082A00000000000000000000000000000000000CE
:1082B00000000000000000000000000000000000BE
:1082C00000000000000000000000000000000000AE
:1082D000000000000000000000000000000000009E
:1082E000000000000000000000000000000000008E
:1082F000000000000000000000000000000000007E
:10830000000000000000000000000000000000006D
:10831000000000000000000000000000000000005D
:10832000000000000000000000000000000000004D
:10833000000000000000000000000000000000003D
:10834000000000000000000000000000000000002D
:10835000000000000000000000000000000000001D
:10836000000000000000000000000000000000000D
:1083700000000000000000000000000000000000FD
:1083800000000000000000000000000000000000ED
:1083900000000000000000000000000000000000DD
:1083A00000000000000000000000000000000000CD
:1083B00000000000000000000000000000000000BD
:1083C00000000000000000000000000000000000AD
:1083D000000000000000000000000000000000009D
:1083E000000000000000000000000000000000008D
:1083F000000000000000000000000000000000007D
:10840000000000000000000000000000000000006C
:10841000000000000000000000000000000000005C
:10842000000000000000000000000000000000004C
:10843000000000000000000000000000000000003C
:10844000000000000000000000000000000000002C
:10845000000000000000000000000000000000001C
:10846000000000000000000000000000000000000C
:1084700000000000000000000000000000000000FC
:1084800000000000000000000000000000000000EC
:1084900000000000000000000000000000000000DC
:1084A00000000000000000000000000000000000CC
:1084B00000000000000000000000000000000000BC
:1084C00000000000000000000000000000000000AC
:1084D000000000000000000000000000000000009C
:1084E000000000000000000000000000000000008C
:1084F000000000000000000000000000000000007C
:10850000000000000000000000000000000000006B
:10851000000000000000000000000000000000005B
:10852000000000000000000000000000000000004B
:10853000000000000000000000000000000000003B
:10854000000000000000000000000000000000002B
:10855000000000000000000000000000000000001B
:10856000000000000000000000000000000000000B
:1085700000000000000000000000000000000000FB
:1085800000000000000000000000000000000000EB
:1085900000000000000000000000000000000000DB
:1085A00000000000000000000000000000000000CB
:1085B00000000000000000000000000000000000BB
:1085C00000000000000000000000000000000000AB
:1085D000000000000000000000000000000000009B
:1085E000000000000000000000000000000000008B
:1085F000000000000000000000000000000000007B
:10860000000000000000000000000000000000006A
:10861000000000000000000000000000000000005A
:10862000000000000000000000000000000000004A
:10863000000000000000000000000000000000003A
:10864000000000000000000000000000000000002A
:10865000000000000000000000000000000000001A
:10866000000000000000000000000000000000000A
:1086700000000000000000000000000000000000FA
:1086800000000000000000000000000000000000EA
:1086900000000000000000000000000000000000DA
:1086A00000000000000000000000000000000000CA
:1086B00000000000000000000000000000000000BA
:1086C00000000000000000000000000000000000AA
:1086D000000000000000000000000000000000009A
:1086E000000000000000000000000000000000008A
:1086F000000000000000000000000000000000007A
:108700000000000000000000000000000000000069
:108710000000000000000000000000000000000059
:108720000000000000000000000000000000000049
:108730000000000000000000000000000000000039
:108740000000000000000000000000000000000029
:108750000000000000000000000000000000000019
:108760000000000000000000000000000000000009
:1087700000000000000000000000000000000000F9
:1087800000000000000000000000000000000000E9
:1087900000000000000000000000000000000000D9
:1087A00000000000000000000000000000000000C9
:1087B00000000000000000000000000000000000B9
:1087C00000000000000000000000000000000000A9
:1087D0000000000000000000000000000000000099
:1087E0000000000000000000000000000000000089
:1087F0000000000000000000000000000000000079
:108800000000000000000000000000000000000068
:108810000000000000000000000000000000000058
:108820000000000000000000000000000000000048
:108830000000000000000000000000000000000038
:108840000000000000000000000000000000000028
:108850000000000000000000000000000000000018
:108860000000000000000000000000000000000008
:1088700000000000000000000000000000000000F8
:1088800000000000000000000000000000000000E8
:1088900000000000000000000000000000000000D8
:1088A00000000000000000000000000000000000C8
:1088B00000000000000000000000000000000000B8
:1088C00000000000000000000000000000000000A8
:1088D0000000000000000000000000000000000098
:1088E0000000000000000000000000000000000088
:1088F0000000000000000000000000000000000078
:108900000000000000000000000000000000000067
:108910000000000000000000000000000000000057
:108920000000000000000000000000000000000047
:108930000000000000000000000000000000000037
:108940000000000000000000000000000000000027
:108950000000000000000000000000000000000017
:108960000000000000000000000000000000000007
:1089700000000000000000000000000000000000F7
:1089800000000000000000000000000000000000E7
:1089900000000000000000000000000000000000D7
:1089A00000000000000000000000000000000000C7
:1089B00000000000000000000000000000000000B7
:1089C00000000000000000000000000000000000A7
:1089D0000000000000000000000000000000000097
:1089E0000000000000000000000000000000000087
:1089F0000000000000000000000000000000000077
:108A00000000000000000000000000000000000066
:108A10000000000000000000000000000000000056
:108A20000000000000000000000000000000000046
:108A30000000000000000000000000000000000036
:108A40000000000000000000000000000000000026
:108A50000000000000000000000000000000000016
:108A60000000000000000000000000000000000006
:108A700000000000000000000000000000000000F6
:108A800000000000000000000000000000000000E6
:108A900000000000000000000000000000000000D6
:108AA00000000000000000000000000000000000C6
:108AB00000000000000000000000000000000000B6
:108AC00000000000000000000000000000000000A6
:108AD0000000000000000000000000000000000096
:108AE0000000000000000000000000000000000086
:108AF0000000000000000000000000000000000076
:108B00000000000000000000000000000000000065
:108B10000000000000000000000000000000000055
:108B20000000000000000000000000000000000045
:108B30000000000000000000000000000000000035
:108B40000000000000000000000000000000000025
:108B50000000000000000000000000000000000015
:108B60000000000000000000000000000000000005
:108B700000000000000000000000000000000000F5
:108B800000000000000000000000000000000000E5
:108B900000000000000000000000000000000000D5
:108BA00000000000000000000000000000000000C5
:108BB00000000000000000000000000000000000B5
:108BC00000000000000000000000000000000000A5
:108BD0000000000000000000000000000000000095
:108BE0000000000000000000000000000000000085
:108BF0000000000000000000000000000000000075
:108C00000000000000000000000000000000000064
:108C10000000000000000000000000000000000054
:108C20000000000000000000000000000000000044
:108C30000000000000000000000000000000000034
:108C40000000000000000000000000000000000024
:108C50000000000000000000000000000000000014
:108C60000000000000000000000000000000000004
:108C700000000000000000000000000000000000F4
:108C800000000000000000000000000000000000E4
:108C900000000000000000000000000000000000D4
:108CA00000000000000000000000000000000000C4
:108CB00000000000000000000000000000000000B4
:108CC00000000000000000000000000000000000A4
:108CD0000000000000000000000000000000000094
:108CE0000000000000000000000000000000000084
:108CF0000000000000000000000000000000000074
:108D00000000000000000000000000000000000063
:108D100000000000000000000000803FF2AD78334A
:108D2000B0206F3FC3CCB6BE1ABC3E3F81C02ABF45
:108D30007F66EA3EAA9863BF29BCE13DAC707EBF66
:108D4000BEF880BEB2BE77BF36B014BFAB6450BFB2
:108D5000A04A55BF7E920DBF99C779BF105C60BE17
:108D6000DB577DBFC924133E25835FBF2BA0F93E8F
:108D7000193824BF3663443F128FA6BE5113723F89
:108D80002B340A3DADDA7F3F27D5C63E55E86B3F11
:108D90002017313F62DD383FD56B673F7EE8DA3E12
:108DA000533F7F3FF8EC9C3D966D753FDD9D91BE36
:108DB000EF414B3F91A21BBF654B063F3AF259BFB3
:108DC000C2843E3E10877BBF7E3F35BEA8F37BBF8B
:108DD000D04604BF9D295BBFECCB49BFCC7B1DBFF8
:108DE000F3B374BFCF1996BE16567FBFD9148A3D10
:108DF000FD4B68BFC086D63E67A232BFCC12373F5C
:108E00003BE7CABE89AD6A3F4A882FBDF3437F3F27
:108E100007A2A13E6623723F91BD213FD514453F75
:108E200014145D3F1446FC3EF9FE7A3F8B3A1B3E1C
:108E3000989C773F2ADB54BECF88533F449E09BF9E
:108E4000E6CA133F22284BBF064F823E5F2F71BFF9
:108E5000A3A0C8BDEDDB76BFF648DDBE13CF5BBF78
:108E6000BD0834BFAB2E24BFD12160BFF814B0BE03
:108E7000687B6DBF79E40BBC940B5BBFC1D7A23E8E
:108E8000744A2CBF3068173F3939D1BE14A3463F0E
:108E90007134D1BDA783593F181E4F3E05B74E3FD1
:108EA00021D9EC3EF83F293F1230253FB7B1DF3ED4
:108EB000B5D73A3F81112F3E2628363F3FEBC5BD3F
:108EC000C3DA193F2022A8BE5EE0D73E4A63FDBE4A
:108ED0004E12523EA73514BF0B2268BC28C013BFE8
:108EE00047F451BE1AA7FFBEA10BB0BE6431BBBE92
:108EF0009ACFD5BE66164FBE9E82D9BECFD815BDBD
:108F00008BAABFBEEFC7DB3D47A990BE2C57593E89
:108F1000A4A92DBE910E8A3E23DE63BD2F328F3E63
:108F200022582E3DA5D97F3E6C04E93DA11D453E4A
:108F300018E41C3EFB8EF93D4EF9253E2F52523D62
:108F40005CB5153E28C90BBC8D82E93D2E7452BD1F
:108F500090CE983D58BF99BDE54E133D3B29A6BD27
:108F60003BC37B3B78B696BD5FBF98BC160A6CBD11
:108F70008817FDBCA61F1DBD7A2A0CBDE061A3BCED
:108F8000E375FEBC48FAA6BBFE41C6BCD7CEA23BE9
:108F90008B3184BC3F8F283CC7AA0EBC2A5D403C65
:108FA0004A6442BB6D892D3C9C3C443A7FE1043CC1
:108FB00061762B3B644BAE3B5F494B3BB2D73C3BAE
:108FC000040D343BC349913ACFCC043B8C601C3830
:108FD0004CAEA63A56E1F0B932132E3A5A2A16BAD6
:108FE00023E88839EE45FEB91B9D3338FF4FADB9F4
:108FF00043803DB827CC44B9777A7BB8454DB7B8A4
:1090000056CD3BB8AAC501B8FE6AD0B74312CCB65C
:109010002F6830B7C0A3AF35AF1654B6A2E9DF351D
:109020002CC409B5C57D19359D186732157256B324
:10903000C9EF71319234E6B32C629E32A31EE73140
:10904000A468A033E3F74D330696A63356AB0E3231
:1090500016A75E32BB62E4B2E20480B3B46612B219
:109060008BE0B3B3A7563033918B67B3E2459B33A4
:10907000FAC1E3B125497833B1A69C3219242F32C5
:1090800045BE0B3211A21AB32E1AA9B2358469B3A8
:10909000547122B3A88A3BB315FA04B3E6ABC6B247
:1090A000263C9EB1D33D79B22749C232803BE1B222
:1090B000E8CA1233868256B3CAAAE33209D094B3FF
:1090C000E4241C3206359BB339BB8BB102E07AB382
:1090D00027A492B12AC71EB3AB5301322B9DA4B271
:1090E000C282CA321BB039B291981A33888A2EB222
:1090F00005FC33336E8642B2613E3C3306F925B23D
:10910000FFDF45339351A9B1344F593366F396AF1E
:109110000E116F3300CDB7300000803F801F473302
:109120001BAF6F3FA5DCB3BED9D0403F046628BF5C
:1091300041BDF23E886661BF84CF093EC8AB7DBFAA
:109140007F6C63BE3E9B79BFCEEA0CBF8FB955BF23
:1091500014044FBF9C9916BF04BA76BF918E88BE87
:10916000C6FC7EBFD8F8B53DCBBE66BF78BEDD3E3F
:10917000221731BF64DD383F53B9C9BE0B4B6B3F7B
:10918000D76D3CBD9CBA7F3F769E9D3E3C91733F20
:109190009D591F3FC85B483F18945B3F3C9C033F71
:1091A0004CD17B3FEC57383E30F57B3F974035BE86
:1091B00028FB5B3F99EF02BFA7F61F3F39DE47BF91
:1091C000781C9F3E715273BFF7DE2FBD00C27FBF78
:1091D000E044C8BEE8966BBF398130BF866339BFB3
:1091E000AE5C66BF3C1EDFBEF6D57EBF842BBCBD29
:1091F0002CCE76BFB4F8863E954D4FBFA7D6153F0F
:1092000081630DBFD503553F680966BEDCF1783F29
:10921000F64F063E080D7D3F3A5EF03E38D9603F7E
:10922000EE313F3F0F05283F2E846D3F53E6B33E9E
:1092300099437D3FD5E9463B018C6C3F99DAAFBE3F
:1092400039BA3D3F8BAD24BFF13CEE3EA89A5BBFDF
:109250002E97083ECDC475BF80AB57BEFD1A70BFB8
:109260005E7F05BF64D44BBFB74A42BFD2410EBF39
:109270009EB164BF951680BEA1D368BF0E66A03DA7
:109280009E0A4FBF4A67C53EF2CB1BBF00A4213FD9
:10929000E4DDADBE2118493F5E4D27BD39D8543FAE
:1092A000EEF37B3E9BBA443F5C64F73E20831C3F59
:1092B000804B243F6C52C63E37B9343FA097063EE0
:1092C00059A62C3F3007F4BD32480F3FEA60A9BED3
:1092D000DE41C53ED1EBF4BE4871393EEC550CBFC2
:1092E0001350B0BCCC120ABFE09547BEFECCECBE1A
:1092F000F347A3BE738EACBEC031C4BE63833FBE12
:109300003A7CC6BEB87917BD85ABAEBE3FBEBC3D8C
:10931000FA7884BE70443E3E653A22BE9ECA723ED2
:109320009FC56CBD2CB27C3E9C61EB3C4713633EF9
:1093300062E8BB3D7914313E5E6D023E5FA8E63DBA
:1093400056140C3E772A563D470F003EC027493A37
:109350005E6ACB3DECCD15BD22A0893DE76E6DBDAB
:109360007BBA103DF66F84BD1C950B3C119F75BDFB
:1093700026652EBCB9FA44BDCFF0B0BC24FD07BDB4
:109380004196CFBCE9F898BCFEB9C2BC23B5DCBBA2
:10939000B53C9CBC828ACF3A5F8058BC46CBCC3B64
:1093A000F5EBFABBA15E013C5A5055BB64A7F43BF8
:1093B0003205A2B955F9C13B7B97A73A1D41843BC1
:1093C000D7D5EF3A0DB1183BBE01E33A31F6893AF1
:1093D000C820AE3A55E383392781623A00371DB978
:1093E000330DF9392E2D92B94A145C3919C487B955
:1093F0008E378038A00340B953F781B63231DEB8DA
:1094000034D9AFB70FD752B81D0193B78BD29CB7E1
:10941000D9E31FB74BE29EB6C31771B69742D3B4D8
:1094200010FD50B5B8C63A34A1699832A85330B38C
:10943000776A5F332E3ED5B3705DA92ECA240BB276
:1094400070835F32473D5933872DD6323E12C53285
:10945000E70C82B2E118FAB25B27ABB3D86D25B343
:10946000DB2AECB30ACCED2F7AE1A8B3468A373376
:1094700061A024B20FCF373322214E33E07EF8B102
:109480007C1A80331BAAA3B3324DEF32FCB102B475
:10949000CB4184B25EFA01B4BDA214B31621B4B3B9
:1094A00026E87FB226B832B37C7104338924D1B266
:1094B000229F9D33930834B30DB7BB3332CFABB388
:1094C00000168F332A4DEFB3B4FFDF32395AF4B3AD
:1094D000F9FF10B2BFB8B0B32F4488B2576106B3DA
:1094E000CF771732B1298232BB45643355CE1E3354
:1094F000C5AACC333B23F43254DEF93370D862AFC3
:10950000CC02EC336803FCB2B041B53307D430B3BE
:109510005B577733C0CDF8B20000803F801F47B360
:10952000373B703FCBEAB0BE28DE423F090526BF7D
:10953000F5FEFA3ED9205FBFB4AB223EC6BF7CBF6A
:10954000B5B044BEA63B7BBF81F404BF4CC45ABF38
:10955000C65B48BF9D591FBF441473BFE29AA0BEAB
:10956000ACDA7FBF2E340A3D1C1C6DBF1D07C13E07
:10957000B7273DBF0E802C3FBACBEBBE593C633FB3
:10958000447700BE37FA7D3F647C663E4C6E793F7F
:10959000C7420C3FFB27563F019F4D3FBF7F183FFF
:1095A0007AA6753F2C1C903EC66A7F3F08208ABD74
:1095B000D7B7693F1FEBD0BEFA39373FA2C832BFD9
:1095C0003353DC3E041567BF9F39BC3D0FE97EBFB6
:1095D000B70084BE015577BF676413BFE64751BF2C
:1095E000719C52BF9F7211BFFADC77BF3AD27EBE28
:1095F0002F8E7EBFE8E1CE3D24DE65BF1962E03EDE
:1096000058DC30BF06A0383F7535CCBE66366A3FA1
:10961000C3F16DBDDED57E3F9704943E90F9733F54
:10962000D47F193F8C094B3F99BC553F1C31093FF2
:10963000D047773FEBED5A3E70107A3FE5D907BE31
:10964000DEEC5D3FC27EEBBE11A3263F62233ABF34
:10965000E9DAB63EE7AB66BF5241C13CBA0276BF1B
:10966000EB1C9DBE0DA566BF849E17BFDD133BBFDF
:10967000D2134CBF8DF0F2BE86BD65BFE0182BBE85
:10968000741B62BF98131A3EE7A642BF4EB4DF3E7A
:109690003A890CBFB510283F55958FBEEFA4483FBF
:1096A000375AF33BD38E4E3F1A4E8D3E9C8F3A3F36
:1096B0001A94FB3E61EC103F190C213F6747B13E05
:1096C000AE582D3FEB0ED23DF009233F03E305BE1C
:1096D000E29C053FF9CAA5BE40DBB53E0A07E9BEDC
:1096E000678B283E339A03BF7E8AB0BCBA5D00BF49
:1096F0004B2B37BE3C33DBBEE89594BE18F39FBEC0
:1097000024D2B1BE786234BEFBB3B3BE835D28BD44
:1097100044909EBEC3AE983D9ECA72BE653A223E3C
:109720002DAE18BE28E0513E39B179BDE44C5C3E07
:10973000FCC2753C2BDF473EED00913D0D4A1E3EBD
:10974000A06DD33DC4BAD43D7933E83D422B583D9A
:109750003C06D83DC47B0F3C7E2BAF3D72E7C1BCBD
:109760009A2A753D421030BDE1170B3D896D4DBD04
:10977000D6AD413C9FD943BD260E8FBBEB3E21BDEC
:10978000247666BCE6AEE6BCAE6F93BCEBA78ABCA3
:109790005F4890BC2D4DF5BBF7346FBC12043CBA4A
:1097A000F9F62BBC3298573B0968D3BB17E8A23BAC
:1097B0004ED34EBBC36BA43B28DD65BA67B9873B6C
:1097C000DA2FDF391723403B48507D3AB980E93A18
:1097D000581F853AC2F9693A087C563A8479A53906
:1097E000925F103AE8BB0D37A2E6A439D379E7B807
:1097F00054131C39F0EA00B90ECF5F387C20C0B892
:10980000C15E1E373EFB60B8F28F99B6777ED3B744
:109810005AFAB5B6D99C19B7BB263DB631CE17B6A4
:10982000BBFC4CB54BC477B4493F26333F76C032BE
:109830007289E8336C16F9B21D2EF431848485B137
:10984000465102B38A9236333E4487B252DA00332D
:10985000348199B2786DECB2020865B36FBA97B3F0
:10986000399CB9B3AA0792B3282EADB3F2BE26B382
:109870001B8D1CB3D97CD1B265774C329E174AB38D
:10988000B02FF0328CF9C6B3EC5D2F31F30B06B478
:10989000D4B02EB3A810F7B33EFA89B3DD9789B3DD
:1098A00072C43DB36AF995B0255C6F3287C81D3329
:1098B000C3B0AA3310FAF63245E5FB33A67190B275
:1098C000C5B7EB3365EA94B334728F331297CDB3D7
:1098D000357C9E32882CADB3530E90B1FA9515B3FA
:1098E0004C7F5232D66957326F2871331E750A3356
:1098F000A0D7D33363215932E33CEF33D03710B3D1
:109900006E7EB33324B0A5B3F971F3328F44C0B384
:10991000EC10D4B238C17FB30000803FF2AD78B311
:1099200001C5703F3CF7ADBEF4E3443FA89D23BFA3
:109930007295013FCFC75CBFCD6E3B3EC9AC7BBFCC
:1099400088C525BE869F7CBF27A0F9BE23835FBF45
:10995000DD5441BF5ECE27BF9AD86EBF2744B8BE44
:10996000E0F07FBF66EAAFBCF69472BFC495A33E39
:10997000C95B48BF9F591F3F824B06BF69F2593FE1
:10998000EE0151BE579C7A3FB608103E71747D3F80
:10999000F8F7EF3E1624623FF7AE3D3F48EB2B3F12
:1099A00006D06C3F557BC23E8DC37F3F07E02F3D05
:1099B0003E48743FF52099BECBBB4B3FA3021BBF73
:1099C0005EF10A3FBD0257BFFF7A663EC96C79BFA0
:1099D0008F72F4BD22287EBF942DE6BE83A464BF9F
:1099E000FDE939BFAEEB2FBF77986ABFF78ACCBECF
:1099F000B3557FBF51C983BDFDA975BF857B8E3E21
:109A00005DBF4EBFA067163FE83F0FBF0091533FB9
:109A100086237BBE6C6D773F0CEBC73DB2B97D3FB3
:109A20002810DB3E34C2653F38B0343F067C323FFD
:109A30009EEF653F9D58D43EF26D7B3FEB36AD3DCA
:109A4000CEBB723F708C81BEF3224D3F36990EBF64
:109A5000307F0F3F826D4ABF9544833EAD2B6DBF73
:109A6000D65B95BD7CF072BF76DDC5BECB8A5BBF91
:109A70002A5625BF0D7D2ABF800252BFC0FFCCBE33
:109A8000330B64BF12A7C4BD4B1A5ABFE8D8543E6B
:109A90000B8836BF7B4FF23E7AE3FDBE212A2B3F77
:109AA000F56C6DBEE1DA453FEF2C303DEB2F473FC3
:109AB000A421963EFD9B303F893AFA3EE9AE063F2F
:109AC0000DDF1B3FF687A03E340F253FD718AB3D77
:109AD0001286193F03EC07BE00BBF93EDB239EBE96
:109AE0003A5CA93EAD64DABE3D371E3E517DF4BE00
:109AF000314080BCA26DEDBEDF2022BEFFB4CABEE5
:109B0000C78884BE2EF694BE6E0A9FBE24892CBEE2
:109B1000F840A1BE926743BD2F328FBE23DE633D66
:109B200085335EBE521C063EA52B10BE0CE3313EB3
:109B30002C9683BD445B3D3E7ABC083B1F172E3EEE
:109B40004AB9523DC4670C3EA719A63D5EF6C23D18
:109B50002C47BC3D5AD8563DF113B33D8295783C15
:109B6000C39D943DE10E52BC861A573D5535F7BC56
:109B7000265D023D80F819BD031A623C861118BDAE
:109B8000A5E29739ECEC00BDF80606BCF4F9BEBCC2
:109B90003D2B46BC45FC72BCF46B4DBCE03FF6BBB4
:109BA00084DB30BC07760ABBF1E003BC141FA33A88
:109BB000E673AABB88453A3B44CC37BBDADB4F3B64
:109BC00088148FBA097E343B756C82B88DC2043B11
:109BD000CF4ADC399773A83A326F0D3A8B3D353A4C
:109BE0009C73F43938C29939BEBEAA39E4FD943861
:109BF00027A948395B01D5B7CA4CC538FDC44CB854
:109C000040CE1A3841C427B8605A26374ECBC5B764
:109C1000D0B00E35498B31B7C49B8DB5662265B681
:109C2000F733FCB4CA3523B550262E3311D409338B
:109C3000B444E233F03EAC32D23C7BB294E360B247
:109C400044B9BAB3A469993212D796B31CD311336D
:109C50008496FDB20351FBB0F9B1ABB264FA73B3B1
:109C60003A1F2FB38B2CB4B3098176B3BF6795B37A
:109C70007AD23FB36F3020B3B3960FB2F07AA4B26A
:109C8000609ED4323634EBB2D2C10A3357F94DB3A9
:109C9000911B7332868D70B37A8B23B267DE20B34B
:109CA00062BD82B218BA432F4868CB311B89123388
:109CB000F24D35337E413A333024973345A2C932D1
:109CC0006FAE9A33A2913AB2A99D45331E891BB358
:109CD0008183163210571BB3633891B291E449B2B5
:109CE000357E8FB29169AA323E38D531DA681E339B
:109CF0000DD61033EBCAEA32CC2E403306016FB1D9
:109D0000D77CF7322DDA1BB345C1F5B1612157B3CA
:109D100069C638B377CD17B300000000000000001B
:109D20000000000000000000000000000000000033
:109D30000000000000000000000000000000000023
:109D40000000000000000000000000000000000013
:109D50000000000000000000000000000000000003
:109D600000000000000000000000000000000000F3
:109D700000000000000000000000000000000000E3
:109D800000000000000000000000000000000000D3
:109D900000000000000000000000000000000000C3
:109DA00000000000000000000000000000000000B3
:109DB00000000000000000000000000000000000A3
:109DC0000000000000000000000000000000000093
:109DD0000000000000000000000000000000000083
:109DE0000000000000000000000000000000000073
:109DF0000000000000000000000000000000000063
:109E00000000000000000000000000000000000052
:109E10000000000000000000000000000000000042
:109E20000000000000000000000000000000000032
:109E30000000000000000000000000000000000022
:109E40000000000000000000000000000000000012
:109E50000000000000000000000000000000000002
:109E600000000000000000000000000000000000F2
:109E700000000000000000000000000000000000E2
:109E800000000000000000000000000000000000D2
:109E900000000000000000000000000000000000C2
:109EA00000000000000000000000000000000000B2
:109EB00000000000000000000000000000000000A2
:109EC0000000000000000000000000000000000092
:109ED0000000000000000000000000000000000082
:109EE0000000000000000000000000000000000072
:109EF0000000000000000000000000000000000062
:109F00000000000000000000000000000000000051
:109F10000000000000000000000000000000000041
:109F20000000000000000000000000000000000031
:109F30000000000000000000000000000000000021
:109F40000000000000000000000000000000000011
:109F50000000000000000000000000000000000001
:109F600000000000000000000000000000000000F1
:109F700000000000000000000000000000000000E1
:109F800000000000000000000000000000000000D1
:109F900000000000000000000000000000000000C1
:109FA00000000000000000000000000000000000B1
:109FB00000000000000000000000000000000000A1
:109FC0000000000000000000000000000000000091
:109FD0000000000000000000000000000000000081
:109FE0000000000000000000000000000000000071
:109FF0000000000000000000000000000000000061
:10A000000000000000000000000000000000000050
:10A010000000000000000000000000000000000040
:10A020000000000000000000000000000000000030
:10A030000000000000000000000000000000000020
:10A040000000000000000000000000000000000010
:10A050000000000000000000000000000000000000
:10A0600000000000000000000000000000000000F0
:10A0700000000000000000000000000000000000E0
:10A0800000000000000000000000000000000000D0
:10A0900000000000000000000000000000000000C0
:10A0A00000000000000000000000000000000000B0
:10A0B00000000000000000000000000000000000A0
:10A0C0000000000000000000000000000000000090
:10A0D0000000000000000000000000000000000080
:10A0E0000000000000000000000000000000000070
:10A0F0000000000000000000000000000000000060
:10A10000000000000000000000000000000000004F
:10A11000000000000000000000000000000000003F
:10A12000000000000000000000000000000000002F
:10A13000000000000000000000000000000000001F
:10A14000000000000000000000000000000000000F
:10A1500000000000000000000000000000000000FF
:10A1600000000000000000000000000000000000EF
:10A1700000000000000000000000000000000000DF
:10A1800000000000000000000000000000000000CF
:10A1900000000000000000000000000000000000BF
:10A1A00000000000000000000000000000000000AF
:10A1B000000000000000000000000000000000009F
:10A1C000000000000000000000000000000000008F
:10A1D000000000000000000000000000000000007F
:10A1E000000000000000000000000000000000006F
:10A1F000000000000000000000000000000000005F
:10A20000000000000000000000000000000000004E
:10A21000000000000000000000000000000000003E
:10A22000000000000000000000000000000000002E
:10A23000000000000000000000000000000000001E
:10A24000000000000000000000000000000000000E
:10A2500000000000000000000000000000000000FE
:10A2600000000000000000000000000000000000EE
:10A2700000000000000000000000000000000000DE
:10A2800000000000000000000000000000000000CE
:10A2900000000000000000000000000000000000BE
:10A2A00000000000000000000000000000000000AE
:10A2B000000000000000000000000000000000009E
:10A2C000000000000000000000000000000000008E
:10A2D000000000000000000000000000000000007E
:10A2E000000000000000000000000000000000006E
:10A2F000000000000000000000000000000000005E
:10A30000000000000000000000000000000000004D
:10A31000000000000000000000000000000000003D
:10A32000000000000000000000000000000000002D
:10A33000000000000000000000000000000000001D
:10A34000000000000000000000000000000000000D
:10A3500000000000000000000000000000000000FD
:10A3600000000000000000000000000000000000ED
:10A3700000000000000000000000000000000000DD
:10A3800000000000000000000000000000000000CD
:10A3900000000000000000000000000000000000BD
:10A3A00000000000000000000000000000000000AD
:10A3B000000000000000000000000000000000009D
:10A3C000000000000000000000000000000000008D
:10A3D000000000000000000000000000000000007D
:10A3E000000000000000000000000000000000006D
:10A3F000000000000000000000000000000000005D
:10A40000000000000000000000000000000000004C
:10A41000000000000000000000000000000000003C
:10A42000000000000000000000000000000000002C
:10A43000000000000000000000000000000000001C
:10A44000000000000000000000000000000000000C
:10A4500000000000000000000000000000000000FC
:10A4600000000000000000000000000000000000EC
:10A4700000000000000000000000000000000000DC
:10A4800000000000000000000000000000000000CC
:10A4900000000000000000000000000000000000BC
:10A4A00000000000000000000000000000000000AC
:10A4B000000000000000000000000000000000009C
:10A4C000000000000000000000000000000000008C
:10A4D000000000000000000000000000000000007C
:10A4E000000000000000000000000000000000006C
:10A4F000000000000000000000000000000000005C
:10A50000000000000000000000000000000000004B
:10A51000000000000000000000000000000000003B
:10A52000000000000000000000000000000000002B
:10A53000000000000000000000000000000000001B
:10A54000000000000000000000000000000000000B
:10A5500000000000000000000000000000000000FB
:10A5600000000000000000000000000000000000EB
:10A5700000000000000000000000000000000000DB
:10A5800000000000000000000000000000000000CB
:10A5900000000000000000000000000000000000BB
:10A5A00000000000000000000000000000000000AB
:10A5B000000000000000000000000000000000009B
:10A5C000000000000000000000000000000000008B
:10A5D000000000000000000000000000000000007B
:10A5E000000000000000000000000000000000006B
:10A5F000000000000000000000000000000000005B
:10A60000000000000000000000000000000000004A
:10A61000000000000000000000000000000000003A
:10A62000000000000000000000000000000000002A
:10A63000000000000000000000000000000000001A
:10A64000000000000000000000000000000000000A
:10A6500000000000000000000000000000000000FA
:10A6600000000000000000000000000000000000EA
:10A6700000000000000000000000000000000000DA
:10A6800000000000000000000000000000000000CA
:10A6900000000000000000000000000000000000BA
:10A6A00000000000000000000000000000000000AA
:10A6B000000000000000000000000000000000009A
:10A6C000000000000000000000000000000000008A
:10A6D000000000000000000000000000000000007A
:10A6E000000000000000000000000000000000006A
:10A6F000000000000000000000000000000000005A
:10A700000000000000000000000000000000000049
:10A710000000000000000000000000000000000039
:10A720000000000000000000000000000000000029
:10A730000000000000000000000000000000000019
:10A740000000000000000000000000000000000009
:10A7500000000000000000000000000000000000F9
:10A7600000000000000000000000000000000000E9
:10A7700000000000000000000000000000000000D9
:10A7800000000000000000000000000000000000C9
:10A7900000000000000000000000000000000000B9
:10A7A00000000000000000000000000000000000A9
:10A7B0000000000000000000000000000000000099
:10A7C0000000000000000000000000000000000089
:10A7D0000000000000000000000000000000000079
:10A7E0000000000000000000000000000000000069
:10A7F0000000000000000000000000000000000059
:10A800000000000000000000000000000000000048
:10A810000000000000000000000000000000000038
:10A820000000000000000000000000000000000028
:10A830000000000000000000000000000000000018
:10A840000000000000000000000000000000000008
:10A8500000000000000000000000000000000000F8
:10A8600000000000000000000000000000000000E8
:10A8700000000000000000000000000000000000D8
:10A8800000000000000000000000000000000000C8
:10A8900000000000000000000000000000000000B8
:10A8A00000000000000000000000000000000000A8
:10A8B0000000000000000000000000000000000098
:10A8C0000000000000000000000000000000000088
:10A8D0000000000000000000000000000000000078
:10A8E0000000000000000000000000000000000068
:10A8F0000000000000000000000000000000000058
:10A900000000000000000000000000000000000047
:10A910000000000000000000000000000000000037
:10A920000000000000000000000000000000000027
:10A930000000000000000000000000000000000017
:10A940000000000000000000000000000000000007
:10A9500000000000000000000000000000000000F7
:10A9600000000000000000000000000000000000E7
:10A9700000000000000000000000000000000000D7
:10A9800000000000000000000000000000000000C7
:10A9900000000000000000000000000000000000B7
:10A9A00000000000000000000000000000000000A7
:10A9B0000000000000000000000000000000000097
:10A9C0000000000000000000000000000000000087
:10A9D0000000000000000000000000000000000077
:10A9E0000000000000000000000000000000000067
:10A9F0000000000000000000000000000000000057
:10AA00000000000000000000000000000000000046
:10AA10000000000000000000000000000000000036
:10AA20000000000000000000000000000000000026
:10AA30000000000000000000000000000000000016
:10AA40000000000000000000000000000000000006
:10AA500000000000000000000000000000000000F6
:10AA600000000000000000000000000000000000E6
:10AA700000000000000000000000000000000000D6
:10AA800000000000000000000000000000000000C6
:10AA900000000000000000000000000000000000B6
:10AAA00000000000000000000000000000000000A6
:10AAB0000000000000000000000000000000000096
:10AAC0000000000000000000000000000000000086
:10AAD0000000000000000000000000000000000076
:10AAE0000000000000000000000000000000000066
:10AAF0000000000000000000000000000000000056
:10AB00000000000000000000000000000000000045
:10AB10000000000000000000000000000000000035
:10AB20000000000000000000000000000000000025
:10AB30000000000000000000000000000000000015
:10AB40000000000000000000000000000000000005
:10AB500000000000000000000000000000000000F5
:10AB600000000000000000000000000000000000E5
:10AB700000000000000000000000000000000000D5
:10AB800000000000000000000000000000000000C5
:10AB900000000000000000000000000000000000B5
:10ABA00000000000000000000000000000000000A5
:10ABB0000000000000000000000000000000000095
:10ABC0000000000000000000000000000000000085
:10ABD0000000000000000000000000000000000075
:10ABE0000000000000000000000000000000000065
:10ABF0000000000000000000000000000000000055
:10AC00000000000000000000000000000000000044
:10AC10000000000000000000000000000000000034
:10AC20000000000000000000000000000000000024
:10AC30000000000000000000000000000000000014
:10AC40000000000000000000000000000000000004
:10AC500000000000000000000000000000000000F4
:10AC600000000000000000000000000000000000E4
:10AC700000000000000000000000000000000000D4
:10AC800000000000000000000000000000000000C4
:10AC900000000000000000000000000000000000B4
:10ACA00000000000000000000000000000000000A4
:10ACB0000000000000000000000000000000000094
:10ACC0000000000000000000000000000000000084
:10ACD0000000000000000000000000000000000074
:10ACE0000000000000000000000000000000000064
:10ACF0000000000000000000000000000000000054
:10AD00000000000000000000000000000000000043
:10AD10000000000000000000000000000000000033
:10AD20000000000000000000000000000000000023
:10AD30000000000000000000000000000000000013
:10AD40000000000000000000000000000000000003
:10AD500000000000000000000000000000000000F3
:10AD600000000000000000000000000000000000E3
:10AD700000000000000000000000000000000000D3
:10AD800000000000000000000000000000000000C3
:10AD900000000000000000000000000000000000B3
:10ADA00000000000000000000000000000000000A3
:10ADB0000000000000000000000000000000000093
:10ADC0000000000000000000000000000000000083
:10ADD0000000000000000000000000000000000073
:10ADE0000000000000000000000000000000000063
:10ADF0000000000000000000000000000000000053
:10AE00000000000000000000000000000000000042
:10AE10000000000000000000000000000000000032
:10AE20000000000000000000000000000000000022
:10AE30000000000000000000000000000000000012
:10AE40000000000000000000000000000000000002
:10AE500000000000000000000000000000000000F2
:10AE600000000000000000000000000000000000E2
:10AE700000000000000000000000000000000000D2
:10AE800000000000000000000000000000000000C2
:10AE900000000000000000000000000000000000B2
:10AEA00000000000000000000000000000000000A2
:10AEB0000000000000000000000000000000000092
:10AEC0000000000000000000000000000000000082
:10AED0000000000000000000000000000000000072
:10AEE0000000000000000000000000000000000062
:10AEF0000000000000000000000000000000000052
:10AF00000000000000000000000000000000000041
:10AF10000000000000000000000000000000000031
:10AF20000000000000000000000000000000000021
:10AF30000000000000000000000000000000000011
:10AF40000000000000000000000000000000000001
:10AF500000000000000000000000000000000000F1
:10AF600000000000000000000000000000000000E1
:10AF700000000000000000000000000000000000D1
:10AF800000000000000000000000000000000000C1
:10AF900000000000000000000000000000000000B1
:10AFA00000000000000000000000000000000000A1
:10AFB0000000000000000000000000000000000091
:10AFC0000000000000000000000000000000000081
:10AFD0000000000000000000000000000000000071
:10AFE0000000000000000000000000000000000061
:10AFF0000000000000000000000000000000000051
:10B000000000000000000000000000000000000040
:10B010000000000000000000000000000000000030
:10B020000000000000000000000000000000000020
:10B030000000000000000000000000000000000010
:10B040000000000000000000000000000000000000
:10B0500000000000000000000000000000000000F0
:10B0600000000000000000000000000000000000E0
:10B0700000000000000000000000000000000000D0
:10B0800000000000000000000000000000000000C0
:10B0900000000000000000000000000000000000B0
:10B0A00000000000000000000000000000000000A0
:10B0B0000000000000000000000000000000000090
:10B0C0000000000000000000000000000000000080
:10B0D0000000000000000000000000000000000070
:10B0E0000000000000000000000000000000000060
:10B0F0000000000000000000000000000000000050
:10B10000000000000000000000000000000000003F
:10B11000000000000000000000000000000000002F
:10B12000000000000000000000000000000000001F
:10B13000000000000000000000000000000000000F
:10B1400000000000000000000000000000000000FF
:10B1500000000000000000000000000000000000EF
:10B1600000000000000000000000000000000000DF
:10B1700000000000000000000000000000000000CF
:10B1800000000000000000000000000000000000BF
:10B1900000000000000000000000000000000000AF
:10B1A000000000000000000000000000000000009F
:10B1B000000000000000000000000000000000008F
:10B1C000000000000000000000000000000000007F
:10B1D000000000000000000000000000000000006F
:10B1E000000000000000000000000000000000005F
:10B1F000000000000000000000000000000000004F
:10B20000000000000000000000000000000000003E
:10B21000000000000000000000000000000000002E
:10B22000000000000000000000000000000000001E
:10B23000000000000000000000000000000000000E
:10B2400000000000000000000000000000000000FE
:10B2500000000000000000000000000000000000EE
:10B2600000000000000000000000000000000000DE
:10B2700000000000000000000000000000000000CE
:10B2800000000000000000000000000000000000BE
:10B2900000000000000000000000000000000000AE
:10B2A000000000000000000000000000000000009E
:10B2B000000000000000000000000000000000008E
:10B2C000000000000000000000000000000000007E
:10B2D000000000000000000000000000000000006E
:10B2E000000000000000000000000000000000005E
:10B2F000000000000000000000000000000000004E
:10B30000000000000000000000000000000000003D
:10B31000000000000000000000000000000000002D
:10B32000000000000000000000000000000000001D
:10B33000000000000000000000000000000000000D
:10B3400000000000000000000000000000000000FD
:10B3500000000000000000000000000000000000ED
:10B3600000000000000000000000000000000000DD
:10B3700000000000000000000000000000000000CD
:10B3800000000000000000000000000000000000BD
:10B3900000000000000000000000000000000000AD
:10B3A000000000000000000000000000000000009D
:10B3B000000000000000000000000000000000008D
:10B3C000000000000000000000000000000000007D
:10B3D000000000000000000000000000000000006D
:10B3E000000000000000000000000000000000005D
:10B3F000000000000000000000000000000000004D
:10B40000000000000000000000000000000000003C
:10B41000000000000000000000000000000000002C
:10B42000000000000000000000000000000000001C
:10B43000000000000000000000000000000000000C
:10B4400000000000000000000000000000000000FC
:10B4500000000000000000000000000000000000EC
:10B4600000000000000000000000000000000000DC
:10B4700000000000000000000000000000000000CC
:10B4800000000000000000000000000000000000BC
:10B4900000000000000000000000000000000000AC
:10B4A000000000000000000000000000000000009C
:10B4B000000000000000000000000000000000008C
:10B4C000000000000000000000000000000000007C
:10B4D000000000000000000000000000000000006C
:10B4E000000000000000000000000000000000005C
:10B4F000000000000000000000000000000000004C
:10B50000000000000000000000000000000000003B
:10B51000000000000000000000000000000000002B
:10B52000000000000000000000000000000000001B
:10B53000000000000000000000000000000000000B
:10B5400000000000000000000000000000000000FB
:10B5500000000000000000000000000000000000EB
:10B5600000000000000000000000000000000000DB
:10B5700000000000000000000000000000000000CB
:10B5800000000000000000000000000000000000BB
:10B5900000000000000000000000000000000000AB
:10B5A000000000000000000000000000000000009B
:10B5B000000000000000000000000000000000008B
:10B5C000000000000000000000000000000000007B
:10B5D000000000000000000000000000000000006B
:10B5E000000000000000000000000000000000005B
:10B5F000000000000000000000000000000000004B
:10B60000000000000000000000000000000000003A
:10B61000000000000000000000000000000000002A
:10B62000000000000000000000000000000000001A
:10B63000000000000000000000000000000000000A
:10B6400000000000000000000000000000000000FA
:10B6500000000000000000000000000000000000EA
:10B6600000000000000000000000000000000000DA
:10B6700000000000000000000000000000000000CA
:10B6800000000000000000000000000000000000BA
:10B6900000000000000000000000000000000000AA
:10B6A000000000000000000000000000000000009A
:10B6B000000000000000000000000000000000008A
:10B6C000000000000000000000000000000000007A
:10B6D000000000000000000000000000000000006A
:10B6E000000000000000000000000000000000005A
:10B6F000000000000000000000000000000000004A
:10B700000000000000000000000000000000000039
:10B710000000000000000000000000000000000029
:10B720000000000000000000000000000000000019
:10B730000000000000000000000000000000000009
:10B7400000000000000000000000000000000000F9
:10B7500000000000000000000000000000000000E9
:10B7600000000000000000000000000000000000D9
:10B7700000000000000000000000000000000000C9
:10B7800000000000000000000000000000000000B9
:10B7900000000000000000000000000000000000A9
:10B7A0000000000000000000000000000000000099
:10B7B0000000000000000000000000000000000089
:10B7C0000000000000000000000000000000000079
:10B7D0000000000000000000000000000000000069
:10B7E0000000000000000000000000000000000059
:10B7F0000000000000000000000000000000000049
:10B800000000000000000000000000000000000038
:10B810000000000000000000000000000000000028
:10B820000000000000000000000000000000000018
:10B830000000000000000000000000000000000008
:10B8400000000000000000000000000000000000F8
:10B8500000000000000000000000000000000000E8
:10B8600000000000000000000000000000000000D8
:10B8700000000000000000000000000000000000C8
:10B8800000000000000000000000000000000000B8
:10B8900000000000000000000000000000000000A8
:10B8A0000000000000000000000000000000000098
:10B8B0000000000000000000000000000000000088
:10B8C0000000000000000000000000000000000078
:10B8D0000000000000000000000000000000000068
:10B8E0000000000000000000000000000000000058
:10B8F0000000000000000000000000000000000048
:10B900000000000000000000000000000000000037
:10B910000000000000000000000000000000000027
:10B920000000000000000000000000000000000017
:10B930000000000000000000000000000000000007
:10B9400000000000000000000000000000000000F7
:10B9500000000000000000000000000000000000E7
:10B9600000000000000000000000000000000000D7
:10B9700000000000000000000000000000000000C7
:10B9800000000000000000000000000000000000B7
:10B9900000000000000000000000000000000000A7
:10B9A0000000000000000000000000000000000097
:10B9B0000000000000000000000000000000000087
:10B9C0000000000000000000000000000000000077
:10B9D0000000000000000000000000000000000067
:10B9E0000000000000000000000000000000000057
:10B9F0000000000000000000000000000000000047
:10BA00000000000000000000000000000000000036
:10BA10000000000000000000000000000000000026
:10BA20000000000000000000000000000000000016
:10BA30000000000000000000000000000000000006
:10BA400000000000000000000000000000000000F6
:10BA500000000000000000000000000000000000E6
:10BA600000000000000000000000000000000000D6
:10BA700000000000000000000000000000000000C6
:10BA800000000000000000000000000000000000B6
:10BA900000000000000000000000000000000000A6
:10BAA0000000000000000000000000000000000096
:10BAB0000000000000000000000000000000000086
:10BAC0000000000000000000000000000000000076
:10BAD0000000000000000000000000000000000066
:10BAE0000000000000000000000000000000000056
:10BAF0000000000000000000000000000000000046
:10BB00000000000000000000000000000000000035
:10BB10000000000000000000000000000000000025
:10BB20000000000000000000000000000000000015
:10BB30000000000000000000000000000000000005
:10BB400000000000000000000000000000000000F5
:10BB500000000000000000000000000000000000E5
:10BB600000000000000000000000000000000000D5
:10BB700000000000000000000000000000000000C5
:10BB800000000000000000000000000000000000B5
:10BB900000000000000000000000000000000000A5
:10BBA0000000000000000000000000000000000095
:10BBB0000000000000000000000000000000000085
:10BBC0000000000000000000000000000000000075
:10BBD0000000000000000000000000000000000065
:10BBE0000000000000000000000000000000000055
:10BBF0000000000000000000000000000000000045
:10BC00000000000000000000000000000000000034
:10BC10000000000000000000000000000000000024
:10BC20000000000000000000000000000000000014
:10BC30000000000000000000000000000000000004
:10BC400000000000000000000000000000000000F4
:10BC500000000000000000000000000000000000E4
:10BC600000000000000000000000000000000000D4
:10BC700000000000000000000000000000000000C4
:10BC800000000000000000000000000000000000B4
:10BC900000000000000000000000000000000000A4
:10BCA0000000000000000000000000000000000094
:10BCB0000000000000000000000000000000000084
:10BCC0000000000000000000000000000000000074
:10BCD0000000000000000000000000000000000064
:10BCE0000000000000000000000000000000000054
:10BCF0000000000000000000000000000000000044
:10BD00000000000000000000000000000000000033
:10BD100000000000000000000000803F4382663DFC
:10BD200034FB5B3F9EEF02BF0A1FF43EF10661BF8A
:10BD3000A95123BDE1CB7FBF699A0BBFE59556BFE3
:10BD40000FB765BF6AFBE1BE9C2F7FBF8E30A33D5E
:10BD500035D950BF600C143FC57BCFBEA6096A3FE2
:10BD6000D175F43D712B7E3F0D421C3F7EC74A3F8B
:10BD7000F2FC6D3FAEA7BC3EC9BF7C3FB4AB22BE58
:10BD80003863443F183824BFC886A93E568F71BF18
:10BD900047DA4ABE37ED7ABF48EB2BBFF9AE3DBF5D
:10BDA00060BF74BFD22096BE79B478BF53B6723EDE
:10BDB0007DAD36BF7A58333FBB7D82BEC58B773FA2
:10BDC000C4178D3E7916763FA57C3A3FA4612F3F7C
:10BDD0005EF3793F194B5D3E4814733FE39AA0BE72
:10BDE00063CE273FE05441BFA040353E31F57BBFD5
:10BDF000A1DCB3BE1BAF6FBF63DE47BFCAF61FBF78
:10BE00006C907DBF47EC0CBE55E86BBF2BD5C63E92
:10BE10000FDE17BF89164E3F20BDC8BD6CC47E3FE4
:10BE2000BD7CD93E86C1673FC4FA533F84870F3F2C
:10BE3000B2907F3F41A06E3D5B3C633FB9CBEBBE10
:10BE400088F6063FAC8859BFFDC9963CE5F47FBF34
:10BE5000B7BAFDBEA55A5EBF03BE5EBF245DFCBE81
:10BE6000E0F07FBF91EAAF3C671E59BF37A1073FA3
:10BE70007B66EABEAC98633F9C2B7B3DAB847F3FE7
:10BE8000D72D103FC789533FAA16683F6D10D83E83
:10BE90006CB07E3FADFDCEBD059F4D3FBF7F18BF4F
:10BEA0006162C53E23366CBFAD0810BE72747DBFA3
:10BEB000909320BF826047BF6FF56FBFEA63B2BE49
:10BEC00049D17BBFF357383ED6D040BF0666283FE6
:10BED000DA1C9FBE0F53733F1E5C603EA0C7793FC4
:10BEE000E9F32F3FAFF2393F9A4D763F0C958B3EE9
:10BEF0003D58773F6C0284BECBC8323F203A37BFF3
:10BF0000BAA86F3ED2E378BF10A197BE1C8474BF5D
:10BF1000C0353EBF16562BBFBA147BBFB5C547BE52
:10BF2000774C71BF0602AB3EA79D23BFF9E3443FA8
:10BF300073911FBE72DF7C3F511DBE3E9AB26D3FB2
:10BF4000FF414B3F9EA21B3F26437E3F9238EE3D72
:10BF5000E3B7693F21EBD0BE2968133F354D51BF90
:10BF600003ED9C3D493F7FBFF163E3BE025E65BFC9
:10BF7000440357BFB2F10ABF99D37FBFE8C216BDD1
:10BF8000D4A660BF4580F53EB54202BFD4615C3F98
:10BF90001311493BBEFF7F3F3F9C033F21945B3F12
:10BFA0008566613F47BDF23E82C37F3FAADF2FBD5A
:10BFB000F127563FBB420CBF4692E03E780F66BF6A
:10BFC000BA73A9BD441F7FBF42B014BFB56450BF50
:10BFD000ED5A6ABFEF0BCEBE34137EBFB1B2FA3D4D
:10BFE000884C4ABF25E11C3F9631BBBEB3466E3F2D
:10BFF00076C5253E7C9F7C3F22D2243F07E2433F0B
:10C000009AD1713F2A0BA83E49C47A3FA1ED4DBE9B
:10C01000BB243D3F527D2CBFA898943EA8ED74BF31
:10C02000A5A375BE5B6478BF17B433BF19EC35BFE9
:10C03000393077BF86AE80BE13D974BF5D028E3EA5
:10C04000018C2DBF9DAC393F4EA257BE2626773FAF
:10C0500004129F3EC04C6E3F28623C3F3380223F1B
:10C0600037BF713F91D82A3E948A613F6CD4AABEF3
:10C070002EB4123F407538BF9E70F63D87D062BF28
:10C08000F6AEACBE80234BBFCE5A2ABF3176F9BE86
:10C09000A03E47BF5C0E98BD63D129BFB3A2A03EAE
:10C0A00053ADC2BEE0B6103F43500DBD37C61F3F73
:10C0B000954F863E1878003FF993DC3EA5EA873E0F
:10C0C000F629E43E6200E03BC593AB3E563345BEE5
:10C0D000047A253EB82993BE4DF7E3BBBA878DBEDF
:10C0E0003719F9BD383645BE867A28BE0619AABD6D
:10C0F000CEB615BE0736383CAE8DBEBDA1EC8A3D2E
:10C10000DB4F05BDF1FFAB3DDCB7873C8AB88E3D08
:10C110006F5F3E3DBCA41C3D0000803FAAF5BE3CC5
:10C12000D1C75C3F729501BF2FA0F93E26835FBF48
:10C130002CEAAFBCE3F07FBF814B06BF6AF259BF68
:10C14000192462BFFCF7EFBE8EC37FBF0AE02F3D0C
:10C15000460357BFB8F10A3F7033E6BE59AA643FA1
:10C1600019DB833D07787F3F85870F3FC1FA533F37
:10C170009915673FBF53DC3E580E7F3F7BB6AFBD7E
:10C1800038D9503F5E0C14BF0D5AD23E916569BF3D
:10C19000297DDBBD8B867EBFBF7F18BF039F4DBF50
:10C1A000FA996BBF7C47C8BEAFE07DBF0495033EE4
:10C1B000844C4ABF1FE11C3F441DBEBE92B26D3F7E
:10C1C000E55B193EDB1C7D3FF92F213F28E2463F0E
:10C1D0001BAF6F3FA5DCB33E293B7C3F9E102FBEBB
:10C1E0005360433FCA6B25BFC986A93E588F71BFB4
:10C1F000B3B044BEAC3B7BBF149429BF67C73FBFFD
:10C200000C5373BFDD1C9FBE811E7ABF9A395A3E04
:10C21000D5173CBF58A82D3F2CA094BE09FA743FF7
:10C22000B6A86F3ED4E3783F1EA8313F1552383F81
:10C230001D84763FFA118A3EC88B773FBE7D82BE51
:10C240009376343FE89235BFEBE67E3E12F177BF3E
:10C25000BD178DBE7B1676BF406839BFB98530BF2C
:10C26000BC4079BFB28B69BE1C8474BF18A1973ED5
:10C270000A802CBFB7273D3FF71454BE00737A3FA6
:10C280008918A23EEAD4723FDBD0403F0766283FC0
:10C29000B6877B3F48853E3E0D09713FD27CACBEE0
:10C2A0001E38243F386344BF04DF283EB07E7CBF85
:10C2B000C0CCB6BEAE206FBF61DE47BFC6F61FBFA3
:10C2C000D8577DBFBE2413BE171C6DBF1E07C13ECD
:10C2D00095A21BBFF9414B3F66B2FABD24137E3FC6
:10C2E000B12ACB3E8FFB6A3F948D4E3F0C3C173FEB
:10C2F00070B07E3FD4FDCE3D41BF683F3F36D5BED6
:10C300009DC3123FC1C051BF9330A33D992F7FBF42
:10C31000A328DFBE6A6766BF2BDB54BFD3390EBFCD
:10C32000A9907FBFF99F6EBD6EF463BFBA00E93E6E
:10C330004E9F09BF82DC573F27C316BD9FD37F3F67
:10C340004ABDF23E9466613F56C45A3F8BF4043FA7
:10C350004FF87F3F57527B3C06BE5E3F1F5DFCBEE1
:10C36000043A003F45925DBFC40FC9BBB8FE7FBF12
:10C370009CEF02BF29FB5BBF1E4660BFBCE0F6BE60
:10C3800006E77FBF0F2BE23C6F1E59BF3DA1073F61
:10C390006C30EDBE86DF623F18FB483D1AB17F3F2F
:10C3A000C8420C3F0428563F055E653F0064E33EEB
:10C3B000DF5C7F3F896490BD4018533FC4D310BFFA
:10C3C000B17CD93E81C167BFE53ABCBD9EEA7EBF64
:10C3D000C15315BFABEF4FBFB0096ABFC57BCFBE1E
:10C3E000355A7EBFB7FAE73D70AE4CBFF9C1193F71
:10C3F0005D62C5BE1C366C3F76CF093EDCAB7D3F2F
:10C40000231E1E3F2D55493F01466E3F1731BB3E4F
:10C410006DDB7C3FF08E1FBEFAD9453F615F22BFC6
:10C42000CFD3B03E161C70BFA00C35BEC5AC7BBFD1
:10C430000B3E26BFB1EB41BFA81171BFC5DDA5BE44
:10C44000A51D79BF7F63493E58783CBF71B9283F2D
:10C45000E23599BE10426F3FA5095A3EEEBD723FCC
:10C46000E9A1273FBD58333FAD36673FCA2E893E0D
:10C4700076CB643F684262BE0BD4233F28DB1FBFEC
:10C48000D3DE683E18E954BF92405CBE75D44BBF02
:10C49000D3D20EBFF5370CBF6C3936BF669436BEAB
:10C4A000945A27BFFB5A443E4A40DBBE8A22E93EEB
:10C4B000DCC700BE95570D3F5D7E1C3E52FEF63E2A
:10C4C0001E8CA93E3DB9983E1ED6C13EB2269F3D68
:10C4D0006FBF9F3E68C2D9BD9895383EB54056BEE5
:10C4E0001AA1253DA2A964BEDCD081BD2A362FBE8B
:10C4F000E730E4BD8AA5B7BD7777DCBDB31065BC76
:10C500008BC191BD88590A3D86E0CFBC0D6D403D81
:10C51000D839263C559F003D0000803FAAF5BEBC9F
:10C520004C925D3F073A00BFAF17FF3EBFF65DBFBD
:10C53000AD1149BBB1FF7FBFE5E700BF522D5DBF25
:10C54000A65A5EBFB9BAFDBEC3FE7FBF660FC93B28
:10C55000D1C75CBF7195013F295DFCBE03BE5E3F44
:10C56000E2CA163C38FD7F3FB042023FC6615C3FE5
:10C57000DA205F3FF7FEFA3E11FB7F3FB70E49BC62
:10C5800034FB5B3FA1EF02BF2AA0F93E29835FBFC6
:10C59000C6517BBC4BF87FBF3E9C03BF19945BBF69
:10C5A000E9E45FBFC740F8BEE4F47FBF9DC9963C95
:10C5B000782C5BBF8748043FCCE0F6BE1E46603F48
:10C5C00032EAAF3CE2F07F3F82F4043F50C45A3F6E
:10C5D000CFA6603F3580F53E44EC7F3FD90AC9BC09
:10C5E000A15B5A3F2FA005BF051FF43EF40661BFB3
:10C5F000B32AE2BC06E77FBF834B06BF69F259BF8F
:10C60000886661BF42BDF2BE26E17FBF8A49FB3C1E
:10C61000AB8859BF82F6063FEB5AF1BE94C5613F25
:10C6200017340A3DAEDA7F3F36A1073F6B1E593FF4
:10C630001C24623FFBF7EF3E9AD37F3F4BC316BDEE
:10C64000A3B3583F964B08BF7694EE3E138262BF69
:10C65000E15123BDE2CB7FBF9AF508BF514858BFD7
:10C6600077DF62BF6130EDBE8AC37FBFE1DF2F3D60
:10C670007DDC57BF4A9F093FBCCBEBBE573C633FB5
:10C68000C56D3C3D9EBA7F3FAF480A3F2870573F7B
:10C69000B198633F8266EA3E14B17F3F5DFB48BDBF
:10C6A0004903573FBBF10ABFB400E93E74F463BFCE
:10C6B000168855BDE0A67FBF679A0BBFE19556BFB0
:10C6C000A54F64BF5B9AE7BE139C7FBF3514623DE4
:10C6D000FD2756BFC5420C3F7833E6BE59AA643FDA
:10C6E0003BA06E3DB5907F3FD5EA0C3F97B9553FD3
:10C6F0008004653FFFCBE43EAF847F3FAE2B7BBD24
:10C70000A34A553F83920DBFF463E33E085E65BFC5
:10C7100001DB83BD00787FBFD3390EBF2BDB54BF55
:10C7200008B765BF6AFBE1BEC46A7FBFEC1F8A3DE4
:10C730003F6B54BFDAE00E3F5692E0BE8E0F663F6D
:10C74000C664903DF35C7F3F8C870F3FC8FA533F30
:10C750007767663FA528DF3E6B4E7F3F20A996BDD9
:10C76000BF89533FD22D10BF70BEDD3EC1BE66BF34
:10C77000DBEC9CBD493F7FBFC5D310BF461853BFFC
:10C78000981567BFCA53DCBEA62F7FBF7630A33D86
:10C7900053A652BF7179113F86E8DABEE26B673F5C
:10C7A000E073A93D4E1F7F3FB21E123FC033523F80
:10C7B00080C1673FA87CD93E4C0E7F3F8AB6AFBD93
:10C7C000BDC0513F96C312BF7410D83EA81668BFB3
:10C7D000B0F8B5BDD2FC7EBF2A6813BF464D51BF2D
:10C7E000366B68BF9EA3D6BE91EA7EBFB73ABC3D0A
:10C7F0002FD950BF5E0C143F4336D5BE4DBF683FA6
:10C80000787CC23DDDD77E3FC9AF143F0964503FFD
:10C81000000F693F0BC5D33E84B77E3FF0B2C8BD61
:10C82000B8D44F3F574015BFA31DD23E782269BFF1
:10C830006C86CEBDE01D7EBF385715BF499D4EBFEB
:10C840001D0868BF2C69CFBED6957BBFC5B5D23D4C
:10C8500011274BBF2BCA133F24A3C9BE8571633F69
:10C86000A37AD23DBF13743FAF790E3F0C97423F7E
:10C8700085C1573FCDB1BD3E8280633FBDD5C9BDA7
:10C8800017B1313F2AF102BF13C0A83E5A8B41BFF6
:10C89000BF5EB5BD80DC46BF2CCFDFBEC1E216BF98
:10C8A000141620BF41698ABE86EE1EBF45E7943D3F
:10C8B000CD56E8BEEF6BAD3EC3284CBE7322EE3EB4
:10C8C000E4E6593D0E8FE23EDBAF6D3EED369E3E17
:10C8D000634F9B3E9716043EDD588C3E77C609BDDC
:10C8E0003CA1393E9BCB0BBE9CDA923DCFD02BBEF8
:10C8F0009C4A84BCEE8411BEF02D81BDC9EFB4BD4D
:10C90000B60390BD4E7611BDFE7B5ABD35691CBB8A
:10C91000526504BD7DEBD93B0000803F438266BD7C
:10C92000A55A5E3FBCBAFDBEAF42023FC7615CBFC5
:10C93000C5507B3C49F87FBFCCE0F6BE1F4660BFC8
:10C94000A05B5ABF2BA005BF27E17FBFC349FBBC3B
:10C95000192462BFF7F7EF3E9CF508BF5148583FD6
:10C96000F86D3CBD9DBA7F3FB400E93E73F4633F70
:10C97000FD27563FC9420C3FAB847F3F6D2B7B3D6B
:10C9800010B7653F6DFBE1BE83870F3FC3FA53BF0E
:10C99000E8EC9C3D543F7FBF82E8DABED66B67BFB0
:10C9A000C1C051BF99C312BF9BEA7EBFCA3ABCBD8A
:10C9B000AE1269BF62C8D33EDAF615BF1D7A4F3F8B
:10C9C000487DDBBD8A867E3F889BCC3E7BAB6A3F41
:10C9D000FD264D3F1021193F24137E3F6BB2FA3DD7
:10C9E00024366C3F6062C5BE0A421C3F80C74ABF06
:10C9F00043EC0C3E6E907DBF4A1DBEBE91B26DBF32
:10CA0000C85B48BF9E591FBF70FE7CBFE3761CBE4B
:10CA1000B0206FBFBDCCB63E9B6722BF01E4453F4F
:10CA20000CF82BBE395D7C3F3971AF3E6780703F9B
:10CA30005260433FCB6B253FCEAC7B3FC96E3B3E44
:10CA40009FD1713F240BA8BE0366283FDBD040BFB7
:10CA500048DA4A3E36ED7ABFE39AA0BE451473BF6A
:10CA6000C2353EBF19562BBF811E7ABF9F395ABEB1
:10CA70004A4874BFF720993EE03B2EBF398F3B3FB9
:10CA8000C18B69BEC140793FDF9D913E996D753F75
:10CA900067DD383F2317313FFA53783FC3CF783EE5
:10CAA0001A84763FFD118ABEB9E7333F6C2036BF4A
:10CAB0006D02843E375877BFBD7D82BEC18B77BF84
:10CAC000765833BF7EAD36BF944D76BF0C958BBE86
:10CAD000878478BF4FC3753E456839BFBB85303FFB
:10CAE000381F93BE2034753F6F7C663E526E793F8F
:10CAF0005DA82D3FD9173C3FDE0B743F7FA09A3EC7
:10CB00000C497A3F972757BE16BC3E3F7FC02ABFCD
:10CB10008318A23EE4D472BFB5C547BEBA147BBF2A
:10CB20005DCE27BFE15441BF588F71BFCC86A9BEEF
:10CB300053D17BBFE557383E07E243BF29D2243F9C
:10CB4000CDEAB0BE3E3B703F0BDF283EB37E7C3F5C
:10CB5000FDCB213F4F63463F98D86E3F1D44B83E02
:10CB6000D21C7D3FE25B19BEABD8483F0BBC1EBF59
:10CB70006F92BF3E9B676DBF76CF09BECDAB7DBFC9
:10CB80009AA21BBF04424BBF63E86BBF3AD5C6BE37
:10CB90007F2B7EBFC275F43D079F4DBFC57F183FF9
:10CBA000E00BCEBED75A6A3FD83DD53DBB9B7E3FFA
:10CBB000B053153F96EF4F3F2EBF683F2F36D53EFF
:10CBC000C4FC7E3FD3F8B5BDD033523FB21E12BF76
:10CBD000DB53DC3EA81567BFE1A896BD7F4E7FBF43
:10CBE000DAE00EBF416B54BF005E65BFF063E3BE89
:10CBF000A2907FBF5DA06E3DE59556BF729A0B3F38
:10CC00007266EABEAC98633FCBDF2F3DBCC27F3F6C
:10CC10006B49083F32B0583F2BBA613FBA4EF13EE4
:10CC2000E7C57F3F6D0CE2BC80855A3F4ECE04BF06
:10CC300008B2F73E1E645FBF223848BC9BEA7EBF45
:10CC40000BA600BFE72F5BBFFD535BBF2A10FCBEE6
:10CC50009B387BBF654645BB4D7758BFD140F53EFD
:10CC60003D1FFBBE6EF3523FB80E8EBCEB21713FF1
:10CC70007504E23EB8D24E3F5DDF423F7427F03E7E
:10CC8000D3995C3FC652EE3C0CD03A3FE9C4C4BED7
:10CC9000E931D73E7BC428BFA87A133DA9A03BBF8A
:10CCA000A8C89DBE938A1BBFDA9705BFB62AB0BE3F
:10CCB00071A910BF9B5415BD89D6E8BE8A48633E52
:10CCC0005F8480BE068FBC3EE165FCBCD242C53E9F
:10CCD00055600F3ED0D9983EF365673EE92E233E5E
:10CCE0003327683E71A7B43CE6722C3EF15B99BDD8
:10CCF000B4A5B33D65A7F0BDB6C6823CA78AE9BD21
:10CD0000C4A8F9BC7495ADBDEAF151BD79F34CBD31
:10CD1000BC2066BDF9DCB0BC0000000000000000D3
:10CD20000000000000000000000000000000000003
:10CD300000000000000000000000000000000000F3
:10CD400000000000000000000000000000000000E3
:10CD500000000000000000000000000000000000D3
:10CD600000000000000000000000000000000000C3
:10CD700000000000000000000000000000000000B3
:10CD800000000000000000000000000000000000A3
:10CD90000000000000000000000000000000000093
:10CDA0000000000000000000000000000000000083
:10CDB0000000000000000000000000000000000073
:10CDC0000000000000000000000000000000000063
:10CDD0000000000000000000000000000000000053
:10CDE0000000000000000000000000000000000043
:10CDF0000000000000000000000000000000000033
:10CE00000000000000000000000000000000000022
:10CE10000000000000000000000000000000000012
:10CE20000000000000000000000000000000000002
:10CE300000000000000000000000000000000000F2
:10CE400000000000000000000000000000000000E2
:10CE500000000000000000000000000000000000D2
:10CE600000000000000000000000000000000000C2
:10CE700000000000000000000000000000000000B2
:10CE800000000000000000000000000000000000A2
:10CE90000000000000000000000000000000000092
:10CEA0000000000000000000000000000000000082
:10CEB0000000000000000000000000000000000072
:10CEC0000000000000000000000000000000000062
:10CED0000000000000000000000000000000000052
:10CEE0000000000000000000000000000000000042
:10CEF0000000000000000000000000000000000032
:10CF00000000000000000000000000000000000021
:10CF10000000000000000000000000000000000011
:10CF20000000000000000000000000000000000001
:10CF300000000000000000000000000000000000F1
:10CF400000000000000000000000000000000000E1
:10CF500000000000000000000000000000000000D1
:10CF600000000000000000000000000000000000C1
:10CF700000000000000000000000000000000000B1
:10CF800000000000000000000000000000000000A1
:10CF90000000000000000000000000000000000091
:10CFA0000000000000000000000000000000000081
:10CFB0000000000000000000000000000000000071
:10CFC0000000000000000000000000000000000061
:10CFD0000000000000000000000000000000000051
:10CFE0000000000000000000000000000000000041
:10CFF0000000000000000000000000000000000031
:10D000000000000000000000000000000000000020
:10D010000000000000000000000000000000000010
:10D020000000000000000000000000000000000000
:10D0300000000000000000000000000000000000F0
:10D0400000000000000000000000000000000000E0
:10D0500000000000000000000000000000000000D0
:10D0600000000000000000000000000000000000C0
:10D0700000000000000000000000000000000000B0
:10D0800000000000000000000000000000000000A0
:10D090000000000000000000000000000000000090
:10D0A0000000000000000000000000000000000080
:10D0B0000000000000000000000000000000000070
:10D0C0000000000000000000000000000000000060
:10D0D0000000000000000000000000000000000050
:10D0E0000000000000000000000000000000000040
:10D0F0000000000000000000000000000000000030
:10D10000000000000000000000000000000000001F
:10D11000000000000000000000000000000000000F
:10D1200000000000000000000000000000000000FF
:10D1300000000000000000000000000000000000EF
:10D1400000000000000000000000000000000000DF
:10D1500000000000000000000000000000000000CF
:10D1600000000000000000000000000000000000BF
:10D1700000000000000000000000000000000000AF
:10D18000000000000000000000000000000000009F
:10D19000000000000000000000000000000000008F
:10D1A000000000000000000000000000000000007F
:10D1B000000000000000000000000000000000006F
:10D1C000000000000000000000000000000000005F
:10D1D000000000000000000000000000000000004F
:10D1E000000000000000000000000000000000003F
:10D1F000000000000000000000000000000000002F
:10D20000000000000000000000000000000000001E
:10D21000000000000000000000000000000000000E
:10D2200000000000000000000000000000000000FE
:10D2300000000000000000000000000000000000EE
:10D2400000000000000000000000000000000000DE
:10D2500000000000000000000000000000000000CE
:10D2600000000000000000000000000000000000BE
:10D2700000000000000000000000000000000000AE
:10D28000000000000000000000000000000000009E
:10D29000000000000000000000000000000000008E
:10D2A000000000000000000000000000000000007E
:10D2B000000000000000000000000000000000006E
:10D2C000000000000000000000000000000000005E
:10D2D000000000000000000000000000000000004E
:10D2E000000000000000000000000000000000003E
:10D2F000000000000000000000000000000000002E
:10D30000000000000000000000000000000000001D
:10D31000000000000000000000000000000000000D
:10D3200000000000000000000000000000000000FD
:10D3300000000000000000000000000000000000ED
:10D3400000000000000000000000000000000000DD
:10D3500000000000000000000000000000000000CD
:10D3600000000000000000000000000000000000BD
:10D3700000000000000000000000000000000000AD
:10D38000000000000000000000000000000000009D
:10D39000000000000000000000000000000000008D
:10D3A000000000000000000000000000000000007D
:10D3B000000000000000000000000000000000006D
:10D3C000000000000000000000000000000000005D
:10D3D000000000000000000000000000000000004D
:10D3E000000000000000000000000000000000003D
:10D3F000000000000000000000000000000000002D
:10D40000000000000000000000000000000000001C
:10D41000000000000000000000000000000000000C
:10D4200000000000000000000000000000000000FC
:10D4300000000000000000000000000000000000EC
:10D4400000000000000000000000000000000000DC
:10D4500000000000000000000000000000000000CC
:10D4600000000000000000000000000000000000BC
:10D4700000000000000000000000000000000000AC
:10D48000000000000000000000000000000000009C
:10D49000000000000000000000000000000000008C
:10D4A000000000000000000000000000000000007C
:10D4B000000000000000000000000000000000006C
:10D4C000000000000000000000000000000000005C
:10D4D000000000000000000000000000000000004C
:10D4E000000000000000000000000000000000003C
:10D4F000000000000000000000000000000000002C
:10D50000000000000000000000000000000000001B
:10D51000000000000000000000000000000000000B
:10D5200000000000000000000000000000000000FB
:10D5300000000000000000000000000000000000EB
:10D5400000000000000000000000000000000000DB
:10D5500000000000000000000000000000000000CB
:10D5600000000000000000000000000000000000BB
:10D5700000000000000000000000000000000000AB
:10D58000000000000000000000000000000000009B
:10D59000000000000000000000000000000000008B
:10D5A000000000000000000000000000000000007B
:10D5B000000000000000000000000000000000006B
:10D5C000000000000000000000000000000000005B
:10D5D000000000000000000000000000000000004B
:10D5E000000000000000000000000000000000003B
:10D5F000000000000000000000000000000000002B
:10D60000000000000000000000000000000000001A
:10D61000000000000000000000000000000000000A
:10D6200000000000000000000000000000000000FA
:10D6300000000000000000000000000000000000EA
:10D6400000000000000000000000000000000000DA
:10D6500000000000000000000000000000000000CA
:10D6600000000000000000000000000000000000BA
:10D6700000000000000000000000000000000000AA
:10D68000000000000000000000000000000000009A
:10D69000000000000000000000000000000000008A
:10D6A000000000000000000000000000000000007A
:10D6B000000000000000000000000000000000006A
:10D6C000000000000000000000000000000000005A
:10D6D000000000000000000000000000000000004A
:10D6E000000000000000000000000000000000003A
:10D6F000000000000000000000000000000000002A
:10D700000000000000000000000000000000000019
:10D710000000000000000000000000000000000009
:10D7200000000000000000000000000000000000F9
:10D7300000000000000000000000000000000000E9
:10D7400000000000000000000000000000000000D9
:10D7500000000000000000000000000000000000C9
:10D7600000000000000000000000000000000000B9
:10D7700000000000000000000000000000000000A9
:10D780000000000000000000000000000000000099
:10D790000000000000000000000000000000000089
:10D7A0000000000000000000000000000000000079
:10D7B0000000000000000000000000000000000069
:10D7C0000000000000000000000000000000000059
:10D7D0000000000000000000000000000000000049
:10D7E0000000000000000000000000000000000039
:10D7F0000000000000000000000000000000000029
:10D800000000000000000000000000000000000018
:10D810000000000000000000000000000000000008
:10D8200000000000000000000000000000000000F8
:10D8300000000000000000000000000000000000E8
:10D8400000000000000000000000000000000000D8
:10D8500000000000000000000000000000000000C8
:10D8600000000000000000000000000000000000B8
:10D8700000000000000000000000000000000000A8
:10D880000000000000000000000000000000000098
:10D890000000000000000000000000000000000088
:10D8A0000000000000000000000000000000000078
:10D8B0000000000000000000000000000000000068
:10D8C0000000000000000000000000000000000058
:10D8D0000000000000000000000000000000000048
:10D8E0000000000000000000000000000000000038
:10D8F0000000000000000000000000000000000028
:10D900000000000000000000000000000000000017
:10D910000000000000000000000000000000000007
:10D9200000000000000000000000000000000000F7
:10D9300000000000000000000000000000000000E7
:10D9400000000000000000000000000000000000D7
:10D9500000000000000000000000000000000000C7
:10D9600000000000000000000000000000000000B7
:10D9700000000000000000000000000000000000A7
:10D980000000000000000000000000000000000097
:10D990000000000000000000000000000000000087
:10D9A0000000000000000000000000000000000077
:10D9B0000000000000000000000000000000000067
:10D9C0000000000000000000000000000000000057
:10D9D0000000000000000000000000000000000047
:10D9E0000000000000000000000000000000000037
:10D9F0000000000000000000000000000000000027
:10DA00000000000000000000000000000000000016
:10DA10000000000000000000000000000000000006
:10DA200000000000000000000000000000000000F6
:10DA300000000000000000000000000000000000E6
:10DA400000000000000000000000000000000000D6
:10DA500000000000000000000000000000000000C6
:10DA600000000000000000000000000000000000B6
:10DA700000000000000000000000000000000000A6
:10DA80000000000000000000000000000000000096
:10DA90000000000000000000000000000000000086
:10DAA0000000000000000000000000000000000076
:10DAB0000000000000000000000000000000000066
:10DAC0000000000000000000000000000000000056
:10DAD0000000000000000000000000000000000046
:10DAE0000000000000000000000000000000000036
:10DAF0000000000000000000000000000000000026
:10DB00000000000000000000000000000000000015
:10DB10000000000000000000000000000000000005
:10DB200000000000000000000000000000000000F5
:10DB300000000000000000000000000000000000E5
:10DB400000000000000000000000000000000000D5
:10DB500000000000000000000000000000000000C5
:10DB600000000000000000000000000000000000B5
:10DB700000000000000000000000000000000000A5
:10DB80000000000000000000000000000000000095
:10DB90000000000000000000000000000000000085
:10DBA0000000000000000000000000000000000075
:10DBB0000000000000000000000000000000000065
:10DBC0000000000000000000000000000000000055
:10DBD0000000000000000000000000000000000045
:10DBE0000000000000000000000000000000000035
:10DBF0000000000000000000000000000000000025
:10DC00000000000000000000000000000000000014
:10DC10000000000000000000000000000000000004
:10DC200000000000000000000000000000000000F4
:10DC300000000000000000000000000000000000E4
:10DC400000000000000000000000000000000000D4
:10DC500000000000000000000000000000000000C4
:10DC600000000000000000000000000000000000B4
:10DC700000000000000000000000000000000000A4
:10DC80000000000000000000000000000000000094
:10DC90000000000000000000000000000000000084
:10DCA0000000000000000000000000000000000074
:10DCB0000000000000000000000000000000000064
:10DCC0000000000000000000000000000000000054
:10DCD0000000000000000000000000000000000044
:10DCE0000000000000000000000000000000000034
:10DCF0000000000000000000000000000000000024
:10DD00000000000000000000000000000000000013
:10DD10000000000000000000000000000000000003
:10DD200000000000000000000000000000000000F3
:10DD300000000000000000000000000000000000E3
:10DD400000000000000000000000000000000000D3
:10DD500000000000000000000000000000000000C3
:10DD600000000000000000000000000000000000B3
:10DD700000000000000000000000000000000000A3
:10DD80000000000000000000000000000000000093
:10DD90000000000000000000000000000000000083
:10DDA0000000000000000000000000000000000073
:10DDB0000000000000000000000000000000000063
:10DDC0000000000000000000000000000000000053
:10DDD0000000000000000000000000000000000043
:10DDE0000000000000000000000000000000000033
:10DDF0000000000000000000000000000000000023
:10DE00000000000000000000000000000000000012
:10DE10000000000000000000000000000000000002
:10DE200000000000000000000000000000000000F2
:10DE300000000000000000000000000000000000E2
:10DE400000000000000000000000000000000000D2
:10DE500000000000000000000000000000000000C2
:10DE600000000000000000000000000000000000B2
:10DE700000000000000000000000000000000000A2
:10DE80000000000000000000000000000000000092
:10DE90000000000000000000000000000000000082
:10DEA0000000000000000000000000000000000072
:10DEB0000000000000000000000000000000000062
:10DEC0000000000000000000000000000000000052
:10DED0000000000000000000000000000000000042
:10DEE0000000000000000000000000000000000032
:10DEF0000000000000000000000000000000000022
:10DF00000000000000000000000000000000000011
:10DF10000000000000000000000000000000000001
:10DF200000000000000000000000000000000000F1
:10DF300000000000000000000000000000000000E1
:10DF400000000000000000000000000000000000D1
:10DF500000000000000000000000000000000000C1
:10DF600000000000000000000000000000000000B1
:10DF700000000000000000000000000000000000A1
:10DF80000000000000000000000000000000000091
:10DF90000000000000000000000000000000000081
:10DFA0000000000000000000000000000000000071
:10DFB0000000000000000000000000000000000061
:10DFC0000000000000000000000000000000000051
:10DFD0000000000000000000000000000000000041
:10DFE0000000000000000000000000000000000031
:10DFF0000000000000000000000000000000000021
:10E000000000000000000000000000000000000010
:10E010000000000000000000000000000000000000
:10E0200000000000000000000000000000000000F0
:10E0300000000000000000000000000000000000E0
:10E0400000000000000000000000000000000000D0
:10E0500000000000000000000000000000000000C0
:10E0600000000000000000000000000000000000B0
:10E0700000000000000000000000000000000000A0
:10E080000000000000000000000000000000000090
:10E090000000000000000000000000000000000080
:10E0A0000000000000000000000000000000000070
:10E0B0000000000000000000000000000000000060
:10E0C0000000000000000000000000000000000050
:10E0D0000000000000000000000000000000000040
:10E0E0000000000000000000000000000000000030
:10E0F0000000000000000000000000000000000020
:10E10000000000000000000000000000000000000F
:10E1100000000000000000000000000000000000FF
:10E1200000000000000000000000000000000000EF
:10E1300000000000000000000000000000000000DF
:10E1400000000000000000000000000000000000CF
:10E1500000000000000000000000000000000000BF
:10E1600000000000000000000000000000000000AF
:10E17000000000000000000000000000000000009F
:10E18000000000000000000000000000000000008F
:10E19000000000000000000000000000000000007F
:10E1A000000000000000000000000000000000006F
:10E1B000000000000000000000000000000000005F
:10E1C000000000000000000000000000000000004F
:10E1D000000000000000000000000000000000003F
:10E1E000000000000000000000000000000000002F
:10E1F000000000000000000000000000000000001F
:10E20000000000000000000000000000000000000E
:10E2100000000000000000000000000000000000FE
:10E2200000000000000000000000000000000000EE
:10E2300000000000000000000000000000000000DE
:10E2400000000000000000000000000000000000CE
:10E2500000000000000000000000000000000000BE
:10E2600000000000000000000000000000000000AE
:10E27000000000000000000000000000000000009E
:10E28000000000000000000000000000000000008E
:10E29000000000000000000000000000000000007E
:10E2A000000000000000000000000000000000006E
:10E2B000000000000000000000000000000000005E
:10E2C000000000000000000000000000000000004E
:10E2D000000000000000000000000000000000003E
:10E2E000000000000000000000000000000000002E
:10E2F000000000000000000000000000000000001E
:10E30000000000000000000000000000000000000D
:10E3100000000000000000000000000000000000FD
:10E3200000000000000000000000000000000000ED
:10E3300000000000000000000000000000000000DD
:10E3400000000000000000000000000000000000CD
:10E3500000000000000000000000000000000000BD
:10E3600000000000000000000000000000000000AD
:10E37000000000000000000000000000000000009D
:10E38000000000000000000000000000000000008D
:10E39000000000000000000000000000000000007D
:10E3A000000000000000000000000000000000006D
:10E3B000000000000000000000000000000000005D
:10E3C000000000000000000000000000000000004D
:10E3D000000000000000000000000000000000003D
:10E3E000000000000000000000000000000000002D
:10E3F000000000000000000000000000000000001D
:10E40000000000000000000000000000000000000C
:10E4100000000000000000000000000000000000FC
:10E4200000000000000000000000000000000000EC
:10E4300000000000000000000000000000000000DC
:10E4400000000000000000000000000000000000CC
:10E4500000000000000000000000000000000000BC
:10E4600000000000000000000000000000000000AC
:10E47000000000000000000000000000000000009C
:10E48000000000000000000000000000000000008C
:10E49000000000000000000000000000000000007C
:10E4A000000000000000000000000000000000006C
:10E4B000000000000000000000000000000000005C
:10E4C000000000000000000000000000000000004C
:10E4D000000000000000000000000000000000003C
:10E4E000000000000000000000000000000000002C
:10E4F000000000000000000000000000000000001C
:10E50000000000000000000000000000000000000B
:10E5100000000000000000000000000000000000FB
:10E5200000000000000000000000000000000000EB
:10E5300000000000000000000000000000000000DB
:10E5400000000000000000000000000000000000CB
:10E5500000000000000000000000000000000000BB
:10E5600000000000000000000000000000000000AB
:10E57000000000000000000000000000000000009B
:10E58000000000000000000000000000000000008B
:10E59000000000000000000000000000000000007B
:10E5A000000000000000000000000000000000006B
:10E5B000000000000000000000000000000000005B
:10E5C000000000000000000000000000000000004B
:10E5D000000000000000000000000000000000003B
:10E5E000000000000000000000000000000000002B
:10E5F000000000000000000000000000000000001B
:10E60000000000000000000000000000000000000A
:10E6100000000000000000000000000000000000FA
:10E6200000000000000000000000000000000000EA
:10E6300000000000000000000000000000000000DA
:10E6400000000000000000000000000000000000CA
:10E6500000000000000000000000000000000000BA
:10E6600000000000000000000000000000000000AA
:10E67000000000000000000000000000000000009A
:10E68000000000000000000000000000000000008A
:10E69000000000000000000000000000000000007A
:10E6A000000000000000000000000000000000006A
:10E6B000000000000000000000000000000000005A
:10E6C000000000000000000000000000000000004A
:10E6D000000000000000000000000000000000003A
:10E6E000000000000000000000000000000000002A
:10E6F000000000000000000000000000000000001A
:10E700000000000000000000000000000000000009
:10E7100000000000000000000000000000000000F9
:10E7200000000000000000000000000000000000E9
:10E7300000000000000000000000000000000000D9
:10E7400000000000000000000000000000000000C9
:10E7500000000000000000000000000000000000B9
:10E7600000000000000000000000000000000000A9
:10E770000000000000000000000000000000000099
:10E780000000000000000000000000000000000089
:10E790000000000000000000000000000000000079
:10E7A0000000000000000000000000000000000069
:10E7B0000000000000000000000000000000000059
:10E7C0000000000000000000000000000000000049
:10E7D0000000000000000000000000000000000039
:10E7E0000000000000000000000000000000000029
:10E7F0000000000000000000000000000000000019
:10E800000000000000000000000000000000000008
:10E8100000000000000000000000000000000000F8
:10E8200000000000000000000000000000000000E8
:10E8300000000000000000000000000000000000D8
:10E8400000000000000000000000000000000000C8
:10E8500000000000000000000000000000000000B8
:10E8600000000000000000000000000000000000A8
:10E870000000000000000000000000000000000098
:10E880000000000000000000000000000000000088
:10E890000000000000000000000000000000000078
:10E8A0000000000000000000000000000000000068
:10E8B0000000000000000000000000000000000058
:10E8C0000000000000000000000000000000000048
:10E8D0000000000000000000000000000000000038
:10E8E0000000000000000000000000000000000028
:10E8F0000000000000000000000000000000000018
:10E900000000000000000000000000000000000007
:10E9100000000000000000000000000000000000F7
:10E9200000000000000000000000000000000000E7
:10E9300000000000000000000000000000000000D7
:10E9400000000000000000000000000000000000C7
:10E9500000000000000000000000000000000000B7
:10E9600000000000000000000000000000000000A7
:10E970000000000000000000000000000000000097
:10E980000000000000000000000000000000000087
:10E990000000000000000000000000000000000077
:10E9A0000000000000000000000000000000000067
:10E9B0000000000000000000000000000000000057
:10E9C0000000000000000000000000000000000047
:10E9D0000000000000000000000000000000000037
:10E9E0000000000000000000000000000000000027
:10E9F0000000000000000000000000000000000017
:10EA00000000000000000000000000000000000006
:10EA100000000000000000000000000000000000F6
:10EA200000000000000000000000000000000000E6
:10EA300000000000000000000000000000000000D6
:10EA400000000000000000000000000000000000C6
:10EA500000000000000000000000000000000000B6
:10EA600000000000000000000000000000000000A6
:10EA70000000000000000000000000000000000096
:10EA80000000000000000000000000000000000086
:10EA90000000000000000000000000000000000076
:10EAA0000000000000000000000000000000000066
:10EAB0000000000000000000000000000000000056
:10EAC0000000000000000000000000000000000046
:10EAD0000000000000000000000000000000000036
:10EAE0000000000000000000000000000000000026
:10EAF0000000000000000000000000000000000016
:10EB00000000000000000000000000000000000005
:10EB100000000000000000000000000000000000F5
:10EB200000000000000000000000000000000000E5
:10EB300000000000000000000000000000000000D5
:10EB400000000000000000000000000000000000C5
:10EB500000000000000000000000000000000000B5
:10EB600000000000000000000000000000000000A5
:10EB70000000000000000000000000000000000095
:10EB80000000000000000000000000000000000085
:10EB90000000000000000000000000000000000075
:10EBA0000000000000000000000000000000000065
:10EBB0000000000000000000000000000000000055
:10EBC0000000000000000000000000000000000045
:10EBD0000000000000000000000000000000000035
:10EBE0000000000000000000000000000000000025
:10EBF0000000000000000000000000000000000015
:10EC00000000000000000000000000000000000004
:10EC100000000000000000000000000000000000F4
:10EC200000000000000000000000000000000000E4
:10EC300000000000000000000000000000000000D4
:10EC400000000000000000000000000000000000C4
:10EC500000000000000000000000000000000000B4
:10EC600000000000000000000000000000000000A4
:10EC70000000000000000000000000000000000094
:10EC80000000000000000000000000000000000084
:10EC90000000000000000000000000000000000074
:10ECA0000000000000000000000000000000000064
:10ECB0000000000000000000000000000000000054
:10ECC0000000000000000000000000000000000044
:10ECD0000000000000000000000000000000000034
:10ECE0000000000000000000000000000000000024
:10ECF0000000000000000000000000000000000014
:10ED00000000000000000000000000000000000003
:10ED100000000000000000000000803F0CDE8DBC01
:10ED2000A7EF4F3FB75315BFC495A33EF89472BFEA
:10ED3000D32096BE61BF74BFF7BB4BBFC5021BBFDC
:10ED400004E77FBF7A2AE2BCC2FA53BF84870F3F31
:10ED5000CBEAB0BE363B703F928E883E07BA763F14
:10ED60008560473F9393203F189C7F3F6814623D26
:10ED70007EDC573F4F9F09BF491DBE3E93B26DBF1A
:10ED80005BC375BE858478BF28DE42BF0A0526BFF7
:10ED9000491F7FBFBB73A9BD1A945BBF3C9C033F57
:10EDA000AE2ACBBE8BFB6A3F96395A3E841E7A3F11
:10EDB000C5353E3F1B562B3FB0707E3F2EBCE13D1C
:10EDC000DB205F3FF7FEFABE6A10D83EA81668BF88
:10EDD0003E853EBEB2877BBF416839BFBA8530BF32
:10EDE0006E907DBF4AEC0CBE108262BF7894EE3EFE
:10EDF000FFCBE4BE7804653FB4AB223EC9BF7C3F85
:10EE00008F76343FE792353FB07E7C3FFCDE283E74
:10EE100010B7653F6AFBE1BEE95AF13E97C561BF95
:10EE20006EB206BE8CC67DBFA4612FBFA47C3ABF64
:10EE3000AA3B7BBFBAB044BE3CBF68BF4036D53E9C
:10EE4000BCBAFDBEA65A5E3FB63DD53DC99B7E3FCE
:10EE50007F2A2A3FFC413F3F9DC7793F135C603EBC
:10EE6000FA996B3F7C47C8BE83F4043F50C45ABF35
:10EE7000FAEC9CBD543F7FBF25D224BF00E243BFC4
:10EE8000D02278BFA5DB7BBEBE466EBFA031BB3EA5
:10EE9000B8F10ABF4703573F2AFB483D0FB17F3FF8
:10EEA0009F591F3FCA5B483F964D763F06958B3E64
:10EEB00001C5703F3DF7ADBECCD3103F491853BFDD
:10EEC0006EEAAFBCE3F07FBF00C219BF79AE4CBFA2
:10EED0004B4874BFFE2099BE481473BFE49AA03E0D
:10EEE0009F9916BF17044F3FA60FC9BBC4FE7F3FB3
:10EEF0005F0C143F36D9503F5213723F118FA63E1C
:10EF00001C34753F351F93BE0C421C3F7FC74ABF60
:10EF10002D340A3DAFDA7FBFDA390EBF31DB54BF83
:10EF20001BAF6FBFA6DCB3BE172477BFCD86853E6F
:10EF3000FBCB21BF5363463F762B7BBDAB847F3F2A
:10EF4000924B083FA1B3583F1D1C6D3F1D07C13EAA
:10EF5000D6E3783FB3A86FBE5636273F71D841BF7E
:10EF6000DBF8B53DCAFC7EBFB14202BFC7615CBFE2
:10EF7000D85A6ABFEB0BCEBE01737ABFFE14543E63
:10EF80000E802CBFB7273D3F7638EEBD22437E3F33
:10EF9000C840F83EE9E45F3FD86B673F80E8DA3E5F
:10EFA0004ED17B3FEE5738BE1EA8313F165238BFB8
:10EFB000CC24133EDE577DBFB9CBEBBE593C63BFBB
:10EFC000AA4F64BF5D9AE7BE71FE7CBFDB761C3E34
:10EFD00080AD36BF7A58333FA2102FBE293B7C3F0D
:10EFE000AB28DF3E7267663FF206613F061FF43EC4
:10EFF00037FA7D3F447700BE3C8F3B3FDE3B2EBF60
:10F000004EDA4A3E32ED7ABFC459D2BE466569BF78
:10F01000E6905DBF373900BFDCBE7EBFD3B8C83DC8
:10F02000AC4040BFFCF2283FB65A66BEDC49793F8F
:10F030001724C53E9FEB6B3F076A593F79F7053FA1
:10F040003D357E3F7DBD8FBD3E56433F285322BF99
:10F050009B917E3EF78074BFC571B4BE6BE469BFFF
:10F0600016644FBF7AD407BF51E573BFD3B6273DAF
:10F07000660E3CBFECB0133FC6A381BE5A855F3F0E
:10F08000242D963E9DE7533FCBC6303FCBC4F53E83
:10F09000F51F4C3F3A6A48BC1AC8193FC21AE4BE71
:10F0A000D25B583EBAEF28BFFAB147BE334B1ABF06
:10F0B0001549EBBE1F62ADBEC6A401BFFBA6CBBB0C
:10F0C0004663B9BE29B7813ECF7000BE3802B73E55
:10F0D000499DB73D53899C3E35F1533EB67F253E51
:10F0E000C1AA583E19A60D3C64CD0E3E9D25BBBD60
:10F0F00007A23E3DAA9BF3BDB3FAB5BC4065BCBDBB
:10F10000CBDC49BD8DC539BD9EE530BD4B9215BCEC
:10F110007336D3BC13BB833B0000803FAE3F2BBD97
:10F1200036D9503F5F0C14BFC486A93E578F71BFBC
:10F13000C0178DBE7A1676BF65DE47BFCBF61FBF00
:10F14000B1907FBF39A06EBD6A1E59BF36A1073F7F
:10F150005D62C5BE24366C3F135C603E9DC7793F3F
:10F16000C5353E3F1B562B3F23437E3F7638EE3D51
:10F17000CFA6603F3580F5BE4E92E03E880F66BF59
:10F180008CC525BE8A9F7CBFBCE733BF6C2036BFD1
:10F190007A187CBFD52832BED86B67BF80E8DA3ECC
:10F1A000F8FEFABEDB205F3FB83DD53DC99B7E3FF0
:10F1B00041FD283F5C4C403F9712793F7F9A6C3E5F
:10F1C000A1676D3F6F92BFBEAD480A3F257057BF24
:10F1D000D76D3CBD9EBA7FBFD17F1DBF12D149BF45
:10F1E0001D3475BF351F93BEF89472BFC595A33EFD
:10F1F0009F9916BF17044F3F980E49BC11FB7F3FE4
:10F200006B79113F48A6523F6680703F3971AF3E1F
:10F210005BEF763FDB0A87BE9967223F03E445BF79
:10F22000B264903DE95C7FBF84F404BF50C45ABF10
:10F230008CFB6ABFAE2ACBBE02737ABF0115543E67
:10F2400059A82DBFD9173C3F029503BEB1E07D3FC1
:10F25000FBF7EF3E1924623F59AA643F7433E63E40
:10F26000DD1C7D3FE15B19BE1552383F1DA831BF43
:10F270003D853E3EB2877BBF4236D5BE3CBF68BFB0
:10F280004D925DBF073A00BF9EEA7EBFC33ABC3DC8
:10F29000895B42BFE49D263FCCCF78BEF853783FD0
:10F2A0001EBBB93EF78F6E3F92B9553FD0EA0C3F77
:10F2B000AEDA7F3F35340ABDF7BB4B3FC5021BBFFB
:10F2C000FD20993E4B4874BF789E9DBE3F9173BF11
:10F2D000FE264DBF102119BF44EC7FBFB70AC9BC41
:10F2E0003C6B54BFDBE00E3FEC54B5BE2F686F3F64
:10F2F000C0F8803EB6BE773F00E2433F24D2243FB1
:10F30000481F7F3FB673A93DC6615C3FB14202BF53
:10F310002AEBD03EE4B769BFC2C547BEBF147BBF6E
:10F32000ADF239BFE7F32FBF75747DBFB80810BECB
:10F33000AC9863BF8166EA3EBACBEBBE593C633FF3
:10F340004BEC0C3E6D907D3FA4612F3FA37C3A3F78
:10F3500037ED7A3F4DDA4A3EA7096A3FCB7BCFBEF5
:10F36000A0EF023F35FB5BBF8A30A3BD9F2F7FBF5D
:10F370001A3824BF386344BFC58B77BFC17D82BEB6
:10F380001AAF6FBFA4DCB33E83870FBFC1FA533FF0
:10F390007AEAAF3CE2F07F3FC07F183F019F4D3FCC
:10F3A0000F53733FDF1C9F3E2384743F18A197BE09
:10F3B0009AA21B3FFB414BBF35C3163D98D37FBF7D
:10F3C000C8420CBFFD2756BFBD466EBFA031BBBEB5
:10F3D000858478BF5BC3753E563627BF71D8413FE1
:10F3E000347CC2BDD4D77E3FB217FF3EBDF65D3F31
:10F3F000386B683F97A3D63ECFAC7B3FCE6E3BBE0B
:10F40000A838323F52C637BFAF761C3E23FE7CBFC2
:10F410008BCAE4BE060365BFA8C061BFA355F1BE99
:10F42000C8EA7DBF796F003E71843CBF1EFB2C3F54
:10F43000ACE356BE19FA793F173BC93ECEB76A3FD7
:10F44000CD5E593F7505053FD9667D3F000989BDF1
:10F45000E4CA433F17AE1FBF80B9853EFD9B71BF15
:10F460005B78A8BEDE2969BFC37248BFE9560BBFEF
:10F47000D21B6FBFD4D90C3C1E9E3CBF2A55083FFF
:10F48000DDF690BE6CCF543F1BEC743EA2664E3F3F
:10F49000CE8D203F182FFC3E923A3F3FB04F163D95
:10F4A0006B92153F15B8BEBE778E743EFC3316BF07
:10F4B000105105BE6E480EBF9341C2BED4C4ABBE50
:10F4C000B5F5E0BEBBFE41BD9057A9BEEA1E3D3E6C
:10F4D00025700CBE7D44933E05B1373D0D8E843EB4
:10F4E000A8F3193E3B4D193ED944293E505BE63CFA
:10F4F0004B08F03DCFE863BD56AC493D4EDDAEBD97
:10F500004D049EBB978797BD6B5906BD531E3CBDEE
:10F51000F7FC27BD1208A2BC0000803FAE3F2BBD08
:10F52000C2C0513F9AC312BF3A71AF3E668070BFEE
:10F53000700284BE3A5877BF01E243BF25D224BF90
:10F54000C9FC7EBFDAF8B5BDBEF65DBFB317FF3E9E
:10F55000B97CD9BE87C1673FA3102F3E283B7C3FB3
:10F560008F76343FE792353F31F57B3F9840353E0B
:10F57000396B683F98A3D6BEE4E7003F532D5DBFCB
:10F58000BA73A9BD491F7FBFA99D23BFF5E344BF3F
:10F590005BEF76BFDA0A87BE080971BFD47CAC3E48
:10F5A0005F0C14BF37D9503F6E0FC9BBC4FE7F3FFD
:10F5B0006B79113F48A6523F73F56F3FEF63B23E40
:10F5C000B7BE773FC0F880BE0A05263F28DE42BF9F
:10F5D000397CC23DD3D77EBF275DFCBE05BE5EBF72
:10F5E000991567BFC153DCBEB07E7CBFFDDE283EEF
:10F5F0007FAD36BF7A58333FCE6E3BBECDAC7B3F3E
:10F6000066C8D33EAE12693FC6615C3FB142023F5D
:10F61000543F7F3FF6EC9CBD03E4453F996722BF12
:10F62000F8118A3E1B8476BFC486A9BE578F71BF6E
:10F63000A8EF4FBFB75315BF11FB7FBF870E49BC63
:10F64000C78953BFD52D103FEC54B5BE30686F3F0E
:10F65000A3DB7B3ED022783F70D8413F5636273F10
:10F6600069B07E3FBAFDCE3D27835F3F2CA0F9BE37
:10F67000A928DF3E716766BFB5AB22BEC9BF7CBF9C
:10F68000AA3832BF55C637BFFD617BBF379B41BE2D
:10F69000E4B769BF2BEBD03E3D9C03BF1A945B3FA0
:10F6A000B264903DE95C7F3FF82F213F29E2463F5D
:10F6B0007916763FC0178D3E5213723F118FA6BE4A
:10F6C0009F99163F17044FBFB5C9963CE6F47FBF1C
:10F6D000DCE00EBF3C6B54BF9ED86EBF2A44B8BE60
:10F6E000868478BF5BC3753E056628BFD9D0403F8E
:10F6F000397DDBBD8A867E3FC9E0F63E2046603F0D
:10F700000FB7653F6AFBE13E72FE7C3FDC761CBEB4
:10F7100065DD383F231731BFC2C5473EBF147BBFED
:10F72000EB0BCEBEDA5A6ABF51C45ABF84F404BF91
:10F7300008787FBF0BDB833D64DE47BFCAF61F3FFF
:10F740002C1C90BE79A6753FC395A33EF794723FDB
:10F7500088164E3F12DE173F43EC7F3FB70AC93C85
:10F76000A54A553F81920DBFA131BB3EC0466EBF39
:10F77000B4A86FBED7E378BF67C73FBF149429BF53
:10F78000375A7EBF99FAE7BDF00661BF051FF43E08
:10F79000FECBE4BE7704653F8140163EAB3A7D3F29
:10F7A000E6F32F3FADF2393F17C57A3F60EE4D3E8D
:10F7B0008CFB6A3FAF2ACBBE824B063F6AF259BF31
:10F7C0003FA06EBDB0907FBF11BC1EBFB2D848BF76
:10F7D0001C3475BF351F93BE481473BFE49AA03E16
:10F7E000102119BFFD264D3FC549FBBC27E17F3FD6
:10F7F000C8420C3FFC27563F95B26D3F4A1DBE3EA6
:10F80000BC40793FBA8B69BE4BC02A3FE0BB3EBFCC
:10F810003274F43DD6297EBFA355F1BEA8C061BFA6
:10F82000CB4164BF4B8CE7BE6A4F7DBFA7F30F3E51
:10F8300028CB3ABFD0972E3F499053BE48D6793F48
:10F840009A5FC73E30896A3FD967573F3E8F063F70
:10F85000A94E7C3FF0BC52BD7DA1453F8C3B1ABFF9
:10F86000B862913E13046DBF174E96BEE24368BF67
:10F870002DBE3EBF5F3410BF7D9268BFE30E09BD51
:10F8800024D23CBF8909F43E4755A2BEC767473F13
:10F89000515C353EE00C473FB0DC0D3F8893003FA4
:10F8A0009EFB2F3FB107B23DB47C0F3F682297BE4D
:10F8B000F5CD853EAAEB01BF32978BBD507900BFD5
:10F8C000557C99BE7B3EA6BEEA7FBDBE3153A5BD29
:10F8D0001F8996BE2CA2FB3D5CE10FBE065B633E1A
:10F8E000BF38233C9905593EF05FD23D4DB5073EE8
:10F8F000B027FE3DA4001B3D3F2DBF3DC19101BD82
:10F90000DCBE2C3DBBC979BD8DCD77BBD8A566BD0E
:10F9100098DF04BDF6DF02BD0000803F0CDE8DBC29
:10F9200048A6523F6B7911BFEC54B53E2F686FBFAC
:10F9300058C375BE858478BF66C73FBF149429BF7E
:10F94000712B7EBFBF75F4BD0F8262BF7894EE3E0F
:10F950006230EDBE7BDF623F75B2FA3D23137E3F1E
:10F96000802A2A3FFC413F3F7AB4783F51B6723E2D
:10F97000B0206F3FC3CCB6BECDD3103F481853BFA5
:10F980007F0F49BBB0FF7FBFAF1E12BFC63352BF50
:10F990001BAF6FBFA4DCB3BEF75378BFCCCF783EAC
:10F9A00040FD28BF5C4C403F7338EEBD23437E3F93
:10F9B000FBF7EF3E1924623F593C633FBBCBEB3E64
:10F9C00038FA7D3F447700BE1BBC3E3F81C02ABF52
:10F9D000B2A86F3ED5E378BF2944B8BE9DD86EBFAC
:10F9E000C78953BFD52D10BFC4FE7FBFB30FC93B1E
:10F9F000C2C051BF9BC3123FEE63B2BE73F56F3FEF
:10FA0000A5DB7B3ED122783FD9D0403F0566283F19
:10FA1000385A7E3F9BFAE73D97C5613FE95AF1BEF0
:10FA20008166EA3EAC9863BF029503BEB0E07DBF3D
:10FA30001A562BBFC4353EBF981279BF7D9A6CBE53
:10FA4000F78F6EBF1FBBB93E84870FBFC3FA533F0A
:10FA500064CB163C39FD7F3F2A68133F3D4D513F33
:10FA6000363B703FCBEAB03E10F1773FDFE67EBE1B
:10FA700061CE273FE05441BF2DBCE13DB0707EBF59
:10FA800044BDF2BE8A6661BF73F463BFB600E9BECF
:10FA90008CC67DBF70B2063EF9AE3DBF4AEB2B3F30
:10FAA000BA8B69BEC040793FA031BB3EBE466E3FB7
:10FAB0003B6B543FDBE00E3F10FB7F3F7C0E49BCAD
:10FAC00036D9503F5F0C14BF3971AF3E668070BFAE
:10FAD000C1F880BEB7BE77BF71D841BF563627BFC9
:10FAE0008B867EBF347DDBBDF20661BF081FF43E0E
:10FAF0005D9AE7BEAC4F643F85CF093ECBAB7D3FFF
:10FB00000E802C3FB8273D3F4E6E793F667C663EA7
:10FB1000F2FC6D3FAFA7BCBEDA390E3F31DB54BFFC
:10FB200066517BBC4AF87FBF3AB014BFAF6450BF88
:10FB300001C570BF3BF7ADBEC48B77BFC07D823EB1
:10FB4000E39D26BF885B423FBB3DD5BDC89B7E3F42
:10FB50003480F53ECFA6603F59AA643F7533E63E38
:10FB60006F907D3F4BEC0CBE03A03C3F6A142DBF51
:10FB7000806C633E439B79BF4A1DBEBE92B26DBF8F
:10FB8000A34A55BF80920DBFE4F47FBFB7C9963C2E
:10FB9000A7EF4FBFB753153FD57CACBE0809713FE7
:10FBA0007002843E3C58773F2ADE423F0B05263FD9
:10FBB0006AB07E3FB4FDCE3D2046603FCAE0F6BE4F
:10FBC000FBCBE43E770465BFB70810BE73747DBFFE
:10FBD00059A82DBFD9173CBF9FC779BF165C60BE1F
:10FBE000A3676DBF6F92BF3ED0EA0CBF92B9553F7D
:10FBF0006BEAAF3CE2F07F3FDAF6153F207A4F3FE9
:10FC0000754C713FFC01AB3EC823773FA58685BE8E
:10FC1000BE6A253F145F43BFD3B8C83DDCBE7EBF7C
:10FC2000B231F8BE4FD75FBF873C65BFC142E3BE6C
:10FC3000F1077DBF5EF6123EDC193BBFD6CE2D3FED
:10FC4000DC4A5CBEF6D1783F3581BF3E283D6B3F34
:10FC5000BD5A533F056D0A3F659D7A3F37DFC4BCEF
:10FC6000EE79483FB2D711BFF3A8A13ED45966BF81
:10FC70005B467CBECDA666BFCB1332BFBED615BFDA
:10FC800095CC5FBF30CBAABD57F83BBF57EED13EF6
:10FC9000FC35B4BE1330373F4DBEE03D1E633D3FE3
:10FCA0009240F23E2597013FB5711E3F6B3D0A3EE3
:10FCB000762E073FF6085EBE11688D3E7D5BD9BE8D
:10FCC000D4E647BC212DE2BEC62865BE777C9CBE2B
:10FCD00072189ABEE31DD6BD469281BEA8968F3D8E
:10FCE000EBF10ABE297C263E795373BCF60C2A3E02
:10FCF0008F07823D4DFCE23D62E6AF3DE5BF223D10
:10FD00001153863D2A415EBCF50AE23C97200DBDA9
:10FD10006297A0BBF4F5D1BC000000000000000019
:10FD200000000000000000000000000000000000D3
:10FD300000000000000000000000000000000000C3
:10FD400000000000000000000000000000000000B3
:10FD500000000000000000000000000000000000A3
:10FD60000000000000000000000000000000000093
:10FD70000000000000000000000000000000000083
:10FD80000000000000000000000000000000000073
:10FD90000000000000000000000000000000000063
:10FDA0000000000000000000000000000000000053
:10FDB0000000000000000000000000000000000043
:10FDC0000000000000000000000000000000000033
:10FDD0000000000000000000000000000000000023
:10FDE0000000000000000000000000000000000013
:10FDF0000000000000000000000000000000000003
:10FE000000000000000000000000000000000000F2
:10FE100000000000000000000000000000000000E2
:10FE200000000000000000000000000000000000D2
:10FE300000000000000000000000000000000000C2
:10FE400000000000000000000000000000000000B2
:10FE500000000000000000000000000000000000A2
:10FE60000000000000000000000000000000000092
:10FE70000000000000000000000000000000000082
:10FE80000000000000000000000000000000000072
:10FE90000000000000000000000000000000000062
:10FEA0000000000000000000000000000000000052
:10FEB0000000000000000000000000000000000042
:10FEC0000000000000000000000000000000000032
:10FED0000000000000000000000000000000000022
:10FEE0000000000000000000000000000000000012
:10FEF0000000000000000000000000000000000002
:10FF000000000000000000000000000000000000F1
:10FF100000000000000000000000000000000000E1
:10FF200000000000000000000000000000000000D1
:10FF300000000000000000000000000000000000C1
:10FF400000000000000000000000000000000000B1
:10FF500000000000000000000000000000000000A1
:10FF60000000000000000000000000000000000091
:10FF70000000000000000000000000000000000081
:10FF80000000000000000000000000000000000071
:10FF90000000000000000000000000000000000061
:10FFA0000000000000000000000000000000000051
:10FFB0000000000000000000000000000000000041
:10FFC0000000000000000000000000000000000031
:10FFD0000000000000000000000000000000000021
:10FFE0000000000000000000000000000000000011
:10FFF0000000000000000000000000000000000001
:020000041004E6
:1000000000000000000000000000000000000000F0
:1000100000000000000000000000000000000000E0
:1000200000000000000000000000000000000000D0
:1000300000000000000000000000000000000000C0
:1000400000000000000000000000000000000000B0
:1000500000000000000000000000000000000000A0
:100060000000000000000000000000000000000090
:100070000000000000000000000000000000000080
:100080000000000000000000000000000000000070
:100090000000000000000000000000000000000060
:1000A0000000000000000000000000000000000050
:1000B0000000000000000000000000000000000040
:1000C0000000000000000000000000000000000030
:1000D0000000000000000000000000000000000020
:1000E0000000000000000000000000000000000010
:1000F0000000000000000000000000000000000000
:1001000000000000000000000000000000000000EF
:1001100000000000000000000000000000000000DF
:1001200000000000000000000000000000000000CF
:1001300000000000000000000000000000000000BF
:1001400000000000000000000000000000000000AF
:10015000000000000000000000000000000000009F
:10016000000000000000000000000000000000008F
:10017000000000000000000000000000000000007F
:10018000000000000000000000000000000000006F
:10019000000000000000000000000000000000005F
:1001A000000000000000000000000000000000004F
:1001B000000000000000000000000000000000003F
:1001C000000000000000000000000000000000002F
:1001D000000000000000000000000000000000001F
:1001E000000000000000000000000000000000000F
:1001F00000000000000000000000000000000000FF
:1002000000000000000000000000000000000000EE
:1002100000000000000000000000000000000000DE
:1002200000000000000000000000000000000000CE
:1002300000000000000000000000000000000000BE
:1002400000000000000000000000000000000000AE
:10025000000000000000000000000000000000009E
:10026000000000000000000000000000000000008E
:10027000000000000000000000000000000000007E
:10028000000000000000000000000000000000006E
:10029000000000000000000000000000000000005E
:1002A000000000000000000000000000000000004E
:1002B000000000000000000000000000000000003E
:1002C000000000000000000000000000000000002E
:1002D000000000000000000000000000000000001E
:1002E000000000000000000000000000000000000E
:1002F00000000000000000000000000000000000FE
:1003000000000000000000000000000000000000ED
:1003100000000000000000000000000000000000DD
:1003200000000000000000000000000000000000CD
:1003300000000000000000000000000000000000BD
:1003400000000000000000000000000000000000AD
:10035000000000000000000000000000000000009D
:10036000000000000000000000000000000000008D
:10037000000000000000000000000000000000007D
:10038000000000000000000000000000000000006D
:10039000000000000000000000000000000000005D
:1003A000000000000000000000000000000000004D
:1003B000000000000000000000000000000000003D
:1003C000000000000000000000000000000000002D
:1003D000000000000000000000000000000000001D
:1003E000000000000000000000000000000000000D
:1003F00000000000000000000000000000000000FD
:1004000000000000000000000000000000000000EC
:1004100000000000000000000000000000000000DC
:1004200000000000000000000000000000000000CC
:1004300000000000000000000000000000000000BC
:1004400000000000000000000000000000000000AC
:10045000000000000000000000000000000000009C
:10046000000000000000000000000000000000008C
:10047000000000000000000000000000000000007C
:10048000000000000000000000000000000000006C
:10049000000000000000000000000000000000005C
:1004A000000000000000000000000000000000004C
:1004B000000000000000000000000000000000003C
:1004C000000000000000000000000000000000002C
:1004D000000000000000000000000000000000001C
:1004E000000000000000000000000000000000000C
:1004F00000000000000000000000000000000000FC
:1005000000000000000000000000000000000000EB
:1005100000000000000000000000000000000000DB
:1005200000000000000000000000000000000000CB
:1005300000000000000000000000000000000000BB
:1005400000000000000000000000000000000000AB
:10055000000000000000000000000000000000009B
:10056000000000000000000000000000000000008B
:10057000000000000000000000000000000000007B
:10058000000000000000000000000000000000006B
:10059000000000000000000000000000000000005B
:1005A000000000000000000000000000000000004B
:1005B000000000000000000000000000000000003B
:1005C000000000000000000000000000000000002B
:1005D000000000000000000000000000000000001B
:1005E000000000000000000000000000000000000B
:1005F00000000000000000000000000000000000FB
:1006000000000000000000000000000000000000EA
:1006100000000000000000000000000000000000DA
:1006200000000000000000000000000000000000CA
:1006300000000000000000000000000000000000BA
:1006400000000000000000000000000000000000AA
:10065000000000000000000000000000000000009A
:10066000000000000000000000000000000000008A
:10067000000000000000000000000000000000007A
:10068000000000000000000000000000000000006A
:10069000000000000000000000000000000000005A
:1006A000000000000000000000000000000000004A
:1006B000000000000000000000000000000000003A
:1006C000000000000000000000000000000000002A
:1006D000000000000000000000000000000000001A
:1006E000000000000000000000000000000000000A
:1006F00000000000000000000000000000000000FA
:1007000000000000000000000000000000000000E9
:1007100000000000000000000000000000000000D9
:1007200000000000000000000000000000000000C9
:1007300000000000000000000000000000000000B9
:1007400000000000000000000000000000000000A9
:100750000000000000000000000000000000000099
:100760000000000000000000000000000000000089
:100770000000000000000000000000000000000079
:100780000000000000000000000000000000000069
:100790000000000000000000000000000000000059
:1007A0000000000000000000000000000000000049
:1007B0000000000000000000000000000000000039
:1007C0000000000000000000000000000000000029
:1007D0000000000000000000000000000000000019
:1007E0000000000000000000000000000000000009
:1007F00000000000000000000000000000000000F9
:1008000000000000000000000000000000000000E8
:1008100000000000000000000000000000000000D8
:1008200000000000000000000000000000000000C8
:1008300000000000000000000000000000000000B8
:1008400000000000000000000000000000000000A8
:100850000000000000000000000000000000000098
:100860000000000000000000000000000000000088
:100870000000000000000000000000000000000078
:100880000000000000000000000000000000000068
:100890000000000000000000000000000000000058
:1008A0000000000000000000000000000000000048
:1008B0000000000000000000000000000000000038
:1008C0000000000000000000000000000000000028
:1008D0000000000000000000000000000000000018
:1008E0000000000000000000000000000000000008
:1008F00000000000000000000000000000000000F8
:1009000000000000000000000000000000000000E7
:1009100000000000000000000000000000000000D7
:1009200000000000000000000000000000000000C7
:1009300000000000000000000000000000000000B7
:1009400000000000000000000000000000000000A7
:100950000000000000000000000000000000000097
:100960000000000000000000000000000000000087
:100970000000000000000000000000000000000077
:100980000000000000000000000000000000000067
:100990000000000000000000000000000000000057
:1009A0000000000000000000000000000000000047
:1009B0000000000000000000000000000000000037
:1009C0000000000000000000000000000000000027
:1009D0000000000000000000000000000000000017
:1009E0000000000000000000000000000000000007
:1009F00000000000000000000000000000000000F7
:100A000000000000000000000000000000000000E6
:100A100000000000000000000000000000000000D6
:100A200000000000000000000000000000000000C6
:100A300000000000000000000000000000000000B6
:100A400000000000000000000000000000000000A6
:100A50000000000000000000000000000000000096
:100A60000000000000000000000000000000000086
:100A70000000000000000000000000000000000076
:100A80000000000000000000000000000000000066
:100A90000000000000000000000000000000000056
:100AA0000000000000000000000000000000000046
:100AB0000000000000000000000000000000000036
:100AC0000000000000000000000000000000000026
:100AD0000000000000000000000000000000000016
:100AE0000000000000000000000000000000000006
:100AF00000000000000000000000000000000000F6
:100B000000000000000000000000000000000000E5
:100B100000000000000000000000000000000000D5
:100B200000000000000000000000000000000000C5
:100B300000000000000000000000000000000000B5
:100B400000000000000000000000000000000000A5
:100B50000000000000000000000000000000000095
:100B60000000000000000000000000000000000085
:100B70000000000000000000000000000000000075
:100B80000000000000000000000000000000000065
:100B90000000000000000000000000000000000055
:100BA0000000000000000000000000000000000045
:100BB0000000000000000000000000000000000035
:100BC0000000000000000000000000000000000025
:100BD0000000000000000000000000000000000015
:100BE0000000000000000000000000000000000005
:100BF00000000000000000000000000000000000F5
:100C000000000000000000000000000000000000E4
:100C100000000000000000000000000000000000D4
:100C200000000000000000000000000000000000C4
:100C300000000000000000000000000000000000B4
:100C400000000000000000000000000000000000A4
:100C50000000000000000000000000000000000094
:100C60000000000000000000000000000000000084
:100C70000000000000000000000000000000000074
:100C80000000000000000000000000000000000064
:100C90000000000000000000000000000000000054
:100CA0000000000000000000000000000000000044
:100CB0000000000000000000000000000000000034
:100CC0000000000000000000000000000000000024
:100CD0000000000000000000000000000000000014
:100CE0000000000000000000000000000000000004
:100CF00000000000000000000000000000000000F4
:100D000000000000000000000000000000000000E3
:100D100000000000000000000000000000000000D3
:100D200000000000000000000000000000000000C3
:100D300000000000000000000000000000000000B3
:100D400000000000000000000000000000000000A3
:100D50000000000000000000000000000000000093
:100D60000000000000000000000000000000000083
:100D70000000000000000000000000000000000073
:100D80000000000000000000000000000000000063
:100D90000000000000000000000000000000000053
:100DA0000000000000000000000000000000000043
:100DB0000000000000000000000000000000000033
:100DC0000000000000000000000000000000000023
:100DD0000000000000000000000000000000000013
:100DE0000000000000000000000000000000000003
:100DF00000000000000000000000000000000000F3
:100E000000000000000000000000000000000000E2
:100E100000000000000000000000000000000000D2
:100E200000000000000000000000000000000000C2
:100E300000000000000000000000000000000000B2
:100E400000000000000000000000000000000000A2
:100E50000000000000000000000000000000000092
:100E60000000000000000000000000000000000082
:100E70000000000000000000000000000000000072
:100E80000000000000000000000000000000000062
:100E90000000000000000000000000000000000052
:100EA0000000000000000000000000000000000042
:100EB0000000000000000000000000000000000032
:100EC0000000000000000000000000000000000022
:100ED0000000000000000000000000000000000012
:100EE0000000000000000000000000000000000002
:100EF00000000000000000000000000000000000F2
:100F000000000000000000000000000000000000E1
:100F100000000000000000000000000000000000D1
:100F200000000000000000000000000000000000C1
:100F300000000000000000000000000000000000B1
:100F400000000000000000000000000000000000A1
:100F50000000000000000000000000000000000091
:100F60000000000000000000000000000000000081
:100F70000000000000000000000000000000000071
:100F80000000000000000000000000000000000061
:100F90000000000000000000000000000000000051
:100FA0000000000000000000000000000000000041
:100FB0000000000000000000000000000000000031
:100FC0000000000000000000000000000000000021
:100FD0000000000000000000000000000000000011
:100FE0000000000000000000000000000000000001
:100FF00000000000000000000000000000000000F1
:1010000000000000000000000000000000000000E0
:1010100000000000000000000000000000000000D0
:1010200000000000000000000000000000000000C0
:1010300000000000000000000000000000000000B0
:1010400000000000000000000000000000000000A0
:101050000000000000000000000000000000000090
:101060000000000000000000000000000000000080
:101070000000000000000000000000000000000070
:101080000000000000000000000000000000000060
:101090000000000000000000000000000000000050
:1010A0000000000000000000000000000000000040
:1010B0000000000000000000000000000000000030
:1010C0000000000000000000000000000000000020
:1010D0000000000000000000000000000000000010
:1010E0000000000000000000000000000000000000
:1010F00000000000000000000000000000000000F0
:1011000000000000000000000000000000000000DF
:1011100000000000000000000000000000000000CF
:1011200000000000000000000000000000000000BF
:1011300000000000000000000000000000000000AF
:10114000000000000000000000000000000000009F
:10115000000000000000000000000000000000008F
:10116000000000000000000000000000000000007F
:10117000000000000000000000000000000000006F
:10118000000000000000000000000000000000005F
:10119000000000000000000000000000000000004F
:1011A000000000000000000000000000000000003F
:1011B000000000000000000000000000000000002F
:1011C000000000000000000000000000000000001F
:1011D000000000000000000000000000000000000F
:1011E00000000000000000000000000000000000FF
:1011F00000000000000000000000000000000000EF
:1012000000000000000000000000000000000000DE
:1012100000000000000000000000000000000000CE
:1012200000000000000000000000000000000000BE
:1012300000000000000000000000000000000000AE
:10124000000000000000000000000000000000009E
:10125000000000000000000000000000000000008E
:10126000000000000000000000000000000000007E
:10127000000000000000000000000000000000006E
:10128000000000000000000000000000000000005E
:10129000000000000000000000000000000000004E
:1012A000000000000000000000000000000000003E
:1012B000000000000000000000000000000000002E
:1012C000000000000000000000000000000000001E
:1012D000000000000000000000000000000000000E
:1012E00000000000000000000000000000000000FE
:1012F00000000000000000000000000000000000EE
:1013000000000000000000000000000000000000DD
:1013100000000000000000000000000000000000CD
:1013200000000000000000000000000000000000BD
:1013300000000000000000000000000000000000AD
:10134000000000000000000000000000000000009D
:10135000000000000000000000000000000000008D
:10136000000000000000000000000000000000007D
:10137000000000000000000000000000000000006D
:10138000000000000000000000000000000000005D
:10139000000000000000000000000000000000004D
:1013A000000000000000000000000000000000003D
:1013B000000000000000000000000000000000002D
:1013C000000000000000000000000000000000001D
:1013D000000000000000000000000000000000000D
:1013E00000000000000000000000000000000000FD
:1013F00000000000000000000000000000000000ED
:1014000000000000000000000000000000000000DC
:1014100000000000000000000000000000000000CC
:1014200000000000000000000000000000000000BC
:1014300000000000000000000000000000000000AC
:10144000000000000000000000000000000000009C
:10145000000000000000000000000000000000008C
:10146000000000000000000000000000000000007C
:10147000000000000000000000000000000000006C
:10148000000000000000000000000000000000005C
:10149000000000000000000000000000000000004C
:1014A000000000000000000000000000000000003C
:1014B000000000000000000000000000000000002C
:1014C000000000000000000000000000000000001C
:1014D000000000000000000000000000000000000C
:1014E00000000000000000000000000000000000FC
:1014F00000000000000000000000000000000000EC
:1015000000000000000000000000000000000000DB
:1015100000000000000000000000000000000000CB
:1015200000000000000000000000000000000000BB
:1015300000000000000000000000000000000000AB
:10154000000000000000000000000000000000009B
:10155000000000000000000000000000000000008B
:10156000000000000000000000000000000000007B
:10157000000000000000000000000000000000006B
:10158000000000000000000000000000000000005B
:10159000000000000000000000000000000000004B
:1015A000000000000000000000000000000000003B
:1015B000000000000000000000000000000000002B
:1015C000000000000000000000000000000000001B
:1015D000000000000000000000000000000000000B
:1015E00000000000000000000000000000000000FB
:1015F00000000000000000000000000000000000EB
:1016000000000000000000000000000000000000DA
:1016100000000000000000000000000000000000CA
:1016200000000000000000000000000000000000BA
:1016300000000000000000000000000000000000AA
:10164000000000000000000000000000000000009A
:10165000000000000000000000000000000000008A
:10166000000000000000000000000000000000007A
:10167000000000000000000000000000000000006A
:10168000000000000000000000000000000000005A
:10169000000000000000000000000000000000004A
:1016A000000000000000000000000000000000003A
:1016B000000000000000000000000000000000002A
:1016C000000000000000000000000000000000001A
:1016D000000000000000000000000000000000000A
:1016E00000000000000000000000000000000000FA
:1016F00000000000000000000000000000000000EA
:1017000000000000000000000000000000000000D9
:1017100000000000000000000000000000000000C9
:1017200000000000000000000000000000000000B9
:1017300000000000000000000000000000000000A9
:101740000000000000000000000000000000000099
:101750000000000000000000000000000000000089
:101760000000000000000000000000000000000079
:101770000000000000000000000000000000000069
:101780000000000000000000000000000000000059
:101790000000000000000000000000000000000049
:1017A0000000000000000000000000000000000039
:1017B0000000000000000000000000000000000029
:1017C0000000000000000000000000000000000019
:1017D0000000000000000000000000000000000009
:1017E00000000000000000000000000000000000F9
:1017F00000000000000000000000000000000000E9
:1018000000000000000000000000000000000000D8
:1018100000000000000000000000000000000000C8
:1018200000000000000000000000000000000000B8
:1018300000000000000000000000000000000000A8
:101840000000000000000000000000000000000098
:101850000000000000000000000000000000000088
:101860000000000000000000000000000000000078
:101870000000000000000000000000000000000068
:101880000000000000000000000000000000000058
:101890000000000000000000000000000000000048
:1018A0000000000000000000000000000000000038
:1018B0000000000000000000000000000000000028
:1018C0000000000000000000000000000000000018
:1018D0000000000000000000000000000000000008
:1018E00000000000000000000000000000000000F8
:1018F00000000000000000000000000000000000E8
:1019000000000000000000000000000000000000D7
:1019100000000000000000000000000000000000C7
:1019200000000000000000000000000000000000B7
:1019300000000000000000000000000000000000A7
:101940000000000000000000000000000000000097
:101950000000000000000000000000000000000087
:101960000000000000000000000000000000000077
:101970000000000000000000000000000000000067
:101980000000000000000000000000000000000057
:101990000000000000000000000000000000000047
:1019A0000000000000000000000000000000000037
:1019B0000000000000000000000000000000000027
:1019C0000000000000000000000000000000000017
:1019D0000000000000000000000000000000000007
:1019E00000000000000000000000000000000000F7
:1019F00000000000000000000000000000000000E7
:101A000000000000000000000000000000000000D6
:101A100000000000000000000000000000000000C6
:101A200000000000000000000000000000000000B6
:101A300000000000000000000000000000000000A6
:101A40000000000000000000000000000000000096
:101A50000000000000000000000000000000000086
:101A60000000000000000000000000000000000076
:101A70000000000000000000000000000000000066
:101A80000000000000000000000000000000000056
:101A90000000000000000000000000000000000046
:101AA0000000000000000000000000000000000036
:101AB0000000000000000000000000000000000026
:101AC0000000000000000000000000000000000016
:101AD0000000000000000000000000000000000006
:101AE00000000000000000000000000000000000F6
:101AF00000000000000000000000000000000000E6
:101B000000000000000000000000000000000000D5
:101B100000000000000000000000000000000000C5
:101B200000000000000000000000000000000000B5
:101B300000000000000000000000000000000000A5
:101B40000000000000000000000000000000000095
:101B50000000000000000000000000000000000085
:101B60000000000000000000000000000000000075
:101B70000000000000000000000000000000000065
:101B80000000000000000000000000000000000055
:101B90000000000000000000000000000000000045
:101BA0000000000000000000000000000000000035
:101BB0000000000000000000000000000000000025
:101BC0000000000000000000000000000000000015
:101BD0000000000000000000000000000000000005
:101BE00000000000000000000000000000000000F5
:101BF00000000000000000000000000000000000E5
:101C000000000000000000000000000000000000D4
:101C100000000000000000000000000000000000C4
:101C200000000000000000000000000000000000B4
:101C300000000000000000000000000000000000A4
:101C40000000000000000000000000000000000094
:101C50000000000000000000000000000000000084
:101C60000000000000000000000000000000000074
:101C70000000000000000000000000000000000064
:101C80000000000000000000000000000000000054
:101C90000000000000000000000000000000000044
:101CA0000000000000000000000000000000000034
:101CB0000000000000000000000000000000000024
:101CC0000000000000000000000000000000000014
:101CD0000000000000000000000000000000000004
:101CE00000000000000000000000000000000000F4
:101CF00000000000000000000000000000000000E4
:101D000000000000000000000000000000000000D3
:101D100000000000000000000000000000000000C3
:101D200000000000000000000000000000000000B3
:101D300000000000000000000000000000000000A3
:101D40000000000000000000000000000000000093
:101D50000000000000000000000000000000000083
:101D60000000000000000000000000000000000073
:101D70000000000000000000000000000000000063
:101D80000000000000000000000000000000000053
:101D90000000000000000000000000000000000043
:101DA0000000000000000000000000000000000033
:101DB0000000000000000000000000000000000023
:101DC0000000000000000000000000000000000013
:101DD0000000000000000000000000000000000003
:101DE00000000000000000000000000000000000F3
:101DF00000000000000000000000000000000000E3
:101E000000000000000000000000000000000000D2
:101E100000000000000000000000000000000000C2
:101E200000000000000000000000000000000000B2
:101E300000000000000000000000000000000000A2
:101E40000000000000000000000000000000000092
:101E50000000000000000000000000000000000082
:101E60000000000000000000000000000000000072
:101E70000000000000000000000000000000000062
:101E80000000000000000000000000000000000052
:101E90000000000000000000000000000000000042
:101EA0000000000000000000000000000000000032
:101EB0000000000000000000000000000000000022
:101EC0000000000000000000000000000000000012
:101ED0000000000000000000000000000000000002
:101EE00000000000000000000000000000000000F2
:101EF00000000000000000000000000000000000E2
:101F000000000000000000000000000000000000D1
:101F100000000000000000000000000000000000C1
:101F200000000000000000000000000000000000B1
:101F300000000000000000000000000000000000A1
:101F40000000000000000000000000000000000091
:101F50000000000000000000000000000000000081
:101F60000000000000000000000000000000000071
:101F70000000000000000000000000000000000061
:101F80000000000000000000000000000000000051
:101F90000000000000000000000000000000000041
:101FA0000000000000000000000000000000000031
:101FB0000000000000000000000000000000000021
:101FC0000000000000000000000000000000000011
:101FD0000000000000000000000000000000000001
:101FE00000000000000000000000000000000000F1
:101FF00000000000000000000000000000000000E1
:1020000000000000000000000000000000000000D0
:1020100000000000000000000000000000000000C0
:1020200000000000000000000000000000000000B0
:1020300000000000000000000000000000000000A0
:102040000000000000000000000000000000000090
:102050000000000000000000000000000000000080
:102060000000000000000000000000000000000070
:102070000000000000000000000000000000000060
:102080000000000000000000000000000000000050
:102090000000000000000000000000000000000040
:1020A0000000000000000000000000000000000030
:1020B0000000000000000000000000000000000020
:1020C0000000000000000000000000000000000010
:1020D0000000000000000000000000000000000000
:1020E00000000000000000000000000000000000F0
:1020F00000000000000000000000000000000000E0
:1021000000000000000000000000000000000000CF
:1021100000000000000000000000000000000000BF
:1021200000000000000000000000000000000000AF
:10213000000000000000000000000000000000009F
:10214000000000000000000000000000000000008F
:10215000000000000000000000000000000000007F
:10216000000000000000000000000000000000006F
:10217000000000000000000000000000000000005F
:10218000000000000000000000000000000000004F
:10219000000000000000000000000000000000003F
:1021A000000000000000000000000000000000002F
:1021B000000000000000000000000000000000001F
:1021C000000000000000000000000000000000000F
:1021D00000000000000000000000000000000000FF
:1021E00000000000000000000000000000000000EF
:1021F00000000000000000000000000000000000DF
:1022000000000000000000000000000000000000CE
:1022100000000000000000000000000000000000BE
:1022200000000000000000000000000000000000AE
:10223000000000000000000000000000000000009E
:10224000000000000000000000000000000000008E
:10225000000000000000000000000000000000007E
:10226000000000000000000000000000000000006E
:10227000000000000000000000000000000000005E
:10228000000000000000000000000000000000004E
:10229000000000000000000000000000000000003E
:1022A000000000000000000000000000000000002E
:1022B000000000000000000000000000000000001E
:1022C000000000000000000000000000000000000E
:1022D00000000000000000000000000000000000FE
:1022E00000000000000000000000000000000000EE
:1022F00000000000000000000000000000000000DE
:1023000000000000000000000000000000000000CD
:1023100000000000000000000000000000000000BD
:1023200000000000000000000000000000000000AD
:10233000000000000000000000000000000000009D
:10234000000000000000000000000000000000008D
:10235000000000000000000000000000000000007D
:10236000000000000000000000000000000000006D
:10237000000000000000000000000000000000005D
:10238000000000000000000000000000000000004D
:10239000000000000000000000000000000000003D
:1023A000000000000000000000000000000000002D
:1023B000000000000000000000000000000000001D
:1023C000000000000000000000000000000000000D
:1023D00000000000000000000000000000000000FD
:1023E00000000000000000000000000000000000ED
:1023F00000000000000000000000000000000000DD
:1024000000000000000000000000000000000000CC
:1024100000000000000000000000000000000000BC
:1024200000000000000000000000000000000000AC
:10243000000000000000000000000000000000009C
:10244000000000000000000000000000000000008C
:10245000000000000000000000000000000000007C
:10246000000000000000000000000000000000006C
:10247000000000000000000000000000000000005C
:10248000000000000000000000000000000000004C
:10249000000000000000000000000000000000003C
:1024A000000000000000000000000000000000002C
:1024B000000000000000000000000000000000001C
:1024C000000000000000000000000000000000000C
:1024D00000000000000000000000000000000000FC
:1024E00000000000000000000000000000000000EC
:1024F00000000000000000000000000000000000DC
:1025000000000000000000000000000000000000CB
:1025100000000000000000000000000000000000BB
:1025200000000000000000000000000000000000AB
:10253000000000000000000000000000000000009B
:10254000000000000000000000000000000000008B
:10255000000000000000000000000000000000007B
:10256000000000000000000000000000000000006B
:10257000000000000000000000000000000000005B
:10258000000000000000000000000000000000004B
:10259000000000000000000000000000000000003B
:1025A000000000000000000000000000000000002B
:1025B000000000000000000000000000000000001B
:1025C000000000000000000000000000000000000B
:1025D00000000000000000000000000000000000FB
:1025E00000000000000000000000000000000000EB
:1025F00000000000000000000000000000000000DB
:1026000000000000000000000000000000000000CA
:1026100000000000000000000000000000000000BA
:1026200000000000000000000000000000000000AA
:10263000000000000000000000000000000000009A
:10264000000000000000000000000000000000008A
:10265000000000000000000000000000000000007A
:10266000000000000000000000000000000000006A
:10267000000000000000000000000000000000005A
:10268000000000000000000000000000000000004A
:10269000000000000000000000000000000000003A
:1026A000000000000000000000000000000000002A
:1026B000000000000000000000000000000000001A
:1026C000000000000000000000000000000000000A
:1026D00000000000000000000000000000000000FA
:1026E00000000000000000000000000000000000EA
:1026F00000000000000000000000000000000000DA
:1027000000000000000000000000000000000000C9
:1027100000000000000000000000000000000000B9
:1027200000000000000000000000000000000000A9
:102730000000000000000000000000000000000099
:102740000000000000000000000000000000000089
:102750000000000000000000000000000000000079
:102760000000000000000000000000000000000069
:102770000000000000000000000000000000000059
:102780000000000000000000000000000000000049
:102790000000000000000000000000000000000039
:1027A0000000000000000000000000000000000029
:1027B0000000000000000000000000000000000019
:1027C0000000000000000000000000000000000009
:1027D00000000000000000000000000000000000F9
:1027E00000000000000000000000000000000000E9
:1027F00000000000000000000000000000000000D9
:1028000000000000000000000000000000000000C8
:1028100000000000000000000000000000000000B8
:1028200000000000000000000000000000000000A8
:102830000000000000000000000000000000000098
:102840000000000000000000000000000000000088
:102850000000000000000000000000000000000078
:102860000000000000000000000000000000000068
:102870000000000000000000000000000000000058
:102880000000000000000000000000000000000048
:102890000000000000000000000000000000000038
:1028A0000000000000000000000000000000000028
:1028B0000000000000000000000000000000000018
:1028C0000000000000000000000000000000000008
:1028D00000000000000000000000000000000000F8
:1028E00000000000000000000000000000000000E8
:1028F00000000000000000000000000000000000D8
:1029000000000000000000000000000000000000C7
:1029100000000000000000000000000000000000B7
:1029200000000000000000000000000000000000A7
:102930000000000000000000000000000000000097
:102940000000000000000000000000000000000087
:102950000000000000000000000000000000000077
:102960000000000000000000000000000000000067
:102970000000000000000000000000000000000057
:102980000000000000000000000000000000000047
:102990000000000000000000000000000000000037
:1029A0000000000000000000000000000000000027
:1029B0000000000000000000000000000000000017
:1029C0000000000000000000000000000000000007
:1029D00000000000000000000000000000000000F7
:1029E00000000000000000000000000000000000E7
:1029F00000000000000000000000000000000000D7
:102A000000000000000000000000000000000000C6
:102A100000000000000000000000000000000000B6
:102A200000000000000000000000000000000000A6
:102A30000000000000000000000000000000000096
:102A40000000000000000000000000000000000086
:102A50000000000000000000000000000000000076
:102A60000000000000000000000000000000000066
:102A70000000000000000000000000000000000056
:102A80000000000000000000000000000000000046
:102A90000000000000000000000000000000000036
:102AA0000000000000000000000000000000000026
:102AB0000000000000000000000000000000000016
:102AC0000000000000000000000000000000000006
:102AD00000000000000000000000000000000000F6
:102AE00000000000000000000000000000000000E6
:102AF00000000000000000000000000000000000D6
:102B000000000000000000000000000000000000C5
:102B100000000000000000000000000000000000B5
:102B200000000000000000000000000000000000A5
:102B30000000000000000000000000000000000095
:102B40000000000000000000000000000000000085
:102B50000000000000000000000000000000000075
:102B60000000000000000000000000000000000065
:102B70000000000000000000000000000000000055
:102B80000000000000000000000000000000000045
:102B90000000000000000000000000000000000035
:102BA0000000000000000000000000000000000025
:102BB0000000000000000000000000000000000015
:102BC0000000000000000000000000000000000005
:102BD00000000000000000000000000000000000F5
:102BE00000000000000000000000000000000000E5
:102BF00000000000000000000000000000000000D5
:102C000000000000000000000000000000000000C4
:102C100000000000000000000000000000000000B4
:102C200000000000000000000000000000000000A4
:102C30000000000000000000000000000000000094
:102C40000000000000000000000000000000000084
:102C50000000000000000000000000000000000074
:102C60000000000000000000000000000000000064
:102C70000000000000000000000000000000000054
:102C80000000000000000000000000000000000044
:102C90000000000000000000000000000000000034
:102CA0000000000000000000000000000000000024
:102CB0000000000000000000000000000000000014
:102CC0000000000000000000000000000000000004
:102CD00000000000000000000000000000000000F4
:102CE00000000000000000000000000000000000E4
:102CF00000000000000000000000000000000000D4
:102D000000000000000000000000000000000000C3
:102D100000000000000000000000000000000000B3
:102D200000000000000000000000000000000000A3
:102D30000000000000000000000000000000000093
:102D40000000000000000000000000000000000083
:102D50000000000000000000000000000000000073
:102D60000000000000000000000000000000000063
:102D70000000000000000000000000000000000053
:102D80000000000000000000000000000000000043
:102D90000000000000000000000000000000000033
:102DA0000000000000000000000000000000000023
:102DB0000000000000000000000000000000000013
:102DC0000000000000000000000000000000000003
:102DD00000000000000000000000000000000000F3
:102DE00000000000000000000000000000000000E3
:102DF00000000000000000000000000000000000D3
:102E000000000000000000000000000000000000C2
:102E100000000000000000000000000000000000B2
:102E200000000000000000000000000000000000A2
:102E30000000000000000000000000000000000092
:102E40000000000000000000000000000000000082
:102E50000000000000000000000000000000000072
:102E60000000000000000000000000000000000062
:102E70000000000000000000000000000000000052
:102E80000000000000000000000000000000000042
:102E90000000000000000000000000000000000032
:102EA0000000000000000000000000000000000022
:102EB0000000000000000000000000000000000012
:102EC0000000000000000000000000000000000002
:102ED00000000000000000000000000000000000F2
:102EE00000000000000000000000000000000000E2
:102EF00000000000000000000000000000000000D2
:102F000000000000000000000000000000000000C1
:102F100000000000000000000000000000000000B1
:102F200000000000000000000000000000000000A1
:102F30000000000000000000000000000000000091
:102F40000000000000000000000000000000000081
:102F50000000000000000000000000000000000071
:102F60000000000000000000000000000000000061
:102F70000000000000000000000000000000000051
:102F80000000000000000000000000000000000041
:102F90000000000000000000000000000000000031
:102FA0000000000000000000000000000000000021
:102FB0000000000000000000000000000000000011
:102FC0000000000000000000000000000000000001
:102FD00000000000000000000000000000000000F1
:102FE00000000000000000000000000000000000E1
:102FF00000000000000000000000000000000000D1
:1030000000000000000000000000000000000000C0
:1030100000000000000000000000000000000000B0
:1030200000000000000000000000000000000000A0
:103030000000000000000000000000000000000090
:103040000000000000000000000000000000000080
:103050000000000000000000000000000000000070
:103060000000000000000000000000000000000060
:103070000000000000000000000000000000000050
:103080000000000000000000000000000000000040
:103090000000000000000000000000000000000030
:1030A0000000000000000000000000000000000020
:1030B0000000000000000000000000000000000010
:1030C0000000000000000000000000000000000000
:1030D00000000000000000000000000000000000F0
:1030E00000000000000000000000000000000000E0
:1030F00000000000000000000000000000000000D0
:1031000000000000000000000000000000000000BF
:1031100000000000000000000000000000000000AF
:10312000000000000000000000000000000000009F
:10313000000000000000000000000000000000008F
:10314000000000000000000000000000000000007F
:10315000000000000000000000000000000000006F
:10316000000000000000000000000000000000005F
:10317000000000000000000000000000000000004F
:10318000000000000000000000000000000000003F
:10319000000000000000000000000000000000002F
:1031A000000000000000000000000000000000001F
:1031B000000000000000000000000000000000000F
:1031C00000000000000000000000000000000000FF
:1031D00000000000000000000000000000000000EF
:1031E00000000000000000000000000000000000DF
:1031F00000000000000000000000000000000000CF
:1032000000000000000000000000000000000000BE
:1032100000000000000000000000000000000000AE
:10322000000000000000000000000000000000009E
:10323000000000000000000000000000000000008E
:10324000000000000000000000000000000000007E
:10325000000000000000000000000000000000006E
:10326000000000000000000000000000000000005E
:10327000000000000000000000000000000000004E
:10328000000000000000000000000000000000003E
:10329000000000000000000000000000000000002E
:1032A000000000000000000000000000000000001E
:1032B000000000000000000000000000000000000E
:1032C00000000000000000000000000000000000FE
:1032D00000000000000000000000000000000000EE
:1032E00000000000000000000000000000000000DE
:1032F00000000000000000000000000000000000CE
:1033000000000000000000000000000000000000BD
:1033100000000000000000000000000000000000AD
:10332000000000000000000000000000000000009D
:10333000000000000000000000000000000000008D
:10334000000000000000000000000000000000007D
:10335000000000000000000000000000000000006D
:10336000000000000000000000000000000000005D
:10337000000000000000000000000000000000004D
:10338000000000000000000000000000000000003D
:10339000000000000000000000000000000000002D
:1033A000000000000000000000000000000000001D
:1033B000000000000000000000000000000000000D
:1033C00000000000000000000000000000000000FD
:1033D00000000000000000000000000000000000ED
:1033E00000000000000000000000000000000000DD
:1033F00000000000000000000000000000000000CD
:1034000000000000000000000000000000000000BC
:1034100000000000000000000000000000000000AC
:10342000000000000000000000000000000000009C
:10343000000000000000000000000000000000008C
:10344000000000000000000000000000000000007C
:10345000000000000000000000000000000000006C
:10346000000000000000000000000000000000005C
:10347000000000000000000000000000000000004C
:10348000000000000000000000000000000000003C
:10349000000000000000000000000000000000002C
:1034A000000000000000000000000000000000001C
:1034B000000000000000000000000000000000000C
:1034C00000000000000000000000000000000000FC
:1034D00000000000000000000000000000000000EC
:1034E00000000000000000000000000000000000DC
:1034F00000000000000000000000000000000000CC
:1035000000000000000000000000000000000000BB
:1035100000000000000000000000000000000000AB
:10352000000000000000000000000000000000009B
:10353000000000000000000000000000000000008B
:10354000000000000000000000000000000000007B
:10355000000000000000000000000000000000006B
:10356000000000000000000000000000000000005B
:10357000000000000000000000000000000000004B
:10358000000000000000000000000000000000003B
:10359000000000000000000000000000000000002B
:1035A000000000000000000000000000000000001B
:1035B000000000000000000000000000000000000B
:1035C00000000000000000000000000000000000FB
:1035D00000000000000000000000000000000000EB
:1035E00000000000000000000000000000000000DB
:1035F00000000000000000000000000000000000CB
:1036000000000000000000000000000000000000BA
:1036100000000000000000000000000000000000AA
:10362000000000000000000000000000000000009A
:10363000000000000000000000000000000000008A
:10364000000000000000000000000000000000007A
:10365000000000000000000000000000000000006A
:10366000000000000000000000000000000000005A
:10367000000000000000000000000000000000004A
:10368000000000000000000000000000000000003A
:10369000000000000000000000000000000000002A
:1036A000000000000000000000000000000000001A
:1036B000000000000000000000000000000000000A
:1036C00000000000000000000000000000000000FA
:1036D00000000000000000000000000000000000EA
:1036E00000000000000000000000000000000000DA
:1036F00000000000000000000000000000000000CA
:1037000000000000000000000000000000000000B9
:1037100000000000000000000000000000000000A9
:103720000000000000000000000000000000000099
:103730000000000000000000000000000000000089
:103740000000000000000000000000000000000079
:103750000000000000000000000000000000000069
:103760000000000000000000000000000000000059
:103770000000000000000000000000000000000049
:103780000000000000000000000000000000000039
:103790000000000000000000000000000000000029
:1037A0000000000000000000000000000000000019
:1037B0000000000000000000000000000000000009
:1037C00000000000000000000000000000000000F9
:1037D00000000000000000000000000000000000E9
:1037E00000000000000000000000000000000000D9
:1037F00000000000000000000000000000000000C9
:1038000000000000000000000000000000000000B8
:1038100000000000000000000000000000000000A8
:103820000000000000000000000000000000000098
:103830000000000000000000000000000000000088
:103840000000000000000000000000000000000078
:103850000000000000000000000000000000000068
:103860000000000000000000000000000000000058
:103870000000000000000000000000000000000048
:103880000000000000000000000000000000000038
:103890000000000000000000000000000000000028
:1038A0000000000000000000000000000000000018
:1038B0000000000000000000000000000000000008
:1038C00000000000000000000000000000000000F8
:1038D00000000000000000000000000000000000E8
:1038E00000000000000000000000000000000000D8
:1038F00000000000000000000000000000000000C8
:1039000000000000000000000000000000000000B7
:1039100000000000000000000000000000000000A7
:103920000000000000000000000000000000000097
:103930000000000000000000000000000000000087
:103940000000000000000000000000000000000077
:103950000000000000000000000000000000000067
:103960000000000000000000000000000000000057
:103970000000000000000000000000000000000047
:103980000000000000000000000000000000000037
:103990000000000000000000000000000000000027
:1039A0000000000000000000000000000000000017
:1039B0000000000000000000000000000000000007
:1039C00000000000000000000000000000000000F7
:1039D00000000000000000000000000000000000E7
:1039E00000000000000000000000000000000000D7
:1039F00000000000000000000000000000000000C7
:103A000000000000000000000000000000000000B6
:103A100000000000000000000000000000000000A6
:103A20000000000000000000000000000000000096
:103A30000000000000000000000000000000000086
:103A40000000000000000000000000000000000076
:103A50000000000000000000000000000000000066
:103A60000000000000000000000000000000000056
:103A70000000000000000000000000000000000046
:103A80000000000000000000000000000000000036
:103A90000000000000000000000000000000000026
:103AA0000000000000000000000000000000000016
:103AB0000000000000000000000000000000000006
:103AC00000000000000000000000000000000000F6
:103AD00000000000000000000000000000000000E6
:103AE00000000000000000000000000000000000D6
:103AF00000000000000000000000000000000000C6
:103B000000000000000000000000000000000000B5
:103B100000000000000000000000000000000000A5
:103B20000000000000000000000000000000000095
:103B30000000000000000000000000000000000085
:103B40000000000000000000000000000000000075
:103B50000000000000000000000000000000000065
:103B60000000000000000000000000000000000055
:103B70000000000000000000000000000000000045
:103B80000000000000000000000000000000000035
:103B90000000000000000000000000000000000025
:103BA0000000000000000000000000000000000015
:103BB0000000000000000000000000000000000005
:103BC00000000000000000000000000000000000F5
:103BD00000000000000000000000000000000000E5
:103BE00000000000000000000000000000000000D5
:103BF00000000000000000000000000000000000C5
:103C000000000000000000000000000000000000B4
:103C100000000000000000000000000000000000A4
:103C20000000000000000000000000000000000094
:103C30000000000000000000000000000000000084
:103C40000000000000000000000000000000000074
:103C50000000000000000000000000000000000064
:103C60000000000000000000000000000000000054
:103C70000000000000000000000000000000000044
:103C80000000000000000000000000000000000034
:103C90000000000000000000000000000000000024
:103CA0000000000000000000000000000000000014
:103CB0000000000000000000000000000000000004
:103CC00000000000000000000000000000000000F4
:103CD00000000000000000000000000000000000E4
:103CE00000000000000000000000000000000000D4
:103CF00000000000000000000000000000000000C4
:103D000000000000000000000000000000000000B3
:103D100000000000000000000000803FFA81713DBB
:103D2000B9C75B3FF84503BF45BDF23E8A6661BF38
:103D3000ED2636BD2ABF7FBFCFEA0CBF93B955BF72
:103D40002F9366BFA273DEBEC8FC7EBFDAF8B53D16
:103D50002A3F4FBF4748163F51B9C9BE0B4B6B3F77
:103D60000841083E3FB97D3FA0591F3FCA5B483F0D
:103D7000B98B6F3FD698B43E32F57B3F984035BE45
:103D8000ED12413F401A28BFE11C9F3E0E5373BF06
:103D900059E461BE83B179BFBA8530BF426839BF8B
:103DA000239F76BF4F5089BE5AEF76BFDA0A873E0F
:103DB000AC5F31BFCB97383F617C66BE4E6E793FBA
:103DC00021DF9C3E1FB0733F5D4C403F41FD283FCB
:103DD00022BF7B3F6DE3393E75F56F3FEF63B2BEA7
:103DE0003D45203F859F47BF4EEC0C3E6E907DBF0A
:103DF000608EC7BE3BC16BBF8E8D4EBF073C17BFE9
:103E00004AE17EBF8A5BBFBD971567BFC053DC3EEA
:103E100037E60DBFFB12553F1DFB48BD0FB17F3F7D
:103E200088A9F03EEAF4613F7A2C5B3F8A48043F60
:103E300051FF7F3FDDCB963BC9615C3FB24202BF81
:103E4000B4CFF43EF2D660BFBA5123BDE2CB7FBF00
:103E5000A3EE0BBF015F56BF850F66BF4D92E0BE5C
:103E6000E2167FBF2D95AC3DA5EF4FBFB753153F71
:103E700029E3CBBE95D36A3F0795033EB1E07D3F72
:103E8000286D1E3FFB16493FB4206F3FC5CCB63EA0
:103E9000E8297C3FC89C30BE73D8413F563627BFC7
:103EA000C559A13EABF472BF134B5DBE5CF379BF45
:103EB000D0AA2FBFB4373ABF934D76BF04958BBEBF
:103EC000383E77BFAAC4843EA83832BF55C6373FB4
:103ED0002A136BBEC029793F8AA09A3EE00B743F3B
:103EE000C4843F3F5ADF293FB7877B3F44853E3E2E
:103EF000E55D703F0F2EB0BEFA2F213F29E246BF8D
:103F0000D096113E39667DBF5662C5BE1F366CBF66
:103F1000D0DA4DBFF12E18BF68C47EBF2ABDC8BD20
:103F2000BF9667BFAF32DA3EDBE00EBF3E6B543F59
:103F30003CCE5BBD98A17F3F8194EE3E1782623FED
:103F40000F905A3F674A053F3DFD7F3FC1CB163C6E
:103F5000A3FA5C3FB33E01BFC7E0F63E1A4660BF1E
:103F60009E7B10BD2CD77FBFB1F10ABF3E0357BF68
:103F70009A8A65BFBCAFE2BE9E2F7FBF9D30A33D36
:103F8000099F50BF5F5E143FF20BCEBEE75A6A3FF7
:103F9000A6D0FD3DD0067E3FD67F1D3F19D1493FBB
:103FA0005AB46E3FB4FFB83E2D5D7C3FF1F72BBE97
:103FB000DB9C423F755126BFBD95A33EE89472BF7E
:103FC000A0B058BED8337ABFFFCE2EBF2F063BBF5E
:103FD000C8FA75BF01D98DBED88B77BFD17D823E1F
:103FE000B31033BFE6F3363FA6A86FBECCE3783FED
:103FF0000A61983E3B66743F1ABC3E3F85C02A3F2B
:10400000E54E7B3F1526433E54C4703FB9F6ADBE26
:104010007917223FD52046BF5639163E9D2E7DBFCB
:10402000331DC3BE8E8C6CBF50EE4CBFBCF618BFA8
:1040300052187EBFA1A8D1BD2A2667BF8A30D73EBD
:10404000E3D60EBFD743523FCBD86BBD7D967C3FA6
:104050005126E83E95E25E3F8FE3533FEB8F023FF0
:104060004796753F2202593C3DDC503FBABDF1BE38
:104070007B56E53EC6164EBFF7DAE0BC2CF664BFB1
:104080008715EEBE74163ABFEE0A3DBF55DCBCBEC6
:10409000D8C047BF02AF703DC1B519BF6782D83ED7
:1040A0000AF18DBE66721F3FDEE3983D4FF61E3F5C
:1040B0005B60B13EBF74E53E4229F13EE8753D3E8E
:1040C000BC0BE13E101895BD3EE7963EA98A7FBE27
:1040D000BA5ADA3D57849FBE63796ABDDB3A8ABE1D
:1040E0007A451EBE31922ABEBFC834BEAC1152BD45
:1040F000BCE510BEC5EC193DC56FA3BDBF85AA3D8B
:1041000058A599BCDA1FB63DD9E6D53C01248C3DB3
:10411000D4B1513DFF33133D0000803F81BD4C3D84
:104120008F2E5C3F319902BF3A80F53ECEA660BF2C
:10413000897B10BD38D77FBFAC480ABF287057BFF6
:104140007BD764BFCE7FE5BEEA5C7FBFB864903D9D
:10415000176D52BF1BCC113F3C36D5BE3DBF683FEB
:10416000A25DD83D3D917E3F1121193FFC264D3F78
:10417000D45C6C3FC6A8C43E75747D3FB40810BEC5
:10418000869F473F3A4520BFABDCB33E1BAF6FBFB6
:10419000BAB433BEEB067CBF553627BF73D841BFD8
:1041A00005B572BF34D7A2BE11497ABF9427573ED6
:1041B00097D33BBF2BF22D3FD79D91BE986D753F96
:1041C000D7557A3E763B783F9176343FE692353F3D
:1041D000F8D7773F2236803EC8DE753F209A8EBEE4
:1041E0005E182F3F75C13ABF274B5D3E5FF379BF25
:1041F000EADB9FBEC03373BFDAD040BF076628BF7B
:1042000021BF7BBF6AE339BE363B70BFCFEAB03E09
:10421000037E21BFD0A2463F744016BEAC3A7D3F1C
:104220004EC1C13E23F66C3F79354C3F92621A3F36
:1042300089657E3F7BDBE43D9465693F075AD2BECA
:10424000F215133F108751BF13ED9C3D563F7FBFC2
:10425000C1AFE2BEA18A65BFE59556BF6B9A0BBFA1
:10426000CBC77FBFD89829BD876661BF48BDF23EE6
:1042700069F203BF5C605B3F9C0DC9BBC4FE7F3F1E
:10428000B83E013FA3FA5C3FECE45F3FCA40F83E12
:104290002EE47F3FF7B9EEBC5748583F9AF508BF68
:1042A000A54DE83E212264BFF3DA83BD09787FBFC4
:1042B000DA8010BF185153BFA61668BF6710D8BE6A
:1042C0007CBA7EBF9FDDCB3D84164EBF15DE173F07
:1042D0005A8EC7BE3EC16B3F96CF093ECEAB7D3FE7
:1042E000E90A1F3F519A483FB5206F3FC9CCB63EFF
:1042F000494C7C3F56842DBE2EDE423F080526BF2A
:10430000ECD0A53EF23372BFE60151BE569C7ABF97
:1043100046CA2CBFE8E33CBF07FA74BF28A094BE8E
:10432000909C78BFFB3C743E7DAD36BF7F58333FD9
:104330001C4083BE1972773F0F958B3E9E4D763F92
:104340008BAD393FE43C303F489B793F966C633EF0
:1043500021B0733F16DF9CBE1694293F60C73FBF54
:104360004F10403EE2747BBF36F7ADBEF9C470BF5C
:104370002BA445BF3CB522BF74FE7CBFC6761CBED5
:10438000318D6DBFFDD7BE3E9CA21BBF08424B3F87
:104390002557F1BD6C377E3FCF7BCF3EAF096A3FDB
:1043A000009F503F5C5E143F3F1F7F3FEA73A93D73
:1043B000833B663F74DDDFBECCEA0C3F85B955BF59
:1043C0008AB4423DE6B57FBF0CF8EFBE1F2462BF42
:1043D0001D905ABF654A05BF23FB7FBF7D0C49BCBA
:1043E00098C45DBF04C6FF3EE9FEFABED3205F3F1E
:1043F0002F7ABC3C9AEE7F3F33A1073F731E593F93
:10440000946A633F4419EB3EFB8F7F3F189F6EBD5C
:10441000F92F543F22320FBF0DDEDA3ED26067BF64
:104420002E44BFBDD3C17EBF087016BFDBCA4EBFCE
:1044300062A06ABF3601CABE9FD97CBFB90C033ED9
:10444000162748BFFBB11C3F4691B7BE7CC86B3FE7
:10445000903F243EEAEB773F503D203F30703E3F97
:1044600080E1673F66EFA13E05886C3F3F373FBE66
:104470007FFD2E3F261D1EBF87AD873E29CB5ABF2D
:10448000D77C4DBEA0D956BFED1C13BF79B217BF64
:10449000754E41BFB82752BEDB3135BFA392483EAF
:1044A0007DD9F1BE6EB1FB3E101012BE16E31B3F6C
:1044B00010542E3E784E0A3F420BC13EDCD1AC3E3A
:1044C000E8CBDF3ECBA2B03D505EBA3E451804BEFD
:1044D00030D4573EDC8281BE7FA4323D9D768BBEB8
:1044E0006596ABBD73F457BEACF114BECA02E4BD11
:1044F00077B013BEA7AA80BCAE70D0BD577F483D31
:10450000D24D37BD1D8E983D5B6CC13B9E16893DDB
:1045100018EC1E3DFDAA1C3DFFFF7F3F8CCD083DE2
:10452000DD945C3F1AEC01BFCD40F83EE8E45FBF8C
:104530004D9AD5BCB8E97FBF35A107BF6C1E59BFE6
:10454000FD0D63BF247EECBEE4A67FBF1688553DFB
:104550002C8255BFB53E0D3F4A92E0BE890F663FA3
:10456000E50EA03D8C377F3F9CC3123FC0C0513F3A
:1045700007E9683F627FD43EC89B7E3FB33DD5BD0F
:10458000D7DA4D3FF42E18BF8247C83EFB996BBF68
:10459000B92305BEB4D37DBFD17F1DBF15D149BF9F
:1045A000EC216EBFB8ECBBBE6CDF7CBF80911F3EC0
:1045B0002CA445BF45B5223F3371AFBE6780703F25
:1045C00076E3393E1FBF7B3F62CE273FDF54413F3A
:1045D00004B5723F32D7A23E03737A3FFC1454BE37
:1045E000EFE33C3F49CA2CBFDA20963E63BF74BF5D
:1045F000A3216EBE4DFB78BF1DA831BF185238BF36
:10460000259F76BF4F5089BE395877BF7402843ECC
:1046100026A033BF0567363FBECF78BEF753783F3D
:1046200014DD903E1A8A753F2A063B3FF7CE2E3F97
:1046300092DD793FADD35E3E4291733F759E9DBE44
:104640005CDF293FC1843FBFC9B0443EAD3B7BBF67
:104650006D44AABEFE6D71BF00E243BF25D224BFE8
:10466000076E7CBF866B2ABEAD206FBFC7CCB63E3F
:104670003DA81FBF271D483FA90810BE73747D3F8A
:104680004835C33EC5A96C3F79354C3F94621A3F0B
:10469000C54E7E3FB119EB3DAC096A3FC77BCFBE2B
:1046A0000902153F3C2A50BFF5F8B53DCBFC7EBF53
:1046B0002F9EDBBECB4067BFC1FA53BF82870FBFBF
:1046C000697E7FBF53B880BDA74F64BF619AE73E44
:1046D00004F409BF63A6573F01C316BD98D37F3FBB
:1046E0003D6EF33ED336613F7D2C5B3F8E48043FE9
:1046F0003FFC7F3F02EE2F3CC5F65D3FAF17FFBE8C
:104700000E0CFD3E678C5EBFB6507BBC48F87FBF89
:10471000604A05BF04905ABF93C561BFDE5AF1BE1F
:10472000C7C77FBF3F99293D430357BFBAF10A3F2F
:10473000C77FE5BE7FD7643F18208A3DCE6A7F3FA2
:10474000E080103F2151533F8DC1673FC87CD93E67
:1047500051E17E3F625BBFBD227A4F3FD4F615BF69
:10476000CB53CD3E35836ABFB675F4BD692B7EBF92
:10477000B9521BBF007F4BBF1C1C6DBF1007C1BED1
:104780005B497DBFCEB2143E896047BF9D93203FF9
:10479000DC98B4BEC48B6F3FA1102F3E333B7C3FEF
:1047A00076B8253F531F433F99D1713F2A0BA83E4E
:1047B00005017B3FF54F49BE16BC3E3F77C02ABF7F
:1047C00023609B3E69ED73BF996C63BE469B79BFC6
:1047D000E1AA2FBFBB373ABFD4DE75BF199A8EBE90
:1047E000030A78BF6E617D3EDE9235BF8976343F25
:1047F0004DBB81BE47A5773FFE948B3EA44D763FCF
:10480000E322393F8BCE303F1240793F388B693EEF
:10481000BB62743FD85E98BE14E32B3FEFA53DBF4B
:10482000745E4F3ED1917ABF0EE5A4BE6B1172BF8C
:10483000E9AD41BF218D26BF1BF07ABFB78434BEDE
:10484000C3666EBF8666B03E80E91FBFAC13443FAF
:10485000611118BE2868783F74D4B83E3E17673F90
:10486000C651423FF536163F34686F3FF030F23D97
:10487000759F583F4581BABE1F53073FF2D238BFDC
:1048800001EBAF3D24CF5BBF8C2CB1BEBED93FBF87
:104890005FA824BF0D2CE4BEE67E3BBF594A5DBD38
:1048A0007F7D1CBF408B9A3E4D71AFBED9EF053F57
:1048B000B893DCBCBDD8103FE377713E4A40E53E7B
:1048C0002805C23ED6EC6F3E8AACC53E4DA0073CE3
:1048D0002904933E69DD24BE4FF60D3E360274BEB8
:1048E0002EF1CDBA1FEB67BEBEE5C0BDC3B91FBE7A
:1048F00049AB01BE82DF88BD7BA4DFBD1773F73BE8
:104900005BB283BD1D43493D5B667ABC8E61633DEE
:10491000AEE2A73C31AB0E3DFFFF7F3FD027403CCE
:10492000A3FA5C3FB53E01BFF9FEFA3EDB205FBF54
:1049300016398ABCACF67FBF84F404BF52C45ABF98
:10494000D13661BF3A6EF3BEB1DA7FBF33340A3D70
:104950000B7E58BFA2A0083FB9CBEBBE5A3C633FC9
:10496000C1414F3D0CAC7F3FC9420C3FFD27563F34
:104970005331653F0C18E43EC76A7F3F08208ABD6B
:1049800056C2533FB8DA0FBFC453DC3E9A1567BF17
:104990002495ACBDE7167FBF2B6813BF3F4D51BFB9
:1049A00008E968BF667FD4BE6AB07EBFBDFDCE3D5C
:1049B000E2C84EBFDFEA163F879BCCBE7AAB6A3FA8
:1049C0003657F13D5C377E3F93621A3F76354C3F58
:1049D000D45C6C3FC7A8C43ECDAB7D3F86CF09BE3B
:1049E0002C93493F07CF1DBFB3A7BC3EF5FC6DBF5D
:1049F00069E91ABEBE0D7DBFFA2F21BF2BE246BF6B
:104A0000B88B6FBFD698B4BE385D7CBF08F82B3E1C
:104A1000A82244BF2B85243FCF7CACBE0609713F42
:104A200018FA3C3E519A7B3F62CE273FE054413F0B
:104A3000C874723F4054A43E19C57A3F60EE4DBE23
:104A400003793E3F5D0B2BBFB31F9C3EDDCE73BF92
:104A5000A8D35EBE93DD79BFDE3B2EBF3B8F3BBF4D
:104A6000251775BFBBDF93BED2E378BFB5A86F3EF5
:104A7000C79738BFAC5F313F02958BBE944D763FF0
:104A80002436803EF6D7773F9176343FE992353F22
:104A90001772773F2640833E0DBA763F948E88BECC
:104AA000CC80323F4D8037BF60C3753E898478BF6C
:104AB00010DD90BE1C8A75BFA27C3ABFA2612FBFD9
:104AC000D78479BF7AF464BE454874BFFE20993E0E
:104AD000B5352CBF666B3D3FFB1454BE02737A3F65
:104AE000C659A13EAFF4723F614C403F46FD283F9E
:104AF000EE4E7B3F1226433E5E8F713FC686A9BEB7
:104B00007AB8253F4E1F43BFD528323E79187CBF67
:104B100068A7B1BE621870BFFEE345BF936722BFAE
:104B2000A7CF7CBF961E21BEF38F6EBF20BBB93EC0
:104B3000E40A1FBF509A483FB60810BE7B747D3F01
:104B400050C1C13E2EF66C3F02424B3FA0A21B3F1C
:104B5000C8067E3FA8D0FD3D0D4B6B3F51B9C9BE85
:104B6000F22E183FD0DA4DBF2A7DDB3D81867EBF15
:104B7000A5A2D1BEC28E69BFAB6450BF33B014BF13
:104B8000C6F37EBFC319B9BD8CC167BFC37CD93E14
:104B9000AD2611BF63DF523F0EA996BD794E7F3F10
:104BA000F146E13E65E3653FA24A553F82920D3FE3
:104BB00070967F3F7F5A683D6AF4633FAC00E9BE60
:104BC00005F4093F5EA657BFA351233DE3CB7FBF4A
:104BD00093A9F0BEEFF461BF72F259BF834B06BFD9
:104BE000A5EE7FBF397ABCBCDEE45FBFBF40F83EB4
:104BF000309902BF882E5C3F0311C9BBD5FE7F3FB1
:104C0000FDC5FF3EA7C45D3F0F5A5E3F15BAFD3E8E
:104C100080F87F3F46EA2FBC9E895B3FF69503BF35
:104C20001912F63EC95A60BF8DECE1BC3CA07FBFB3
:104C3000850007BF7CDA58BF589761BF399DEDBE2C
:104C400042F17DBFF0DD343D198254BF5C53093F12
:104C500099A9E2BE014B603F0E30743D8A6A783FED
:104C600057C4083F11024C3F9F2F593F385BD23E3B
:104C7000E11E6B3F877493BDD2163C3F8FBF02BFCE
:104C800090D4B93E5D6A48BFBA89A0BD565C52BF98
:104C9000DC31EABEB38722BF4CE02BBF036098BE75
:104CA0006B6F2DBF1E069C3D334E00BFF889BF3E83
:104CB0006F1362BEEE8A053FC92C853DE479003F43
:104CC00027838B3E8579B43ECA5AB73E2BF3133EF9
:104CD0008ABDA63E39E543BD533F5C3E856330BE89
:104CE0002CA0A53D7B4B58BE8A9DF4BCB15B37BE62
:104CF0008ACABABDFA6FDEBD43F0CEBD64600FBD97
:104D00002FCB98BD8BD4873C4BA10CBDF3FC123D3F
:104D100044D87DBAB8E6D63CFFFF7F3FD02740BCE1
:104D2000E05F5D3FFF9000BFB9BAFD3EA75A5EBF8E
:104D3000BD53FBBB13FE7FBFB34202BFC7615CBF65
:104D400014525FBFA64FFABE4CF87FBF41517B3C67
:104D50005B605BBF6DF2033FCDE0F6BE2146603F76
:104D6000757ABC3CA6EE7F3F2BA0053FA05B5A3F67
:104D7000CF36613F386EF33E29E17F3FC049FBBC2F
:104D80009D53593FE94B07BFFBF7EF3E1B2462BF22
:104D9000980A1DBDD3CF7FBF9CF508BF544858BFAC
:104DA000FD0D63BF237EECBE9EBA7FBFCB6D3C3D45
:104DB000C73957BF3C9D0A3FB800E9BE71F4633F55
:104DC00036CE5B3D90A17F3FC8420C3FFD27563F4A
:104DD0007AD7643FCB7FE53EAC847F3F7B2B7BBDA6
:104DE000FD12553F3AE60DBF6BFBE13E14B765BFC0
:104DF00071428DBDEF637FBF86870FBFC4FA53BF7B
:104E0000309366BFA373DEBE533F7FBFEFEC9C3D84
:104E100058DF52BFA426113F81E8DABED46B673F4A
:104E20001F95AC3DE3167F3F9AC3123FC3C0513F6D
:104E30000441683F145AD73EA0EA7E3FCC3ABCBD3D
:104E4000069F503F5B5E14BF68C8D33EB21269BF75
:104E50008CDDCBBD81BA7EBFD9F615BF207A4FBF9E
:104E6000D5E069BF8A33D0BE87867EBF277DDB3D14
:104E70001A524EBF158D173F8C9BCCBE77AB6A3F45
:104E80009119EB3DC14E7E3F1121193FFF264D3F49
:104E90009A726B3F7A00C93E29137E3F81B2FABDF8
:104EA000CBF84B3FBCB21ABF5D62C53E27366CBF24
:104EB000C22305BEB2D37DBF09421CBF7DC74ABF16
:104EC0001EF66CBF47C1C1BE69907DBF3EEC0C3E73
:104ED000279349BF02CF1D3F4C1DBEBE92B26D3F0E
:104EE000B2B2143E5C497D3FA4591F3FCF5B483F9F
:104EF000756B6E3F7276BA3E79FE7C3FE7761CBEDC
:104F00006821473FD5E120BFC1CCB63EAF206FBF7F
:104F1000A73824BEB8AF7CBF936722BFFEE345BF6E
:104F200052D26FBF5720B3BE365D7CBFF7F72B3E22
:104F3000A7A344BFEDEA233F4071AFBE6C80703F32
:104F4000CCB4333EF3067C3FD26B253F5860433FE1
:104F5000DB2A713F79BFAB3ECEAC7B3FD66E3BBE0A
:104F6000071A423F27EA26BF190BA83E96D171BF08
:104F7000F72543BEDC4E7BBFFE6528BFD6D040BFC1
:104F8000C57472BF4454A4BE3FED7ABF4ADA4A3EAC
:104F9000CA843FBF5EDF293FEB9AA0BE5314733F24
:104FA000968B523EC7877A3F1C562B3FC3353E3FF8
:104FB00018B0733F17DF9C3E7A1E7A3F93395ABE72
:104FC000E8E33C3F44CA2CBF0321993E4B4874BFE1
:104FD00054E461BE8CB179BFE03B2EBF438F3BBF31
:104FE000C6DC74BF926095BEB54079BFAB8B693E9D
:104FF000B1373ABFCFAA2F3FE19D91BEA86D753F53
:10500000B12F713E4BCC783FAD16313FE6DC383FD7
:1050100020F7753FEAD68D3E1E48783FE4C378BE40
:105020009B69373FB16A32BFD0EB893EE93F76BF1B
:105030004CDD7FBED84D77BF4C2D33BFB16335BF3C
:105040009F4B75BF555685BE9E7674BFCC78823E09
:105050002D6C31BFC3F7313F71BA7DBE5EAA703F80
:10506000DC49823E4DD06C3F98322C3F870E293F61
:105070000882643FC66D693E6C645C3FD2CB79BEEA
:10508000E78B193F55D11EBF92DD4A3EAE234DBF7F
:105090001B5A60BE944E40BF892908BF1EA301BFA2
:1050A00059BE29BFB85822BEB05A19BF4206383E71
:1050B0004A5DC6BE0E93D33ECD46E9BD9D73FC3E10
:1050C0002A71063E61FBD93E4B44913E4D1F863E00
:1050D000BB7CA43E3EBF923D2B83863EEA43AABDE5
:1050E0005BF71B3E14382BBEF1251E3D10A335BEC9
:1050F00008FD2FBD47680ABE07C6A0BDBAB594BD5E
:1051000010EA97BDCFC996BCCA5F46BDC638343CCD
:10511000A212B7BC2FA7613CFFFF7F3F8CCD08BD1B
:1051200096C45D3FF5C5FFBE043A003F4E925DBF99
:105130003F0AC93AEDFF7FBFB817FFBEBEF65DBF9D
:10514000E35F5DBFFF9000BFB2FF7FBF2F1049BB81
:10515000C5285EBF4869FE3EE7E700BF522D5D3FB0
:105160002DCD96BB4EFF7F3FB6BAFD3EA75A5E3FA0
:10517000A2FA5C3FB63E013FC4FE7F3F2F0FC93B02
:10518000678C5E3F080CFDBE7195013FD4C75CBFC4
:10519000D951FB3B14FE7FBF2C5DFCBE06BE5EBF3B
:1051A000DE945CBF1CEC01BF3AFD7FBFA6CB16BCF2
:1051B00082EF5EBF1EAEFB3EB34202BFC4615C3FE6
:1051C000B1ED2FBC38FC7F3FF4FEFA3EDB205F3FA1
:1051D0008E2E5C3F3299023F12FB7F3F300E493CDE
:1051E00013525F3FAC4FFABE9EEF023F38FB5BBFEE
:1051F000602F623CC4F97FBF31A0F9BE28835FBF36
:10520000B8C75BBFF94503BF49F87FBFCF517BBC2F
:1052100019B45FBF87F0F83E3F9C03BF17945B3F14
:1052200085398ABCAAF67F3FC740F83EEAE45F3F73
:105230005C605B3F6DF2033FE9F47F3F67C9963CDA
:105240009815603FE690F7BE8848043F7D2C5BBF11
:10525000D759A33CFAF27FBFCCE0F6BE214660BF2F
:1052600073F85ABF919E04BFE1F07FBFC7EAAFBC9D
:10527000897660BF8A30F63E85F404BF4DC45A3F3C
:10528000D27ABCBCA7EE7F3F3880F53ED1A6603F06
:105290000E905A3F624A053F48EC7F3F3D0AC93CA9
:1052A000F3D6603FBCCFF4BE2BA0053FA45B5ABF32
:1052B000799AD53CB7E97FBF031FF4BEF00661BF02
:1052C00011275ABFE2F505BF01E77FBFFA2AE2BC0A
:1052D000D03661BF2F6EF33E854B06BF69F2593F52
:1052E00040BAEEBC2FE47F3F4DBDF23E8F66613F7A
:1052F000A4BD593F0FA1063F2EE17F3F2549FB3C4E
:105300002296613F320CF2BE83F6063FAD8859BF4C
:1053100093EC033DFBDD7FBFDE5AF1BE93C561BF59
:10532000955359BFEA4B07BFADDA7FBF80340ABD42
:10533000EEF461BF81A9F03E3BA107BF6F1E593F4C
:10534000A27B10BD40D77F3F0BF8EF3E1F24623F8A
:105350001DE9583F6CF6073F97D37F3FD4C2163DF7
:105360001F53623F4C46EFBE8D4B083F99B358BF69
:10537000B80A1D3DC8CF7FBF6B94EEBE0F8262BFDF
:105380000A7E58BFA8A008BFEBCB7FBF235223BD26
:10539000E3B062BF88E2ED3E9FF508BF5D48583F2D
:1053A000A19829BDD0C77F3F6C30ED3E73DF623FCF
:1053B0007412583F744A093F84C37F3FBDDF2F3DBD
:1053C000F70D633F1C7EECBE559F093F80DC57BF45
:1053D0008027363D36BF7FBFB7CBEBBE683C63BF8F
:1053E00061A657BF0EF409BF93BA7FBFE56D3CBD00
:1053F0008A6A63BF2E19EB3EAD480ABF3470573F2F
:1054000000B442BDF6B57F3FEE65EA3E0C98633FBF
:10541000A736573F369B0A3FDDA47F3FCCF1483D7E
:105420007FAA633FBE96E9BE55CB0A3FCEC756BFA3
:10543000C4CE4E3D951D7FBF3E0FE8BE3D0863BF05
:10544000B44855BF8D4A0ABF7CAC7CBFAB0A53BD84
:10545000AFF15FBFAB09E43E09B907BF059F503FFD
:105460007DE252BDAC41753FE750DA3E9C36573F76
:10547000B67D453FF1E9003F50B8643F9A4C4A3D44
:10548000962A453FBE3FC7BE998EE73E91C630BFC4
:1054900010D0353D24FF47BF070FA9BE41EE27BFFF
:1054A000BCDA11BFA1B1BFBEABD51FBF573E15BD02
:1054B0007BA001BFC1FF813E929F8EBE2E50D83E81
:1054C0009538DABC0FB4E33E22B2303E10E2B03E73
:1054D000C68D8C3E6E0C3A3EBBE08C3EBE368C3C9C
:1054E000EAE04F3E0CACCDBDFE56D03DFCCC1ABE22
:1054F0005CDC383C2F2A12BEDF9137BD8886CCBDDC
:10550000FB2F81BD61AA4FBDCC3663BD56D07CBC9C
:10551000698225BD4CD82DBA0000803F81BD4CBDAD
:10552000C3285E3F4D69FEBE7195013FD3C75CBF86
:1055300044EC2F3C3AFC7FBF32A0F9BE27835FBF0B
:105540005C605BBF6DF203BFE4F07FBF78EAAFBC85
:10555000F3D660BFAECFF43E854B06BF69F2593F2C
:10556000C1EC03BD00DE7F3FF7F7EF3E1B24623F37
:105570000A7E583FA2A0083F8FC37F3FFDDF2F3D2B
:10558000946A633F3519EBBEB5F10A3F4A0357BF32
:1055900021CE5B3D93A17FBF7933E6BE59AA64BF9C
:1055A0002D8255BFB43E0DBF09787FBF16DB83BD8A
:1055B0005FE365BFE946E13E87870FBFC1FA533F0E
:1055C00023CB99BDF4467F3FBD53DC3E9A15673F20
:1055D000186D523F19CC113F590E7F3F77B6AF3D42
:1055E0000341683F195AD7BE5E0C143F3AD950BFE9
:1055F000B49CC53D36CE7EBF0C5AD2BE916569BF04
:105600002B3F4FBF484816BF8A867EBF4A7DDBBD11
:105610003D836ABFC453CD3EC37F18BF009F4D3F3B
:105620004557F1BD5E377E3F7A47C83EFC996B3FD8
:10563000C9F84B3FB9B21A3FB3E07D3FFB94033E3C
:10564000C6A96C3F4C35C3BE1EE11C3F8A4C4ABF05
:10565000847A0E3E86827DBF4A1DBEBE93B26DBF68
:105660004C9A48BFE60A1FBFDC1C7DBFED5B19BE2C
:105670005EB46EBFAAFFB83EFC2F21BF27E2463FB3
:10568000B83824BEBEAF7C3FA6DCB33E1EAF6F3F32
:105690002A24453F4B50233F2C3B7C3F97102F3E05
:1056A000C7A2703F51B4AEBEC96B253F536043BF24
:1056B00067E3393E1FBF7BBFC086A9BE558F71BF50
:1056C000B39641BF698227BFA83B7BBFCAB044BE27
:1056D000C97472BF3654A43E199429BF67C73F3FAF
:1056E00041784FBECFB07A3FE51C9F3E1353733FC6
:1056F00073F23D3FC0A02B3F871E7A3F88395A3E48
:10570000252A743FD5E099BE55A82D3FD8173CBF38
:1057100084F4643ED78479BF28A094BE07FA74BF8E
:10572000B2373ABFD5AA2FBFD6E378BFCAA86FBE9B
:10573000BAC275BF2C5B8F3E24A831BF1A52383FC6
:10574000D0557ABE803B783F02128A3E1F84763F56
:105750000867363F26A0333FC28B773FB47D823E39
:10576000333E773FABC484BEE192353F897634BF88
:10577000C5CC873EBED476BFCAE67EBE12F177BFE7
:10578000C88032BF548037BF851676BFD2178DBE12
:10579000A19C78BFEB3C743E476839BFC285303F5F
:1057A0008B5E92BEEE50753FCC8B693EB540793F23
:1057B00072852E3FB14A3B3F1684743F07A1973E46
:1057C0008CDD793FA3D35EBEC2273D3F11802CBF45
:1057D0003ADF9C3E2EB073BFEF1454BE15737ABFF0
:1057E0008D752ABF23FF3EBFE0D472BF8418A2BECE
:1057F00001017BBF1A50493ED9D040BF0E66283FF9
:10580000174DA7BE92F2713FD4843E3EFE867B3F89
:10581000194F263F0F9A423F8BFD703FA274AC3E5A
:10582000CDE77B3F739E33BEF82C443FAF0A24BFC5
:105830008344B13EA2926FBFF02F28BE0E797BBF8A
:1058400010F520BFD8BD44BF8C576CBF88ABB4BE29
:10585000F64978BF8E1D1B3E2E5042BF92841B3FDF
:105860003E4CB4BED377643FB0B30A3E31CF6E3FF7
:10587000EB61113FE5B3393F922A543FD4B8AC3EB7
:105880002DF15A3F9F26EBBD81C7273F257800BFEA
:10589000DB049B3E4BB738BF921CB8BD51973ABF53
:1058A0008838D1BEDEB30BBF47F612BFE8207EBEFC
:1058B000391A10BF7DA2813DC00DD1BEE310993EC3
:1058C000338539BE5566D03E1CD01F3DC5B6C43E9B
:1058D0006F30443E5319893E975D803EA6A8EB3D4C
:1058E0005178673EA1B3A3BCCE5B1A3E9D1ED5BDC9
:1058F000CBD9823D616105BE6B8B9DBBB115E7BD08
:10590000D0C22FBD28C29ABD41BD5EBD6EB121BDC2
:10591000AFA556BD283874BC0000803FFA8171BD28
:10592000678C5E3F060CFDBE9FEF023F35FB5BBF01
:10593000FF59A33CF8F27FBF081FF4BEF10661BF18
:105940009C5359BFE74B07BFE1CB7FBFCC5123BD71
:10595000946A63BF2E19EB3E6B9A0BBFE495563FDA
:10596000F7E574BDC18A7F3F69FBE13E11B7653F32
:1059700056C2533FB9DA0F3F9F2F7F3F8B30A33D75
:105980002AEC673FA5C6D8BE5F0C143F37D950BF7D
:105990007FDDCB3D7FBA7EBFCB7BCFBEA6096ABF82
:1059A000D4DA4DBFF42E18BF702B7EBFC175F4BD85
:1059B000500F6CBFD01BC63E0D421CBF7EC74A3F76
:1059C0008F7A0EBE85827D3FAFA7BC3EF3FC6D3F54
:1059D000859F473F3C45203FCBBF7C3FB5AB223E38
:1059E0005AD26F3F5A20B3BE1938243F386344BFA0
:1059F0004DCC363E52E37BBFC486A9BE568F71BFE5
:105A0000EB1241BF3F1A28BF36ED7ABF51DA4ABECA
:105A1000BD3373BFECDB9F3E4AEB2BBFF8AE3D3F7F
:105A2000ACD35EBE92DD793FD320963E64BF743F17
:105A3000B9373A3FD4AA2F3F7DB4783F50B6723E73
:105A40001C32763F71568CBE7958333F80AD36BFDD
:105A50002040833E127277BFC07D82BEC38B77BF6A
:105A6000AD1033BFDEF336BF781676BFC1178DBEDB
:105A70003BCC78BF8E2F713EA67C3ABFA4612F3FEE
:105A800003E196BED7A1743F1D4B5D3E61F3793FA4
:105A9000C2A02B3F6FF23D3F4A14733FE39AA03EF2
:105AA0000E017B3F1E5049BEDE54413F61CE27BFF1
:105AB0006C44AA3EF86D71BF944035BE2DF57BBF96
:105AC000EBEA23BFA3A344BF19AF6FBFA6DCB3BEED
:105AD000AFCF7CBFA01E213E68DE47BFCCF61F3F84
:105AE0008F62BDBEDAD76D3F50EC0C3E73907D3FA8
:105AF00062F21B3FCE044B3F59E86B3F26D5C63EB2
:105B00005B377E3F3757F1BD83164E3F10DE17BF20
:105B10008533D03ED1E069BF2ABDC8BD68C47EBF11
:105B20004EBA13BF491351BF89C167BFBE7CD9BEEE
:105B300093377FBFC80EA03DCAFA53BF89870F3F76
:105B4000C9AFE2BEA78A653F55A06E3DB5907F3FC5
:105B50001D460B3FA4CC563F543C633FB0CBEB3EBD
:105B6000C5CF7F3F950A1DBDA488593F80F606BF6B
:105B7000ADCFF43EEBD660BF73C996BCE7F47FBFF0
:105B8000359902BF972E5CBFB25A5EBFCCBAFDBE3C
:105B9000FAFF7FBF4B11C9BA0CBE5EBF305DFC3E41
:105BA000F54503BFB7C75B3F0AEAAFBCD6F07F3FFE
:105BB0002A6EF33EBE36613F5D1E593F2CA1073F62
:105BC000C6C77F3FF598293DB598633F8666EABE14
:105BD000B2EE0B3F115F56BFB92B7B3DBF847FBF39
:105BE000F046E1BE65E365BFBE8953BFCF2D10BF50
:105BF00078277FBF1A52A6BDA81668BF7210D83E7C
:105C0000545E14BF059F503F0AFDCEBDB1AF7E3F2D
:105C1000E7C0CE3EE52E6A3F36954D3F7E78183F71
:105C200001007E3FB975F73DE1F46B3FCA2BC5BE5D
:105C30006C3A1C3F3D194ABF7B730F3ED36D7CBF4E
:105C40004A99BABECA736CBFE70D45BFA8B41EBF60
:105C5000D60B78BF943421BEF74969BF956EAD3E2F
:105C6000E0D71DBFE82C3C3FA7C42DBE0A5F6D3FA7
:105C7000A67E9B3EABA85E3F32882C3FF6AE163F19
:105C80000C76583F925F303E37DA483F035783BE69
:105C9000E0C0063F543814BFA6C4243ED06F37BFBF
:105CA0001AAD4BBE72EF26BF0D97E8BE8016DCBE64
:105CB0005AD30CBF2B590ABEFD48F9BEBD450D3E57
:105CC000B70EA0BE1B88A23E99EFCBBD450BBF3ED1
:105CD000D6D2AA3DBB19A33E1C4D453E16554A3EA1
:105CE000D2845F3EC35C813DAF24373E57552EBD05
:105CF000C00FDC3DD2A8CBBD12B0123D9D85E0BDEA
:105D0000ACB887BC2203B7BDEB6B39BD05D46BBD06
:105D1000087067BDF9CADBBC00000000000000008D
:105D20000000000000000000000000000000000073
:105D30000000000000000000000000000000000063
:105D40000000000000000000000000000000000053
:105D50000000000000000000000000000000000043
:105D60000000000000000000000000000000000033
:105D70000000000000000000000000000000000023
:105D80000000000000000000000000000000000013
:105D90000000000000000000000000000000000003
:105DA00000000000000000000000000000000000F3
:105DB00000000000000000000000000000000000E3
:105DC00000000000000000000000000000000000D3
:105DD00000000000000000000000000000000000C3
:105DE00000000000000000000000000000000000B3
:105DF00000000000000000000000000000000000A3
:105E00000000000000000000000000000000000092
:105E10000000000000000000000000000000000082
:105E20000000000000000000000000000000000072
:105E30000000000000000000000000000000000062
:105E40000000000000000000000000000000000052
:105E50000000000000000000000000000000000042
:105E60000000000000000000000000000000000032
:105E70000000000000000000000000000000000022
:105E80000000000000000000000000000000000012
:105E90000000000000000000000000000000000002
:105EA00000000000000000000000000000000000F2
:105EB00000000000000000000000000000000000E2
:105EC00000000000000000000000000000000000D2
:105ED00000000000000000000000000000000000C2
:105EE00000000000000000000000000000000000B2
:105EF00000000000000000000000000000000000A2
:105F00000000000000000000000000000000000091
:105F10000000000000000000000000000000000081
:105F20000000000000000000000000000000000071
:105F30000000000000000000000000000000000061
:105F40000000000000000000000000000000000051
:105F50000000000000000000000000000000000041
:105F60000000000000000000000000000000000031
:105F70000000000000000000000000000000000021
:105F80000000000000000000000000000000000011
:105F90000000000000000000000000000000000001
:105FA00000000000000000000000000000000000F1
:105FB00000000000000000000000000000000000E1
:105FC00000000000000000000000000000000000D1
:105FD00000000000000000000000000000000000C1
:105FE00000000000000000000000000000000000B1
:105FF00000000000000000000000000000000000A1
:106000000000000000000000000000000000000090
:106010000000000000000000000000000000000080
:106020000000000000000000000000000000000070
:106030000000000000000000000000000000000060
:106040000000000000000000000000000000000050
:106050000000000000000000000000000000000040
:106060000000000000000000000000000000000030
:106070000000000000000000000000000000000020
:106080000000000000000000000000000000000010
:106090000000000000000000000000000000000000
:1060A00000000000000000000000000000000000F0
:1060B00000000000000000000000000000000000E0
:1060C00000000000000000000000000000000000D0
:1060D00000000000000000000000000000000000C0
:1060E00000000000000000000000000000000000B0
:1060F00000000000000000000000000000000000A0
:10610000000000000000000000000000000000008F
:10611000000000000000000000000000000000007F
:10612000000000000000000000000000000000006F
:10613000000000000000000000000000000000005F
:10614000000000000000000000000000000000004F
:10615000000000000000000000000000000000003F
:10616000000000000000000000000000000000002F
:10617000000000000000000000000000000000001F
:10618000000000000000000000000000000000000F
:1061900000000000000000000000000000000000FF
:1061A00000000000000000000000000000000000EF
:1061B00000000000000000000000000000000000DF
:1061C00000000000000000000000000000000000CF
:1061D00000000000000000000000000000000000BF
:1061E00000000000000000000000000000000000AF
:1061F000000000000000000000000000000000009F
:10620000000000000000000000000000000000008E
:10621000000000000000000000000000000000007E
:10622000000000000000000000000000000000006E
:10623000000000000000000000000000000000005E
:10624000000000000000000000000000000000004E
:10625000000000000000000000000000000000003E
:10626000000000000000000000000000000000002E
:10627000000000000000000000000000000000001E
:10628000000000000000000000000000000000000E
:1062900000000000000000000000000000000000FE
:1062A00000000000000000000000000000000000EE
:1062B00000000000000000000000000000000000DE
:1062C00000000000000000000000000000000000CE
:1062D00000000000000000000000000000000000BE
:1062E00000000000000000000000000000000000AE
:1062F000000000000000000000000000000000009E
:10630000000000000000000000000000000000008D
:10631000000000000000000000000000000000007D
:10632000000000000000000000000000000000006D
:10633000000000000000000000000000000000005D
:10634000000000000000000000000000000000004D
:10635000000000000000000000000000000000003D
:10636000000000000000000000000000000000002D
:10637000000000000000000000000000000000001D
:10638000000000000000000000000000000000000D
:1063900000000000000000000000000000000000FD
:1063A00000000000000000000000000000000000ED
:1063B00000000000000000000000000000000000DD
:1063C00000000000000000000000000000000000CD
:1063D00000000000000000000000000000000000BD
:1063E00000000000000000000000000000000000AD
:1063F000000000000000000000000000000000009D
:10640000000000000000000000000000000000008C
:10641000000000000000000000000000000000007C
:10642000000000000000000000000000000000006C
:10643000000000000000000000000000000000005C
:10644000000000000000000000000000000000004C
:10645000000000000000000000000000000000003C
:10646000000000000000000000000000000000002C
:10647000000000000000000000000000000000001C
:10648000000000000000000000000000000000000C
:1064900000000000000000000000000000000000FC
:1064A00000000000000000000000000000000000EC
:1064B00000000000000000000000000000000000DC
:1064C00000000000000000000000000000000000CC
:1064D00000000000000000000000000000000000BC
:1064E00000000000000000000000000000000000AC
:1064F000000000000000000000000000000000009C
:10650000000000000000000000000000000000008B
:10651000000000000000000000000000000000007B
:10652000000000000000000000000000000000006B
:10653000000000000000000000000000000000005B
:10654000000000000000000000000000000000004B
:10655000000000000000000000000000000000003B
:10656000000000000000000000000000000000002B
:10657000000000000000000000000000000000001B
:10658000000000000000000000000000000000000B
:1065900000000000000000000000000000000000FB
:1065A00000000000000000000000000000000000EB
:1065B00000000000000000000000000000000000DB
:1065C00000000000000000000000000000000000CB
:1065D00000000000000000000000000000000000BB
:1065E00000000000000000000000000000000000AB
:1065F000000000000000000000000000000000009B
:10660000000000000000000000000000000000008A
:10661000000000000000000000000000000000007A
:10662000000000000000000000000000000000006A
:10663000000000000000000000000000000000005A
:10664000000000000000000000000000000000004A
:10665000000000000000000000000000000000003A
:10666000000000000000000000000000000000002A
:10667000000000000000000000000000000000001A
:10668000000000000000000000000000000000000A
:1066900000000000000000000000000000000000FA
:1066A00000000000000000000000000000000000EA
:1066B00000000000000000000000000000000000DA
:1066C00000000000000000000000000000000000CA
:1066D00000000000000000000000000000000000BA
:1066E00000000000000000000000000000000000AA
:1066F000000000000000000000000000000000009A
:106700000000000000000000000000000000000089
:106710000000000000000000000000000000000079
:106720000000000000000000000000000000000069
:106730000000000000000000000000000000000059
:106740000000000000000000000000000000000049
:106750000000000000000000000000000000000039
:106760000000000000000000000000000000000029
:106770000000000000000000000000000000000019
:106780000000000000000000000000000000000009
:1067900000000000000000000000000000000000F9
:1067A00000000000000000000000000000000000E9
:1067B00000000000000000000000000000000000D9
:1067C00000000000000000000000000000000000C9
:1067D00000000000000000000000000000000000B9
:1067E00000000000000000000000000000000000A9
:1067F0000000000000000000000000000000000099
:106800000000000000000000000000000000000088
:106810000000000000000000000000000000000078
:106820000000000000000000000000000000000068
:106830000000000000000000000000000000000058
:106840000000000000000000000000000000000048
:106850000000000000000000000000000000000038
:106860000000000000000000000000000000000028
:106870000000000000000000000000000000000018
:106880000000000000000000000000000000000008
:1068900000000000000000000000000000000000F8
:1068A00000000000000000000000000000000000E8
:1068B00000000000000000000000000000000000D8
:1068C00000000000000000000000000000000000C8
:1068D00000000000000000000000000000000000B8
:1068E00000000000000000000000000000000000A8
:1068F0000000000000000000000000000000000098
:106900000000000000000000000000000000000087
:106910000000000000000000000000000000000077
:106920000000000000000000000000000000000067
:106930000000000000000000000000000000000057
:106940000000000000000000000000000000000047
:106950000000000000000000000000000000000037
:106960000000000000000000000000000000000027
:106970000000000000000000000000000000000017
:106980000000000000000000000000000000000007
:1069900000000000000000000000000000000000F7
:1069A00000000000000000000000000000000000E7
:1069B00000000000000000000000000000000000D7
:1069C00000000000000000000000000000000000C7
:1069D00000000000000000000000000000000000B7
:1069E00000000000000000000000000000000000A7
:1069F0000000000000000000000000000000000097
:106A00000000000000000000000000000000000086
:106A10000000000000000000000000000000000076
:106A20000000000000000000000000000000000066
:106A30000000000000000000000000000000000056
:106A40000000000000000000000000000000000046
:106A50000000000000000000000000000000000036
:106A60000000000000000000000000000000000026
:106A70000000000000000000000000000000000016
:106A80000000000000000000000000000000000006
:106A900000000000000000000000000000000000F6
:106AA00000000000000000000000000000000000E6
:106AB00000000000000000000000000000000000D6
:106AC00000000000000000000000000000000000C6
:106AD00000000000000000000000000000000000B6
:106AE00000000000000000000000000000000000A6
:106AF0000000000000000000000000000000000096
:106B00000000000000000000000000000000000085
:106B10000000000000000000000000000000000075
:106B20000000000000000000000000000000000065
:106B30000000000000000000000000000000000055
:106B40000000000000000000000000000000000045
:106B50000000000000000000000000000000000035
:106B60000000000000000000000000000000000025
:106B70000000000000000000000000000000000015
:106B80000000000000000000000000000000000005
:106B900000000000000000000000000000000000F5
:106BA00000000000000000000000000000000000E5
:106BB00000000000000000000000000000000000D5
:106BC00000000000000000000000000000000000C5
:106BD00000000000000000000000000000000000B5
:106BE00000000000000000000000000000000000A5
:106BF0000000000000000000000000000000000095
:106C00000000000000000000000000000000000084
:106C10000000000000000000000000000000000074
:106C20000000000000000000000000000000000064
:106C30000000000000000000000000000000000054
:106C40000000000000000000000000000000000044
:106C50000000000000000000000000000000000034
:106C60000000000000000000000000000000000024
:106C70000000000000000000000000000000000014
:106C80000000000000000000000000000000000004
:106C900000000000000000000000000000000000F4
:106CA00000000000000000000000000000000000E4
:106CB00000000000000000000000000000000000D4
:106CC00000000000000000000000000000000000C4
:106CD00000000000000000000000000000000000B4
:106CE00000000000000000000000000000000000A4
:106CF0000000000000000000000000000000000094
:106D00000000000000000000000000000000000083
:106D10000000000000000000000000000000000073
:106D20000000000000000000000000000000000063
:106D30000000000000000000000000000000000053
:106D40000000000000000000000000000000000043
:106D50000000000000000000000000000000000033
:106D60000000000000000000000000000000000023
:106D70000000000000000000000000000000000013
:106D80000000000000000000000000000000000003
:106D900000000000000000000000000000000000F3
:106DA00000000000000000000000000000000000E3
:106DB00000000000000000000000000000000000D3
:106DC00000000000000000000000000000000000C3
:106DD00000000000000000000000000000000000B3
:106DE00000000000000000000000000000000000A3
:106DF0000000000000000000000000000000000093
:106E00000000000000000000000000000000000082
:106E10000000000000000000000000000000000072
:106E20000000000000000000000000000000000062
:106E30000000000000000000000000000000000052
:106E40000000000000000000000000000000000042
:106E50000000000000000000000000000000000032
:106E60000000000000000000000000000000000022
:106E70000000000000000000000000000000000012
:106E80000000000000000000000000000000000002
:106E900000000000000000000000000000000000F2
:106EA00000000000000000000000000000000000E2
:106EB00000000000000000000000000000000000D2
:106EC00000000000000000000000000000000000C2
:106ED00000000000000000000000000000000000B2
:106EE00000000000000000000000000000000000A2
:106EF0000000000000000000000000000000000092
:106F00000000000000000000000000000000000081
:106F10000000000000000000000000000000000071
:106F20000000000000000000000000000000000061
:106F30000000000000000000000000000000000051
:106F40000000000000000000000000000000000041
:106F50000000000000000000000000000000000031
:106F60000000000000000000000000000000000021
:106F70000000000000000000000000000000000011
:106F80000000000000000000000000000000000001
:106F900000000000000000000000000000000000F1
:106FA00000000000000000000000000000000000E1
:106FB00000000000000000000000000000000000D1
:106FC00000000000000000000000000000000000C1
:106FD00000000000000000000000000000000000B1
:106FE00000000000000000000000000000000000A1
:106FF0000000000000000000000000000000000091
:107000000000000000000000000000000000000080
:107010000000000000000000000000000000000070
:107020000000000000000000000000000000000060
:107030000000000000000000000000000000000050
:107040000000000000000000000000000000000040
:107050000000000000000000000000000000000030
:107060000000000000000000000000000000000020
:107070000000000000000000000000000000000010
:107080000000000000000000000000000000000000
:1070900000000000000000000000000000000000F0
:1070A00000000000000000000000000000000000E0
:1070B00000000000000000000000000000000000D0
:1070C00000000000000000000000000000000000C0
:1070D00000000000000000000000000000000000B0
:1070E00000000000000000000000000000000000A0
:1070F0000000000000000000000000000000000090
:10710000000000000000000000000000000000007F
:10711000000000000000000000000000000000006F
:10712000000000000000000000000000000000005F
:10713000000000000000000000000000000000004F
:10714000000000000000000000000000000000003F
:10715000000000000000000000000000000000002F
:10716000000000000000000000000000000000001F
:10717000000000000000000000000000000000000F
:1071800000000000000000000000000000000000FF
:1071900000000000000000000000000000000000EF
:1071A00000000000000000000000000000000000DF
:1071B00000000000000000000000000000000000CF
:1071C00000000000000000000000000000000000BF
:1071D00000000000000000000000000000000000AF
:1071E000000000000000000000000000000000009F
:1071F000000000000000000000000000000000008F
:10720000000000000000000000000000000000007E
:10721000000000000000000000000000000000006E
:10722000000000000000000000000000000000005E
:10723000000000000000000000000000000000004E
:10724000000000000000000000000000000000003E
:10725000000000000000000000000000000000002E
:10726000000000000000000000000000000000001E
:10727000000000000000000000000000000000000E
:1072800000000000000000000000000000000000FE
:1072900000000000000000000000000000000000EE
:1072A00000000000000000000000000000000000DE
:1072B00000000000000000000000000000000000CE
:1072C00000000000000000000000000000000000BE
:1072D00000000000000000000000000000000000AE
:1072E000000000000000000000000000000000009E
:1072F000000000000000000000000000000000008E
:10730000000000000000000000000000000000007D
:10731000000000000000000000000000000000006D
:10732000000000000000000000000000000000005D
:10733000000000000000000000000000000000004D
:10734000000000000000000000000000000000003D
:10735000000000000000000000000000000000002D
:10736000000000000000000000000000000000001D
:10737000000000000000000000000000000000000D
:1073800000000000000000000000000000000000FD
:1073900000000000000000000000000000000000ED
:1073A00000000000000000000000000000000000DD
:1073B00000000000000000000000000000000000CD
:1073C00000000000000000000000000000000000BD
:1073D00000000000000000000000000000000000AD
:1073E000000000000000000000000000000000009D
:1073F000000000000000000000000000000000008D
:10740000000000000000000000000000000000007C
:10741000000000000000000000000000000000006C
:10742000000000000000000000000000000000005C
:10743000000000000000000000000000000000004C
:10744000000000000000000000000000000000003C
:10745000000000000000000000000000000000002C
:10746000000000000000000000000000000000001C
:10747000000000000000000000000000000000000C
:1074800000000000000000000000000000000000FC
:1074900000000000000000000000000000000000EC
:1074A00000000000000000000000000000000000DC
:1074B00000000000000000000000000000000000CC
:1074C00000000000000000000000000000000000BC
:1074D00000000000000000000000000000000000AC
:1074E000000000000000000000000000000000009C
:1074F000000000000000000000000000000000008C
:10750000000000000000000000000000000000007B
:10751000000000000000000000000000000000006B
:10752000000000000000000000000000000000005B
:10753000000000000000000000000000000000004B
:10754000000000000000000000000000000000003B
:10755000000000000000000000000000000000002B
:10756000000000000000000000000000000000001B
:10757000000000000000000000000000000000000B
:1075800000000000000000000000000000000000FB
:1075900000000000000000000000000000000000EB
:1075A00000000000000000000000000000000000DB
:1075B00000000000000000000000000000000000CB
:1075C00000000000000000000000000000000000BB
:1075D00000000000000000000000000000000000AB
:1075E000000000000000000000000000000000009B
:1075F000000000000000000000000000000000008B
:10760000000000000000000000000000000000007A
:10761000000000000000000000000000000000006A
:10762000000000000000000000000000000000005A
:10763000000000000000000000000000000000004A
:10764000000000000000000000000000000000003A
:10765000000000000000000000000000000000002A
:10766000000000000000000000000000000000001A
:10767000000000000000000000000000000000000A
:1076800000000000000000000000000000000000FA
:1076900000000000000000000000000000000000EA
:1076A00000000000000000000000000000000000DA
:1076B00000000000000000000000000000000000CA
:1076C00000000000000000000000000000000000BA
:1076D00000000000000000000000000000000000AA
:1076E000000000000000000000000000000000009A
:1076F000000000000000000000000000000000008A
:107700000000000000000000000000000000000079
:107710000000000000000000000000000000000069
:107720000000000000000000000000000000000059
:107730000000000000000000000000000000000049
:107740000000000000000000000000000000000039
:107750000000000000000000000000000000000029
:107760000000000000000000000000000000000019
:107770000000000000000000000000000000000009
:1077800000000000000000000000000000000000F9
:1077900000000000000000000000000000000000E9
:1077A00000000000000000000000000000000000D9
:1077B00000000000000000000000000000000000C9
:1077C00000000000000000000000000000000000B9
:1077D00000000000000000000000000000000000A9
:1077E0000000000000000000000000000000000099
:1077F0000000000000000000000000000000000089
:107800000000000000000000000000000000000078
:107810000000000000000000000000000000000068
:107820000000000000000000000000000000000058
:107830000000000000000000000000000000000048
:107840000000000000000000000000000000000038
:107850000000000000000000000000000000000028
:107860000000000000000000000000000000000018
:107870000000000000000000000000000000000008
:1078800000000000000000000000000000000000F8
:1078900000000000000000000000000000000000E8
:1078A00000000000000000000000000000000000D8
:1078B00000000000000000000000000000000000C8
:1078C00000000000000000000000000000000000B8
:1078D00000000000000000000000000000000000A8
:1078E0000000000000000000000000000000000098
:1078F0000000000000000000000000000000000088
:107900000000000000000000000000000000000077
:107910000000000000000000000000000000000067
:107920000000000000000000000000000000000057
:107930000000000000000000000000000000000047
:107940000000000000000000000000000000000037
:107950000000000000000000000000000000000027
:107960000000000000000000000000000000000017
:107970000000000000000000000000000000000007
:1079800000000000000000000000000000000000F7
:1079900000000000000000000000000000000000E7
:1079A00000000000000000000000000000000000D7
:1079B00000000000000000000000000000000000C7
:1079C00000000000000000000000000000000000B7
:1079D00000000000000000000000000000000000A7
:1079E0000000000000000000000000000000000097
:1079F0000000000000000000000000000000000087
:107A00000000000000000000000000000000000076
:107A10000000000000000000000000000000000066
:107A20000000000000000000000000000000000056
:107A30000000000000000000000000000000000046
:107A40000000000000000000000000000000000036
:107A50000000000000000000000000000000000026
:107A60000000000000000000000000000000000016
:107A70000000000000000000000000000000000006
:107A800000000000000000000000000000000000F6
:107A900000000000000000000000000000000000E6
:107AA00000000000000000000000000000000000D6
:107AB00000000000000000000000000000000000C6
:107AC00000000000000000000000000000000000B6
:107AD00000000000000000000000000000000000A6
:107AE0000000000000000000000000000000000096
:107AF0000000000000000000000000000000000086
:107B00000000000000000000000000000000000075
:107B10000000000000000000000000000000000065
:107B20000000000000000000000000000000000055
:107B30000000000000000000000000000000000045
:107B40000000000000000000000000000000000035
:107B50000000000000000000000000000000000025
:107B60000000000000000000000000000000000015
:107B70000000000000000000000000000000000005
:107B800000000000000000000000000000000000F5
:107B900000000000000000000000000000000000E5
:107BA00000000000000000000000000000000000D5
:107BB00000000000000000000000000000000000C5
:107BC00000000000000000000000000000000000B5
:107BD00000000000000000000000000000000000A5
:107BE0000000000000000000000000000000000095
:107BF0000000000000000000000000000000000085
:107C00000000000000000000000000000000000074
:107C10000000000000000000000000000000000064
:107C20000000000000000000000000000000000054
:107C30000000000000000000000000000000000044
:107C40000000000000000000000000000000000034
:107C50000000000000000000000000000000000024
:107C60000000000000000000000000000000000014
:107C70000000000000000000000000000000000004
:107C800000000000000000000000000000000000F4
:107C900000000000000000000000000000000000E4
:107CA00000000000000000000000000000000000D4
:107CB00000000000000000000000000000000000C4
:107CC00000000000000000000000000000000000B4
:107CD00000000000000000000000000000000000A4
:107CE0000000000000000000000000000000000094
:107CF0000000000000000000000000000000000084
:107D00000000000000000000000000000000000073
:107D10000000000000000000000000000000000063
:107D20000000000000000000000000000000000053
:107D30000000000000000000000000000000000043
:107D40000000000000000000000000000000000033
:107D50000000000000000000000000000000000023
:107D60000000000000000000000000000000000013
:107D70000000000000000000000000000000000003
:107D800000000000000000000000000000000000F3
:107D900000000000000000000000000000000000E3
:107DA00000000000000000000000000000000000D3
:107DB00000000000000000000000000000000000C3
:107DC00000000000000000000000000000000000B3
:107DD00000000000000000000000000000000000A3
:107DE0000000000000000000000000000000000093
:107DF0000000000000000000000000000000000083
:107E00000000000000000000000000000000000072
:107E10000000000000000000000000000000000062
:107E20000000000000000000000000000000000052
:107E30000000000000000000000000000000000042
:107E40000000000000000000000000000000000032
:107E50000000000000000000000000000000000022
:107E60000000000000000000000000000000000012
:107E70000000000000000000000000000000000002
:107E800000000000000000000000000000000000F2
:107E900000000000000000000000000000000000E2
:107EA00000000000000000000000000000000000D2
:107EB00000000000000000000000000000000000C2
:107EC00000000000000000000000000000000000B2
:107ED00000000000000000000000000000000000A2
:107EE0000000000000000000000000000000000092
:107EF0000000000000000000000000000000000082
:107F00000000000000000000000000000000000071
:107F10000000000000000000000000000000000061
:107F20000000000000000000000000000000000051
:107F30000000000000000000000000000000000041
:107F40000000000000000000000000000000000031
:107F50000000000000000000000000000000000021
:107F60000000000000000000000000000000000011
:107F70000000000000000000000000000000000001
:107F800000000000000000000000000000000000F1
:107F900000000000000000000000000000000000E1
:107FA00000000000000000000000000000000000D1
:107FB00000000000000000000000000000000000C1
:107FC00000000000000000000000000000000000B1
:107FD00000000000000000000000000000000000A1
:107FE0000000000000000000000000000000000091
:107FF0000000000000000000000000000000000081
:108000000000000000000000000000000000000070
:108010000000000000000000000000000000000060
:108020000000000000000000000000000000000050
:108030000000000000000000000000000000000040
:108040000000000000000000000000000000000030
:108050000000000000000000000000000000000020
:108060000000000000000000000000000000000010
:108070000000000000000000000000000000000000
:1080800000000000000000000000000000000000F0
:1080900000000000000000000000000000000000E0
:1080A00000000000000000000000000000000000D0
:1080B00000000000000000000000000000000000C0
:1080C00000000000000000000000000000000000B0
:1080D00000000000000000000000000000000000A0
:1080E0000000000000000000000000000000000090
:1080F0000000000000000000000000000000000080
:10810000000000000000000000000000000000006F
:10811000000000000000000000000000000000005F
:10812000000000000000000000000000000000004F
:10813000000000000000000000000000000000003F
:10814000000000000000000000000000000000002F
:10815000000000000000000000000000000000001F
:10816000000000000000000000000000000000000F
:1081700000000000000000000000000000000000FF
:1081800000000000000000000000000000000000EF
:1081900000000000000000000000000000000000DF
:1081A00000000000000000000000000000000000CF
:1081B00000000000000000000000000000000000BF
:1081C00000000000000000000000000000000000AF
:1081D000000000000000000000000000000000009F
:1081E000000000000000000000000000000000008F
:1081F000000000000000000000000000000000007F
:10820000000000000000000000000000000000006E
:10821000000000000000000000000000000000005E
:10822000000000000000000000000000000000004E
:10823000000000000000000000000000000000003E
:10824000000000000000000000000000000000002E
:10825000000000000000000000000000000000001E
:10826000000000000000000000000000000000000E
:1082700000000000000000000000000000000000FE
:1082800000000000000000000000000000000000EE
:1082900000000000000000000000000000000000DE
:1082A00000000000000000000000000000000000CE
:1082B00000000000000000000000000000000000BE
:1082C00000000000000000000000000000000000AE
:1082D000000000000000000000000000000000009E
:1082E000000000000000000000000000000000008E
:1082F000000000000000000000000000000000007E
:10830000000000000000000000000000000000006D
:10831000000000000000000000000000000000005D
:10832000000000000000000000000000000000004D
:10833000000000000000000000000000000000003D
:10834000000000000000000000000000000000002D
:10835000000000000000000000000000000000001D
:10836000000000000000000000000000000000000D
:1083700000000000000000000000000000000000FD
:1083800000000000000000000000000000000000ED
:1083900000000000000000000000000000000000DD
:1083A00000000000000000000000000000000000CD
:1083B00000000000000000000000000000000000BD
:1083C00000000000000000000000000000000000AD
:1083D000000000000000000000000000000000009D
:1083E000000000000000000000000000000000008D
:1083F000000000000000000000000000000000007D
:10840000000000000000000000000000000000006C
:10841000000000000000000000000000000000005C
:10842000000000000000000000000000000000004C
:10843000000000000000000000000000000000003C
:10844000000000000000000000000000000000002C
:10845000000000000000000000000000000000001C
:10846000000000000000000000000000000000000C
:1084700000000000000000000000000000000000FC
:1084800000000000000000000000000000000000EC
:1084900000000000000000000000000000000000DC
:1084A00000000000000000000000000000000000CC
:1084B00000000000000000000000000000000000BC
:1084C00000000000000000000000000000000000AC
:1084D000000000000000000000000000000000009C
:1084E000000000000000000000000000000000008C
:1084F000000000000000000000000000000000007C
:10850000000000000000000000000000000000006B
:10851000000000000000000000000000000000005B
:10852000000000000000000000000000000000004B
:10853000000000000000000000000000000000003B
:10854000000000000000000000000000000000002B
:10855000000000000000000000000000000000001B
:10856000000000000000000000000000000000000B
:1085700000000000000000000000000000000000FB
:1085800000000000000000000000000000000000EB
:1085900000000000000000000000000000000000DB
:1085A00000000000000000000000000000000000CB
:1085B00000000000000000000000000000000000BB
:1085C00000000000000000000000000000000000AB
:1085D000000000000000000000000000000000009B
:1085E000000000000000000000000000000000008B
:1085F000000000000000000000000000000000007B
:10860000000000000000000000000000000000006A
:10861000000000000000000000000000000000005A
:10862000000000000000000000000000000000004A
:10863000000000000000000000000000000000003A
:10864000000000000000000000000000000000002A
:10865000000000000000000000000000000000001A
:10866000000000000000000000000000000000000A
:1086700000000000000000000000000000000000FA
:1086800000000000000000000000000000000000EA
:1086900000000000000000000000000000000000DA
:1086A00000000000000000000000000000000000CA
:1086B00000000000000000000000000000000000BA
:1086C00000000000000000000000000000000000AA
:1086D000000000000000000000000000000000009A
:1086E000000000000000000000000000000000008A
:1086F000000000000000000000000000000000007A
:108700000000000000000000000000000000000069
:108710000000000000000000000000000000000059
:108720000000000000000000000000000000000049
:108730000000000000000000000000000000000039
:108740000000000000000000000000000000000029
:108750000000000000000000000000000000000019
:108760000000000000000000000000000000000009
:1087700000000000000000000000000000000000F9
:1087800000000000000000000000000000000000E9
:1087900000000000000000000000000000000000D9
:1087A00000000000000000000000000000000000C9
:1087B00000000000000000000000000000000000B9
:1087C00000000000000000000000000000000000A9
:1087D0000000000000000000000000000000000099
:1087E0000000000000000000000000000000000089
:1087F0000000000000000000000000000000000079
:108800000000000000000000000000000000000068
:108810000000000000000000000000000000000058
:108820000000000000000000000000000000000048
:108830000000000000000000000000000000000038
:108840000000000000000000000000000000000028
:108850000000000000000000000000000000000018
:108860000000000000000000000000000000000008
:1088700000000000000000000000000000000000F8
:1088800000000000000000000000000000000000E8
:1088900000000000000000000000000000000000D8
:1088A00000000000000000000000000000000000C8
:1088B00000000000000000000000000000000000B8
:1088C00000000000000000000000000000000000A8
:1088D0000000000000000000000000000000000098
:1088E0000000000000000000000000000000000088
:1088F0000000000000000000000000000000000078
:108900000000000000000000000000000000000067
:108910000000000000000000000000000000000057
:108920000000000000000000000000000000000047
:108930000000000000000000000000000000000037
:108940000000000000000000000000000000000027
:108950000000000000000000000000000000000017
:108960000000000000000000000000000000000007
:1089700000000000000000000000000000000000F7
:1089800000000000000000000000000000000000E7
:1089900000000000000000000000000000000000D7
:1089A00000000000000000000000000000000000C7
:1089B00000000000000000000000000000000000B7
:1089C00000000000000000000000000000000000A7
:1089D0000000000000000000000000000000000097
:1089E0000000000000000000000000000000000087
:1089F0000000000000000000000000000000000077
:108A00000000000000000000000000000000000066
:108A10000000000000000000000000000000000056
:108A20000000000000000000000000000000000046
:108A30000000000000000000000000000000000036
:108A40000000000000000000000000000000000026
:108A50000000000000000000000000000000000016
:108A60000000000000000000000000000000000006
:108A700000000000000000000000000000000000F6
:108A800000000000000000000000000000000000E6
:108A900000000000000000000000000000000000D6
:108AA00000000000000000000000000000000000C6
:108AB00000000000000000000000000000000000B6
:108AC00000000000000000000000000000000000A6
:108AD0000000000000000000000000000000000096
:108AE0000000000000000000000000000000000086
:108AF0000000000000000000000000000000000076
:108B00000000000000000000000000000000000065
:108B10000000000000000000000000000000000055
:108B20000000000000000000000000000000000045
:108B30000000000000000000000000000000000035
:108B40000000000000000000000000000000000025
:108B50000000000000000000000000000000000015
:108B60000000000000000000000000000000000005
:108B700000000000000000000000000000000000F5
:108B800000000000000000000000000000000000E5
:108B900000000000000000000000000000000000D5
:108BA00000000000000000000000000000000000C5
:108BB00000000000000000000000000000000000B5
:108BC00000000000000000000000000000000000A5
:108BD0000000000000000000000000000000000095
:108BE0000000000000000000000000000000000085
:108BF0000000000000000000000000000000000075
:108C00000000000000000000000000000000000064
:108C10000000000000000000000000000000000054
:108C20000000000000000000000000000000000044
:108C30000000000000000000000000000000000034
:108C40000000000000000000000000000000000024
:108C50000000000000000000000000000000000014
:108C60000000000000000000000000000000000004
:108C700000000000000000000000000000000000F4
:108C800000000000000000000000000000000000E4
:108C900000000000000000000000000000000000D4
:108CA00000000000000000000000000000000000C4
:108CB00000000000000000000000000000000000B4
:108CC00000000000000000000000000000000000A4
:108CD0000000000000000000000000000000000094
:108CE0000000000000000000000000000000000084
:108CF0000000000000000000000000000000000074
:108D00000000000000000000000000000000000063
:108D10000000000000000000000000000000000053
:108D20000000000000000000000000000000000043
:108D30000000000000000000000000000000000033
:108D40000000000000000000000000000000000023
:108D50000000000000000000000000000000000013
:108D60000000000000000000000000000000000003
:108D700000000000000000000000000000000000F3
:108D800000000000000000000000000000000000E3
:108D900000000000000000000000000000000000D3
:108DA00000000000000000000000000000000000C3
:108DB00000000000000000000000000000000000B3
:108DC00000000000000000000000000000000000A3
:108DD0000000000000000000000000000000000093
:108DE0000000000000000000000000000000000083
:108DF0000000000000000000000000000000000073
:108E00000000000000000000000000000000000062
:108E10000000000000000000000000000000000052
:108E20000000000000000000000000000000000042
:108E30000000000000000000000000000000000032
:108E40000000000000000000000000000000000022
:108E50000000000000000000000000000000000012
:108E60000000000000000000000000000000000002
:108E700000000000000000000000000000000000F2
:108E800000000000000000000000000000000000E2
:108E900000000000000000000000000000000000D2
:108EA00000000000000000000000000000000000C2
:108EB00000000000000000000000000000000000B2
:108EC00000000000000000000000000000000000A2
:108ED0000000000000000000000000000000000092
:108EE0000000000000000000000000000000000082
:108EF0000000000000000000000000000000000072
:108F00000000000000000000000000000000000061
:108F10000000000000000000000000000000000051
:108F20000000000000000000000000000000000041
:108F30000000000000000000000000000000000031
:108F40000000000000000000000000000000000021
:108F50000000000000000000000000000000000011
:108F60000000000000000000000000000000000001
:108F700000000000000000000000000000000000F1
:108F800000000000000000000000000000000000E1
:108F900000000000000000000000000000000000D1
:108FA00000000000000000000000000000000000C1
:108FB00000000000000000000000000000000000B1
:108FC00000000000000000000000000000000000A1
:108FD0000000000000000000000000000000000091
:108FE0000000000000000000000000000000000081
:108FF0000000000000000000000000000000000071
:109000000000000000000000000000000000000060
:109010000000000000000000000000000000000050
:109020000000000000000000000000000000000040
:109030000000000000000000000000000000000030
:109040000000000000000000000000000000000020
:109050000000000000000000000000000000000010
:109060000000000000000000000000000000000000
:1090700000000000000000000000000000000000F0
:1090800000000000000000000000000000000000E0
:1090900000000000000000000000000000000000D0
:1090A00000000000000000000000000000000000C0
:1090B00000000000000000000000000000000000B0
:1090C00000000000000000000000000000000000A0
:1090D0000000000000000000000000000000000090
:1090E0000000000000000000000000000000000080
:1090F0000000000000000000000000000000000070
:10910000000000000000000000000000000000005F
:10911000000000000000000000000000000000004F
:10912000000000000000000000000000000000003F
:10913000000000000000000000000000000000002F
:10914000000000000000000000000000000000001F
:10915000000000000000000000000000000000000F
:1091600000000000000000000000000000000000FF
:1091700000000000000000000000000000000000EF
:1091800000000000000000000000000000000000DF
:1091900000000000000000000000000000000000CF
:1091A00000000000000000000000000000000000BF
:1091B00000000000000000000000000000000000AF
:1091C000000000000000000000000000000000009F
:1091D000000000000000000000000000000000008F
:1091E000000000000000000000000000000000007F
:1091F000000000000000000000000000000000006F
:10920000000000000000000000000000000000005E
:10921000000000000000000000000000000000004E
:10922000000000000000000000000000000000003E
:10923000000000000000000000000000000000002E
:10924000000000000000000000000000000000001E
:10925000000000000000000000000000000000000E
:1092600000000000000000000000000000000000FE
:1092700000000000000000000000000000000000EE
:1092800000000000000000000000000000000000DE
:1092900000000000000000000000000000000000CE
:1092A00000000000000000000000000000000000BE
:1092B00000000000000000000000000000000000AE
:1092C000000000000000000000000000000000009E
:1092D000000000000000000000000000000000008E
:1092E000000000000000000000000000000000007E
:1092F000000000000000000000000000000000006E
:10930000000000000000000000000000000000005D
:10931000000000000000000000000000000000004D
:10932000000000000000000000000000000000003D
:10933000000000000000000000000000000000002D
:10934000000000000000000000000000000000001D
:10935000000000000000000000000000000000000D
:1093600000000000000000000000000000000000FD
:1093700000000000000000000000000000000000ED
:1093800000000000000000000000000000000000DD
:1093900000000000000000000000000000000000CD
:1093A00000000000000000000000000000000000BD
:1093B00000000000000000000000000000000000AD
:1093C000000000000000000000000000000000009D
:1093D000000000000000000000000000000000008D
:1093E000000000000000000000000000000000007D
:1093F000000000000000000000000000000000006D
:10940000000000000000000000000000000000005C
:10941000000000000000000000000000000000004C
:10942000000000000000000000000000000000003C
:10943000000000000000000000000000000000002C
:10944000000000000000000000000000000000001C
:10945000000000000000000000000000000000000C
:1094600000000000000000000000000000000000FC
:1094700000000000000000000000000000000000EC
:1094800000000000000000000000000000000000DC
:1094900000000000000000000000000000000000CC
:1094A00000000000000000000000000000000000BC
:1094B00000000000000000000000000000000000AC
:1094C000000000000000000000000000000000009C
:1094D000000000000000000000000000000000008C
:1094E000000000000000000000000000000000007C
:1094F000000000000000000000000000000000006C
:10950000000000000000000000000000000000005B
:10951000000000000000000000000000000000004B
:10952000000000000000000000000000000000003B
:10953000000000000000000000000000000000002B
:10954000000000000000000000000000000000001B
:10955000000000000000000000000000000000000B
:1095600000000000000000000000000000000000FB
:1095700000000000000000000000000000000000EB
:1095800000000000000000000000000000000000DB
:1095900000000000000000000000000000000000CB
:1095A00000000000000000000000000000000000BB
:1095B00000000000000000000000000000000000AB
:1095C000000000000000000000000000000000009B
:1095D000000000000000000000000000000000008B
:1095E000000000000000000000000000000000007B
:1095F000000000000000000000000000000000006B
:10960000000000000000000000000000000000005A
:10961000000000000000000000000000000000004A
:10962000000000000000000000000000000000003A
:10963000000000000000000000000000000000002A
:10964000000000000000000000000000000000001A
:10965000000000000000000000000000000000000A
:1096600000000000000000000000000000000000FA
:1096700000000000000000000000000000000000EA
:1096800000000000000000000000000000000000DA
:1096900000000000000000000000000000000000CA
:1096A00000000000000000000000000000000000BA
:1096B00000000000000000000000000000000000AA
:1096C000000000000000000000000000000000009A
:1096D000000000000000000000000000000000008A
:1096E000000000000000000000000000000000007A
:1096F000000000000000000000000000000000006A
:109700000000000000000000000000000000000059
:109710000000000000000000000000000000000049
:109720000000000000000000000000000000000039
:109730000000000000000000000000000000000029
:109740000000000000000000000000000000000019
:109750000000000000000000000000000000000009
:1097600000000000000000000000000000000000F9
:1097700000000000000000000000000000000000E9
:1097800000000000000000000000000000000000D9
:1097900000000000000000000000000000000000C9
:1097A00000000000000000000000000000000000B9
:1097B00000000000000000000000000000000000A9
:1097C0000000000000000000000000000000000099
:1097D0000000000000000000000000000000000089
:1097E0000000000000000000000000000000000079
:1097F0000000000000000000000000000000000069
:109800000000000000000000000000000000000058
:109810000000000000000000000000000000000048
:109820000000000000000000000000000000000038
:109830000000000000000000000000000000000028
:109840000000000000000000000000000000000018
:109850000000000000000000000000000000000008
:1098600000000000000000000000000000000000F8
:1098700000000000000000000000000000000000E8
:1098800000000000000000000000000000000000D8
:1098900000000000000000000000000000000000C8
:1098A00000000000000000000000000000000000B8
:1098B00000000000000000000000000000000000A8
:1098C0000000000000000000000000000000000098
:1098D0000000000000000000000000000000000088
:1098E0000000000000000000000000000000000078
:1098F0000000000000000000000000000000000068
:109900000000000000000000000000000000000057
:109910000000000000000000000000000000000047
:109920000000000000000000000000000000000037
:109930000000000000000000000000000000000027
:109940000000000000000000000000000000000017
:109950000000000000000000000000000000000007
:1099600000000000000000000000000000000000F7
:1099700000000000000000000000000000000000E7
:1099800000000000000000000000000000000000D7
:1099900000000000000000000000000000000000C7
:1099A00000000000000000000000000000000000B7
:1099B00000000000000000000000000000000000A7
:1099C0000000000000000000000000000000000097
:1099D0000000000000000000000000000000000087
:1099E0000000000000000000000000000000000077
:1099F0000000000000000000000000000000000067
:109A00000000000000000000000000000000000056
:109A10000000000000000000000000000000000046
:109A20000000000000000000000000000000000036
:109A30000000000000000000000000000000000026
:109A40000000000000000000000000000000000016
:109A50000000000000000000000000000000000006
:109A600000000000000000000000000000000000F6
:109A700000000000000000000000000000000000E6
:109A800000000000000000000000000000000000D6
:109A900000000000000000000000000000000000C6
:109AA00000000000000000000000000000000000B6
:109AB00000000000000000000000000000000000A6
:109AC0000000000000000000000000000000000096
:109AD0000000000000000000000000000000000086
:109AE0000000000000000000000000000000000076
:109AF0000000000000000000000000000000000066
:109B00000000000000000000000000000000000055
:109B10000000000000000000000000000000000045
:109B20000000000000000000000000000000000035
:109B30000000000000000000000000000000000025
:109B40000000000000000000000000000000000015
:109B50000000000000000000000000000000000005
:109B600000000000000000000000000000000000F5
:109B700000000000000000000000000000000000E5
:109B800000000000000000000000000000000000D5
:109B900000000000000000000000000000000000C5
:109BA00000000000000000000000000000000000B5
:109BB00000000000000000000000000000000000A5
:109BC0000000000000000000000000000000000095
:109BD0000000000000000000000000000000000085
:109BE0000000000000000000000000000000000075
:109BF0000000000000000000000000000000000065
:109C00000000000000000000000000000000000054
:109C10000000000000000000000000000000000044
:109C20000000000000000000000000000000000034
:109C30000000000000000000000000000000000024
:109C40000000000000000000000000000000000014
:109C50000000000000000000000000000000000004
:109C600000000000000000000000000000000000F4
:109C700000000000000000000000000000000000E4
:109C800000000000000000000000000000000000D4
:109C900000000000000000000000000000000000C4
:109CA00000000000000000000000000000000000B4
:109CB00000000000000000000000000000000000A4
:109CC0000000000000000000000000000000000094
:109CD0000000000000000000000000000000000084
:109CE0000000000000000000000000000000000074
:109CF0000000000000000000000000000000000064
:109D00000000000000000000000000000000000053
:109D100000000000000000000000803FFBD20EBCED
:109D2000F3B44F3F54A515BF8618A23EEBD472BFC3
:109D3000166198BE496674BF79AE4CBF00C219BFA8
:109D4000F7F27FBF1E5AA3BC48A652BF6B79113FE2
:109D500078BFABBED32A713F219A8E3EC6DE753FD7
:109D60002993493F06CF1D3FE2CB7F3FCE51233D94
:109D70002C82553FB33E0DBFEB54B53E30686FBFEC
:109D8000AAC484BE3B3E77BF536346BFFACB21BF14
:109D9000C18A7FBFEBE574BD524858BF9AF5083FB2
:109DA000ECD7BEBE2C8D6D3F58C3753E8684783F80
:109DB0004C1F433F78B8253F9E2F7F3F8E30A33DF9
:109DC00075F85A3F919E04BF7C47C83EFA996BBF15
:109DD0005CE461BE83B179BF67C73FBF149429BFFC
:109DE0007EBA7EBF88DDCBBD4D925DBF063A003F97
:109DF000ABA2D1BECC8E693F5DEE4D3E16C57A3F1B
:109E0000FC5B3C3F6F5E2D3F722B7E3FC275F43D85
:109E10009615603FDC90F7BE80E8DA3ED76B67BFEF
:109E20006CE339BE20BF7BBF64DD38BF221731BF72
:109E300084827DBF8C7A0EBE108262BF7794EE3E24
:109E40000F18E4BE5331653F89C5253E8B9F7C3F8B
:109E5000FB4B353FD0BD343FC9BF7C3FB6AB223E44
:109E60007AD7643FCB7FE5BE6230ED3E7ADF62BFDA
:109E7000CC9611BE3C667DBF1DA831BF155238BFC0
:109E800052E37BBF51CC36BE991567BFBF53DC3E52
:109E90009430F6BE8976603F6EB2FA3D23137E3F62
:109EA00029F22D3F99D33B3F37ED7A3F50DA4A3EB6
:109EB000313C693F4811D3BEB217FF3EBEF65DBFCD
:109EC000C91DD2BD2CA67EBF7F2A2ABFFC413FBF41
:109ED00090DD79BFA9D35EBE0B4B6BBF52B9C93EB3
:109EE0006DF203BF5A605B3FB573A93D491F7F3FC9
:109EF0008351263FE89C423F7AB4783F51B6723E88
:109F0000F1416D3FD54CC0BE924B083FA1B358BF45
:109F10006CB880BD6D7E7FBF996722BF03E445BFEB
:109F2000127277BF234083BEB0206FBFC2CCB63E53
:109F3000D8960CBFD8F0553FFDDF2F3D8EC37F3F35
:109F4000256D1E3FF916493F7A16763FC0178D3EA4
:109F500017E7703F153AADBECDD3103F491853BF38
:109F6000997ABCBCA7EE7FBF92621ABF78354CBF0E
:109F7000D4A174BF01E196BEF79472BFC395A33E0E
:109F8000030215BF3A2A503F420F493BB0FF7F3FC3
:109F90004748163F2B3F4F3F4814733FE59AA03E7A
:109FA000282A743FCEE099BE1021193FFE264DBFEE
:109FB0003F398A3CABF67FBFAF1E12BFC53352BFDD
:109FC000F96D71BF6F44AABE79A675BF2A1C903E79
:109FD00085301DBFDC0E4A3F33C316BD99D37F3F8A
:109FE00039E60D3FFD12553F1BAF6F3FA5DCB33E79
:109FF000CB09773FDE4886BEF92F213F2AE246BFD4
:10A00000655A683D74967FBF269F09BF40DC57BFE5
:10A010006ED66DBF6E61BDBED64E78BFA5CA783E06
:10A020006C1525BFD995433FE0D69CBD601B7F3F93
:10A030009921053F294D5A3F78586B3FE75BC63E53
:10A040002D6A783F20F163BE22AE273F03CF3EBF8B
:10A050002E11C33D01867BBFBE88FCBE44A658BFFF
:10A06000249262BF38B2C9BE71166FBFBD65473E4C
:10A07000477B21BF2987303FE7B2D8BD894A673F78
:10A0800042C3DA3EF695443F160B433FEE08B73E17
:10A090001FCA483FB8CF16BEC71C043F13C30ABF30
:10A0A0004D42C13D4BD82FBF0E1798BE84530FBFF2
:10A0B0000D1203BFBB7081BEB3C3FFBEC90EAB3D63
:10A0C000E3339FBEB1ACA03E7F9B71BDE36EBF3E4C
:10A0D00028EE123E5768913E4A306E3E1440F73DDE
:10A0E000CAED553E1B51FABC7767F43DCE4FECBD2F
:10A0F000F4A2BA3C0D95FFBDE60D22BD4C89ADBD65
:10A10000A36F67BD36DE06BDE6602ABD8647FE3A10
:10A11000DDA29ABC8BB0263C0000803F0A5DCBBC20
:10A120003B2A503F040215BF9E12A53E705472BFD9
:10A13000BFDF93BE261775BF7FC74ABF0C421CBF47
:10A1400036D77FBFB97B10BDA34A55BF80920D3F64
:10A15000E610B6BE82446F3FBF7D823EC58B773F1F
:10A160002624453F4B50233FE95C7F3FB464903D3C
:10A1700016275A3FE2F505BF28D5C63E58E86BBF03
:10A180005DE461BE83B179BFFC413FBF7F2A2ABF36
:10A190003D917EBF8A5DD8BD05BE5EBF255DFC3E9C
:10A1A000135AD7BE0241683F3C853E3EB2877B3F93
:10A1B000E122393F7CCE303F74747D3FB708103EBA
:10A1C000FB0D633F217EECBE5C9AE73EAC4F64BF63
:10A1D0006BE91ABEBB0D7DBFC9C832BF223A37BF7B
:10A1E000E9067CBFC5B433BE991567BFBF53DC3EDB
:10A1F000DD90F7BE9615603F7238EE3D23437E3FFB
:10A20000B9352C3F676B3D3F10497A3F8F27573E4A
:10A2100095D36A3F2CE3CBBE3C9C033F1A945BBFB3
:10A220003152A6BD86277FBFCA6B25BF506043BF92
:10A23000773B78BFCC557ABEBE466EBF9F31BB3EE2
:10A240001C460BBFA6CC563FCC6D3C3D9EBA7F3F13
:10A25000266D1E3FFA16493FC6DE753F229A8E3E96
:10A26000FB6D713F6F44AABE9AC3123FC2C051BF7B
:10A2700008ED2FBC38FC7FBF073C17BF8F8D4EBF4A
:10A28000BD3373BFEFDB9FBE4B4874BFFC20993ECC
:10A2900056121ABF08724C3FC30AC9BC43EC7F3F39
:10A2A000B7DA0F3F55C2533F363B703FCBEAB03E63
:10A2B000C4D4763FC1CC87BEF82F213F29E246BFE8
:10A2C000E8E5743DC18A7FBF924B08BFA1B358BF78
:10A2D00024F66CBF49C1C1BE981279BF7C9A6C3E0E
:10A2E000411A28BFEB12413F3D7CC2BDD3D77E3F10
:10A2F000FF90003FE15F5D3F9165693F085AD23EA4
:10A300000E017B3F195049BEF7CE2E3F29063BBFB9
:10A31000C223053EB2D37DBFE95AF1BE98C561BFE5
:10A320009F8A65BFC5AFE2BE8B9F7CBF89C5253EB6
:10A33000FC4B35BFCFBD343FFDDE28BEAF7E7C3F3A
:10A34000ED46E13E5DE3653F8A66613F42BDF23E18
:10A3500088ED7D3F2F0602BE3B8F3B3FDE3B2EBF8D
:10A3600068644C3E3AD97ABF2AEBD0BEE5B769BFE4
:10A37000A3FA5CBFB63E01BF9DEA7EBFBD3ABC3DBD
:10A38000B79641BF6782273FB1A86FBED5E3783F3C
:10A39000D54CC03EF1416D3F5348583F9AF5083FB8
:10A3A00079967F3F6A5A68BD8660473F949320BF85
:10A3B0005150893E249F76BF3871AFBE668070BF12
:10A3C000165153BFDC8010BFE2F07FBF57EAAF3CAD
:10A3D000CBEA4CBF9471193F86A09ABEDF0B743F45
:10A3E000BA5D9E3E3A72733F89164E3F12DE173FAA
:10A3F000C0F97F3FF52F623CC733523FB01E12BFFA
:10A4000076BFAB3ED02A71BF96178DBE341676BF8D
:10A41000209948BFF5091FBFC6AB7FBF06F748BDEF
:10A42000442D57BF2F950A3F1A8DBCBE6CDB6D3F84
:10A43000FDFD763E4E20783F5167423FCA9F253F43
:10A44000E6F57D3FACD1AB3DF7465A3FF6EB01BF99
:10A45000BFAECA3EF37D67BF9CBD4FBE8D5275BF78
:10A4600010FD36BF346427BFA57B72BF3738E9BD06
:10A47000C6C551BFCB13E63EF6B5C9BE19E6513F7E
:10A48000FD331B3E8F985D3F55BD193F72EF163F60
:10A4900000DA493F1A35FC3D1D232B3F5549ACBE20
:10A4A000B5EFA43ED22C1DBFA6A1B2BDF1B420BF12
:10A4B0005E44C9BE410CD4BE4FA3FEBEFA1CC4BD4F
:10A4C0000080CDBEBB033D3EC21640BE6954A83ECF
:10A4D000339B053D0B10A23E3BBB313E9F24493EC2
:10A4E00045D2523E7282423D0F691D3E553582BDB6
:10A4F000D2A78B3D6EE7DCBD010D80BB5B6AC2BDA0
:10A50000ACA822BD282D63BD39512EBD9574A0BCC9
:10A51000A6AFFFBC374212BB0000803F5C2D18BDC8
:10A52000039F503F585E14BF1E0BA83E9FD171BFC2
:10A53000325B8FBEB3C275BFB3D848BF11BC1EBF5C
:10A540000CAC7FBFAD414FBD7EDC57BF4E9F093F76
:10A55000D54CC0BEF1416D3F7E9A6C3E9712793F5B
:10A56000A98E403FB0B1283F69B07E3FB6FDCE3DD9
:10A57000668C5E3F050CFDBE6A10D83EA81668BF0B
:10A580006DE339BE20BF7BBF55C637BFAA3832BF87
:10A59000BB0D7DBF6AE91ABE59AA64BF7433E63E9B
:10A5A0004C46EFBE2653623F6DB2063E8CC67D3FE1
:10A5B00078852E3FC04A3B3F15C57A3F5EEE4D3E43
:10A5C00051326A3FEAC3CEBE9FEF023F34FB5BBF0E
:10A5D0003352A6BD86277FBF25D224BF00E243BFEA
:10A5E000F6D777BF223680BEB0206FBFC3CCB63E51
:10A5F00038E60DBFFB12553FB449FB3C29E17F3FD4
:10A60000B8B21A3FC7F84B3F4A48743FFD20993E05
:10A610003972733FB85D9EBEBF7F183F029F4DBF2A
:10A62000105AA33CF7F27FBFD52D10BFC68953BF88
:10A63000671870BF6BA7B1BE172477BFCE86853E63
:10A6400043B522BF2DA4453FB56490BDE95C7F3F73
:10A65000624A053F09905A3F0B4B6B3F52B9C93EC6
:10A66000DC337A3FA5B058BE0E802C3FB8273DBFE3
:10A670002994F73D5E1F7EBF071FF4BEF10661BF40
:10A680005DE365BFEE46E1BE8A9F7CBF8BC5253E7C
:10A69000B8D935BF332F343FA2102FBE273B7C3FA4
:10A6A0002E09DD3E44EA663FE9E45F3FC640F83EDE
:10A6B00086657E3F79DBE4BD1ABC3E3F81C02ABF80
:10A6C0005AE4613E83B179BF5C62C5BE24366CBF7B
:10A6D0009C5359BFE84B07BFAB847FBF6F2B7B3DBB
:10A6E000672147BFD2E1203FF7118ABE1A84763F27
:10A6F000153AAD3E16E7703FC533523FAF1E123FCD
:10A7000037FC7F3F2BED2FBC16044F3F9E9916BFA1
:10A7100032D7A23E04B572BF31A094BE0BFA74BF0B
:10A72000138A4ABFA2911CBFE2CB7FBFD25123BD87
:10A73000025F56BFA4EE0B3F9F31BBBEBD466E3FCE
:10A74000A649773E506C783F885B423FE29D263FAA
:10A75000C6F37E3FD719B93D532D5D3FE4E700BFF7
:10A760004911D33E323C69BFB8B044BEAC3B7BBF5D
:10A7700085AD39BFDF3C30BF74747DBFB80810BEF3
:10A78000936A63BF2F19EB3E7F66EABEAB98633FC7
:10A79000CE96113E3B667D3FBB85303F4168393FD9
:10A7A000E74E7B3F0526433EAF12693F68C8D3BEE4
:10A7B0000091003FE25F5DBFBE3ABCBD9DEA7EBF37
:10A7C00028EA26BF0B1A42BF848478BF5AC375BEDD
:10A7D000EA216EBFB6ECBB3E6B9A0BBFE695563FC7
:10A7E0000699293DCCC77F3F1FE11C3F864C4A3F5D
:10A7F0002517753FBDDF933EF994723FC595A3BE03
:10A800004648163F283F4FBF5ACB163CF0FC7FBF4F
:10A81000547012BF18F951BF0C0471BF4279ACBE1D
:10A82000985A76BF79CB8A3EF37C20BF6F44473F6E
:10A83000EC9A74BD903C7F3F7E4E073F009A583F94
:10A840000D516B3FFDC9C33E46AC773F80A961BE49
:10A850007C43283F4F893CBF3A1DDD3D513B79BFCA
:10A860006229F1BEC7B658BF88755CBF4C32D2BEF4
:10A8700005A96BBFBE0D253EDFA623BF2DAC253F2E
:10A88000735010BE2E0E5E3F1F2FBE3E6453413FDD
:10A89000F0BA333F8744C23E68273E3F4DA0BBBD60
:10A8A0005EF7023F4E9BEFBEF75C083EF5A01EBF71
:10A8B000673267BE2B4406BF8299DDBE3DAD86BEC2
:10A8C0003E9AE1BEA958023DF66F95BE89CF763E0D
:10A8D000B70EA9BD0C5B9D3E1FEBBA3D1FB47B3E7E
:10A8E000AAFF323E15D3F33D98D22A3E9C9C43BB2F
:10A8F00008F6D43DC8319BBDF821043D6287BBBD3D
:10A90000340D8DBCF1328FBD4EBB18BD764C1CBDD5
:10A910007F361FBD583F69BC0000803F5D8133BD5D
:10A920004913513F50BA13BF0002AB3E7A4C71BF7E
:10A930008AD38ABEEB6876BF29E246BFF82F21BFD3
:10A940007B717FBF95FD86BDA05B5ABF2CA0053FE4
:10A950001072CABE5D236B3F0015543E02737A3FEE
:10A9600098D33B3F29F22D3F8CC67D3F6EB2063E09
:10A97000D6B0623F80E2EDBEB700E93E72F463BF3D
:10A98000CC9611BE3C667DBFE6F32FBFACF239BF5B
:10A990000E017BBF185049BEA6096ABFCA7BCF3ED5
:10A9A000F84503BFB8C75B3FF7EC9C3D543F7F3F82
:10A9B0004A50233F2624453F1724773FCE86853EC5
:10A9C000E05D703F0F2EB0BE6B79113F48A652BFBD
:10A9D00002ED2FBC38FC7FBFD9F615BF1F7A4FBFE1
:10A9E000F43372BFE5D0A5BE7AA675BF2C1C903E8D
:10A9F000E50A1FBF4E9A483F6B1462BD189C7F3F0B
:10AA00006EF6073F16E9583F24366C3F5C62C53E40
:10AA100090DD793FA7D35EBE49EB2B3FF9AE3DBF3A
:10AA20002C94F73D5E1F7EBF43BDF2BE8A6661BFB8
:10AA3000543165BF0E18E4BE73FE7CBFDD761C3E4C
:10AA4000440C38BF71F0313F3E853EBEB2877B3F3C
:10AA5000647FD43E06E9683F532D5D3FE4E7003F45
:10AA6000A3057F3FBBD7B2BD5060433FCA6B25BF34
:10AA70002236803EF6D777BFEC54B5BE30686FBF44
:10AA80000F3354BF3B340FBFE4F07FBF63EAAF3CEA
:10AA9000D6DA4DBFF52E183FE59AA0BE4714733F96
:10AAA0008D60953EC8DC743F864C4A3F1EE11C3FDA
:10AAB00029BF7F3FF926363D2570573FAD480ABF75
:10AAC000D54CC03EF1416DBFBA8B69BEC04079BF65
:10AAD000C1843FBF58DF29BFB1707EBF31BCE1BD2B
:10AAE000971560BFDC90F73EA928DFBE7167663F0F
:10AAF0005152273E308F7C3FBBE7333F6B20363FC0
:10AB0000E8067C3FC2B4333E87C1673FB87CD9BEFC
:10AB1000050CFD3E678C5EBF35BDC8BD6EC47EBFF3
:10AB2000698227BFB89641BF878478BF5CC375BE72
:10AB30006D6B6EBF6D76BA3ED0EA0CBF92B9553FD1
:10AB400091EC033DFEDD7F3F92621A3F76354C3F2C
:10AB50006DED733F26609B3EDD0B743F86A09ABE71
:10AB6000B9B21A3FC8F84BBF33340A3DB0DA7FBFE1
:10AB7000D8960CBFDAF055BFBE466EBFA131BBBE42
:10AB8000929C78BFE73C743E60CE27BFDF54413FC4
:10AB900083DDCBBD7DBA7E3F265DFC3E04BE5E3FBD
:10ABA000C296673FAD32DA3E7B187C3FD52832BE75
:10ABB000342F343FB8D935BFFDDE283EB07E7CBF90
:10ABC000A173DEBE309366BFE8E45FBFC740F8BE46
:10ABD000B07B7EBFC49CDE3D67C73FBF1594293F55
:10ABE0002D136BBEBF29793F6E92BF3EA0676D3FAC
:10ABF000C639573F3C9D0A3F90C37F3F05E02FBDBC
:10AC0000118A4A3FA0911CBFA920963E1CBF74BF69
:10AC1000FDDA9FBE4F3273BFC29A4DBF987C18BFFA
:10AC2000C5DF7FBF996FBCBC4D4D54BFBACC0E3F42
:10AC30002ED9B5BE4BFB6E3F6C4B7E3EDA59773F4B
:10AC40003E42423FB9FC243F21037D3F0190B43D89
:10AC5000EC855A3F20D2FDBEF0D8D03E8BFB63BFBF
:10AC6000881237BED8BD73BF24532FBFD7062ABF63
:10AC70003C616CBFBBAC13BE37A550BFDED8CE3E27
:10AC8000E7EBD5BECCE9453F1DBCCD3D0FE8553FB8
:10AC90005AF7083FE995173F81F03A3F24EA273EEB
:10ACA00088E1233F565A88BEF7C3AC3EFB5709BF25
:10ACB000C305FBBCCEF711BF42CAA0BE7B72CBBEA0
:10ACC000A1F2D8BE87FDFFBD4775B7BE3BEFF93D8A
:10ACD000CD503FBE21E8833E6B7055BBCC43863ED2
:10ACE000D795F53D7494323E0293203EF9966D3D22
:10ACF000001F003E4A5C07BDDA95823DD3D199BD65
:10AD0000E110FD3B1DEA97BD0061D9BCA4FB50BD1D
:10AD1000A39E26BD3CF9C4BC0000803F5D8133BDCD
:10AD20000F87513FED1513BF3CF7AD3E01C570BF16
:10AD3000DE4886BECC0977BFF4E344BFA99D23BF9C
:10AD400087277FBF2F52A6BDD1C75CBF7395013F38
:10AD5000647FD4BE07E9683FCF6E3B3ECDAC7B3FFE
:10AD6000DFF3363FAF10333F8A9F7C3F8CC5253ED3
:10AD70003093663FA273DEBE2CA0F93E26835FBFF0
:10AD8000C81DD2BD2CA67EBF61CE27BFE05441BFF7
:10AD9000526C78BFA54977BE9DD86EBF2A44B83E95
:10ADA000658D0EBF47A3543F6FEAAF3CE3F07F3F92
:10ADB000188D173F1C524E3FF894723FC595A33E25
:10ADC0001B8A753F0FDD90BE9F591F3FCA5B48BF6E
:10ADD000E8E5743DC18A7FBF824B06BF6AF259BF66
:10ADE0005E236BBF1072CABE599C7ABFF201513EFE
:10ADF0005B182FBF75C13A3FB60810BE74747D3F13
:10AE00009C4DE83E2122643F1924623FFBF7EF3E50
:10AE1000C1067E3F91D0FDBDF9AE3D3F49EB2BBF52
:10AE20005CE4613E83B179BF557BC2BE07D06CBF85
:10AE300063A657BF08F409BF8FC37FBF0AE02F3D49
:10AE4000CC044BBF5FF21B3FFD2099BE4B48743FC3
:10AE500026609B3E6EED733FF7BB4B3FC5021B3F29
:10AE6000D0CF7F3F890A1D3D4703573FB7F10ABF47
:10AE7000D44CC03EF1416DBF667C66BE4E6E79BF5C
:10AE8000FF783EBF5B0B2BBF722B7EBFBF75F4BD3F
:10AE9000229661BF2A0CF23E7433E6BE59AA643F83
:10AEA000B2B2143E58497D3FE5F32F3FACF2393F33
:10AEB00039D97A3F67644C3E7AAB6A3F8A9BCCBEF5
:10AEC000624A053F09905ABF0BDB83BD08787FBFFC
:10AED0003C4520BF859F47BFC7DE75BF229A8EBE07
:10AEE000F43372BFE6D0A53E9E9916BF17044F3FBC
:10AEF00039398ABCABF67F3F83870F3FC2FA533F95
:10AF000081446F3FE510B63ED022783FA3DB7BBE85
:10AF10002AEA263F0C1A42BF35BDC83D6EC47EBF2B
:10AF200024AEFBBE82EF5EBF9A1567BFC153DCBE85
:10AF3000086E7CBF8E6B2A3E6B2036BFBBE7333F6B
:10AF400050CC36BE51E37B3F97A3D63E386B683F6B
:10AF5000E05F5D3FFF90003F580E7F3F80B6AFBD82
:10AF6000AC22443F2D8524BF7002843E3C5877BFFD
:10AF7000112EB0BEE25D70BFC63352BFB01E12BF0D
:10AF80004DFF7FBFCBCB963B35D950BF5E0C143FF6
:10AF900077BFABBED22A713F928E883E06BA763F0B
:10AFA0002DA4453F43B5223F553F7F3FF9EC9C3DE3
:10AFB0008F2E5C3F339902BF095AD23E916569BF1B
:10AFC0004A1040BEE9747BBF54C637BFA93832BFB0
:10AFD000ADCF7CBFA51E21BE880F66BF4E92E03E5E
:10AFE000DD90F7BE9615603F337DDB3D89867E3F61
:10AFF000AFB1283FA88E403F7CB4783F52B6723E36
:10B000006B6B6E3F6D76BABE58920D3F684A55BF66
:10B010006899D5BC36E87FBF987C18BFC29A4DBFEF
:10B020008BE672BF6150A1BE901175BF790A933E45
:10B03000AC3C1EBF71D9483F878A61BD35007F3F58
:10B04000A2B2063F675D583FC5C6693F51BAC63ECA
:10B050008D24773FF7DD52BED0AA2A3F58B837BFBC
:10B060003603073E98B175BF669FDFBEA92159BF61
:10B07000C0DA53BFDD50DEBEFCF066BF8A63EF3D31
:10B0800023FE25BF22D8173FF33C3ABE145B523F44
:10B090003AF19C3E8FA03C3F9BDE213F6B01CD3EB1
:10B0A000BB4B313F7FFF06BD2137003F8FDBC6BE64
:10B0B000894E2C3EFEAF0BBFF3A81FBEA5B8F6BE4F
:10B0C00094A3B4BE7A2188BE4EB2C1BE773751BCBC
:10B0D0000B7188BEF623323E885CC7BD845D793E25
:10B0E000066D473D08E9523EFA13003E6A3AE33DD9
:10B0F00023B3033E1DCB6A3C0857B03D8C2244BDB0
:10B100000C11013DCB6E8ABDBB3C42BC757F66BD58
:10B11000B5DC14BDB166F7BC0000803F5C2D18BDE6
:10B1200054FA513F307112BFCBEAB03E363B70BF8C
:10B1300049BB81BE51A577BF28DE42BF0A0526BFA5
:10B1400033CE7EBFC69CC5BDDB205FBFF7FEFA3E97
:10B15000A173DEBE3093663FB6AB223EC9BF7C3FD3
:10B1600071F0313F430C383FAA3B7B3FBAB0443EBD
:10B1700051326A3FE9C3CEBE84F4043F4FC45ABF84
:10B1800068B880BD6D7E7FBF9F591FBFCA5B48BF37
:10B19000EC5075BF945E92BE471473BFE59AA03E13
:10B1A000937119BFCBEA4C3F2C340ABDAFDA7F3F15
:10B1B0001C460B3FA7CC563F1D1C6D3F1E07C13ED2
:10B1C00083B1793F5AE461BE0F802C3FB7273DBF62
:10B1D000C423053EB1D37DBFBACBEBBE593C63BFA0
:10B1E000D7B062BF80E2EDBE38FA7DBF4677003E41
:10B1F0006DF23DBFBFA02B3F657C66BE4E6E793FB2
:10B20000EBD7BE3E2C8D6D3FFD27563FC9420C3F0C
:10B210002AE47F3F1EBAEEBC029F4D3FBF7F18BF9E
:10B2200033D7A23E03B572BF2C1C90BE7AA675BF61
:10B23000849F47BF3B4520BFC76A7FBF08208ABDA8
:10B240005A605BBF6DF2033F2AEBD0BEE4B7693FA3
:10B250004910403EEA747B3F223A373FC9C8323F2B
:10B26000308F7C3F5252273E9915673FBF53DCBE5B
:10B27000040CFD3E668C5EBFC23ABCBD9DEA7EBF3B
:10B28000041F25BF38A143BF3A5877BF700284BE60
:10B29000C6A270BF49B4AE3E2A6813BF3D4D513FB0
:10B2A000DBCB96BB4EFF7F3F6A79113F48A6523FEA
:10B2B00058D26F3F5820B33E0FF1773FDEE67EBE97
:10B2C00029EA263F0B1A42BFB7FDCE3D69B07EBFCB
:10B2D0008EF0F8BE19B45FBF880F66BF4E92E0BE15
:10B2E00003EF7CBF39041E3E64DD38BF2217313FB7
:10B2F000195049BE0D017B3F899BCC3E7AAB6A3F1A
:10B3000014275A3FE2F5053FB0907F3F2FA06EBD56
:10B31000FA16493F266D1EBF31A0943E0BFA74BF4A
:10B32000B95D9EBE3A7273BF78354CBF92621ABF48
:10B33000D0CF7FBF840A1DBD257057BFAD480A3FDF
:10B340004435C3BEC3A96C3F164B5D3E5CF3793FE9
:10B35000FB5B3C3F6E5E2D3FCBAB7D3F88CF093E14
:10B36000A1C6633FAFB3E9BEFBF7EF3E1A2462BF4D
:10B370003194F7BD5F1F7EBF82C02ABF1BBC3EBF9A
:10B38000BE2979BF2D136BBEF0FC6DBFADA7BC3ECF
:10B39000B33E0DBF2A82553F960AC93C42EC7F3F1F
:10B3A000188D173F1D524E3F7154723F9F12A53E9C
:10B3B000B4FA753FFDD88DBEF82F213F2AE246BF73
:10B3C000E286933DBE557FBF9FEF02BF33FB5BBF5D
:10B3D000313C69BF4811D3BECEAC7BBFCC6E3B3E87
:10B3E0002AA033BF0367363F06F82BBE385D7C3F8B
:10B3F000AB32DA3EC096673FBFF65D3FB317FF3E04
:10B40000A1057F3FBED7B2BDFF62443FEB3724BFEB
:10B410001448863E580877BF4279ACBE0C0471BF11
:10B42000E19250BFB85514BF29D97FBF62B616BC90
:10B430006F1053BFA454103F55E6B4BE2ED66E3FD6
:10B44000333A793E3E22773F7DD53F3F9B81263F71
:10B45000D4497B3F1394D53DD8AE5B3F0CD3F1BEAE
:10B46000979ADB3E9B5E5EBFAF4E12BE817971BF85
:10B4700017B424BF96862DBF411D64BF93533BBEB6
:10B4800061A24EBFA0E7B13EB02AE3BEFD12373F36
:10B49000026A2F3D17014C3F16C0EB3E090B173FC8
:10B4A000589D293FF738513EFF851A3F5EE645BE5D
:10B4B000D861B13E9965E8BE3A27B23CB28901BF76
:10B4C000D59B72BE5AE9BEBE47D3B2BEA36C15BEB1
:10B4D0006C3D9FBE33F8893DF9AA36BE4CC7443E49
:10B4E0006104EFBC2580563ECEA89B3DC817183E90
:10B4F000866DE93D9F88743D7ED0C43DDAB161BC64
:10B50000E0BA4F3DED6451BD4344973B63B659BD2E
:10B51000AE14D9BCE34202BD0000803F0A5DCBBC43
:10B52000186D523F18CC11BFA5DCB33E1BAF6FBFE7
:10B53000C9557ABE773B78BFD9D040BF056628BFD2
:10B5400087657EBF74DBE4BD8A6661BF43BDF23EA2
:10B550009B4DE8BE2122643F88CF093ECBAB7D3FA7
:10B5600049CA2C3FECE33C3F439B793F826C633EEE
:10B570002C8D6D3FEAD7BEBED0EA0C3F92B955BFC5
:10B58000917ABCBCA6EE7FBF9E9916BF17044FBF31
:10B590008DB071BFFEC8A8BE07BA76BF948E883E34
:10B5A000EDEA23BFA5A3443FD5F8B5BDC9FC7E3F56
:10B5B000050CFD3E678C5E3FCCBE663F79BEDD3E2E
:10B5C000AECF7C3FA41E21BE65DD383F221731BFC0
:10B5D00068644C3E39D97ABF53B9C9BE0B4B6BBFB7
:10B5E00016E958BF6EF607BF9DBA7FBFDD6D3C3DC3
:10B5F000087F4BBFBC521B3F779E9DBE3F91733F60
:10B60000BFDF933E2617753FCA5B483F9F591F3FD8
:10B610007B717F3F96FD863D1A945B3F3C9C03BF48
:10B620004811D33E313C69BFEC5738BE4CD17BBF8B
:10B63000FB4B35BFCFBD34BF31F57BBF954035BE29
:10B6400006E968BF657FD43E9FEF02BF34FB5B3FD6
:10B650006C428D3DEC637F3FCAF61F3F65DE473F7E
:10B66000EC50753F945E923E0E53733FDE1C9FBEBE
:10B67000B8B21A3FC7F84BBF03E02F3D8EC37FBF60
:10B68000A1A008BF0A7E58BFFB996BBF7B47C8BE0D
:10B69000CAB07ABF3B784F3EBA8530BF4268393F67
:10B6A00037041EBE03EF7C3FA828DF3E7167663F6C
:10B6B00081EF5E3F22AEFB3E9CEA7E3FC13ABCBDBD
:10B6C000AB22443F2C8524BFDA0A873E5BEF76BF6E
:10B6D0007144AABEFB6D71BF207A4FBFD9F615BF6A
:10B6E000F8F27FBF035AA3BCA34A55BF81920D3F16
:10B6F0008A62BDBED5D76D3F647C663E4E6E793F93
:10B70000676B3D3FB9352C3F8CC67D3F6FB2063E1F
:10B71000A1C6633FAEB3E9BEE95AF13E98C561BF29
:10B72000A019EBBDC24E7EBF42FD28BF5B4C40BF9F
:10B73000526C78BFA34977BE2F686FBFEC54B53EFB
:10B74000A72611BF58DF523F690F493BB0FF7F3F2B
:10B750003071123F55FA513F73F56F3FF063B23EBF
:10B76000040A783F57617DBE61CE273FE15441BF57
:10B77000BE9CDE3DB17B7EBF081FF4BEF10661BFFB
:10B78000137D64BFF9E6E6BE6D907DBF4AEC0C3ECA
:10B79000FC5B3CBF6E5E2D3F165C60BE9EC7793F72
:10B7A000D54CC03EF3416D3FFF27563FCA420C3F88
:10B7B000B8E97F3FB29AD5BC8F8D4E3F073C17BF8B
:10B7C000234DA73E8AF271BFF8118ABE198476BF55
:10B7D000262445BF4B5023BF590E7FBF85B6AFBD52
:10B7E000C5285EBF4B69FE3EC153DCBE9915673F5D
:10B7F000AC38243EBCAF7C3F1EA8313F1652383FC8
:10B800000B017B3F1250493E48FB6A3F752ACBBE75
:10B810001C4B073F555259BF06F748BDC6AB7FBF0B
:10B820004EE91BBF00F94ABF81AC73BFB2099CBE91
:10B83000DD9174BFD832953E435B1EBF365E483FF4
:10B84000912680BDFA5C7E3F3642033FD479593F52
:10B85000AA8C663F68EFCE3EEC85763F959837BE62
:10B86000FA8D2E3F2A2B30BFC0F7293E188170BFBA
:10B87000C6ECC7BE7D5C59BFC37848BF06FCECBEB2
:10B88000FF6160BFC7A4813D25CB27BFB123073F20
:10B89000D93667BE63F3433F2E66703EB9EC353F41
:10B8A00059C00D3F59A6D53E1F1F223F3E05CF3C34
:10B8B0003FC2F63E06CA9CBE4D68493E5DF6EEBEEE
:10B8C0006B07BABD695BDDBEB9C58CBE873385BE6B
:10B8D000490CA1BEC60F45BD2F2D71BE5AA2EB3D2E
:10B8E000CF18D3BD4FDD3C3EB849863C7283293E1C
:10B8F000AE8EAA3D7705C63D541EBD3DA41CB73C87
:10B900009327803DF276DEBCD2B4A73C419A2CBD91
:10B9100010B44EBCA494EABC0000803FFBD20EBC25
:10B9200059DF523FA72611BFC4CCB63EB0206FBF2F
:10B93000922F71BE3BCC78BF1BBC3EBF81C02ABFDB
:10B9400087ED7DBF2D0602BEAC9863BF8166EA3EDF
:10B95000280CF2BE2296613F32BCE13DB0707E3FC2
:10B960006982273FB796413FB7BE773FC0F8803E18
:10B97000C7A2703F48B4AEBE39B0143FAF6450BFE9
:10B980003F398A3CABF67FBF80920DBFA34A55BFBB
:10B990002C8D6DBFEAD7BEBE9DC779BF155C603EDA
:10B9A00028F22DBF99D33B3FC82413BEDE577D3FFD
:10B9B000C5AFE23E9F8A653F27835F3F2CA0F93EDB
:10B9C0004CE17E3F8D5BBFBD3763443F193824BFD8
:10B9D0005050893E249F76BF128FA6BE521372BF6D
:10B9E000D5DA4DBFF42E18BFAFDA7FBF26340ABDBB
:10B9F00062A657BF09F4093F28D5C6BE58E86B3F79
:10BA00003A784F3ECBB07A3F65DD383F2217313F61
:10BA1000BDAF7C3FAD38243ED76B673F80E8DABED0
:10BA2000FF90003FE15F5DBFF9EC9CBD533F7FBFDE
:10BA3000D2E120BF662147BF976D75BFDC9D91BEE7
:10BA4000397273BFB95D9E3E98A21BBFFA414B3F4E
:10BA5000A7414FBD0DAC7F3F834B063F6AF2593F74
:10BA600052326A3FEAC3CE3EB2877B3F3D853EBE3F
:10BA7000332F343FB7D935BF9740353E31F57BBFC3
:10BA80004811D3BE313C69BF792C5BBF884804BFE5
:10BA9000C18A7FBFF3E5743D12D149BFD27F1D3FFC
:10BAA000CDE099BE272A743FD320963E61BF743FF4
:10BAB0004E9A483FE50A1F3FC76A7F3F0B208A3DE9
:10BAC0008E2E5C3F329902BF98A3D63E396B68BF79
:10BAD00062842DBE444C7CBFC9C832BF223A37BFF6
:10BAE00048287BBF4A3B46BE8BFB6ABFAF2ACB3E92
:10BAF0006EF607BF16E9583F09E02F3D8EC37F3F22
:10BB000055121A3F08724C3FEAD4723F8718A23E82
:10BB1000B3FA753FFCD88DBE9967223F03E445BF59
:10BB20002795AC3DE4167FBFBCBAFDBEA65A5EBFEA
:10BB3000309366BFA073DEBE72FE7CBFDF761C3E14
:10BB4000B6373ABFD3AA2F3F8E2757BE10497A3F48
:10BB50004435C33EC5A96C3FE595563F6B9A0B3FF4
:10BB6000B8E97F3FA89AD5BC17044F3F9F9916BFED
:10BB70006E44AA3EFB6D71BFCF8685BE162477BF8B
:10BB80004B1F43BF76B825BF68B07EBFB2FDCEBDA8
:10BB9000897660BF9330F63E7533E6BE59AA643F9E
:10BBA000F45D0B3E329E7D3F0F802C3FB9273D3F19
:10BBB0009A57793F2104683EBD466E3FA031BBBE17
:10BBC00039340F3F0E3354BF7FCB16BC37FD7FBFD8
:10BBD000EE1513BF0F8751BF75F56FBFEF63B2BE90
:10BBE000793B78BFCE557A3E41FD28BF5C4C403F43
:10BBF0002B57F1BD5D377E3F7994EE3E1082623F58
:10BC0000D3B0623F7BE2ED3E282B7E3F7D75F4BDD5
:10BC1000CE08403FB94729BFA5CA783ED64E78BF67
:10BC2000EF15B3BE69C46FBF37A351BFEEAE12BFED
:10BC3000BEAF7FBF1806FBBB7B7953BFFC2F0F3F06
:10BC40002DA3B9BE515D6D3F98BC673E7552773FDD
:10BC5000CFFA3A3FE0FD293F757A783F57FD063E1F
:10BC60007D595D3F15B0DFBE7336EA3E775256BF51
:10BC7000695DC4BDA9FB6DBF520517BF3C4331BF11
:10BC8000984559BFF95869BE0B134BBF19EB8F3E4E
:10BC9000F5DCEFBE3C64253F9A7696BC82893F3F37
:10BCA000F40AC23E20A2143FFC16163F8E85763E53
:10BCB00043DE0E3FE776F7BD07A7B13ED7E6BCBE31
:10BCC00056DF883D2696DFBEF2F028BE596CAEBE28
:10BCD000AFA08DBEDF0521BEF7AE85BEE182B83CC8
:10BCE00093D926BE7E7F093EE0643ABD8D78233E1F
:10BCF000C74F273D39F8F53DEE649A3DA7A6623D52
:10BD000035EC853D4050533AD3BE083D91E3CBBC62
:10BD10000405533BC0ACADBC000000000000803FF8
:10BD2000890FC93BC4FE7F3F900E493C11FB7F3F0A
:10BD3000B6C9963CE6F47F3FB00AC93C43EC7F3F6E
:10BD4000B949FB3C29E17F3F2CC3163D98D37F3F87
:10BD500007E02F3D8FC37F3F2FFB483D0FB17F3F53
:10BD60006814623D189C7F3F742B7B3DAB847F3F02
:10BD70000A208A3DC76A7F3F05A9963D6D4E7F3FE9
:10BD80008C30A33D9D2F7F3F80B6AF3D580E7F3F47
:10BD9000C33ABC3D9DEA7E3F36BDC83D6DC47E3F83
:10BDA000B93DD53DC99B7E3F2EBCE13DB0707E3F85
:10BDB0007638EE3D23437E3F73B2FA3D24137E3F37
:10BDC0000295033EB1E07D3F86CF093ECCAB7D3F7F
:10BDD000B708103E74747D3F8340163EAC3A7D3FF9
:10BDE000DE761C3E73FE7C3FB6AB223EC9BF7C3F75
:10BDF000FCDE283EB07E7C3FA2102F3E283B7C3FDD
:10BE00009840353E31F57B3FCF6E3B3ECDAC7B3F1E
:10BE1000379B413EFC617B3FC2C5473EBE147B3F22
:10BE200060EE4D3E16C57A3F0115543E02737A3FCF
:10BE300097395A3E841E7A3F135C603E9DC7793F16
:10BE4000667C663E4E6E793F7F9A6C3E9812793FD3
:10BE500051B6723E7BB4783FCCCF783EF853783FF2
:10BE6000E1E67E3E10F1773FC07D823EC58B773F95
:10BE7000CE86853E1724773F938E883E07BA763F5D
:10BE800007958B3E974D763F229A8E3EC6DE753FD4
:10BE9000DD9D913E976D753F31A0943E0BFA743F46
:10BEA00017A1973E2284743F86A09A3EDD0B743F13
:10BEB000789E9D3E3F91733FE59AA03E4714733FA5
:10BEC000C595A33EF894723F128FA63E5213723F5F
:10BED000C486A93E578F713FD47CAC3E0809713FA0
:10BEE0003A71AF3E6680703FEF63B23E73F56F3FCD
:10BEF000EC54B53E30686F3F2A44B83E9ED86E3F42
:10BF0000A031BB3EBE466E3F4A1DBE3E93B26D3F62
:10BF10001E07C13E1D1C6D3F15EFC33E5E836C3F87
:10BF200029D5C63E58E86B3F53B9C93E0C4B6B3F11
:10BF30008B9BCC3E7BAB6A3FCA7BCF3EA7096A3F57
:10BF4000095AD23E9165693F4136D53E3CBF683FB4
:10BF50006B10D83EA816683F80E8DA3ED86B673F82
:10BF600079BEDD3ECCBE663F4F92E03E880F663F15
:10BF7000FA63E33E0B5E653F7533E63E59AA643FC4
:10BF8000B700E93E73F4633FBBCBEB3E5A3C633FE3
:10BF90007994EE3E1082623FEA5AF13E98C5613FC5
:10BFA000071FF43EF206613FCBE0F63E2146603FBC
:10BFB0002DA0F93E27835F3F275DFC3E05BE5E3F17
:10BFC000B217FF3EBEF65D3FE4E7003F532D5D3FF5
:10BFD000B142023FC7615C3F3D9C033F1A945B3F07
:10BFE00084F4043F50C45A3F824B063F6AF2593FE3
:10BFF00036A1073F6A1E593F9BF5083F5348583FFB
:10C00000AD480A3F2670573F6B9A0B3FE595563F68
:10C01000D0EA0C3F93B9553FDA390E3F31DB543F3C
:10C0200084870F3FC3FA533FCDD3103F4918533F86
:10C03000B01E123FC633523F2A68133F3D4D513F59
:10C0400039B0143FAF64503FD9F6153F1F7A4F3FC8
:10C05000073C173F908D4E3FC07F183F029F4D3FDA
:10C0600000C2193F79AE4C3FC6021B3FF8BB4B3FA5
:10C070000C421C3F7FC74A3FD17F1D3F12D1493F31
:10C0800012BC1E3FB3D8483FCBF61F3F65DE473F8B
:10C09000F92F213F2AE2463F9967223F03E4453FBB
:10C0A000A99D233FF5E3443F25D2243F00E2433FCF
:10C0B0000A05263F29DE423F5636273F70D8413FCA
:10C0C0000566283FDAD0403F1594293F67C73F3FB8
:10C0D00082C02A3F1BBC3E3F4AEB2B3FF9AE3D3F9F
:10C0E00069142D3F03A03C3FDE3B2E3F3B8F3B3F7F
:10C0F000A5612F3FA47C3A3FBB85303F4268393F62
:10C100001DA8313F1652383FC9C8323F233A373F46
:10C11000BCE7333F6C20363FF304353FF304353F33
:10C120006C20363FBCE7333F233A373FC9C8323F24
:10C130001652383F1DA8313F4268393FBB85303F1A
:10C14000A47C3A3FA5612F3F3B8F3B3FDE3B2E3F18
:10C1500003A03C3F69142D3FF9AE3D3F4AEB2B3F16
:10C160001BBC3E3F82C02A3F67C73F3F1594293F13
:10C17000DAD0403F0566283F70D8413F5636273F0A
:10C1800029DE423F0A05263F00E2433F25D2243FF5
:10C19000F5E3443FA99D233F03E4453F9967223FD0
:10C1A0002AE2463FF92F213F65DE473FCBF61F3F8E
:10C1B000B3D8483F12BC1E3F12D1493FD17F1D3F2B
:10C1C0007FC74A3F0C421C3FF8BB4B3FC6021B3F98
:10C1D00079AE4C3F00C2193F029F4D3FC07F183FD0
:10C1E000908D4E3F073C173F1F7A4F3FD9F6153FC2
:10C1F000AF64503F39B0143F3D4D513F2A68133F63
:10C20000C633523FB01E123F4918533FCDD3103FA3
:10C21000C3FA533F84870F3F31DB543FDA390E3F77
:10C2200093B9553FD0EA0C3FE595563F6B9A0B3FCB
:10C230002670573FAD480A3F5348583F9BF5083F8B
:10C240006A1E593F36A1073F6AF2593F824B063FAB
:10C2500050C45A3F84F4043F1A945B3F3D9C033F13
:10C26000C7615C3FB142023F532D5D3FE4E7003FB1
:10C27000BEF65D3FB217FF3E05BE5E3F275DFC3E4A
:10C2800027835F3F2DA0F93E2146603FCBE0F63E7D
:10C29000F206613F071FF43E98C5613FEA5AF13E3E
:10C2A0001082623F7994EE3E5A3C633FBBCBEB3E3B
:10C2B00073F4633FB700E93E59AA643F7533E63E25
:10C2C0000B5E653FFA63E33E880F663F4F92E03EA8
:10C2D000CCBE663F79BEDD3ED86B673F80E8DA3E74
:10C2E000A816683F6B10D83E3CBF683F4136D53E2C
:10C2F0009165693F095AD23EA7096A3FCA7BCF3E82
:10C300007BAB6A3F8B9BCC3E0C4B6B3F53B9C93E1A
:10C3100058E86B3F29D5C63E5E836C3F15EFC33EA0
:10C320001D1C6D3F1E07C13E93B26D3F4A1DBE3EB0
:10C33000BE466E3FA031BB3E9ED86E3F2A44B83EFB
:10C3400030686F3FEC54B53E73F56F3FEF63B23E1C
:10C350006680703F3A71AF3E0809713FD47CAC3EB5
:10C36000578F713FC486A93E5213723F128FA63E6B
:10C37000F894723FC595A33E4714733FE59AA03EDB
:10C380003F91733F789E9D3EDD0B743F86A09A3EA1
:10C390002284743F17A1973E0BFA743F31A0943E5C
:10C3A000976D753FDD9D913EC6DE753F229A8E3EAC
:10C3B000974D763F07958B3E07BA763F938E883E22
:10C3C0001724773FCE86853EC58B773FC07D823E62
:10C3D00010F1773FE1E67E3EF853783FCCCF783ED0
:10C3E0007BB4783F51B6723E9812793F7F9A6C3E8B
:10C3F0004E6E793F667C663E9DC7793F135C603E1A
:10C40000841E7A3F97395A3E02737A3F0115543E93
:10C4100016C57A3F60EE4D3EBE147B3FC2C5473E17
:10C42000FC617B3F379B413ECDAC7B3FCF6E3B3EBB
:10C4300031F57B3F9840353E283B7C3FA2102F3E94
:10C44000B07E7C3FFCDE283EC9BF7C3FB6AB223EBF
:10C4500073FE7C3FDE761C3EAC3A7D3F8340163E49
:10C4600074747D3FB708103ECCAB7D3F86CF093E4C
:10C47000B1E07D3F0295033E24137E3F73B2FA3D47
:10C4800023437E3F7638EE3DB0707E3F2EBCE13DCB
:10C49000C99B7E3FB93DD53D6DC47E3F36BDC83D8D
:10C4A0009DEA7E3FC33ABC3D580E7F3F80B6AF3D0C
:10C4B0009D2F7F3F8C30A33D6D4E7F3F05A9963D5C
:10C4C000C76A7F3F0A208A3DAB847F3F742B7B3D48
:10C4D000189C7F3F6814623D0FB17F3F2FFB483DA2
:10C4E0008FC37F3F07E02F3D98D37F3F2CC3163D7E
:10C4F00029E17F3FB949FB3C43EC7F3FB00AC93C8F
:10C50000E6F47F3FB6C9963C11FB7F3F900E493C55
:10C51000C4FE7F3F890FC93B0000803F0000000040
:10C52000C4FE7F3F890FC9BB11FB7F3F900E49BC02
:10C53000E6F47F3FB6C996BC43EC7F3FB00AC9BC66
:10C5400029E17F3FB949FBBC98D37F3F2CC316BD7F
:10C550008FC37F3F07E02FBD0FB17F3F2FFB48BD4B
:10C56000189C7F3F681462BDAB847F3F742B7BBDFA
:10C57000C76A7F3F0A208ABD6D4E7F3F05A996BDE1
:10C580009D2F7F3F8C30A3BD580E7F3F80B6AFBD3F
:10C590009DEA7E3FC33ABCBD6DC47E3F36BDC8BD7B
:10C5A000C99B7E3FB93DD5BDB0707E3F2EBCE1BD7D
:10C5B00023437E3F7638EEBD24137E3F73B2FABD2F
:10C5C000B1E07D3F029503BECCAB7D3F86CF09BE77
:10C5D00074747D3FB70810BEAC3A7D3F834016BEF1
:10C5E00073FE7C3FDE761CBEC9BF7C3FB6AB22BE6D
:10C5F000B07E7C3FFCDE28BE283B7C3FA2102FBED5
:10C6000031F57B3F984035BECDAC7B3FCF6E3BBE16
:10C61000FC617B3F379B41BEBE147B3FC2C547BE1A
:10C6200016C57A3F60EE4DBE02737A3F011554BEC7
:10C63000841E7A3F97395ABE9DC7793F135C60BE0E
:10C640004E6E793F667C66BE9812793F7F9A6CBECB
:10C650007BB4783F51B672BEF853783FCCCF78BEEA
:10C6600010F1773FE1E67EBEC58B773FC07D82BE8D
:10C670001724773FCE8685BE07BA763F938E88BE55
:10C68000974D763F07958BBEC6DE753F229A8EBECC
:10C69000976D753FDD9D91BE0BFA743F31A094BE3E
:10C6A0002284743F17A197BEDD0B743F86A09ABE0B
:10C6B0003F91733F789E9DBE4714733FE59AA0BE9D
:10C6C000F894723FC595A3BE5213723F128FA6BE57
:10C6D000578F713FC486A9BE0809713FD47CACBE98
:10C6E0006680703F3A71AFBE73F56F3FEF63B2BEC5
:10C6F00030686F3FEC54B5BE9ED86E3F2A44B8BE3A
:10C70000BE466E3FA031BBBE93B26D3F4A1DBEBE5A
:10C710001D1C6D3F1E07C1BE5E836C3F15EFC3BE7F
:10C7200058E86B3F29D5C6BE0C4B6B3F53B9C9BE09
:10C730007BAB6A3F8B9BCCBEA7096A3FCA7BCFBE4F
:10C740009165693F095AD2BE3CBF683F4136D5BEAC
:10C75000A816683F6B10D8BED86B673F80E8DABE7A
:10C76000CCBE663F79BEDDBE880F663F4F92E0BE0D
:10C770000B5E653FFA63E3BE59AA643F7533E6BEBC
:10C7800073F4633FB700E9BE5A3C633FBBCBEBBEDB
:10C790001082623F7994EEBE98C5613FEA5AF1BEBD
:10C7A000F206613F071FF4BE2146603FCBE0F6BEB4
:10C7B00027835F3F2DA0F9BE05BE5E3F275DFCBE0F
:10C7C000BEF65D3FB217FFBE532D5D3FE4E700BFED
:10C7D000C7615C3FB14202BF1A945B3F3D9C03BFFF
:10C7E00050C45A3F84F404BF6AF2593F824B06BFDB
:10C7F0006A1E593F36A107BF5348583F9BF508BFF3
:10C800002670573FAD480ABFE595563F6B9A0BBF60
:10C8100093B9553FD0EA0CBF31DB543FDA390EBF34
:10C82000C3FA533F84870FBF4918533FCDD310BF7E
:10C83000C633523FB01E12BF3D4D513F2A6813BF51
:10C84000AF64503F39B014BF1F7A4F3FD9F615BFC0
:10C85000908D4E3F073C17BF029F4D3FC07F18BFD2
:10C8600079AE4C3F00C219BFF8BB4B3FC6021BBF9D
:10C870007FC74A3F0C421CBF12D1493FD17F1DBF29
:10C88000B3D8483F12BC1EBF65DE473FCBF61FBF83
:10C890002AE2463FF92F21BF03E4453F996722BFB3
:10C8A000F5E3443FA99D23BF00E2433F25D224BFC7
:10C8B00029DE423F0A0526BF70D8413F563627BFC2
:10C8C000DAD0403F056628BF67C73F3F159429BFB0
:10C8D0001BBC3E3F82C02ABFF9AE3D3F4AEB2BBF97
:10C8E00003A03C3F69142DBF3B8F3B3FDE3B2EBF77
:10C8F000A47C3A3FA5612FBF4268393FBB8530BF5A
:10C900001652383F1DA831BF233A373FC9C832BF3E
:10C910006C20363FBCE733BFF304353FF30435BF2B
:10C92000BCE7333F6C2036BFC9C8323F233A37BF1C
:10C930001DA8313F165238BFBB85303F426839BF12
:10C94000A5612F3FA47C3ABFDE3B2E3F3B8F3BBF10
:10C9500069142D3F03A03CBF4AEB2B3FF9AE3DBF0E
:10C9600082C02A3F1BBC3EBF1594293F67C73FBF0B
:10C970000566283FDAD040BF5636273F70D841BF02
:10C980000A05263F29DE42BF25D2243F00E243BFED
:10C99000A99D233FF5E344BF9967223F03E445BFC8
:10C9A000F92F213F2AE246BFCBF61F3F65DE47BF86
:10C9B00012BC1E3FB3D848BFD17F1D3F12D149BF23
:10C9C0000C421C3F7FC74ABFC6021B3FF8BB4BBF90
:10C9D00000C2193F79AE4CBFC07F183F029F4DBFC8
:10C9E000073C173F908D4EBFD9F6153F1F7A4FBFBA
:10C9F00039B0143FAF6450BF2A68133F3D4D51BF5B
:10CA0000B01E123FC63352BFCDD3103F491853BF9B
:10CA100084870F3FC3FA53BFDA390E3F31DB54BF6F
:10CA2000D0EA0C3F93B955BF6B9A0B3FE59556BFC3
:10CA3000AD480A3F267057BF9BF5083F534858BF83
:10CA400036A1073F6A1E59BF824B063F6AF259BFA3
:10CA500084F4043F50C45ABF3D9C033F1A945BBF0B
:10CA6000B142023FC7615CBFE4E7003F532D5DBFA9
:10CA7000B217FF3EBEF65DBF275DFC3E05BE5EBF42
:10CA80002DA0F93E27835FBFCBE0F63E214660BF75
:10CA9000071FF43EF20661BFEA5AF13E98C561BF36
:10CAA0007994EE3E108262BFBBCBEB3E5A3C63BF33
:10CAB000B700E93E73F463BF7533E63E59AA64BF1D
:10CAC000FA63E33E0B5E65BF4F92E03E880F66BFA0
:10CAD00079BEDD3ECCBE66BF80E8DA3ED86B67BF6C
:10CAE0006B10D83EA81668BF4136D53E3CBF68BF24
:10CAF000095AD23E916569BFCA7BCF3EA7096ABF7A
:10CB00008B9BCC3E7BAB6ABF53B9C93E0C4B6BBF12
:10CB100029D5C63E58E86BBF15EFC33E5E836CBF98
:10CB20001E07C13E1D1C6DBF4A1DBE3E93B26DBFA8
:10CB3000A031BB3EBE466EBF2A44B83E9ED86EBFF3
:10CB4000EC54B53E30686FBFEF63B23E73F56FBF14
:10CB50003A71AF3E668070BFD47CAC3E080971BFAD
:10CB6000C486A93E578F71BF128FA63E521372BF63
:10CB7000C595A33EF89472BFE59AA03E471473BFD3
:10CB8000789E9D3E3F9173BF86A09A3EDD0B74BF99
:10CB900017A1973E228474BF31A0943E0BFA74BF54
:10CBA000DD9D913E976D75BF229A8E3EC6DE75BFA4
:10CBB00007958B3E974D76BF938E883E07BA76BF1A
:10CBC000CE86853E172477BFC07D823EC58B77BF5A
:10CBD000E1E67E3E10F177BFCCCF783EF85378BFC8
:10CBE00051B6723E7BB478BF7F9A6C3E981279BF83
:10CBF000667C663E4E6E79BF135C603E9DC779BF12
:10CC000097395A3E841E7ABF0115543E02737ABF8B
:10CC100060EE4D3E16C57ABFC2C5473EBE147BBF0F
:10CC2000379B413EFC617BBFCF6E3B3ECDAC7BBFB3
:10CC30009840353E31F57BBFA2102F3E283B7CBF8C
:10CC4000FCDE283EB07E7CBFB6AB223EC9BF7CBFB7
:10CC5000DE761C3E73FE7CBF8340163EAC3A7DBF41
:10CC6000B708103E74747DBF86CF093ECCAB7DBF44
:10CC70000295033EB1E07DBF73B2FA3D24137EBF3F
:10CC80007638EE3D23437EBF2EBCE13DB0707EBFC3
:10CC9000B93DD53DC99B7EBF36BDC83D6DC47EBF85
:10CCA000C33ABC3D9DEA7EBF80B6AF3D580E7FBF04
:10CCB0008C30A33D9D2F7FBF05A9963D6D4E7FBF54
:10CCC0000A208A3DC76A7FBF742B7B3DAB847FBF40
:10CCD0006814623D189C7FBF2FFB483D0FB17FBF9A
:10CCE00007E02F3D8FC37FBF2CC3163D98D37FBF76
:10CCF000B949FB3C29E17FBFB00AC93C43EC7FBF87
:10CD0000B6C9963CE6F47FBF900E493C11FB7FBF4D
:10CD1000890FC93BC4FE7FBF000000000000803FB8
:10CD2000C70F493BB1FF7F3F890FC93BC4FE7F3F1F
:10CD300059CB163C39FD7F3F900E493C11FB7F3F9C
:10CD40004B517B3C4AF87F3FB6C9963CE6F47F3FA7
:10CD500069EAAF3CE3F07F3FB00AC93C43EC7F3F58
:10CD60007B2AE23C05E77F3FB949FB3C29E17F3F55
:10CD70002F340A3DAFDA7F3F2CC3163D98D37F3F57
:10CD8000CC51233DE2CB7F3F07E02F3D8FC37F3F58
:10CD9000D56D3C3D9EBA7F3F2FFB483D0FB17F3F95
:10CDA0000E88553DE3A67F3F6814623D189C7F3F87
:10CDB00038A06E3DB1907F3F742B7B3DAB847F3FAD
:10CDC0000ADB833D08787F3F0A208A3DC76A7F3FA0
:10CDD000B464903DE95C7F3F05A9963D6D4E7F3F71
:10CDE000F9EC9C3D543F7F3F8C30A33D9D2F7F3F0E
:10CDF000BA73A93D491F7F3F80B6AF3D580E7F3FB4
:10CE0000DAF8B53DC9FC7E3FC33ABC3D9DEA7E3FA2
:10CE1000397CC23DD4D77E3F36BDC83D6DC47E3F10
:10CE2000B7FDCE3D69B07E3FB93DD53DC99B7E3F44
:10CE3000377DDB3D8B867E3F2EBCE13DB0707E3F73
:10CE40009AFAE73D385A7E3F7638EE3D23437E3FDF
:10CE5000C075F43D722B7E3F73B2FA3D24137E3FC2
:10CE60004577003E38FA7D3F0295033EB1E07D3FB5
:10CE70006EB2063E8CC67D3F86CF093ECCAB7D3F71
:10CE80004AEC0C3E6E907D3FB708103E74747D3FB7
:10CE9000CA24133EDE577D3F8340163EAC3A7D3FA9
:10CEA000E05B193EDD1C7D3FDE761C3E73FE7C3F61
:10CEB0007B911F3E6CDF7C3FB6AB223EC9BF7C3FFF
:10CEC0008CC5253E8A9F7C3FFCDE283EB07E7C3FA1
:10CED00004F82B3E3A5D7C3FA2102F3E283B7C3F5E
:10CEE000D428323E7A187C3F9840353E31F57B3F5E
:10CEF000EC57383E4DD17B3FCF6E3B3ECDAC7B3FB8
:10CF00003E853E3EB2877B3F379B413EFC617B3F87
:10CF1000B9B0443EAB3B7B3FC2C5473EBE147B3FEE
:10CF20004FDA4A3E37ED7A3F60EE4D3E16C57A3F06
:10CF3000F101513E599C7A3F0115543E02737A3FEC
:10CF40008F27573E10497A3F97395A3E841E7A3FC1
:10CF50001A4B5D3E5EF3793F135C603E9DC7793F9F
:10CF6000836C633E439B793F667C663E4E6E793FA1
:10CF7000BA8B693EC040793F7F9A6C3E9812793FE8
:10CF8000B2A86F3ED6E3783F51B6723E7BB4783F8D
:10CF90005AC3753E8684783FCCCF783EF853783FAD
:10CFA000A4DB7B3ED122783FE1E67E3E10F1773F65
:10CFB000C0F8803EB7BE773FC07D823EC58B773FCD
:10CFC0007002843E3A58773FCE86853E1724773FDD
:10CFD000DA0A873E5BEF763F938E883E07BA763F4C
:10CFE000F8118A3E1B84763F07958B3E974D763F1E
:10CFF000C0178D3E7A16763F229A8E3EC6DE753F6A
:10D000002C1C903E7BA6753FDD9D913E976D753F34
:10D01000351F933E1D34753F31A0943E0BFA743F8B
:10D02000D220963E62BF743F17A1973E2284743F80
:10D03000FE20993E4B48743F86A09A3EDD0B743F1C
:10D04000AF1F9C3ED9CE733F789E9D3E3F91733F6C
:10D05000DF1C9F3E0E53733FE59AA03E4714733F7B
:10D060008718A23EEBD4723FC595A33EF894723F59
:10D070009F12A53E7054723F128FA63E5213723F0C
:10D080001F0BA83E9FD1713FC486A93E578F713FA9
:10D090000102AB3E7A4C713FD47CAC3E0809713F33
:10D0A0003CF7AD3E02C5703F3A71AF3E6680703FBF
:10D0B000CBEAB03E373B703FEF63B23E73F56F3F54
:10D0C000A5DCB33E1BAF6F3FEC54B53E30686F3FFD
:10D0D000C3CCB63EB0206F3F2A44B83E9ED86E3FC8
:10D0E0001EBBB93EF88F6E3FA031BB3EBE466E3FC1
:10D0F000AFA7BC3EF2FC6D3F4A1DBE3E93B26D3FF2
:10D100006F92BF3EA1676D3F1E07C13E1D1C6D3F64
:10D11000557BC23E07D06C3F15EFC33E5E836C3F2C
:10D120005C62C53E24366C3F29D5C63E58E86B3F4D
:10D130007C47C83EFB996B3F53B9C93E0C4B6B3FD4
:10D14000AE2ACB3E8CFB6A3F8B9BCC3E7BAB6A3FCF
:10D15000EA0BCE3ED95A6A3FCA7BCF3EA7096A3F47
:10D160002AEBD03EE4B7693F095AD23E9165693F48
:10D1700067C8D33EAE12693F4136D53E3CBF683FDB
:10D1800099A3D63E396B683F6B10D83EA816683F0E
:10D19000B97CD93E87C1673F80E8DA3ED86B673FEC
:10D1A000C153DC3E9915673F79BEDD3ECCBE663F7C
:10D1B000A928DF3E7167663F4F92E03E880F663FC9
:10D1C0006AFBE13E10B7653FFA63E33E0B5E653FE5
:10D1D000FECBE43E7904653F7533E63E59AA643FD1
:10D1E0005D9AE73EAC4F643FB700E93E73F4633F9E
:10D1F0008166EA3EAC98633FBBCBEB3E5A3C633F53
:10D200006330ED3E7BDF623F7994EE3E1082623FF9
:10D21000FBF7EF3E1A24623FEA5AF13E98C5613FA0
:10D2200043BDF23E8A66613F071FF43EF206613F4E
:10D230003580F53ECFA6603FCBE0F63E2146603F0D
:10D24000C840F83EE9E45F3F2DA0F93E27835F3FE9
:10D25000F7FEFA3EDB205F3F275DFC3E05BE5E3FEA
:10D26000BBBAFD3EA65A5E3FB217FF3EBEF65D3F1B
:10D27000063A003F4D925D3FE4E7003F532D5D3F8E
:10D280007395013FD1C75C3FB142023FC7615C3F2C
:10D290009FEF023F34FB5B3F3D9C033F1A945B3F93
:10D2A0008948043F792C5B3F84F4043F50C45A3FC3
:10D2B0002CA0053FA05B5A3F824B063F6AF2593FC4
:10D2C00086F6063FAD88593F36A1073F6A1E593F93
:10D2D000924B083FA1B3583F9BF5083F5348583F36
:10D2E0004E9F093F7FDC573FAD480A3F2670573FAE
:10D2F000B7F10A3F4803573F6B9A0B3FE595563FFE
:10D30000C9420C3FFE27563FD0EA0C3F93B9553F28
:10D3100081920D3FA44A553FDA390E3F31DB543F2D
:10D32000DBE00E3F3B6B543F84870F3FC3FA533F14
:10D33000D52D103FC789533FCDD3103F4918533FD8
:10D340006B79113F49A6523FB01E123FC633523F80
:10D350009AC3123FC2C0513F2A68133F3D4D513F0F
:10D360005F0C143F37D9503F39B0143FAF64503F82
:10D37000B753153FA8EF4F3FD9F6153F1F7A4F3FE0
:10D380009F99163F17044F3F073C173F908D4E3F24
:10D3900012DE173F89164E3FC07F183F029F4D3F58
:10D3A0000F21193FFD264D3F00C2193F79AE4C3F7A
:10D3B00093621A3F78354C3FC6021B3FF8BB4B3F88
:10D3C00099A21B3FFA414B3F0C421C3F7FC74A3F8B
:10D3D0001FE11C3F874C4A3FD17F1D3F12D1493F7F
:10D3E000221E1E3F2155493F12BC1E3FB3D8483F65
:10D3F0009F591F3FCA5B483FCBF61F3F65DE473F43
:10D400009393203F8560473FF92F213F2AE2463F13
:10D41000FBCB213F5463463F9967223F03E4453FDE
:10D42000D302233F3964453FA99D233FF5E3443FA1
:10D430001A38243F3763443F25D2243F00E2433F5C
:10D44000CB6B253F5160433F0A05263F29DE423F13
:10D45000E39D263F895B423F5636273F70D8413FC8
:10D4600061CE273FE154413F0566283FDAD0403F77
:10D4700041FD283F5C4C403F1594293F67C73F3F23
:10D48000802A2A3FFC413F3F82C02A3F1BBC3E3FCF
:10D490001B562B3FC5353E3F4AEB2B3FF9AE3D3F78
:10D4A0000F802C3FB8273D3F69142D3F03A03C3F20
:10D4B00059A82D3FD9173C3FDE3B2E3F3B8F3B3FCA
:10D4C000F7CE2E3F29063B3FA5612F3FA47C3A3F74
:10D4D000E6F32F3FACF2393FBB85303F4268393F1E
:10D4E0002217313F65DD383F1DA8313F1652383FC6
:10D4F000AA38323F55C6373FC9C8323F233A373F73
:10D500007A58333F7FAD363FBCE7333F6C20363F20
:10D510008F76343FE792353FF304353FF304353FD0
:10D52000E792353F8F76343F6C20363FBCE7333F80
:10D530007FAD363F7A58333F233A373FC9C8323F31
:10D5400055C6373FAA38323F1652383F1DA8313FE3
:10D5500065DD383F2217313F4268393FBB85303F98
:10D56000ACF2393FE6F32F3FA47C3A3FA5612F3F51
:10D5700029063B3FF7CE2E3F3B8F3B3FDE3B2E3F06
:10D58000D9173C3F59A82D3F03A03C3F69142D3FBC
:10D59000B8273D3F0F802C3FF9AE3D3F4AEB2B3F74
:10D5A000C5353E3F1B562B3F1BBC3E3F82C02A3F2A
:10D5B000FC413F3F802A2A3F67C73F3F1594293FE0
:10D5C0005C4C403F41FD283FDAD0403F0566283F94
:10D5D000E154413F61CE273F70D8413F5636273F47
:10D5E000895B423FE39D263F29DE423F0A05263FF5
:10D5F0005160433FCB6B253F00E2433F25D2243FA0
:10D600003763443F1A38243FF5E3443FA99D233F45
:10D610003964453FD302233F03E4453F9967223FE6
:10D620005463463FFBCB213F2AE2463FF92F213F7F
:10D630008560473F9393203F65DE473FCBF61F3F12
:10D64000CA5B483F9F591F3FB3D8483F12BC1E3F9B
:10D650002155493F221E1E3F12D1493FD17F1D3F18
:10D66000874C4A3F1FE11C3F7FC74A3F0C421C3F8B
:10D67000FA414B3F99A21B3FF8BB4B3FC6021B3FF1
:10D6800078354C3F93621A3F79AE4C3F00C2193F48
:10D69000FD264D3F0F21193F029F4D3FC07F183F90
:10D6A00089164E3F12DE173F908D4E3F073C173FC5
:10D6B00017044F3F9F99163F1F7A4F3FD9F6153FEA
:10D6C000A8EF4F3FB753153FAF64503F39B0143FF9
:10D6D00037D9503F5F0C143F3D4D513F2A68133FEF
:10D6E000C2C0513F9AC3123FC633523FB01E123FD1
:10D6F00049A6523F6B79113F4918533FCDD3103F94
:10D70000C789533FD52D103FC3FA533F84870F3F3E
:10D710003B6B543FDBE00E3F31DB543FDA390E3FC9
:10D72000A44A553F81920D3F93B9553FD0EA0C3F33
:10D73000FE27563FC9420C3FE595563F6B9A0B3F7B
:10D740004803573FB7F10A3F2670573FAD480A3F9D
:10D750007FDC573F4E9F093F5348583F9BF5083F9A
:10D76000A1B3583F924B083F6A1E593F36A1073F6D
:10D77000AD88593F86F6063F6AF2593F824B063F15
:10D78000A05B5A3F2CA0053F50C45A3F84F4043F8D
:10D79000792C5B3F8948043F1A945B3F3D9C033FD3
:10D7A00034FB5B3F9FEF023FC7615C3FB142023FEA
:10D7B000D1C75C3F7395013F532D5D3FE4E7003FC8
:10D7C0004D925D3F063A003FBEF65D3FB217FF3E09
:10D7D000A65A5E3FBBBAFD3E05BE5E3F275DFC3EDE
:10D7E000DB205F3FF7FEFA3E27835F3F2DA0F93E27
:10D7F000E9E45F3FC840F83E2146603FCBE0F63E9B
:10D80000CFA6603F3580F53EF206613F071FF43E2C
:10D810008A66613F43BDF23E98C5613FEA5AF13ED8
:10D820001A24623FFBF7EF3E1082623F7994EE3E8E
:10D830007BDF623F6330ED3E5A3C633FBBCBEB3E48
:10D84000AC98633F8166EA3E73F4633FB700E93EFC
:10D85000AC4F643F5D9AE73E59AA643F7533E63E9C
:10D860007904653FFECBE43E0B5E653FFA63E33E21
:10D8700010B7653F6AFBE13E880F663F4F92E03E7E
:10D880007167663FA928DF3ECCBE663F79BEDD3EAC
:10D890009915673FC153DC3ED86B673F80E8DA3E9D
:10D8A00087C1673FB97CD93EA816683F6B10D83E48
:10D8B000396B683F99A3D63E3CBF683F4136D53EA1
:10D8C000AE12693F67C8D33E9165693F095AD23E9F
:10D8D000E4B7693F2AEBD03EA7096A3FCA7BCF3E37
:10D8E000D95A6A3FEA0BCE3E7BAB6A3F8B9BCC3E5C
:10D8F0008CFB6A3FAE2ACB3E0C4B6B3F53B9C93E03
:10D90000FB996B3F7C47C83E58E86B3F29D5C63E24
:10D9100024366C3F5C62C53E5E836C3F15EFC33EB0
:10D9200007D06C3F557BC23E1D1C6D3F1E07C13E9C
:10D93000A1676D3F6F92BF3E93B26D3F4A1DBE3EE1
:10D94000F2FC6D3FAFA7BC3EBE466E3FA031BB3E72
:10D95000F88F6E3F1EBBB93E9ED86E3F2A44B83E3C
:10D96000B0206F3FC3CCB63E30686F3FEC54B53E3D
:10D970001BAF6F3FA5DCB33E73F56F3FEF63B23E65
:10D98000373B703FCBEAB03E6680703F3A71AF3EA6
:10D9900002C5703F3CF7AD3E0809713FD47CAC3EF8
:10D9A0007A4C713F0102AB3E578F713FC486A93E4E
:10D9B0009FD1713F1F0BA83E5213723F128FA63E9C
:10D9C0007054723F9F12A53EF894723FC595A33ED6
:10D9D000EBD4723F8718A23E4714733FE59AA03EEE
:10D9E0000E53733FDF1C9F3E3F91733F789E9D3ED9
:10D9F000D9CE733FAF1F9C3EDD0B743F86A09A3E8D
:10DA00004B48743FFE20993E2284743F17A1973EF5
:10DA100062BF743FD220963E0BFA743F31A0943E11
:10DA20001D34753F351F933E976D753FDD9D913ECB
:10DA30007BA6753F2C1C903EC6DE753F229A8E3E1B
:10DA40007A16763FC0178D3E974D763F07958B3EF1
:10DA50001B84763FF8118A3E07BA763F938E883E44
:10DA60005BEF763FDA0A873E1724773FCE86853E06
:10DA70003A58773F7002843EC58B773FC07D823E27
:10DA8000B7BE773FC0F8803E10F1773FE1E67E3EBB
:10DA9000D122783FA4DB7B3EF853783FCCCF783E51
:10DAA0008684783F5AC3753E7BB4783F51B6723E48
:10DAB000D6E3783FB2A86F3E9812793F7F9A6C3ECA
:10DAC000C040793FBA8B693E4E6E793F667C663EB8
:10DAD000439B793F836C633E9DC7793F135C603EF7
:10DAE0005EF3793F1A4B5D3E841E7A3F97395A3E6A
:10DAF00010497A3F8F27573E02737A3F0115543EF3
:10DB0000599C7A3FF101513E16C57A3F60EE4D3E79
:10DB100037ED7A3F4FDA4A3EBE147B3FC2C5473EDF
:10DB2000AB3B7B3FB9B0443EFC617B3F379B413E02
:10DB3000B2877B3F3E853E3ECDAC7B3FCF6E3B3ECA
:10DB40004DD17B3FEC57383E31F57B3F9840353E19
:10DB50007A187C3FD428323E283B7C3FA2102F3ECF
:10DB60003A5D7C3F04F82B3EB07E7C3FFCDE283ED5
:10DB70008A9F7C3F8CC5253EC9BF7C3FB6AB223E09
:10DB80006CDF7C3F7B911F3E73FE7C3FDE761C3E4C
:10DB9000DD1C7D3FE05B193EAC3A7D3F8340163E85
:10DBA000DE577D3FCA24133E74747D3FB708103E94
:10DBB0006E907D3F4AEC0C3ECCAB7D3F86CF093E5C
:10DBC0008CC67D3F6EB2063EB1E07D3F0295033EBE
:10DBD00038FA7D3F4577003E24137E3F73B2FA3D0D
:10DBE000722B7E3FC075F43D23437E3F7638EE3D79
:10DBF000385A7E3F9AFAE73DB0707E3F2EBCE13D39
:10DC00008B867E3F377DDB3DC99B7E3FB93DD53D51
:10DC100069B07E3FB7FDCE3D6DC47E3F36BDC83D89
:10DC2000D4D77E3F397CC23D9DEA7E3FC33ABC3D9E
:10DC3000C9FC7E3FDAF8B53D580E7F3F80B6AF3D58
:10DC4000491F7F3FBA73A93D9D2F7F3F8C30A33D75
:10DC5000543F7F3FF9EC9C3D6D4E7F3F05A9963DBB
:10DC6000E95C7F3FB464903DC76A7F3F0A208A3DEC
:10DC700008787F3F0ADB833DAB847F3F742B7B3D7D
:10DC8000B1907F3F38A06E3D189C7F3F6814623D85
:10DC9000E3A67F3F0E88553D0FB17F3F2FFB483DE8
:10DCA0009EBA7F3FD56D3C3D8FC37F3F07E02F3D40
:10DCB000E2CB7F3FCC51233D98D37F3F2CC3163D11
:10DCC000AFDA7F3F2F340A3D29E17F3FB949FB3C62
:10DCD00005E77F3F7B2AE23C43EC7F3FB00AC93C2B
:10DCE000E3F07F3F69EAAF3CE6F47F3FB6C9963C7C
:10DCF0004AF87F3F4B517B3C11FB7F3F900E493CE4
:10DD000039FD7F3F59CB163CC4FE7F3F890FC93B8D
:10DD1000B1FF7F3FC70F493B0000803F000000007C
:10DD2000B1FF7F3FC70F49BBC4FE7F3F890FC9BB0F
:10DD300039FD7F3F59CB16BC11FB7F3F900E49BC8C
:10DD40004AF87F3F4B517BBCE6F47F3FB6C996BC97
:10DD5000E3F07F3F69EAAFBC43EC7F3FB00AC9BC48
:10DD600005E77F3F7B2AE2BC29E17F3FB949FBBC45
:10DD7000AFDA7F3F2F340ABD98D37F3F2CC316BD47
:10DD8000E2CB7F3FCC5123BD8FC37F3F07E02FBD48
:10DD90009EBA7F3FD56D3CBD0FB17F3F2FFB48BD85
:10DDA000E3A67F3F0E8855BD189C7F3F681462BD77
:10DDB000B1907F3F38A06EBDAB847F3F742B7BBD9D
:10DDC00008787F3F0ADB83BDC76A7F3F0A208ABD90
:10DDD000E95C7F3FB46490BD6D4E7F3F05A996BD61
:10DDE000543F7F3FF9EC9CBD9D2F7F3F8C30A3BDFE
:10DDF000491F7F3FBA73A9BD580E7F3F80B6AFBDA4
:10DE0000C9FC7E3FDAF8B5BD9DEA7E3FC33ABCBD92
:10DE1000D4D77E3F397CC2BD6DC47E3F36BDC8BD00
:10DE200069B07E3FB7FDCEBDC99B7E3FB93DD5BD34
:10DE30008B867E3F377DDBBDB0707E3F2EBCE1BD63
:10DE4000385A7E3F9AFAE7BD23437E3F7638EEBDCF
:10DE5000722B7E3FC075F4BD24137E3F73B2FABDB2
:10DE600038FA7D3F457700BEB1E07D3F029503BEA5
:10DE70008CC67D3F6EB206BECCAB7D3F86CF09BE61
:10DE80006E907D3F4AEC0CBE74747D3FB70810BEA7
:10DE9000DE577D3FCA2413BEAC3A7D3F834016BE99
:10DEA000DD1C7D3FE05B19BE73FE7C3FDE761CBE51
:10DEB0006CDF7C3F7B911FBEC9BF7C3FB6AB22BEEF
:10DEC0008A9F7C3F8CC525BEB07E7C3FFCDE28BE91
:10DED0003A5D7C3F04F82BBE283B7C3FA2102FBE4E
:10DEE0007A187C3FD42832BE31F57B3F984035BE4E
:10DEF0004DD17B3FEC5738BECDAC7B3FCF6E3BBEA8
:10DF0000B2877B3F3E853EBEFC617B3F379B41BE77
:10DF1000AB3B7B3FB9B044BEBE147B3FC2C547BEDE
:10DF200037ED7A3F4FDA4ABE16C57A3F60EE4DBEF6
:10DF3000599C7A3FF10151BE02737A3F011554BEDC
:10DF400010497A3F8F2757BE841E7A3F97395ABEB1
:10DF50005EF3793F1A4B5DBE9DC7793F135C60BE8F
:10DF6000439B793F836C63BE4E6E793F667C66BE91
:10DF7000C040793FBA8B69BE9812793F7F9A6CBED8
:10DF8000D6E3783FB2A86FBE7BB4783F51B672BE7D
:10DF90008684783F5AC375BEF853783FCCCF78BE9D
:10DFA000D122783FA4DB7BBE10F1773FE1E67EBE55
:10DFB000B7BE773FC0F880BEC58B773FC07D82BEBD
:10DFC0003A58773F700284BE1724773FCE8685BECD
:10DFD0005BEF763FDA0A87BE07BA763F938E88BE3C
:10DFE0001B84763FF8118ABE974D763F07958BBE0E
:10DFF0007A16763FC0178DBEC6DE753F229A8EBE5A
:10E000007BA6753F2C1C90BE976D753FDD9D91BE24
:10E010001D34753F351F93BE0BFA743F31A094BE7B
:10E0200062BF743FD22096BE2284743F17A197BE70
:10E030004B48743FFE2099BEDD0B743F86A09ABE0C
:10E04000D9CE733FAF1F9CBE3F91733F789E9DBE5C
:10E050000E53733FDF1C9FBE4714733FE59AA0BE6B
:10E06000EBD4723F8718A2BEF894723FC595A3BE49
:10E070007054723F9F12A5BE5213723F128FA6BEFC
:10E080009FD1713F1F0BA8BE578F713FC486A9BE99
:10E090007A4C713F0102ABBE0809713FD47CACBE23
:10E0A00002C5703F3CF7ADBE6680703F3A71AFBEAF
:10E0B000373B703FCBEAB0BE73F56F3FEF63B2BE44
:10E0C0001BAF6F3FA5DCB3BE30686F3FEC54B5BEED
:10E0D000B0206F3FC3CCB6BE9ED86E3F2A44B8BEB8
:10E0E000F88F6E3F1EBBB9BEBE466E3FA031BBBEB1
:10E0F000F2FC6D3FAFA7BCBE93B26D3F4A1DBEBEE2
:10E10000A1676D3F6F92BFBE1D1C6D3F1E07C1BE54
:10E1100007D06C3F557BC2BE5E836C3F15EFC3BE1C
:10E1200024366C3F5C62C5BE58E86B3F29D5C6BE3D
:10E13000FB996B3F7C47C8BE0C4B6B3F53B9C9BEC4
:10E140008CFB6A3FAE2ACBBE7BAB6A3F8B9BCCBEBF
:10E15000D95A6A3FEA0BCEBEA7096A3FCA7BCFBE37
:10E16000E4B7693F2AEBD0BE9165693F095AD2BE38
:10E17000AE12693F67C8D3BE3CBF683F4136D5BECB
:10E18000396B683F99A3D6BEA816683F6B10D8BEFE
:10E1900087C1673FB97CD9BED86B673F80E8DABEDC
:10E1A0009915673FC153DCBECCBE663F79BEDDBE6C
:10E1B0007167663FA928DFBE880F663F4F92E0BEB9
:10E1C00010B7653F6AFBE1BE0B5E653FFA63E3BED5
:10E1D0007904653FFECBE4BE59AA643F7533E6BEC1
:10E1E000AC4F643F5D9AE7BE73F4633FB700E9BE8E
:10E1F000AC98633F8166EABE5A3C633FBBCBEBBE43
:10E200007BDF623F6330EDBE1082623F7994EEBEE9
:10E210001A24623FFBF7EFBE98C5613FEA5AF1BE90
:10E220008A66613F43BDF2BEF206613F071FF4BE3E
:10E23000CFA6603F3580F5BE2146603FCBE0F6BEFD
:10E24000E9E45F3FC840F8BE27835F3F2DA0F9BED9
:10E25000DB205F3FF7FEFABE05BE5E3F275DFCBEDA
:10E26000A65A5E3FBBBAFDBEBEF65D3FB217FFBE0B
:10E270004D925D3F063A00BF532D5D3FE4E700BF7E
:10E28000D1C75C3F739501BFC7615C3FB14202BF1C
:10E2900034FB5B3F9FEF02BF1A945B3F3D9C03BF83
:10E2A000792C5B3F894804BF50C45A3F84F404BFB3
:10E2B000A05B5A3F2CA005BF6AF2593F824B06BFB4
:10E2C000AD88593F86F606BF6A1E593F36A107BF83
:10E2D000A1B3583F924B08BF5348583F9BF508BF26
:10E2E0007FDC573F4E9F09BF2670573FAD480ABF9E
:10E2F0004803573FB7F10ABFE595563F6B9A0BBFEE
:10E30000FE27563FC9420CBF93B9553FD0EA0CBF18
:10E31000A44A553F81920DBF31DB543FDA390EBF1D
:10E320003B6B543FDBE00EBFC3FA533F84870FBF04
:10E33000C789533FD52D10BF4918533FCDD310BFC8
:10E3400049A6523F6B7911BFC633523FB01E12BF70
:10E35000C2C0513F9AC312BF3D4D513F2A6813BFFF
:10E3600037D9503F5F0C14BFAF64503F39B014BF72
:10E37000A8EF4F3FB75315BF1F7A4F3FD9F615BFD0
:10E3800017044F3F9F9916BF908D4E3F073C17BF14
:10E3900089164E3F12DE17BF029F4D3FC07F18BF48
:10E3A000FD264D3F0F2119BF79AE4C3F00C219BF6A
:10E3B00078354C3F93621ABFF8BB4B3FC6021BBF78
:10E3C000FA414B3F99A21BBF7FC74A3F0C421CBF7B
:10E3D000874C4A3F1FE11CBF12D1493FD17F1DBF6F
:10E3E0002155493F221E1EBFB3D8483F12BC1EBF55
:10E3F000CA5B483F9F591FBF65DE473FCBF61FBF33
:10E400008560473F939320BF2AE2463FF92F21BF03
:10E410005463463FFBCB21BF03E4453F996722BFCE
:10E420003964453FD30223BFF5E3443FA99D23BF91
:10E430003763443F1A3824BF00E2433F25D224BF4C
:10E440005160433FCB6B25BF29DE423F0A0526BF03
:10E45000895B423FE39D26BF70D8413F563627BFB8
:10E46000E154413F61CE27BFDAD0403F056628BF67
:10E470005C4C403F41FD28BF67C73F3F159429BF13
:10E48000FC413F3F802A2ABF1BBC3E3F82C02ABFBF
:10E49000C5353E3F1B562BBFF9AE3D3F4AEB2BBF68
:10E4A000B8273D3F0F802CBF03A03C3F69142DBF10
:10E4B000D9173C3F59A82DBF3B8F3B3FDE3B2EBFBA
:10E4C00029063B3FF7CE2EBFA47C3A3FA5612FBF64
:10E4D000ACF2393FE6F32FBF4268393FBB8530BF0E
:10E4E00065DD383F221731BF1652383F1DA831BFB6
:10E4F00055C6373FAA3832BF233A373FC9C832BF63
:10E500007FAD363F7A5833BF6C20363FBCE733BF10
:10E51000E792353F8F7634BFF304353FF30435BFC0
:10E520008F76343FE79235BFBCE7333F6C2036BF70
:10E530007A58333F7FAD36BFC9C8323F233A37BF21
:10E54000AA38323F55C637BF1DA8313F165238BFD3
:10E550002217313F65DD38BFBB85303F426839BF88
:10E56000E6F32F3FACF239BFA5612F3FA47C3ABF41
:10E57000F7CE2E3F29063BBFDE3B2E3F3B8F3BBFF6
:10E5800059A82D3FD9173CBF69142D3F03A03CBFAC
:10E590000F802C3FB8273DBF4AEB2B3FF9AE3DBF64
:10E5A0001B562B3FC5353EBF82C02A3F1BBC3EBF1A
:10E5B000802A2A3FFC413FBF1594293F67C73FBFD0
:10E5C00041FD283F5C4C40BF0566283FDAD040BF84
:10E5D00061CE273FE15441BF5636273F70D841BF37
:10E5E000E39D263F895B42BF0A05263F29DE42BFE5
:10E5F000CB6B253F516043BF25D2243F00E243BF90
:10E600001A38243F376344BFA99D233FF5E344BF35
:10E61000D302233F396445BF9967223F03E445BFD6
:10E62000FBCB213F546346BFF92F213F2AE246BF6F
:10E630009393203F856047BFCBF61F3F65DE47BF02
:10E640009F591F3FCA5B48BF12BC1E3FB3D848BF8B
:10E65000221E1E3F215549BFD17F1D3F12D149BF08
:10E660001FE11C3F874C4ABF0C421C3F7FC74ABF7B
:10E6700099A21B3FFA414BBFC6021B3FF8BB4BBFE1
:10E6800093621A3F78354CBF00C2193F79AE4CBF38
:10E690000F21193FFD264DBFC07F183F029F4DBF80
:10E6A00012DE173F89164EBF073C173F908D4EBFB5
:10E6B0009F99163F17044FBFD9F6153F1F7A4FBFDA
:10E6C000B753153FA8EF4FBF39B0143FAF6450BFE9
:10E6D0005F0C143F37D950BF2A68133F3D4D51BFDF
:10E6E0009AC3123FC2C051BFB01E123FC63352BFC1
:10E6F0006B79113F49A652BFCDD3103F491853BF84
:10E70000D52D103FC78953BF84870F3FC3FA53BF2E
:10E71000DBE00E3F3B6B54BFDA390E3F31DB54BFB9
:10E7200081920D3FA44A55BFD0EA0C3F93B955BF23
:10E73000C9420C3FFE2756BF6B9A0B3FE59556BF6B
:10E74000B7F10A3F480357BFAD480A3F267057BF8D
:10E750004E9F093F7FDC57BF9BF5083F534858BF8A
:10E76000924B083FA1B358BF36A1073F6A1E59BF5D
:10E7700086F6063FAD8859BF824B063F6AF259BF05
:10E780002CA0053FA05B5ABF84F4043F50C45ABF7D
:10E790008948043F792C5BBF3D9C033F1A945BBFC3
:10E7A0009FEF023F34FB5BBFB142023FC7615CBFDA
:10E7B0007395013FD1C75CBFE4E7003F532D5DBFB8
:10E7C000063A003F4D925DBFB217FF3EBEF65DBFF9
:10E7D000BBBAFD3EA65A5EBF275DFC3E05BE5EBFCE
:10E7E000F7FEFA3EDB205FBF2DA0F93E27835FBF17
:10E7F000C840F83EE9E45FBFCBE0F63E214660BF8B
:10E800003580F53ECFA660BF071FF43EF20661BF1C
:10E8100043BDF23E8A6661BFEA5AF13E98C561BFC8
:10E82000FBF7EF3E1A2462BF7994EE3E108262BF7E
:10E830006330ED3E7BDF62BFBBCBEB3E5A3C63BF38
:10E840008166EA3EAC9863BFB700E93E73F463BFEC
:10E850005D9AE73EAC4F64BF7533E63E59AA64BF8C
:10E86000FECBE43E790465BFFA63E33E0B5E65BF11
:10E870006AFBE13E10B765BF4F92E03E880F66BF6E
:10E88000A928DF3E716766BF79BEDD3ECCBE66BF9C
:10E89000C153DC3E991567BF80E8DA3ED86B67BF8D
:10E8A000B97CD93E87C167BF6B10D83EA81668BF38
:10E8B00099A3D63E396B68BF4136D53E3CBF68BF91
:10E8C00067C8D33EAE1269BF095AD23E916569BF8F
:10E8D0002AEBD03EE4B769BFCA7BCF3EA7096ABF27
:10E8E000EA0BCE3ED95A6ABF8B9BCC3E7BAB6ABF4C
:10E8F000AE2ACB3E8CFB6ABF53B9C93E0C4B6BBFF3
:10E900007C47C83EFB996BBF29D5C63E58E86BBF14
:10E910005C62C53E24366CBF15EFC33E5E836CBFA0
:10E92000557BC23E07D06CBF1E07C13E1D1C6DBF8C
:10E930006F92BF3EA1676DBF4A1DBE3E93B26DBFD1
:10E94000AFA7BC3EF2FC6DBFA031BB3EBE466EBF62
:10E950001EBBB93EF88F6EBF2A44B83E9ED86EBF2C
:10E96000C3CCB63EB0206FBFEC54B53E30686FBF2D
:10E97000A5DCB33E1BAF6FBFEF63B23E73F56FBF55
:10E98000CBEAB03E373B70BF3A71AF3E668070BF96
:10E990003CF7AD3E02C570BFD47CAC3E080971BFE8
:10E9A0000102AB3E7A4C71BFC486A93E578F71BF3E
:10E9B0001F0BA83E9FD171BF128FA63E521372BF8C
:10E9C0009F12A53E705472BFC595A33EF89472BFC6
:10E9D0008718A23EEBD472BFE59AA03E471473BFDE
:10E9E000DF1C9F3E0E5373BF789E9D3E3F9173BFC9
:10E9F000AF1F9C3ED9CE73BF86A09A3EDD0B74BF7D
:10EA0000FE20993E4B4874BF17A1973E228474BFE5
:10EA1000D220963E62BF74BF31A0943E0BFA74BF01
:10EA2000351F933E1D3475BFDD9D913E976D75BFBB
:10EA30002C1C903E7BA675BF229A8E3EC6DE75BF0B
:10EA4000C0178D3E7A1676BF07958B3E974D76BFE1
:10EA5000F8118A3E1B8476BF938E883E07BA76BF34
:10EA6000DA0A873E5BEF76BFCE86853E172477BFF6
:10EA70007002843E3A5877BFC07D823EC58B77BF17
:10EA8000C0F8803EB7BE77BFE1E67E3E10F177BFAB
:10EA9000A4DB7B3ED12278BFCCCF783EF85378BF41
:10EAA0005AC3753E868478BF51B6723E7BB478BF38
:10EAB000B2A86F3ED6E378BF7F9A6C3E981279BFBA
:10EAC000BA8B693EC04079BF667C663E4E6E79BFA8
:10EAD000836C633E439B79BF135C603E9DC779BFE7
:10EAE0001A4B5D3E5EF379BF97395A3E841E7ABF5A
:10EAF0008F27573E10497ABF0115543E02737ABFE3
:10EB0000F101513E599C7ABF60EE4D3E16C57ABF69
:10EB10004FDA4A3E37ED7ABFC2C5473EBE147BBFCF
:10EB2000B9B0443EAB3B7BBF379B413EFC617BBFF2
:10EB30003E853E3EB2877BBFCF6E3B3ECDAC7BBFBA
:10EB4000EC57383E4DD17BBF9840353E31F57BBF09
:10EB5000D428323E7A187CBFA2102F3E283B7CBFBF
:10EB600004F82B3E3A5D7CBFFCDE283EB07E7CBFC5
:10EB70008CC5253E8A9F7CBFB6AB223EC9BF7CBFF9
:10EB80007B911F3E6CDF7CBFDE761C3E73FE7CBF3C
:10EB9000E05B193EDD1C7DBF8340163EAC3A7DBF75
:10EBA000CA24133EDE577DBFB708103E74747DBF84
:10EBB0004AEC0C3E6E907DBF86CF093ECCAB7DBF4C
:10EBC0006EB2063E8CC67DBF0295033EB1E07DBFAE
:10EBD0004577003E38FA7DBF73B2FA3D24137EBFFD
:10EBE000C075F43D722B7EBF7638EE3D23437EBF69
:10EBF0009AFAE73D385A7EBF2EBCE13DB0707EBF29
:10EC0000377DDB3D8B867EBFB93DD53DC99B7EBF41
:10EC1000B7FDCE3D69B07EBF36BDC83D6DC47EBF79
:10EC2000397CC23DD4D77EBFC33ABC3D9DEA7EBF8E
:10EC3000DAF8B53DC9FC7EBF80B6AF3D580E7FBF48
:10EC4000BA73A93D491F7FBF8C30A33D9D2F7FBF65
:10EC5000F9EC9C3D543F7FBF05A9963D6D4E7FBFAB
:10EC6000B464903DE95C7FBF0A208A3DC76A7FBFDC
:10EC70000ADB833D08787FBF742B7B3DAB847FBF6D
:10EC800038A06E3DB1907FBF6814623D189C7FBF75
:10EC90000E88553DE3A67FBF2FFB483D0FB17FBFD8
:10ECA000D56D3C3D9EBA7FBF07E02F3D8FC37FBF30
:10ECB000CC51233DE2CB7FBF2CC3163D98D37FBF01
:10ECC0002F340A3DAFDA7FBFB949FB3C29E17FBF52
:10ECD0007B2AE23C05E77FBFB00AC93C43EC7FBF1B
:10ECE00069EAAF3CE3F07FBFB6C9963CE6F47FBF6C
:10ECF0004B517B3C4AF87FBF900E493C11FB7FBFD4
:10ED000059CB163C39FD7FBF890FC93BC4FE7FBF7D
:10ED1000C70F493BB1FF7FBF000000000000803FEC
:10ED2000D40FC93AECFF7F3FC70F493BB1FF7F3F8C
:10ED3000C1CB963B4EFF7F3F890FC93BC4FE7F3F4F
:10ED40003053FB3B13FE7F3F59CB163C39FD7F3FD1
:10ED500002ED2F3C39FC7F3F900E493C11FB7F3F79
:10ED60000030623CC1F97F3F4B517B3C4AF87F3F0A
:10ED700038398A3CACF67F3FB6C9963CE6F47F3F13
:10ED80001C5AA33CF8F27F3F69EAAF3CE3F07F3FB7
:10ED90009B7ABC3CA7EE7F3FB00AC93C43EC7F3F67
:10EDA000A69AD53CB8E97F3F7B2AE23C05E77F3F46
:10EDB0002DBAEE3C2BE47F3FB949FB3C29E17F3F74
:10EDC00090EC033D00DE7F3F2F340A3DAFDA7F3FFA
:10EDD000B87B103D37D77F3F2CC3163D98D37F3F7C
:10EDE000880A1D3DD1CF7F3FCC51233DE2CB7F3FF1
:10EDF000F698293DCCC77F3F07E02F3D8FC37F3F6B
:10EE0000FC26363D2ABF7F3FD56D3C3D9EBA7F3FF5
:10EE100091B4423DEAB57F3F2FFB483D0FB17F3FA4
:10EE2000AF414F3D0DAC7F3F0E88553DE3A67F3F80
:10EE30004CCE5B3D91A17F3F6814623D189C7F3FA3
:10EE4000625A683D78967F3F38A06E3DB1907F3F13
:10EE5000E9E5743DC28A7F3F742B7B3DAB847F3FE5
:10EE60006CB8803D6D7E7F3F0ADB833D08787F3F35
:10EE700094FD863D7B717F3F0A208A3DC76A7F3FB4
:10EE80006A428D3DEC637F3FB464903DE95C7F3F17
:10EE9000E786933DBF557F3F05A9963D6D4E7F3F69
:10EEA0000ACB993DF4467F3FF9EC9C3D543F7F3FB0
:10EEB000CF0EA03D8D377F3F8C30A33D9D2F7F3FF0
:10EEC0003052A63D87277F3FBA73A93D491F7F3F38
:10EED0002B95AC3DE4167F3F80B6AF3D580E7F3F8B
:10EEE000BBD7B23DA4057F3FDAF8B53DC9FC7E3FF4
:10EEF000DD19B93DC7F37E3FC33ABC3D9DEA7E3F75
:10EF00008D5BBF3D4CE17E3F397CC23DD4D77E3F17
:10EF1000C69CC53D34CE7E3F36BDC83D6DC47E3FE8
:10EF200086DDCB3D7FBA7E3FB7FDCE3D69B07E3FEB
:10EF3000C81DD23D2DA67E3FB93DD53DC99B7E3F24
:10EF4000895DD83D3D917E3F377DDB3D8B867E3FA1
:10EF5000C49CDE3DB17B7E3F2EBCE13DB0707E3F68
:10EF600076DBE43D88657E3F9AFAE73D385A7E3F7E
:10EF70009A19EB3DC14E7E3F7638EE3D23437E3FEE
:10EF80002E57F13D5E377E3FC075F43D722B7E3FBC
:10EF90002C94F73D5E1F7E3F73B2FA3D24137E3FF3
:10EFA00092D0FD3DC2067E3F4577003E38FA7D3F58
:10EFB0002E06023E88ED7D3F0295033EB1E07D3F87
:10EFC000C223053EB2D37D3F6EB2063E8CC67D3F66
:10EFD0000541083E40B97D3F86CF093ECCAB7D3F21
:10EFE000F35D0B3E309E7D3F4AEC0C3E6E907D3FC4
:10EFF0008B7A0E3E85827D3FB708103E74747D3F4C
:10F00000CC96113E3D667D3FCA24133EDE577D3FC0
:10F01000B2B2143E59497D3F8340163EAC3A7D3F23
:10F020003DCE173ED82B7D3FE05B193EDD1C7D3F7A
:10F030006BE91A3EBC0D7D3FDE761C3E73FE7C3FC5
:10F0400038041E3E03EF7C3F7B911F3E6CDF7C3F0C
:10F05000A51E213EAECF7C3FB6AB223EC9BF7C3F52
:10F06000AD38243EBDAF7C3F8CC5253E8A9F7C3F9A
:10F070005152273E318F7C3FFCDE283EB07E7C3FE4
:10F080008D6B2A3E086E7C3F04F82B3E3A5D7C3F38
:10F0900061842D3E444C7C3FA2102F3E283B7C3F98
:10F0A000C99C303EE5297C3FD428323E7A187C3F0B
:10F0B000C4B4333EE9067C3F9840353E31F57B3F92
:10F0C00050CC363E53E37B3FEC57383E4DD17B3F2F
:10F0D0006CE3393E20BF7B3FCF6E3B3ECDAC7B3FE8
:10F0E00015FA3C3E539A7B3F3E853E3EB2877B3FBE
:10F0F0004910403EEA747B3F379B413EFC617B3FB9
:10F100000726433EE74E7B3FB9B0443EAB3B7B3FD7
:10F110004D3B463E48287B3FC2C5473EBE147B3F21
:10F120001850493E0E017B3F4FDA4A3E37ED7A3F99
:10F1300067644C3E3AD97A3F60EE4D3E16C57A3F41
:10F1400038784F3ECBB07A3FF101513E599C7A3F1F
:10F15000898B523EC1877A3F0115543E02737A3F34
:10F16000589E553E1C5E7A3F8F27573E10497A3F86
:10F17000A4B0583EDD337A3F97395A3E841E7A3F19
:10F180006AC25B3E04097A3F1A4B5D3E5EF3793FEB
:10F19000A8D35E3E91DD793F135C603E9DC7793F09
:10F1A0005CE4613E83B1793F836C633E439B793F6E
:10F1B00086F4643EDC84793F667C663E4E6E793F21
:10F1C0002204683E9A57793FBA8B693EC040793F26
:10F1D0002F136B3EBF29793F7F9A6C3E9812793F7F
:10F1E000AB216E3E4AFB783FB2A86F3ED6E3783F34
:10F1F000942F713E3BCC783F51B6723E7BB4783F42
:10F20000E83C743E939C783F5AC3753E8684783FB1
:10F21000A649773E526C783FCCCF783EF853783F82
:10F22000CB557A3E773B783FA4DB7B3ED122783FBB
:10F2300056617D3E040A783FE1E67E3E10F1773F5D
:10F240002236803EF7D7773FC0F8803EB7BE773F83
:10F250004ABB813E51A5773FC07D823EC58B773F3B
:10F260002240833E1372773F7002843E3A58773FC4
:10F27000AAC4843E3C3E773FCE86853E1724773F26
:10F28000DF48863ECC09773FDA0A873E5BEF763F60
:10F29000C1CC873EC4D4763F938E883E07BA763F72
:10F2A0005050893E249F763FF8118A3E1B84763F5A
:10F2B0008AD38A3EEC68763F07958B3E974D763F22
:10F2C0006E568C3E1B32763FC0178D3E7A16763FC7
:10F2D000FCD88D3EB3FA753F229A8E3EC6DE753F4E
:10F2E000325B8F3EB3C2753F2C1C903E7BA6753FB0
:10F2F00010DD903E1C8A753FDD9D913E976D753FF8
:10F30000945E923EED50753F351F933E1D34753F20
:10F31000BFDF933E2717753F31A0943E0BFA743F31
:10F320008D60953EC9DC743FD220963E62BF743F2B
:10F3300000E1963ED5A1743F17A1973E2284743F09
:10F340001661983E4966743FFE20993E4B48743FD3
:10F35000CEE0993E272A743F86A09A3EDD0B743F8B
:10F3600027609B3E6EED733FAF1F9C3ED9CE733F2F
:10F3700020DF9C3E1FB0733F789E9D3E3F91733FC0
:10F38000B85D9E3E3972733FDF1C9F3E0E53733F44
:10F39000EEDB9F3EBE33733FE59AA03E4714733FBA
:10F3A000C259A13EACF4723F8718A23EEBD4723F23
:10F3B00033D7A23E04B5723FC595A33EF894723F81
:10F3C0003F54A43EC774723F9F12A53E7054723FD3
:10F3D000E5D0A53EF433723F128FA63E5213723F22
:10F3E000254DA73E8CF2713F1F0BA83E9FD1713F68
:10F3F000FEC8A83E8EB0713FC486A93E578F713FAC
:10F400006F44AA3EFB6D713F0102AB3E7A4C713FE7
:10F4100077BFAB3ED42A713FD47CAC3E0809713F24
:10F42000153AAD3E17E7703F3CF7AD3E02C5703F61
:10F4300049B4AE3EC6A2703F3A71AF3E6680703F9F
:10F44000102EB03EE15D703FCBEAB03E373B703FDF
:10F450006BA7B13E6718703FEF63B23E73F56F3F25
:10F460005820B33E5AD26F3FA5DCB33E1BAF6F3F6F
:10F47000D698B43EB88B6F3FEC54B53E30686F3FC2
:10F48000E610B63E83446F3FC3CCB63EB0206F3F1C
:10F490008488B73EBAFC6E3F2A44B83E9ED86E3F81
:10F4A000B2FFB83E5DB46E3F1EBBB93EF88F6E3FF3
:10F4B0006E76BA3E6D6B6E3FA031BB3EBE466E3F70
:10F4C000B6ECBB3EEB216E3FAFA7BC3EF2FC6D3FFE
:10F4D0008B62BD3ED5D76D3F4A1DBE3E93B26D3F98
:10F4E000EBD7BE3E2D8D6D3F6F92BF3EA1676D3F46
:10F4F000D54CC03EF2416D3F1E07C13E1D1C6D3F05
:10F5000048C1C13E24F66C3F557BC23E07D06C3FDC
:10F510004435C33EC5A96C3F15EFC33E5E836C3FC7
:10F52000C8A8C43ED45C6C3F5C62C53E24366C3FC8
:10F53000D21BC63E500F6C3F29D5C63E58E86B3FE4
:10F54000628EC73E3BC16B3F7C47C83EFB996B3F19
:10F550007700C93E95726B3F53B9C93E0C4B6B3F68
:10F560001072CA3E5E236B3FAE2ACB3E8CFB6A3FD5
:10F570002CE3CB3E95D36A3F8B9BCC3E7BAB6A3F63
:10F58000CA53CD3E3C836A3FEA0BCE3ED95A6A3F0E
:10F59000EAC3CE3E52326A3FCA7BCF3EA7096A3FDA
:10F5A0008A33D03ED7E0693F2AEBD03EE4B7693FCB
:10F5B000AAA2D13ECC8E693F095AD23E9165693FDD
:10F5C0004811D33E323C693F67C8D33EAE12693F13
:10F5D000647FD43E07E9683F4136D53E3CBF683F73
:10F5E000FDECD53E4C95683F99A3D63E396B683FFC
:10F5F000135AD73E0341683F6B10D83EA816683FA8
:10F60000A3C6D83E2AEC673FB97CD93E87C1673F85
:10F61000AD32DA3EC196673F80E8DA3ED86B673F8D
:10F62000319EDB3ECA40673FC153DC3E9915673FC0
:10F630002E09DD3E45EA663F79BEDD3ECCBE663F23
:10F64000A273DE3E3093663FA928DF3E7167663FB6
:10F650008DDDDF3E8E3B663F4F92E03E880F663F7A
:10F66000EE46E13E5EE3653F6AFBE13E10B7653F73
:10F67000C4AFE23EA08A653FFA63E33E0B5E653F9E
:10F680000E18E43E5431653FFECBE43E7904653FFD
:10F69000CB7FE53E7BD7643F7533E63E59AA643F96
:10F6A000FBE6E63E147D643F5D9AE73EAC4F643F67
:10F6B0009C4DE83E2122643FB700E93E73F4633F6E
:10F6C000AEB3E93EA1C6633F8166EA3EAC98633FB4
:10F6D0003019EB3E956A633FBBCBEB3E5A3C633F30
:10F6E000217EEC3EFC0D633F6330ED3E7BDF623FED
:10F6F00080E2ED3ED7B0623F7994EE3E1082623FE9
:10F700004C46EF3E2653623FFBF7EF3E1A24623F22
:10F7100085A9F03EEAF4613FEA5AF13E98C5613F9F
:10F72000290CF23E2296613F43BDF23E8A66613F5C
:10F73000386EF33ED036613F071FF43EF206613F5C
:10F74000B1CFF43EF2D6603F3580F53ECFA6603FA4
:10F750009330F63E8976603FCBE0F63E2146603F2F
:10F76000DC90F73E9615603FC840F83EE9E45F3F05
:10F770008EF0F83E19B45F3F2DA0F93E27835F3F1E
:10F78000A54FFA3E12525F3FF7FEFA3EDB205F3F85
:10F7900022AEFB3E81EF5E3F275DFC3E05BE5E3F35
:10F7A000040CFD3E678C5E3FBBBAFD3EA65A5E3F31
:10F7B0004A69FE3EC3285E3FB217FF3EBEF65D3F7C
:10F7C000F3C5FF3E97C45D3F063A003F4D925D3F53
:10F7D000FF90003FE15F5D3FE4E7003F532D5D3F59
:10F7E000B53E013FA3FA5C3F7395013FD1C75C3F33
:10F7F0001CEC013FDD945C3FB142023FC7615C3FBE
:10F800003299023F8E2E5C3F9FEF023F34FB5B3FFD
:10F81000F845033FB8C75B3F3D9C033F1A945B3FED
:10F820006DF2033F5A605B3F8948043F792C5B3F90
:10F83000919E043F75F85A3F84F4043F50C45A3FE8
:10F84000624A053F09905A3F2CA0053FA05B5A3FF2
:10F85000E2F5053F16275A3F824B063F6AF2593FB1
:10F860000EA1063F9CBD593F86F6063FAD88593F25
:10F87000E84B073F9C53593F36A1073F6A1E593F4B
:10F880006FF6073F17E9583F924B083FA1B3583F27
:10F89000A1A0083F0B7E583F9BF5083F5348583FB7
:10F8A0007F4A093F7912583F4E9F093F7FDC573FFF
:10F8B00009F4093F63A6573FAD480A3F2670573FFA
:10F8C0003D9D0A3FC739573FB7F10A3F4803573FAD
:10F8D0001C460B3FA7CC563F6B9A0B3FE595563F16
:10F8E000A5EE0B3F025F563FC9420C3FFE27563F35
:10F8F000D7960C3FD9F0553FD0EA0C3F93B9553F0E
:10F90000B33E0D3F2C82553F81920D3FA44A553F97
:10F9100038E60D3FFB12553FDA390E3F31DB543FDD
:10F92000658D0E3F47A3543FDBE00E3F3B6B543FDA
:10F930003B340F3F0F33543F84870F3FC3FA533F8D
:10F94000B8DA0F3F55C2533FD52D103FC789533FFB
:10F95000DC80103F1851533FCDD3103F4918533F1F
:10F96000A726113F59DF523F6B79113F49A6523FFD
:10F9700019CC113F186D523FB01E123FC633523F93
:10F980003071123F54FA513F9AC3123FC2C0513FE7
:10F99000EE15133F1087513F2A68133F3D4D513FED
:10F9A00050BA133F4A13513F5F0C143F37D9503FB1
:10F9B000585E143F039F503F39B0143FAF64503F2F
:10F9C0000402153F3B2A503FB753153FA8EF4F3F66
:10F9D00054A5153FF4B44F3FD9F6153F1F7A4F3F5A
:10F9E0004748163F2B3F4F3F9F99163F17044F3F05
:10F9F000DFEA163FE4C84E3F073C173F908D4E3F6D
:10FA0000188D173F1C524E3F12DE173F89164E3F8E
:10FA1000F52E183FD5DA4D3FC07F183F029F4D3F6E
:10FA200073D0183F10634D3F0F21193FFD264D3F06
:10FA30009471193FCBEA4C3F00C2193F79AE4C3F5D
:10FA400055121A3F08724C3F93621A3F78354C3F6B
:10FA5000B8B21A3FC7F84B3FC6021B3FF8BB4B3F3B
:10FA6000BB521B3F097F4B3F99A21B3FFA414B3FC3
:10FA70005FF21B3FCC044B3F0C421C3F7FC74A3F09
:10FA8000A2911C3F138A4A3F1FE11C3F874C4A3F0B
:10FA900084301D3FDC0E4A3FD17F1D3F12D1493FCC
:10FAA00006CF1D3F2993493F221E1E3F2155493F46
:10FAB000266D1E3FFA16493F12BC1E3FB3D8483F81
:10FAC000E50A1F3F4E9A483F9F591F3FCA5B483F78
:10FAD00041A81F3F271D483FCBF61F3F65DE473F2C
:10FAE0003B45203F849F473F9393203F8560473F9E
:10FAF000D2E1203F6721473FF92F213F2AE2463FCD
:10FB0000067E213FCEA2463FFBCB213F5463463FBA
:10FB1000D719223FBB23463F9967223F03E4453F65
:10FB200043B5223F2DA4453FD302233F3964453FCF
:10FB30004B50233F2624453FA99D233FF5E3443FF7
:10FB4000EEEA233FA5A3443F1A38243F3763443FDE
:10FB50002C85243FAB22443F25D2243F00E2433F83
:10FB6000041F253F38A1433FCB6B253F5160433FE6
:10FB700077B8253F4C1F433F0A05263F29DE423F09
:10FB80008451263FE89C423FE39D263F895B423FEC
:10FB90002AEA263F0B1A423F5636273F70D8413F8C
:10FBA0006882273FB796413F61CE273FE154413FEE
:10FBB000401A283FEC12413F0566283FDAD0403F0B
:10FBC000B0B1283FA98E403F41FD283F5C4C403FEB
:10FBD000B848293FF009403F1594293F67C73F3F88
:10FBE00057DF293FC0843F3F802A2A3FFC413F3FE7
:10FBF0008E752A3F1BFF3E3F82C02A3F1BBC3E3F03
:10FC00005B0B2B3FFF783E3F1B562B3FC5353E3FDE
:10FC1000BFA02B3F6EF23D3F4AEB2B3FF9AE3D3F7D
:10FC2000B9352C3F676B3D3F0F802C3FB8273D3FD8
:10FC300049CA2C3FECE33C3F69142D3F03A03C3FF5
:10FC40006F5E2D3FFC5B3C3F59A82D3FD9173C3FD1
:10FC500029F22D3F98D33B3FDE3B2E3F3B8F3B3F6E
:10FC600078852E3FC14A3B3FF7CE2E3F29063B3FCA
:10FC70005B182F3F75C13A3FA5612F3FA47C3A3FE7
:10FC8000D3AA2F3FB7373A3FE6F32F3FACF2393FC5
:10FC9000DE3C303F85AD393FBB85303F4268393F60
:10FCA0007CCE303FE122393F2217313F65DD383FBE
:10FCB000AD5F313FCB97383F1DA8313F1652383FDB
:10FCC00071F0313F430C383FAA38323F55C6373FB9
:10FCD000C780323F4A80373FC9C8323F233A373F57
:10FCE000AF10333FDFF3363F7A58333F7FAD363FB7
:10FCF00029A0333F0467363FBCE7333F6C20363FD3
:10FD0000342F343FB8D9353F8F76343FE792353FB3
:10FD1000CFBD343FFB4B353FF304353FF304353F54
:10FD2000FB4B353FCFBD343FE792353F8F76343FB5
:10FD3000B8D9353F342F343F6C20363FBCE7333FD2
:10FD40000467363F29A0333F7FAD363F7A58333FB3
:10FD5000DFF3363FAF10333F233A373FC9C8323F56
:10FD60004A80373FC780323F55C6373FAA38323FB7
:10FD7000430C383F71F0313F1652383F1DA8313FD8
:10FD8000CB97383FAD5F313F65DD383F2217313FBC
:10FD9000E122393F7CCE303F4268393FBB85303F5E
:10FDA00085AD393FDE3C303FACF2393FE6F32F3FC3
:10FDB000B7373A3FD3AA2F3FA47C3A3FA5612F3FE4
:10FDC00075C13A3F5B182F3F29063B3FF7CE2E3FC8
:10FDD000C14A3B3F78852E3F3B8F3B3FDE3B2E3F6A
:10FDE00098D33B3F29F22D3FD9173C3F59A82D3FCF
:10FDF000FC5B3C3F6F5E2D3F03A03C3F69142D3FF1
:10FE0000ECE33C3F49CA2C3FB8273D3F0F802C3FD5
:10FE1000676B3D3FB9352C3FF9AE3D3F4AEB2B3F79
:10FE20006EF23D3FBFA02B3FC5353E3F1B562B3FDB
:10FE3000FF783E3F5B0B2B3F1BBC3E3F82C02A3FFF
:10FE40001BFF3E3F8E752A3FFC413F3F802A2A3FE1
:10FE5000C0843F3F57DF293F67C73F3F1594293F85
:10FE6000F009403FB848293F5C4C403F41FD283FE6
:10FE7000A98E403FB0B1283FDAD0403F0566283F09
:10FE8000EC12413F401A283FE154413F61CE273FE9
:10FE9000B796413F6882273F70D8413F5636273F8B
:10FEA0000B1A423F2AEA263F895B423FE39D263FE9
:10FEB000E89C423F8451263F29DE423F0A05263F07
:10FEC0004C1F433F77B8253F5160433FCB6B253FE5
:10FED00038A1433F041F253F00E2433F25D2243F82
:10FEE000AB22443F2C85243F3763443F1A38243FDC
:10FEF000A5A3443FEEEA233FF5E3443FA99D233FFA
:10FF00002624453F4B50233F3964453FD302233FCE
:10FF10002DA4453F43B5223F03E4453F9967223F67
:10FF2000BB23463FD719223F5463463FFBCB213FBB
:10FF3000CEA2463F067E213F2AE2463FF92F213FCF
:10FF40006721473FD2E1203F8560473F9393203FA1
:10FF5000849F473F3B45203F65DE473FCBF61F3F31
:10FF6000271D483F41A81F3FCA5B483F9F591F3F7D
:10FF70004E9A483FE50A1F3FB3D8483F12BC1E3F88
:10FF8000FA16493F266D1E3F2155493F221E1E3F4E
:10FF90002993493F06CF1D3F12D1493FD17F1D3FD5
:10FFA000DC0E4A3F84301D3F874C4A3F1FE11C3F17
:10FFB000138A4A3FA2911C3F7FC74A3F0C421C3F15
:10FFC000CC044B3F5FF21B3FFA414B3F99A21B3FD2
:10FFD000097F4B3FBB521B3FF8BB4B3FC6021B3F49
:10FFE000C7F84B3FB8B21A3F78354C3F93621A3F7F
:10FFF00008724C3F55121A3F79AE4C3F00C2193F70
:020000041005E5
:10000000CBEA4C3F9471193FFD264D3F0F21193F1C
:1000100010634D3F73D0183F029F4D3FC07F183F84
:10002000D5DA4D3FF52E183F89164E3F12DE173FA9
:100030001C524E3F188D173F908D4E3F073C173F87
:10004000E4C84E3FDFEA163F17044F3F9F99163F23
:100050002B3F4F3F4748163F1F7A4F3FD9F6153F7A
:10006000F4B44F3F54A5153FA8EF4F3FB753153F8A
:100070003B2A503F0402153FAF64503F39B0143F54
:10008000039F503F585E143F37D9503F5F0C143FD9
:100090004A13513F50BA133F3D4D513F2A68133F19
:1000A0001087513FEE15133FC2C0513F9AC3123F14
:1000B00054FA513F3071123FC633523FB01E123FC7
:1000C000186D523F19CC113F49A6523F6B79113F31
:1000D00059DF523FA726113F4918533FCDD3103F58
:1000E0001851533FDC80103FC789533FD52D103F37
:1000F00055C2533FB8DA0F3FC3FA533F84870F3FCF
:100100000F33543F3B340F3F3B6B543FDBE00E3F1C
:1001100047A3543F658D0E3F31DB543FDA390E3F24
:10012000FB12553F38E60D3FA44A553F81920D3FE3
:100130002C82553FB33E0D3F93B9553FD0EA0C3F5B
:10014000D9F0553FD7960C3FFE27563FC9420C3F8A
:10015000025F563FA5EE0B3FE595563F6B9A0B3F6E
:10016000A7CC563F1C460B3F4803573FB7F10A3F09
:10017000C739573F3D9D0A3F2670573FAD480A3F5C
:1001800063A6573F09F4093F7FDC573F4E9F093F65
:100190007912583F7F4A093F5348583F9BF5083F23
:1001A0000B7E583FA1A0083FA1B3583F924B083F98
:1001B00017E9583F6FF6073F6A1E593F36A1073FC0
:1001C0009C53593FE84B073FAD88593F86F6063FA1
:1001D0009CBD593F0EA1063F6AF2593F824B063F34
:1001E00016275A3FE2F5053FA05B5A3F2CA0053F7A
:1001F00009905A3F624A053F50C45A3F84F4043F75
:1002000075F85A3F919E043F792C5B3F8948043F23
:100210005A605B3F6DF2033F1A945B3F3D9C033F86
:10022000B8C75B3FF845033F34FB5B3F9FEF023F9E
:100230008E2E5C3F3299023FC7615C3FB142023F64
:10024000DD945C3F1CEC013FD1C75C3F7395013FDF
:10025000A3FA5C3FB53E013F532D5D3FE4E7003F0D
:10026000E15F5D3FFF90003F4D925D3F063A003FEA
:1002700097C45D3FF3C5FF3EBEF65D3FB217FF3E3C
:10028000C3285E3F4A69FE3EA65A5E3FBBBAFD3EAA
:10029000678C5E3F040CFD3E05BE5E3F275DFC3E65
:1002A00081EF5E3F22AEFB3EDB205F3FF7FEFA3E72
:1002B00012525F3FA54FFA3E27835F3F2DA0F93EC4
:1002C00019B45F3F8EF0F83EE9E45F3FC840F83E66
:1002D0009615603FDC90F73E2146603FCBE0F63E4E
:1002E0008976603F9330F63ECFA6603F3580F53E7D
:1002F000F2D6603FB1CFF43EF206613F071FF43EF5
:10030000D036613F386EF33E8A66613F43BDF23EB0
:100310002296613F290CF23E98C5613FEA5AF13EB0
:10032000EAF4613F85A9F03E1A24623FFBF7EF3EF5
:100330002653623F4C46EF3E1082623F7994EE3E78
:10034000D7B0623F80E2ED3E7BDF623F6330ED3E3F
:10035000FC0D633F217EEC3E5A3C633FBBCBEB3E42
:10036000956A633F3019EB3EAC98633F8166EA3E85
:10037000A1C6633FAEB3E93E73F4633FB700E93E05
:100380002122643F9C4DE83EAC4F643F5D9AE73EBE
:10039000147D643FFBE6E63E59AA643F7533E63EB2
:1003A0007BD7643FCB7FE53E7904653FFECBE43EDF
:1003B0005431653F0E18E43E0B5E653FFA63E33E41
:1003C000A08A653FC4AFE23E10B7653F6AFBE13EDD
:1003D0005EE3653FEE46E13E880F663F4F92E03EAA
:1003E0008E3B663F8DDDDF3E7167663FA928DF3EAD
:1003F0003093663FA273DE3ECCBE663F79BEDD3EE3
:1004000045EA663F2E09DD3E9915673FC153DC3E44
:10041000CA40673F319EDB3ED86B673F80E8DA3EDB
:10042000C196673FAD32DA3E87C1673FB97CD93E9E
:100430002AEC673FA3C6D83EA816683F6B10D83E8B
:100440000341683F135AD73E396B683F99A3D63EA4
:100450004C95683FFDECD53E3CBF683F4136D53EEC
:1004600007E9683F647FD43EAE12693F67C8D33E58
:10047000323C693F4811D33E9165693F095AD23EEB
:10048000CC8E693FAAA2D13EE4B7693F2AEBD03EA9
:10049000D7E0693F8A33D03EA7096A3FCA7BCF3E87
:1004A00052326A3FEAC3CE3ED95A6A3FEA0BCE3E89
:1004B0003C836A3FCA53CD3E7BAB6A3F8B9BCC3EAD
:1004C00095D36A3F2CE3CB3E8CFB6A3FAE2ACB3EF2
:1004D0005E236B3F1072CA3E0C4B6B3F53B9C93E53
:1004E00095726B3F7700C93EFB996B3F7C47C83ED6
:1004F0003BC16B3F628EC73E58E86B3F29D5C63E75
:10050000500F6C3FD21BC63E24366C3F5C62C53E2A
:10051000D45C6C3FC8A8C43E5E836C3F15EFC33EFD
:10052000C5A96C3F4435C33E07D06C3F557BC23EE6
:1005300024F66C3F48C1C13E1D1C6D3F1E07C13EE5
:10054000F2416D3FD54CC03EA1676D3F6F92BF3EFB
:100550002D8D6D3FEBD7BE3E93B26D3F4A1DBE3E23
:10056000D5D76D3F8B62BD3EF2FC6D3FAFA7BC3E61
:10057000EB216E3FB6ECBB3EBE466E3FA031BB3EAC
:100580006D6B6E3F6E76BA3EF88F6E3F1EBBB93E06
:100590005DB46E3FB2FFB83E9ED86E3F2A44B83E6F
:1005A000BAFC6E3F8488B73EB0206F3FC3CCB63EE6
:1005B00083446F3FE610B63E30686F3FEC54B53E63
:1005C000B88B6F3FD698B43E1BAF6F3FA5DCB33EF0
:1005D0005AD26F3F5820B33E73F56F3FEF63B23E80
:1005E0006718703F6BA7B13E373B703FCBEAB03E18
:1005F000E15D703F102EB03E6680703F3A71AF3EB5
:10060000C6A2703F49B4AE3E02C5703F3CF7AD3E56
:1006100017E7703F153AAD3E0809713FD47CAC3EF8
:10062000D42A713F77BFAB3E7A4C713F0102AB3E9B
:10063000FB6D713F6F44AA3E578F713FC486A93E40
:100640008EB0713FFEC8A83E9FD1713F1F0BA83EE0
:100650008CF2713F254DA73E5213723F128FA63E7A
:10066000F433723FE5D0A53E7054723F9F12A53E11
:10067000C774723F3F54A43EF894723FC595A33EA1
:1006800004B5723F33D7A23EEBD4723F8718A23E27
:10069000ACF4723FC259A13E4714733FE59AA03EA5
:1006A000BE33733FEEDB9F3E0E53733FDF1C9F3E16
:1006B0003972733FB85D9E3E3F91733F789E9D3E79
:1006C0001FB0733F20DF9C3ED9CE733FAF1F9C3ECF
:1006D0006EED733F27609B3EDD0B743F86A09A3E14
:1006E000272A743FCEE0993E4B48743FFE20993E46
:1006F0004966743F1661983E2284743F17A1973E65
:10070000D5A1743F00E1963E62BF743FD220963E71
:10071000C9DC743F8D60953E0BFA743F31A0943E66
:100720002717753FBFDF933E1D34753F351F933E3E
:10073000ED50753F945E923E976D753FDD9D913E05
:100740001C8A753F10DD903E7BA6753F2C1C903EA9
:10075000B3C2753F325B8F3EC6DE753F229A8E3E36
:10076000B3FA753FFCD88D3E7A16763FC0178D3EA2
:100770001B32763F6E568C3E974D763F07958B3EEB
:10078000EC68763F8AD38A3E1B84763FF8118A3E16
:10079000249F763F5050893E07BA763F938E883E1D
:1007A000C4D4763FC1CC873E5BEF763FDA0A873E02
:1007B000CC09773FDF48863E1724773FCE86853EBB
:1007C0003C3E773FAAC4843E3A58773F7002843E4D
:1007D0001372773F2240833EC58B773FC07D823EB8
:1007E00051A5773F4ABB813EB7BE773FC0F8803EF8
:1007F000F7D7773F2236803E10F1773FE1E67E3E25
:10080000040A783F56617D3ED122783FA4DB7B3ECF
:10081000773B783FCB557A3EF853783FCCCF783E44
:10082000526C783FA649773E8684783F5AC3753E1E
:10083000939C783FE83C743E7BB4783F51B6723E5F
:100840003BCC783F942F713ED6E3783FB2A86F3E01
:100850004AFB783FAB216E3E9812793F7F9A6C3EFF
:10086000BF29793F2F136B3EC040793FBA8B693E59
:100870009A57793F2204683E4E6E793F667C663E09
:10088000DC84793F86F4643E439B793F836C633E0E
:1008900083B1793F5CE4613E9DC7793F135C603E64
:1008A00091DD793FA8D35E3E5EF3793F1A4B5D3E02
:1008B00004097A3F6AC25B3E841E7A3F97395A3EEA
:1008C000DD337A3FA4B0583E10497A3F8F27573E18
:1008D0001C5E7A3F589E553E02737A3F0115543E86
:1008E000C1877A3F898B523E599C7A3FF101513E34
:1008F000CBB07A3F38784F3E16C57A3F60EE4D3E1A
:100900003AD97A3F67644C3E37ED7A3F4FDA4A3E38
:100910000E017B3F1850493EBE147B3FC2C5473E87
:1009200048287B3F4D3B463EAB3B7B3FB9B0443E06
:10093000E74E7B3F0726433EFC617B3F379B413EB2
:10094000EA747B3F4910403EB2877B3F3E853E3E86
:10095000539A7B3F15FA3C3ECDAC7B3FCF6E3B3E7E
:1009600020BF7B3F6CE3393E4DD17B3FEC57383E97
:1009700053E37B3F50CC363E31F57B3F9840353ECC
:10098000E9067C3FC4B4333E7A187C3FD428323E1B
:10099000E5297C3FC99C303E283B7C3FA2102F3E7E
:1009A000444C7C3F61842D3E3A5D7C3F04F82B3EF5
:1009B000086E7C3F8D6B2A3EB07E7C3FFCDE283E7D
:1009C000318F7C3F5152273E8A9F7C3F8CC5253E0C
:1009D000BDAF7C3FAD38243EC9BF7C3FB6AB223EA5
:1009E000AECF7C3FA51E213E6CDF7C3F7B911F3E3E
:1009F00003EF7C3F38041E3E73FE7C3FDE761C3ED8
:100A0000BC0D7D3F6BE91A3EDD1C7D3FE05B193E6E
:100A1000D82B7D3F3DCE173EAC3A7D3F8340163EFE
:100A200059497D3FB2B2143EDE577D3FCA24133E82
:100A30003D667D3FCC96113E74747D3FB708103EF5
:100A400085827D3F8B7A0E3E6E907D3F4AEC0C3E58
:100A5000309E7D3FF35D0B3ECCAB7D3F86CF093EA4
:100A600040B97D3F0541083E8CC67D3F6EB2063ED3
:100A7000B2D37D3FC223053EB1E07D3F0295033EE8
:100A800088ED7D3F2E06023E38FA7D3F4577003ED9
:100A9000C2067E3F92D0FD3D24137E3F73B2FA3DE5
:100AA0005E1F7E3F2C94F73D722B7E3FC075F43D58
:100AB0005E377E3F2E57F13D23437E3F7638EE3D35
:100AC000C14E7E3F9A19EB3D385A7E3F9AFAE73D78
:100AD00088657E3F76DBE43DB0707E3F2EBCE13D15
:100AE000B17B7E3FC49CDE3D8B867E3F377DDB3D08
:100AF0003D917E3F895DD83DC99B7E3FB93DD53D47
:100B00002DA67E3FC81DD23D69B07E3FB7FDCE3DCC
:100B10007FBA7E3F86DDCB3D6DC47E3F36BDC83D8E
:100B200034CE7E3FC69CC53DD4D77E3F397CC23D86
:100B30004CE17E3F8D5BBF3D9DEA7E3FC33ABC3DAD
:100B4000C7F37E3FDD19B93DC9FC7E3FDAF8B53DFC
:100B5000A4057F3FBBD7B23D580E7F3F80B6AF3D67
:100B6000E4167F3F2B95AC3D491F7F3FBA73A93DEB
:100B700087277F3F3052A63D9D2F7F3F8C30A33D7E
:100B80008D377F3FCF0EA03D543F7F3FF9EC9C3D1A
:100B9000F4467F3F0ACB993D6D4E7F3F05A9963DB8
:100BA000BF557F3FE786933DE95C7F3FB464903D4E
:100BB000EC637F3F6A428D3DC76A7F3F0A208A3DD2
:100BC0007B717F3F94FD863D08787F3F0ADB833D44
:100BD0006D7E7F3F6CB8803DAB847F3F742B7B3D47
:100BE000C28A7F3FE9E5743DB1907F3F38A06E3DFA
:100BF00078967F3F625A683D189C7F3F6814623D3B
:100C000091A17F3F4CCE5B3DE3A67F3F0E88553DD3
:100C10000DAC7F3FAF414F3D0FB17F3F2FFB483DB4
:100C2000EAB57F3F91B4423D9EBA7F3FD56D3C3DD2
:100C30002ABF7F3FFC26363D8FC37F3F07E02F3D15
:100C4000CCC77F3FF698293DE2CB7F3FCC51233D77
:100C5000D1CF7F3F880A1D3D98D37F3F2CC3163DDF
:100C600037D77F3FB87B103DAFDA7F3F2F340A3D47
:100C700000DE7F3F90EC033D29E17F3FB949FB3C1B
:100C80002BE47F3F2DBAEE3C05E77F3F7B2AE23C19
:100C9000B8E97F3FA69AD53C43EC7F3FB00AC93CF8
:100CA000A7EE7F3F9B7ABC3CE3F07F3F69EAAF3C15
:100CB000F8F27F3F1C5AA33CE6F47F3FB6C9963C4E
:100CC000ACF67F3F38398A3C4AF87F3F4B517B3C3A
:100CD000C1F97F3F0030623C11FB7F3F900E493CE1
:100CE00039FC7F3F02ED2F3C39FD7F3F59CB163C4D
:100CF00013FE7F3F3053FB3BC4FE7F3F890FC93B50
:100D00004EFF7F3FC1CB963BB1FF7F3FC70F493BB3
:100D1000ECFF7F3FD40FC93A0000803F0000000085
:100D2000ECFF7F3FD40FC9BAB1FF7F3FC70F49BB6C
:100D30004EFF7F3FC1CB96BBC4FE7F3F890FC9BB2F
:100D400013FE7F3F3053FBBB39FD7F3F59CB16BCB1
:100D500039FC7F3F02ED2FBC11FB7F3F900E49BC59
:100D6000C1F97F3F003062BC4AF87F3F4B517BBCEA
:100D7000ACF67F3F38398ABCE6F47F3FB6C996BCF3
:100D8000F8F27F3F1C5AA3BCE3F07F3F69EAAFBC97
:100D9000A7EE7F3F9B7ABCBC43EC7F3FB00AC9BC47
:100DA000B8E97F3FA69AD5BC05E77F3F7B2AE2BC26
:100DB0002BE47F3F2DBAEEBC29E17F3FB949FBBC54
:100DC00000DE7F3F90EC03BDAFDA7F3F2F340ABDDA
:100DD00037D77F3FB87B10BD98D37F3F2CC316BD5C
:100DE000D1CF7F3F880A1DBDE2CB7F3FCC5123BDD1
:100DF000CCC77F3FF69829BD8FC37F3F07E02FBD4B
:100E00002ABF7F3FFC2636BD9EBA7F3FD56D3CBDD5
:100E1000EAB57F3F91B442BD0FB17F3F2FFB48BD84
:100E20000DAC7F3FAF414FBDE3A67F3F0E8855BD60
:100E300091A17F3F4CCE5BBD189C7F3F681462BD83
:100E400078967F3F625A68BDB1907F3F38A06EBDF3
:100E5000C28A7F3FE9E574BDAB847F3F742B7BBDC5
:100E60006D7E7F3F6CB880BD08787F3F0ADB83BD15
:100E70007B717F3F94FD86BDC76A7F3F0A208ABD94
:100E8000EC637F3F6A428DBDE95C7F3FB46490BDF7
:100E9000BF557F3FE78693BD6D4E7F3F05A996BD49
:100EA000F4467F3F0ACB99BD543F7F3FF9EC9CBD90
:100EB0008D377F3FCF0EA0BD9D2F7F3F8C30A3BDD0
:100EC00087277F3F3052A6BD491F7F3FBA73A9BD18
:100ED000E4167F3F2B95ACBD580E7F3F80B6AFBD6B
:100EE000A4057F3FBBD7B2BDC9FC7E3FDAF8B5BDD4
:100EF000C7F37E3FDD19B9BD9DEA7E3FC33ABCBD55
:100F00004CE17E3F8D5BBFBDD4D77E3F397CC2BDF7
:100F100034CE7E3FC69CC5BD6DC47E3F36BDC8BDC8
:100F20007FBA7E3F86DDCBBD69B07E3FB7FDCEBDCB
:100F30002DA67E3FC81DD2BDC99B7E3FB93DD5BD04
:100F40003D917E3F895DD8BD8B867E3F377DDBBD81
:100F5000B17B7E3FC49CDEBDB0707E3F2EBCE1BD48
:100F600088657E3F76DBE4BD385A7E3F9AFAE7BD5E
:100F7000C14E7E3F9A19EBBD23437E3F7638EEBDCE
:100F80005E377E3F2E57F1BD722B7E3FC075F4BD9C
:100F90005E1F7E3F2C94F7BD24137E3F73B2FABDD3
:100FA000C2067E3F92D0FDBD38FA7D3F457700BE38
:100FB00088ED7D3F2E0602BEB1E07D3F029503BE67
:100FC000B2D37D3FC22305BE8CC67D3F6EB206BE46
:100FD00040B97D3F054108BECCAB7D3F86CF09BE01
:100FE000309E7D3FF35D0BBE6E907D3F4AEC0CBEA4
:100FF00085827D3F8B7A0EBE74747D3FB70810BE2C
:101000003D667D3FCC9611BEDE577D3FCA2413BEA0
:1010100059497D3FB2B214BEAC3A7D3F834016BE03
:10102000D82B7D3F3DCE17BEDD1C7D3FE05B19BE5A
:10103000BC0D7D3F6BE91ABE73FE7C3FDE761CBEA5
:1010400003EF7C3F38041EBE6CDF7C3F7B911FBEEC
:10105000AECF7C3FA51E21BEC9BF7C3FB6AB22BE32
:10106000BDAF7C3FAD3824BE8A9F7C3F8CC525BE7A
:10107000318F7C3F515227BEB07E7C3FFCDE28BEC4
:10108000086E7C3F8D6B2ABE3A5D7C3F04F82BBE18
:10109000444C7C3F61842DBE283B7C3FA2102FBE78
:1010A000E5297C3FC99C30BE7A187C3FD42832BEEB
:1010B000E9067C3FC4B433BE31F57B3F984035BE72
:1010C00053E37B3F50CC36BE4DD17B3FEC5738BE0F
:1010D00020BF7B3F6CE339BECDAC7B3FCF6E3BBEC8
:1010E000539A7B3F15FA3CBEB2877B3F3E853EBE9E
:1010F000EA747B3F491040BEFC617B3F379B41BE99
:10110000E74E7B3F072643BEAB3B7B3FB9B044BEB7
:1011100048287B3F4D3B46BEBE147B3FC2C547BE01
:101120000E017B3F185049BE37ED7A3F4FDA4ABE79
:101130003AD97A3F67644CBE16C57A3F60EE4DBE21
:10114000CBB07A3F38784FBE599C7A3FF10151BEFF
:10115000C1877A3F898B52BE02737A3F011554BE14
:101160001C5E7A3F589E55BE10497A3F8F2757BE66
:10117000DD337A3FA4B058BE841E7A3F97395ABEF9
:1011800004097A3F6AC25BBE5EF3793F1A4B5DBECB
:1011900091DD793FA8D35EBE9DC7793F135C60BEE9
:1011A00083B1793F5CE461BE439B793F836C63BE4E
:1011B000DC84793F86F464BE4E6E793F667C66BE01
:1011C0009A57793F220468BEC040793FBA8B69BE06
:1011D000BF29793F2F136BBE9812793F7F9A6CBE5F
:1011E0004AFB783FAB216EBED6E3783FB2A86FBE14
:1011F0003BCC783F942F71BE7BB4783F51B672BE22
:10120000939C783FE83C74BE8684783F5AC375BE91
:10121000526C783FA64977BEF853783FCCCF78BE62
:10122000773B783FCB557ABED122783FA4DB7BBE9B
:10123000040A783F56617DBE10F1773FE1E67EBE3D
:10124000F7D7773F223680BEB7BE773FC0F880BE63
:1012500051A5773F4ABB81BEC58B773FC07D82BE1B
:101260001372773F224083BE3A58773F700284BEA4
:101270003C3E773FAAC484BE1724773FCE8685BE06
:10128000CC09773FDF4886BE5BEF763FDA0A87BE40
:10129000C4D4763FC1CC87BE07BA763F938E88BE52
:1012A000249F763F505089BE1B84763FF8118ABE3A
:1012B000EC68763F8AD38ABE974D763F07958BBE02
:1012C0001B32763F6E568CBE7A16763FC0178DBEA7
:1012D000B3FA753FFCD88DBEC6DE753F229A8EBE2E
:1012E000B3C2753F325B8FBE7BA6753F2C1C90BE90
:1012F0001C8A753F10DD90BE976D753FDD9D91BED8
:10130000ED50753F945E92BE1D34753F351F93BE00
:101310002717753FBFDF93BE0BFA743F31A094BE11
:10132000C9DC743F8D6095BE62BF743FD22096BE0B
:10133000D5A1743F00E196BE2284743F17A197BEE9
:101340004966743F166198BE4B48743FFE2099BEB3
:10135000272A743FCEE099BEDD0B743F86A09ABE6B
:101360006EED733F27609BBED9CE733FAF1F9CBE0F
:101370001FB0733F20DF9CBE3F91733F789E9DBEA0
:101380003972733FB85D9EBE0E53733FDF1C9FBE24
:10139000BE33733FEEDB9FBE4714733FE59AA0BE9A
:1013A000ACF4723FC259A1BEEBD4723F8718A2BE03
:1013B00004B5723F33D7A2BEF894723FC595A3BE61
:1013C000C774723F3F54A4BE7054723F9F12A5BEB3
:1013D000F433723FE5D0A5BE5213723F128FA6BE02
:1013E0008CF2713F254DA7BE9FD1713F1F0BA8BE48
:1013F0008EB0713FFEC8A8BE578F713FC486A9BE8C
:10140000FB6D713F6F44AABE7A4C713F0102ABBEC7
:10141000D42A713F77BFABBE0809713FD47CACBE04
:1014200017E7703F153AADBE02C5703F3CF7ADBE41
:10143000C6A2703F49B4AEBE6680703F3A71AFBE7F
:10144000E15D703F102EB0BE373B703FCBEAB0BEBF
:101450006718703F6BA7B1BE73F56F3FEF63B2BE05
:101460005AD26F3F5820B3BE1BAF6F3FA5DCB3BE4F
:10147000B88B6F3FD698B4BE30686F3FEC54B5BEA2
:1014800083446F3FE610B6BEB0206F3FC3CCB6BEFC
:10149000BAFC6E3F8488B7BE9ED86E3F2A44B8BE61
:1014A0005DB46E3FB2FFB8BEF88F6E3F1EBBB9BED3
:1014B0006D6B6E3F6E76BABEBE466E3FA031BBBE50
:1014C000EB216E3FB6ECBBBEF2FC6D3FAFA7BCBEDE
:1014D000D5D76D3F8B62BDBE93B26D3F4A1DBEBE78
:1014E0002D8D6D3FEBD7BEBEA1676D3F6F92BFBE26
:1014F000F2416D3FD54CC0BE1D1C6D3F1E07C1BEE5
:1015000024F66C3F48C1C1BE07D06C3F557BC2BEBC
:10151000C5A96C3F4435C3BE5E836C3F15EFC3BEA7
:10152000D45C6C3FC8A8C4BE24366C3F5C62C5BEA8
:10153000500F6C3FD21BC6BE58E86B3F29D5C6BEC4
:101540003BC16B3F628EC7BEFB996B3F7C47C8BEF9
:1015500095726B3F7700C9BE0C4B6B3F53B9C9BE48
:101560005E236B3F1072CABE8CFB6A3FAE2ACBBEB5
:1015700095D36A3F2CE3CBBE7BAB6A3F8B9BCCBE43
:101580003C836A3FCA53CDBED95A6A3FEA0BCEBEEE
:1015900052326A3FEAC3CEBEA7096A3FCA7BCFBEBA
:1015A000D7E0693F8A33D0BEE4B7693F2AEBD0BEAB
:1015B000CC8E693FAAA2D1BE9165693F095AD2BEBD
:1015C000323C693F4811D3BEAE12693F67C8D3BEF3
:1015D00007E9683F647FD4BE3CBF683F4136D5BE53
:1015E0004C95683FFDECD5BE396B683F99A3D6BEDC
:1015F0000341683F135AD7BEA816683F6B10D8BE88
:101600002AEC673FA3C6D8BE87C1673FB97CD9BE65
:10161000C196673FAD32DABED86B673F80E8DABE6D
:10162000CA40673F319EDBBE9915673FC153DCBEA0
:1016300045EA663F2E09DDBECCBE663F79BEDDBE03
:101640003093663FA273DEBE7167663FA928DFBE96
:101650008E3B663F8DDDDFBE880F663F4F92E0BE5A
:101660005EE3653FEE46E1BE10B7653F6AFBE1BE53
:10167000A08A653FC4AFE2BE0B5E653FFA63E3BE7E
:101680005431653F0E18E4BE7904653FFECBE4BEDD
:101690007BD7643FCB7FE5BE59AA643F7533E6BE76
:1016A000147D643FFBE6E6BEAC4F643F5D9AE7BE47
:1016B0002122643F9C4DE8BE73F4633FB700E9BE4E
:1016C000A1C6633FAEB3E9BEAC98633F8166EABE94
:1016D000956A633F3019EBBE5A3C633FBBCBEBBE10
:1016E000FC0D633F217EECBE7BDF623F6330EDBECD
:1016F000D7B0623F80E2EDBE1082623F7994EEBEC9
:101700002653623F4C46EFBE1A24623FFBF7EFBE02
:10171000EAF4613F85A9F0BE98C5613FEA5AF1BE7F
:101720002296613F290CF2BE8A66613F43BDF2BE3C
:10173000D036613F386EF3BEF206613F071FF4BE3C
:10174000F2D6603FB1CFF4BECFA6603F3580F5BE84
:101750008976603F9330F6BE2146603FCBE0F6BE0F
:101760009615603FDC90F7BEE9E45F3FC840F8BEE5
:1017700019B45F3F8EF0F8BE27835F3F2DA0F9BEFE
:1017800012525F3FA54FFABEDB205F3FF7FEFABE65
:1017900081EF5E3F22AEFBBE05BE5E3F275DFCBE15
:1017A000678C5E3F040CFDBEA65A5E3FBBBAFDBE11
:1017B000C3285E3F4A69FEBEBEF65D3FB217FFBE5C
:1017C00097C45D3FF3C5FFBE4D925D3F063A00BF33
:1017D000E15F5D3FFF9000BF532D5D3FE4E700BF39
:1017E000A3FA5C3FB53E01BFD1C75C3F739501BF13
:1017F000DD945C3F1CEC01BFC7615C3FB14202BF9E
:101800008E2E5C3F329902BF34FB5B3F9FEF02BFDD
:10181000B8C75B3FF84503BF1A945B3F3D9C03BFCD
:101820005A605B3F6DF203BF792C5B3F894804BF70
:1018300075F85A3F919E04BF50C45A3F84F404BFC8
:1018400009905A3F624A05BFA05B5A3F2CA005BFD2
:1018500016275A3FE2F505BF6AF2593F824B06BF91
:101860009CBD593F0EA106BFAD88593F86F606BF05
:101870009C53593FE84B07BF6A1E593F36A107BF2B
:1018800017E9583F6FF607BFA1B3583F924B08BF07
:101890000B7E583FA1A008BF5348583F9BF508BF97
:1018A0007912583F7F4A09BF7FDC573F4E9F09BFDF
:1018B00063A6573F09F409BF2670573FAD480ABFDA
:1018C000C739573F3D9D0ABF4803573FB7F10ABF8D
:1018D000A7CC563F1C460BBFE595563F6B9A0BBFF6
:1018E000025F563FA5EE0BBFFE27563FC9420CBF15
:1018F000D9F0553FD7960CBF93B9553FD0EA0CBFEE
:101900002C82553FB33E0DBFA44A553F81920DBF77
:10191000FB12553F38E60DBF31DB543FDA390EBFBD
:1019200047A3543F658D0EBF3B6B543FDBE00EBFBA
:101930000F33543F3B340FBFC3FA533F84870FBF6D
:1019400055C2533FB8DA0FBFC789533FD52D10BFDB
:101950001851533FDC8010BF4918533FCDD310BFFF
:1019600059DF523FA72611BF49A6523F6B7911BFDD
:10197000186D523F19CC11BFC633523FB01E12BF73
:1019800054FA513F307112BFC2C0513F9AC312BFC7
:101990001087513FEE1513BF3D4D513F2A6813BFCD
:1019A0004A13513F50BA13BF37D9503F5F0C14BF91
:1019B000039F503F585E14BFAF64503F39B014BF0F
:1019C0003B2A503F040215BFA8EF4F3FB75315BF46
:1019D000F4B44F3F54A515BF1F7A4F3FD9F615BF3A
:1019E0002B3F4F3F474816BF17044F3F9F9916BFE5
:1019F000E4C84E3FDFEA16BF908D4E3F073C17BF4D
:101A00001C524E3F188D17BF89164E3F12DE17BF6E
:101A1000D5DA4D3FF52E18BF029F4D3FC07F18BF4E
:101A200010634D3F73D018BFFD264D3F0F2119BFE6
:101A3000CBEA4C3F947119BF79AE4C3F00C219BF3D
:101A400008724C3F55121ABF78354C3F93621ABF4B
:101A5000C7F84B3FB8B21ABFF8BB4B3FC6021BBF1B
:101A6000097F4B3FBB521BBFFA414B3F99A21BBFA3
:101A7000CC044B3F5FF21BBF7FC74A3F0C421CBFE9
:101A8000138A4A3FA2911CBF874C4A3F1FE11CBFEB
:101A9000DC0E4A3F84301DBF12D1493FD17F1DBFAC
:101AA0002993493F06CF1DBF2155493F221E1EBF26
:101AB000FA16493F266D1EBFB3D8483F12BC1EBF61
:101AC0004E9A483FE50A1FBFCA5B483F9F591FBF58
:101AD000271D483F41A81FBF65DE473FCBF61FBF0C
:101AE000849F473F3B4520BF8560473F939320BF7E
:101AF0006721473FD2E120BF2AE2463FF92F21BFAD
:101B0000CEA2463F067E21BF5463463FFBCB21BF9A
:101B1000BB23463FD71922BF03E4453F996722BF45
:101B20002DA4453F43B522BF3964453FD30223BFAF
:101B30002624453F4B5023BFF5E3443FA99D23BFD7
:101B4000A5A3443FEEEA23BF3763443F1A3824BFBE
:101B5000AB22443F2C8524BF00E2433F25D224BF63
:101B600038A1433F041F25BF5160433FCB6B25BFC6
:101B70004C1F433F77B825BF29DE423F0A0526BFE9
:101B8000E89C423F845126BF895B423FE39D26BFCC
:101B90000B1A423F2AEA26BF70D8413F563627BF6C
:101BA000B796413F688227BFE154413F61CE27BFCE
:101BB000EC12413F401A28BFDAD0403F056628BFEB
:101BC000A98E403FB0B128BF5C4C403F41FD28BFCB
:101BD000F009403FB84829BF67C73F3F159429BF68
:101BE000C0843F3F57DF29BFFC413F3F802A2ABFC7
:101BF0001BFF3E3F8E752ABF1BBC3E3F82C02ABFE3
:101C0000FF783E3F5B0B2BBFC5353E3F1B562BBFBE
:101C10006EF23D3FBFA02BBFF9AE3D3F4AEB2BBF5D
:101C2000676B3D3FB9352CBFB8273D3F0F802CBFB8
:101C3000ECE33C3F49CA2CBF03A03C3F69142DBFD5
:101C4000FC5B3C3F6F5E2DBFD9173C3F59A82DBFB1
:101C500098D33B3F29F22DBF3B8F3B3FDE3B2EBF4E
:101C6000C14A3B3F78852EBF29063B3FF7CE2EBFAA
:101C700075C13A3F5B182FBFA47C3A3FA5612FBFC7
:101C8000B7373A3FD3AA2FBFACF2393FE6F32FBFA5
:101C900085AD393FDE3C30BF4268393FBB8530BF40
:101CA000E122393F7CCE30BF65DD383F221731BF9E
:101CB000CB97383FAD5F31BF1652383F1DA831BFBB
:101CC000430C383F71F031BF55C6373FAA3832BF99
:101CD0004A80373FC78032BF233A373FC9C832BF37
:101CE000DFF3363FAF1033BF7FAD363F7A5833BF97
:101CF0000467363F29A033BF6C20363FBCE733BFB3
:101D0000B8D9353F342F34BFE792353F8F7634BF93
:101D1000FB4B353FCFBD34BFF304353FF30435BF34
:101D2000CFBD343FFB4B35BF8F76343FE79235BF95
:101D3000342F343FB8D935BFBCE7333F6C2036BFB2
:101D400029A0333F046736BF7A58333F7FAD36BF93
:101D5000AF10333FDFF336BFC9C8323F233A37BF36
:101D6000C780323F4A8037BFAA38323F55C637BF97
:101D700071F0313F430C38BF1DA8313F165238BFB8
:101D8000AD5F313FCB9738BF2217313F65DD38BF9C
:101D90007CCE303FE12239BFBB85303F426839BF3E
:101DA000DE3C303F85AD39BFE6F32F3FACF239BFA3
:101DB000D3AA2F3FB7373ABFA5612F3FA47C3ABFC4
:101DC0005B182F3F75C13ABFF7CE2E3F29063BBFA8
:101DD00078852E3FC14A3BBFDE3B2E3F3B8F3BBF4A
:101DE00029F22D3F98D33BBF59A82D3FD9173CBFAF
:101DF0006F5E2D3FFC5B3CBF69142D3F03A03CBFD1
:101E000049CA2C3FECE33CBF0F802C3FB8273DBFB5
:101E1000B9352C3F676B3DBF4AEB2B3FF9AE3DBF59
:101E2000BFA02B3F6EF23DBF1B562B3FC5353EBFBB
:101E30005B0B2B3FFF783EBF82C02A3F1BBC3EBFDF
:101E40008E752A3F1BFF3EBF802A2A3FFC413FBFC1
:101E500057DF293FC0843FBF1594293F67C73FBF65
:101E6000B848293FF00940BF41FD283F5C4C40BFC6
:101E7000B0B1283FA98E40BF0566283FDAD040BFE9
:101E8000401A283FEC1241BF61CE273FE15441BFC9
:101E90006882273FB79641BF5636273F70D841BF6B
:101EA0002AEA263F0B1A42BFE39D263F895B42BFC9
:101EB0008451263FE89C42BF0A05263F29DE42BFE7
:101EC00077B8253F4C1F43BFCB6B253F516043BFC5
:101ED000041F253F38A143BF25D2243F00E243BF62
:101EE0002C85243FAB2244BF1A38243F376344BFBC
:101EF000EEEA233FA5A344BFA99D233FF5E344BFDA
:101F00004B50233F262445BFD302233F396445BFAE
:101F100043B5223F2DA445BF9967223F03E445BF47
:101F2000D719223FBB2346BFFBCB213F546346BF9B
:101F3000067E213FCEA246BFF92F213F2AE246BFAF
:101F4000D2E1203F672147BF9393203F856047BF81
:101F50003B45203F849F47BFCBF61F3F65DE47BF11
:101F600041A81F3F271D48BF9F591F3FCA5B48BF5D
:101F7000E50A1F3F4E9A48BF12BC1E3FB3D848BF68
:101F8000266D1E3FFA1649BF221E1E3F215549BF2E
:101F900006CF1D3F299349BFD17F1D3F12D149BFB5
:101FA00084301D3FDC0E4ABF1FE11C3F874C4ABFF7
:101FB000A2911C3F138A4ABF0C421C3F7FC74ABFF5
:101FC0005FF21B3FCC044BBF99A21B3FFA414BBFB2
:101FD000BB521B3F097F4BBFC6021B3FF8BB4BBF29
:101FE000B8B21A3FC7F84BBF93621A3F78354CBF5F
:101FF00055121A3F08724CBF00C2193F79AE4CBF50
:102000009471193FCBEA4CBF0F21193FFD264DBFFC
:1020100073D0183F10634DBFC07F183F029F4DBF64
:10202000F52E183FD5DA4DBF12DE173F89164EBF89
:10203000188D173F1C524EBF073C173F908D4EBF67
:10204000DFEA163FE4C84EBF9F99163F17044FBF03
:102050004748163F2B3F4FBFD9F6153F1F7A4FBF5A
:1020600054A5153FF4B44FBFB753153FA8EF4FBF6A
:102070000402153F3B2A50BF39B0143FAF6450BF34
:10208000585E143F039F50BF5F0C143F37D950BFB9
:1020900050BA133F4A1351BF2A68133F3D4D51BFF9
:1020A000EE15133F108751BF9AC3123FC2C051BFF4
:1020B0003071123F54FA51BFB01E123FC63352BFA7
:1020C00019CC113F186D52BF6B79113F49A652BF11
:1020D000A726113F59DF52BFCDD3103F491853BF38
:1020E000DC80103F185153BFD52D103FC78953BF17
:1020F000B8DA0F3F55C253BF84870F3FC3FA53BFAF
:102100003B340F3F0F3354BFDBE00E3F3B6B54BFFC
:10211000658D0E3F47A354BFDA390E3F31DB54BF04
:1021200038E60D3FFB1255BF81920D3FA44A55BFC3
:10213000B33E0D3F2C8255BFD0EA0C3F93B955BF3B
:10214000D7960C3FD9F055BFC9420C3FFE2756BF6A
:10215000A5EE0B3F025F56BF6B9A0B3FE59556BF4E
:102160001C460B3FA7CC56BFB7F10A3F480357BFE9
:102170003D9D0A3FC73957BFAD480A3F267057BF3C
:1021800009F4093F63A657BF4E9F093F7FDC57BF45
:102190007F4A093F791258BF9BF5083F534858BF03
:1021A000A1A0083F0B7E58BF924B083FA1B358BF78
:1021B0006FF6073F17E958BF36A1073F6A1E59BFA0
:1021C000E84B073F9C5359BF86F6063FAD8859BF81
:1021D0000EA1063F9CBD59BF824B063F6AF259BF14
:1021E000E2F5053F16275ABF2CA0053FA05B5ABF5A
:1021F000624A053F09905ABF84F4043F50C45ABF55
:10220000919E043F75F85ABF8948043F792C5BBF03
:102210006DF2033F5A605BBF3D9C033F1A945BBF66
:10222000F845033FB8C75BBF9FEF023F34FB5BBF7E
:102230003299023F8E2E5CBFB142023FC7615CBF44
:102240001CEC013FDD945CBF7395013FD1C75CBFBF
:10225000B53E013FA3FA5CBFE4E7003F532D5DBFED
:10226000FF90003FE15F5DBF063A003F4D925DBFCA
:10227000F3C5FF3E97C45DBFB217FF3EBEF65DBF1C
:102280004A69FE3EC3285EBFBBBAFD3EA65A5EBF8A
:10229000040CFD3E678C5EBF275DFC3E05BE5EBF45
:1022A00022AEFB3E81EF5EBFF7FEFA3EDB205FBF52
:1022B000A54FFA3E12525FBF2DA0F93E27835FBFA4
:1022C0008EF0F83E19B45FBFC840F83EE9E45FBF46
:1022D000DC90F73E961560BFCBE0F63E214660BF2E
:1022E0009330F63E897660BF3580F53ECFA660BF5D
:1022F000B1CFF43EF2D660BF071FF43EF20661BFD5
:10230000386EF33ED03661BF43BDF23E8A6661BF90
:10231000290CF23E229661BFEA5AF13E98C561BF90
:1023200085A9F03EEAF461BFFBF7EF3E1A2462BFD5
:102330004C46EF3E265362BF7994EE3E108262BF58
:1023400080E2ED3ED7B062BF6330ED3E7BDF62BF1F
:10235000217EEC3EFC0D63BFBBCBEB3E5A3C63BF22
:102360003019EB3E956A63BF8166EA3EAC9863BF65
:10237000AEB3E93EA1C663BFB700E93E73F463BFE5
:102380009C4DE83E212264BF5D9AE73EAC4F64BF9E
:10239000FBE6E63E147D64BF7533E63E59AA64BF92
:1023A000CB7FE53E7BD764BFFECBE43E790465BFBF
:1023B0000E18E43E543165BFFA63E33E0B5E65BF21
:1023C000C4AFE23EA08A65BF6AFBE13E10B765BFBD
:1023D000EE46E13E5EE365BF4F92E03E880F66BF8A
:1023E0008DDDDF3E8E3B66BFA928DF3E716766BF8D
:1023F000A273DE3E309366BF79BEDD3ECCBE66BFC3
:102400002E09DD3E45EA66BFC153DC3E991567BF24
:10241000319EDB3ECA4067BF80E8DA3ED86B67BFBB
:10242000AD32DA3EC19667BFB97CD93E87C167BF7E
:10243000A3C6D83E2AEC67BF6B10D83EA81668BF6B
:10244000135AD73E034168BF99A3D63E396B68BF84
:10245000FDECD53E4C9568BF4136D53E3CBF68BFCC
:10246000647FD43E07E968BF67C8D33EAE1269BF38
:102470004811D33E323C69BF095AD23E916569BFCB
:10248000AAA2D13ECC8E69BF2AEBD03EE4B769BF89
:102490008A33D03ED7E069BFCA7BCF3EA7096ABF67
:1024A000EAC3CE3E52326ABFEA0BCE3ED95A6ABF69
:1024B000CA53CD3E3C836ABF8B9BCC3E7BAB6ABF8D
:1024C0002CE3CB3E95D36ABFAE2ACB3E8CFB6ABFD2
:1024D0001072CA3E5E236BBF53B9C93E0C4B6BBF33
:1024E0007700C93E95726BBF7C47C83EFB996BBFB6
:1024F000628EC73E3BC16BBF29D5C63E58E86BBF55
:10250000D21BC63E500F6CBF5C62C53E24366CBF0A
:10251000C8A8C43ED45C6CBF15EFC33E5E836CBFDD
:102520004435C33EC5A96CBF557BC23E07D06CBFC6
:1025300048C1C13E24F66CBF1E07C13E1D1C6DBFC5
:10254000D54CC03EF2416DBF6F92BF3EA1676DBFDB
:10255000EBD7BE3E2D8D6DBF4A1DBE3E93B26DBF03
:102560008B62BD3ED5D76DBFAFA7BC3EF2FC6DBF41
:10257000B6ECBB3EEB216EBFA031BB3EBE466EBF8C
:102580006E76BA3E6D6B6EBF1EBBB93EF88F6EBFE6
:10259000B2FFB83E5DB46EBF2A44B83E9ED86EBF4F
:1025A0008488B73EBAFC6EBFC3CCB63EB0206FBFC6
:1025B000E610B63E83446FBFEC54B53E30686FBF43
:1025C000D698B43EB88B6FBFA5DCB33E1BAF6FBFD0
:1025D0005820B33E5AD26FBFEF63B23E73F56FBF60
:1025E0006BA7B13E671870BFCBEAB03E373B70BFF8
:1025F000102EB03EE15D70BF3A71AF3E668070BF95
:1026000049B4AE3EC6A270BF3CF7AD3E02C570BF36
:10261000153AAD3E17E770BFD47CAC3E080971BFD8
:1026200077BFAB3ED42A71BF0102AB3E7A4C71BF7B
:102630006F44AA3EFB6D71BFC486A93E578F71BF20
:10264000FEC8A83E8EB071BF1F0BA83E9FD171BFC0
:10265000254DA73E8CF271BF128FA63E521372BF5A
:10266000E5D0A53EF43372BF9F12A53E705472BFF1
:102670003F54A43EC77472BFC595A33EF89472BF81
:1026800033D7A23E04B572BF8718A23EEBD472BF07
:10269000C259A13EACF472BFE59AA03E471473BF85
:1026A000EEDB9F3EBE3373BFDF1C9F3E0E5373BFF6
:1026B000B85D9E3E397273BF789E9D3E3F9173BF59
:1026C00020DF9C3E1FB073BFAF1F9C3ED9CE73BFAF
:1026D00027609B3E6EED73BF86A09A3EDD0B74BFF4
:1026E000CEE0993E272A74BFFE20993E4B4874BF26
:1026F0001661983E496674BF17A1973E228474BF45
:1027000000E1963ED5A174BFD220963E62BF74BF51
:102710008D60953EC9DC74BF31A0943E0BFA74BF46
:10272000BFDF933E271775BF351F933E1D3475BF1E
:10273000945E923EED5075BFDD9D913E976D75BFE5
:1027400010DD903E1C8A75BF2C1C903E7BA675BF89
:10275000325B8F3EB3C275BF229A8E3EC6DE75BF16
:10276000FCD88D3EB3FA75BFC0178D3E7A1676BF82
:102770006E568C3E1B3276BF07958B3E974D76BFCB
:102780008AD38A3EEC6876BFF8118A3E1B8476BFF6
:102790005050893E249F76BF938E883E07BA76BFFD
:1027A000C1CC873EC4D476BFDA0A873E5BEF76BFE2
:1027B000DF48863ECC0977BFCE86853E172477BF9B
:1027C000AAC4843E3C3E77BF7002843E3A5877BF2D
:1027D0002240833E137277BFC07D823EC58B77BF98
:1027E0004ABB813E51A577BFC0F8803EB7BE77BFD8
:1027F0002236803EF7D777BFE1E67E3E10F177BF05
:1028000056617D3E040A78BFA4DB7B3ED12278BFAF
:10281000CB557A3E773B78BFCCCF783EF85378BF24
:10282000A649773E526C78BF5AC3753E868478BFFE
:10283000E83C743E939C78BF51B6723E7BB478BF3F
:10284000942F713E3BCC78BFB2A86F3ED6E378BFE1
:10285000AB216E3E4AFB78BF7F9A6C3E981279BFDF
:102860002F136B3EBF2979BFBA8B693EC04079BF39
:102870002204683E9A5779BF667C663E4E6E79BFE9
:1028800086F4643EDC8479BF836C633E439B79BFEE
:102890005CE4613E83B179BF135C603E9DC779BF44
:1028A000A8D35E3E91DD79BF1A4B5D3E5EF379BFE2
:1028B0006AC25B3E04097ABF97395A3E841E7ABFCA
:1028C000A4B0583EDD337ABF8F27573E10497ABFF8
:1028D000589E553E1C5E7ABF0115543E02737ABF66
:1028E000898B523EC1877ABFF101513E599C7ABF14
:1028F00038784F3ECBB07ABF60EE4D3E16C57ABFFA
:1029000067644C3E3AD97ABF4FDA4A3E37ED7ABF18
:102910001850493E0E017BBFC2C5473EBE147BBF67
:102920004D3B463E48287BBFB9B0443EAB3B7BBFE6
:102930000726433EE74E7BBF379B413EFC617BBF92
:102940004910403EEA747BBF3E853E3EB2877BBF66
:1029500015FA3C3E539A7BBFCF6E3B3ECDAC7BBF5E
:102960006CE3393E20BF7BBFEC57383E4DD17BBF77
:1029700050CC363E53E37BBF9840353E31F57BBFAC
:10298000C4B4333EE9067CBFD428323E7A187CBFFB
:10299000C99C303EE5297CBFA2102F3E283B7CBF5E
:1029A00061842D3E444C7CBF04F82B3E3A5D7CBFD5
:1029B0008D6B2A3E086E7CBFFCDE283EB07E7CBF5D
:1029C0005152273E318F7CBF8CC5253E8A9F7CBFEC
:1029D000AD38243EBDAF7CBFB6AB223EC9BF7CBF85
:1029E000A51E213EAECF7CBF7B911F3E6CDF7CBF1E
:1029F00038041E3E03EF7CBFDE761C3E73FE7CBFB8
:102A00006BE91A3EBC0D7DBFE05B193EDD1C7DBF4E
:102A10003DCE173ED82B7DBF8340163EAC3A7DBFDE
:102A2000B2B2143E59497DBFCA24133EDE577DBF62
:102A3000CC96113E3D667DBFB708103E74747DBFD5
:102A40008B7A0E3E85827DBF4AEC0C3E6E907DBF38
:102A5000F35D0B3E309E7DBF86CF093ECCAB7DBF84
:102A60000541083E40B97DBF6EB2063E8CC67DBFB3
:102A7000C223053EB2D37DBF0295033EB1E07DBFC8
:102A80002E06023E88ED7DBF4577003E38FA7DBFB9
:102A900092D0FD3DC2067EBF73B2FA3D24137EBFC5
:102AA0002C94F73D5E1F7EBFC075F43D722B7EBF38
:102AB0002E57F13D5E377EBF7638EE3D23437EBF15
:102AC0009A19EB3DC14E7EBF9AFAE73D385A7EBF58
:102AD00076DBE43D88657EBF2EBCE13DB0707EBFF5
:102AE000C49CDE3DB17B7EBF377DDB3D8B867EBFE8
:102AF000895DD83D3D917EBFB93DD53DC99B7EBF27
:102B0000C81DD23D2DA67EBFB7FDCE3D69B07EBFAC
:102B100086DDCB3D7FBA7EBF36BDC83D6DC47EBF6E
:102B2000C69CC53D34CE7EBF397CC23DD4D77EBF66
:102B30008D5BBF3D4CE17EBFC33ABC3D9DEA7EBF8D
:102B4000DD19B93DC7F37EBFDAF8B53DC9FC7EBFDC
:102B5000BBD7B23DA4057FBF80B6AF3D580E7FBF47
:102B60002B95AC3DE4167FBFBA73A93D491F7FBFCB
:102B70003052A63D87277FBF8C30A33D9D2F7FBF5E
:102B8000CF0EA03D8D377FBFF9EC9C3D543F7FBFFA
:102B90000ACB993DF4467FBF05A9963D6D4E7FBF98
:102BA000E786933DBF557FBFB464903DE95C7FBF2E
:102BB0006A428D3DEC637FBF0A208A3DC76A7FBFB2
:102BC00094FD863D7B717FBF0ADB833D08787FBF24
:102BD0006CB8803D6D7E7FBF742B7B3DAB847FBF27
:102BE000E9E5743DC28A7FBF38A06E3DB1907FBFDA
:102BF000625A683D78967FBF6814623D189C7FBF1B
:102C00004CCE5B3D91A17FBF0E88553DE3A67FBFB3
:102C1000AF414F3D0DAC7FBF2FFB483D0FB17FBF94
:102C200091B4423DEAB57FBFD56D3C3D9EBA7FBFB2
:102C3000FC26363D2ABF7FBF07E02F3D8FC37FBFF5
:102C4000F698293DCCC77FBFCC51233DE2CB7FBF57
:102C5000880A1D3DD1CF7FBF2CC3163D98D37FBFBF
:102C6000B87B103D37D77FBF2F340A3DAFDA7FBF27
:102C700090EC033D00DE7FBFB949FB3C29E17FBFFB
:102C80002DBAEE3C2BE47FBF7B2AE23C05E77FBFF9
:102C9000A69AD53CB8E97FBFB00AC93C43EC7FBFD8
:102CA0009B7ABC3CA7EE7FBF69EAAF3CE3F07FBFF5
:102CB0001C5AA33CF8F27FBFB6C9963CE6F47FBF2E
:102CC00038398A3CACF67FBF4B517B3C4AF87FBF1A
:102CD0000030623CC1F97FBF900E493C11FB7FBFC1
:102CE00002ED2F3C39FC7FBF59CB163C39FD7FBF2D
:102CF0003053FB3B13FE7FBF890FC93BC4FE7FBF30
:102D0000C1CB963B4EFF7FBFC70F493BB1FF7FBF93
:082D1000D40FC93AECFF7FBFAC
:082D1800407FFB7F0100000079
:102D2000E4EE0010F0EE0010FCEE001008EF0010D2
:102D300014EF001020EF00102CEF001038EF0010FF
:082D4000107D0110047D01105B
:102D48004FF050431E4910B50A6893F90040EFF35D
:102D5800108372B6D2E8CFCF0120BCF1000FF9D1B1
:102D6800C2E84C0FBCF1000FF4D1BFF35F8F91F9AB
:102D78000420002A1CDB00200A68C2E88F0F83F3B6
:102D8800108820BF0A68EFF3108372B6D2E8CFEF3D
:102D98005FF0010CBEF1000FF8D1C2E84ECFBEF1D2
:102DA800000FF3D1BFF35F8F91F90420002AE3DA13
:102DB800002208680C71C0E88F2F83F3108810BDBB
:102DC800E81600202DE9F04F044693B00393038BD7
:102DD800B0F80C800293238A868B0193A36A40463D
:102DE8000593E36AB4F80E90B4F812A0B4F814B0DE
:102DF800E78A04910692079300F09EFF0446002F8D
:102E080040F00981002800F003813D46002E00F0C3
:102E1800FF804E4540F0FC80B8EB460F40F0F8804C
:102E28005E4500F2F580BBFBF6F306FB13B3002BFF
:102E380040F0EE80002F40F0FA80019B012B40F01B
:102E4800E780029B013B072B00F2E280B8F5007F88
:102E580000F2DE80BAF5007F00F2DA80B200914617
:102E68000499934800F058FF9148A8EB060248449B
:102E780000219200CDF82C90089000F051FF8C4969
:102E8800204601F50062002300F042FF039A4FEA52
:102E980088011368019102EB83230A46844903F1F0
:102EA800100001F5006100F037FF06994FEA58035A
:102EB800D800029B0A910599039A09909800083155
:102EC8000C900B980D9102F5416100EB010901EBA3
:102ED80043200A9BCDE90EAB109706941F460C467B
:102EE80092461195DDF830B00D9D0590DAF8003066
:102EF80015ED026A0AEB832393ED047AD3ED057A84
:102F080055ED016A27EE067A67EEA67A694AB8F1A6
:102F1800030F82ED007AC2ED017A03F1100300F28B
:102F28008F80634A012302F50061069800F0F0FEE5
:102F3800029B3A46012B40F0A780204600235C49BB
:102F4800B1EC017AF0EC017A77EE877A01339E4290
:102F5800E2EC017AF4D82346089A52F8041B43F8A5
:102F6800041B4B45F9D103F50079019B04F5007466
:102F78001D44059B04379C42B8D1DDE90EABDDE961
:102F880010750024039B1C60002F41D0D86803F5FE
:102F9800B84710370B9A049907EB800000F0BCFE85
:102FA800039AD36833445B45D36080F085800398E7
:102FB8008268B1185945134603D984600023039ADF
:102FC800926802999C000129039B40F0148103F543
:102FD800705003F58045DDF828C010301035614683
:102FE80000230719B7EC017AD1ED007A77EE877ADA
:102FF80001339E42E1EC017AF4D800F58060854205
:103008000CF1040CEBD116445E454DD2039B9E6037
:1030180013B0BDE8F08F504600F08EFE0546002C38
:10302800F6D00028F4D0002E7FF4F3AEF0E7BAEB28
:103038004B0FEDD1019B012BEAD1012FE8D100E71D
:10304800099A03F108001B491044103305F10802DE
:1030580053ED017A52ED026A52ED015A13ED026AFC
:1030680027EEA67A65EEE77AA6EE257AE6EE267AC8
:103078000833834201F1080102F1080281ED017A67
:10308800C1ED007AE4D14CE7204600230849F1EC71
:10309800017AB0EC017A77EE877A01339E42C2ED6D
:1030A800007A5A44F3D856E70023039A9360AFE7AF
:1030B800C01A0020C022002039464FEA8B073A4642
:1030C8005C4800F029FE5B4BAAEB0B0203EB0709F7
:1030D80021464846920000F023FE574A23462846D8
:1030E800A2F5006100F014FE039C4FEA8A076368AA
:1030F8003A4604EBC323504903F5826000F00CFE06
:1031080022460799CDE9046908312E4691460D46B5
:103118004FEA5A03013B04F5E0540193029B103433
:1031280004EB8328D9F8043015ED026A09EBC323B0
:1031380003F5826355ED016A93ED007AD3ED017AC8
:1031480027EE067A67EEA67A3B4ABAF1030F82EDBC
:10315800007AC2ED017A2AD8364A012302F50061C5
:10316800304600F0D5FD21465B46324804F5005252
:10317800F0EC017AB1EC017A77EE877A013BE2EC68
:10318800017AF5D12146059A52F8040B01339B4583
:1031980041F8040BF8D804F58064A0453D44C1D13A
:1031A8000023039A049EC2E90133D36006E7DDF8E1
:1031B80004C02149103305F1080253ED017A52ED9C
:1031C800026A52ED015A13ED026A27EEA67A65EEFD
:1031D800E77AA6EE257AE6EE267ABCF1010C01F133
:1031E800080102F1080203F1080381ED017AC1ED3B
:1031F800007AE2D1B0E703F570551035DDF830C03C
:10320800DDF828E005EB8123714600202F19D1ED68
:10321800007AB7EC017A77EE877A01308642C1ED01
:10322800007A6144F3D805F58065AB420EF1040ECF
:10323800EAD1E8E6C01A0020C0220020D368002B9B
:1032480054D02DE9F041D36814468B420D4682B024
:1032580050D35369EFF3108272B6D3E8CF6F0121D0
:10326800002EFAD1C3E8461F002EF6D1BFF35F8FB8
:103278000192A36822682B4493421ED8A16823694F
:10328800AA0003EB810100F047FDA36822682B44E4
:10329800934288BF22684FF0000188BF9B1AA36041
:1032A800E36862695B1BE360019BC2E88F1F83F3DD
:1032B8001088284602B0BDE8F0812268A368216919
:1032C800A668A2EB03084FEA88089B1A01EB86015F
:1032D80042465E19074600F01FFD002ED5DD216924
:1032E80007EB0800B20000F017FDCEE74FF0FF3003
:1032F800014670474FF0FF300146DBE700232DE918
:10330800F041144606460D461068D16882B0421A4C
:10331800CDE90023E26823689A4236D0DDE900232C
:10332800AA4273F1000330DB636822682B4493429E
:1033380018D9226863682169A2EB030860689B1AA0
:103348004FEA880801EB80005F194246314600F0D9
:10335800E3FC002F0EDD2069BA0006EB080100F03F
:10336800DBFC07E060682369314603EB8000AA00B4
:1033780000F0D2FC636822682B44934284BF226821
:103388009B1A6360E3682B44E36002B0BDE8F081F8
:10339800D368002B38D0D3682DE9F0418B4214460E
:1033A8000D462FD3936812680B44934218D92268AC
:1033B800A3682169A668A2EB03084FEA88089B1A4C
:1033C80001EB860142465E19074600F0A5FC002E77
:1033D8000DDD216907EB0800B20000F09DFC06E056
:1033E800A1682369AA0003EB810100F095FCA3689A
:1033F80022682B44934284BF22689B1AA360E36827
:103408005B1BE360BDE8F081704700BF00232DE936
:10341800F041144606460D461068D16884B0421A39
:10342800CDE90223E26823689A4250D0DDE90223FD
:10343800AA4273F100034ADB002D48D06369EFF319
:10344800108272B6D3E8CF0F01210028FAD1C3E861
:10345800401F0028F6D1BFF35F8F0192636822688E
:103468002B44934218D9226863682169A2EB0308A8
:1034780060689B1A4FEA880801EB80005F19424692
:10348800314600F049FC002F0EDD2069BA0006EB3A
:10349800080100F041FC07E060682369314603EB4E
:1034A8008000AA0000F038FC636822682B4493422D
:1034B80088BF2268616988BF9B1A6360E36800223D
:1034C8002B44E360019BC1E88F2F83F3108804B07D
:1034D800BDE8F081F8B5384CD4F8283F0133C4F87A
:1034E800283FD4F8283FB3F5FA6F1ADB4FF0504362
:1034F800324E5B68327F02F0FF03A2B1304D1923D0
:10350800327F42EC4030D5F8E43ED4F82C2F934279
:103518002AD0002284F8302F0022C4F82C3FC4F8A7
:10352800282F0120F8BD0122254D3277C5F8F83E35
:10353800C5F8FC3EC5F8003FC5F8143FC5F8183F6C
:10354800C5F81C3FC5F8CC3EC5F8D03EC5F8D43EFA
:10355800C5F8643FC5F8683FC5F86C3F00F0E8FB64
:10356800307F00F0E1FBCAE794F8307F002FD3D119
:10357800C5F8F87EC5F8FC7EC5F8007FC5F8147F4D
:10358800C5F8187FC5F81C7FC5F8CC7EC5F8D07E75
:10359800C5F8D47EC5F8647FC5F8687FC5F86C7F28
:1035A80000F0C6FB307F00F0BFFB01223B46C5F8A8
:1035B800E47E84F8302FAFE7C87C0020101100208B
:1035C800E83800207BB972B90029BEBF00204FF04F
:1035D800004106E008BF00281CBF6FF000414FF013
:1035E800FF3000F0D7B9ADF1080C6DE904CE002921
:1035F80009DB002B1ADB00F04DF8DDF804E0DDE90B
:10360800022304B07047404261EB4101002B1BDBF1
:1036180000F040F8DDF804E0DDE9022304B04042A0
:1036280061EB4101524263EB43037047524263EB43
:10363800430300F02FF8DDF804E0DDE9022304B0CD
:10364800404261EB41017047524263EB430300F093
:1036580021F8DDF804E0DDE9022304B0524263EB0F
:103668004303704753B94AB9002908BF00281CBF53
:103678004FF0FF314FF0FF3000F08CB9ADF1080C7E
:103688006DE904CE00F006F8DDF804E0DDE9022378
:1036980004B070472DE9F04F099D0E4604460F46C9
:1036A800002B47D18A429446B2FA82F35AD943B1E1
:1036B80002FA03FCC3F120029F409C4020FA02F268
:1036C80017434FEA1C461FFA8CFE220CB7FBF6F193
:1036D80006FB117701FB0EF042EA0742904208D937
:1036E8001CEB020201F1FF3702D2904200F23C814A
:1036F8003946121AA4B2B2FBF6F006FB102200FB00
:103708000EFE44EA0244A64508D91CEB040400F165
:10371800FF3202D2A64500F22A81104640EA014053
:10372800A4EB0E0400211DB1DC400023C5E90043D1
:10373800BDE8F08F8B4205D90DB1C5E90001002124
:103748000846F5E7B3FA83F100294FD1B342C0F038
:103758000281824240F2FF800846002DE8D0C5E988
:103768000047E5E7002B40F0AF808A1A4FEA1C4E6D
:103778001FFA8CF70121B2FBFEF60EFB1620220C75
:1037880042EA004207FB06F090420FD91CEB020206
:1037980006F1FF382CBF4FF001094FF000099042A5
:1037A80003D9B9F1000F00F0DC804646121AA4B222
:1037B800B2FBFEF00EFB102200FB07F744EA0244BE
:1037C800A7420FD91CEB040400F1FF322CBF4FF0C5
:1037D800010E4FF0000EA74203D9BEF1000F00F012
:1037E800C9801046E41B40EA06409CE7C1F120046A
:1037F8008B4006FA01FC00FA01FE22FA04F7E640C3
:103808008A401F4320FA04F34FEA174843EA0C039F
:103818001FFA87FC4FEA1349B6FBF8F008FB10665D
:1038280049EA064600FB0CF9B1450ED9BE1900F16C
:10383800FF3A2CBF4FF0010B4FF0000BB14503D9F5
:10384800BBF1000F00F0A2805046A6EB09061FFA54
:1038580083F9B6FBF8F308FB136603FB0CFC49EA93
:103868000646B4450ED9BE1903F1FF382CBF4FF0F8
:1038780001094FF00009B44503D9B9F1000F00F070
:103888008280434643EA0040A6EB0C06A0FB028C6C
:1038980066454346E14602D307D1C64505D2B8EB93
:1038A80002036CEB070C0138E1465DB1BEEB030285
:1038B80066EB090606FA04F422FA01F3CE401C432B
:1038C800C5E90046002133E702FA03FCC3F12002F0
:1038D80099409C40D6404FEA1C4E20FA02F21FFA4B
:1038E8008CF7B6FBFEF00A430EFB1066110C41EA9A
:1038F800064100FB07F68E420ED91CEB010100F1D0
:10390800FF382CBF4FF001094FF000098E4202D951
:10391800B9F1000F34D04046891B92B2B1FBFEF6D4
:103928000EFB161142EA014206FB07F191420ED93D
:103938001CEB020206F1FF382CBF4FF001094FF0D3
:103948000009914202D9B9F1000F16D04646521A21
:1039580046EA00410FE7841A66EB03020120174686
:10396800FBE6023E624421E702396244C1E6644450
:103978000238D3E66444023834E7023E6244E6E79C
:1039880002386144C8E7023B3E447BE702383E44C4
:103998005BE700BF704700BF81F0004102E000BF55
:1039A80083F0004330B54FEA41044FEA430594EAF7
:1039B800050F08BF90EA020F1FBF54EA000C55EA32
:1039C800020C7FEA645C7FEA655C00F0E2804FEA03
:1039D8005454D4EB5555B8BF6D420CDD2C4480EAE5
:1039E800020281EA030382EA000083EA010180EA15
:1039F800020281EA0303362D88BF30BD11F0004F63
:103A08004FEA01314FF4801C4CEA113102D0404298
:103A180061EB410113F0004F4FEA03334CEA1333D3
:103A280002D0524263EB430394EA050F00F0A780EB
:103A3800A4F10104D5F1200E0DDB02FA0EFC22FAE6
:103A480005F2801841F1000103FA0EF2801843FADA
:103A580005F359410EE0A5F120050EF1200E012ACB
:103A680003FA0EFC28BF4CF0020C43FA05F3C01809
:103A780051EBE37101F0004507D54FF0000EDCF182
:103A8800000C7EEB00006EEB0101B1F5801F1BD32B
:103A9800B1F5001F0CD349085FEA30004FEA3C0C2F
:103AA80004F101044FEA445212F5800F80F09A8025
:103AB800BCF1004F08BF5FEA500C50F1000041EB29
:103AC800045141EA050130BD5FEA4C0C404141EB2D
:103AD8000101013C28BFB1F5801FE9D291F0000F28
:103AE80004BF01460020B1FA81F308BF2033A3F1D7
:103AF8000B03B3F120020CDA0C3208DD02F1140CCE
:103B0800C2F10C0201FA0CF021FA02F10CE002F108
:103B18001402D8BFC2F1200C01FA02F120FA0CFC01
:103B2800DCBF41EA0C019040E41AA2BF01EB04514A
:103B3800294330BD6FEA04041F3C1CDA0C340EDC48
:103B480004F11404C4F1200220FA04F001FA02F38B
:103B580040EA030021FA04F345EA030130BDC4F149
:103B68000C04C4F1200220FA02F001FA04F340EA3E
:103B78000300294630BD21FA04F0294630BD94F0EF
:103B8800000F83F4801306BF81F480110134013DD6
:103B98004EE77FEA645C18BF7FEA655C29D094EA47
:103BA800050F08BF90EA020F05D054EA000C04BFC5
:103BB8001946104630BD91EA030F1EBF00210020B0
:103BC80030BD5FEA545C05D14000494128BF41F04F
:103BD800004130BD14F580043CBF01F5801130BDB3
:103BE80001F0004545F0FE4141F470014FF000003E
:103BF80030BD7FEA645C1ABF194610467FEA655CEF
:103C08001CBF0B46024650EA013406BF52EA033590
:103C180091EA030F41F4002130BD00BF90F0000F7E
:103C280004BF0021704730B54FF4806404F13204BA
:103C38004FF000054FF0000150E700BF90F0000F73
:103C480004BF0021704730B54FF4806404F132049A
:103C580010F0004548BF40424FF000013EE700BF6A
:103C680042004FEAE2014FEA31014FEA02701FBFFA
:103C780012F07F4393F07F4F81F06051704732F02C
:103C88007F4208BF704793F07F4F04BF41F4002183
:103C9800704730B54FF4607401F0004521F00041E1
:103CA8001CE700BF50EA010208BF704730B54FF06B
:103CB80000050AE050EA010208BF704730B511F06C
:103CC800004502D5404261EB41014FF4806404F1A4
:103CD80032045FEA915C3FF4D8AE4FF003025FEA2A
:103CE800DC0C18BF03325FEADC0C18BF033202EBAE
:103CF800DC02C2F1200300FA03FC20FA02F001FA08
:103D080003FE40EA0E0021FA02F11444BDE600BFAA
:103D18005FF800F0D51100105FF800F059AC001002
:103D28005FF800F055A800105FF800F0C96C0010AB
:103D38005FF800F0B53C00105FF800F0A503001034
:103D4800100000000000000000000000000000005B
:103D58000000000000000000088D002001000000A5
:103D68000000803FF9350010FD360010493600107C
:103D7800615C0010000000000001000000800940A4
:103D880000000000ED370010F13700100A000000B5
:103D98001E83A8730000000000000100000000005E
:103DA8000000000000000200000000000000000009
:103DB8000000030000000000000000000000FF00F9
:103DC8000000000001B5486801318E460047704682
:103DD80009380149884701BD01550010FFFFFFFF61
:103DE80000000200000000000000000000000000C9
:103DF800B8110020B8110020C0110020C011002007
:103E0800C8110020C8110020D0110020D0110020B6
:103E1800D8110020D8110020E0110020E011002066
:103E2800E8110020E8110020F0110020F011002016
:103E3800F8110020F81100200012002000120020C4
:103E48000812002008120020101200201012002072
:103E58001812002018120020201200202012002022
:103E680028120020281200203012002030120020D2
:103E78003812002038120020401200204012002082
:103E88004812002048120020501200205012002032
:103E980058120020581200206012002060120020E2
:103EA8006812002068120020701200207012002092
:103EB8007812002078120020801200208012002042
:103EC80088120020881200209012002090120020F2
:103ED8009812002098120020A0120020A0120020A2
:103EE800A8120020A8120020B0120020B012002052
:103EF800B8120020B8120020C0120020C012002002
:103F0800C8120020C8120020D0120020D0120020B1
:103F1800D8120020D8120020E0120020E012002061
:103F2800E8120020E8120020F0120020F012002011
:103F3800F8120020F81200200013002000130020BF
:103F4800081300200813002010130020101300206D
:103F5800181300201813002020130020201300201D
:103F680028130020281300203013002030130020CD
:103F7800381300203813002040130020401300207D
:103F8800481300204813002050130020501300202D
:103F980058130020581300206013002060130020DD
:103FA800681300206813002070130020701300208D
:103FB800781300207813002080130020801300203D
:103FC80088130020881300209013002090130020ED
:103FD8009813002098130020A0130020A01300209D
:103FE800A8130020A8130020B0130020B01300204D
:103FF800B8130020B8130020C0130020C0130020FD
:10400800C8130020C8130020D0130020D0130020AC
:10401800D8130020D8130020E0130020E01300205C
:10402800E8130020E8130020F0130020F01300200C
:10403800F8130020F81300200014002000140020BA
:104048000814002008140020101400201014002068
:104058001814002018140020201400202014002018
:1040680028140020281400203014002030140020C8
:104078003814002038140020401400204014002078
:104088004814002048140020501400205014002028
:1040980058140020581400206014002060140020D8
:1040A8006814002068140020701400207014002088
:1040B8007814002078140020801400208014002038
:1040C80088140020881400209014002090140020E8
:1040D8009814002098140020A0140020A014002098
:1040E800A8140020A8140020B0140020B014002048
:1040F800B8140020B8140020C0140020C0140020F8
:10410800C8140020C8140020D0140020D0140020A7
:10411800D8140020D8140020E0140020E014002057
:10412800E8140020E8140020F0140020F014002007
:10413800F8140020F81400200015002000150020B5
:104148000815002008150020101500201015002063
:104158001815002018150020201500202015002013
:1041680028150020281500203015002030150020C3
:104178003815002038150020401500204015002073
:104188004815002048150020501500205015002023
:1041980058150020581500206015002060150020D3
:1041A8006815002068150020701500207015002083
:1041B8007815002078150020801500208015002033
:1041C80088150020881500209015002090150020E3
:1041D8009815002098150020A0150020A015002093
:1041E800A8150020A8150020B0150020B015002043
:1041F800C81500200000000000000000008B03200C
:10420800688B0320D08B0320000000000000000012
:104218000000000000000000000000000000000096
:104228000000000000000000000000000000000086
:104238000000000000000000000000000000000076
:104248000000000000000000000000000000000066
:104258000000000000000000000000000000000056
:104268000000000000000000000000000000000046
:104278000000000000000000000000000000000036
:104288000000000000000000000000000000000026
:1042980001000000000000000E33CDAB34126DE6C3
:1042A800ECDE05000B00000000000000000000002C
:1042B80000000000000000000000000000000000F6
:1042C80000000000000000000000000000000000E6
:1042D80000000000000000000000000000000000D6
:1042E80000000000000000000000000000000000C6
:1042F80000000000000000000000000000000000B6
:1043080000000000000000000000000000000000A5
:104318000000000000000000000000000000000095
:0843280000000000000000008D
:10433000D3DEFFFFFE010000FF01000008BEFAFF10
:04434000793512AB0E
:040000051000014D99
:00000001FF
